{"c1": 0.01882757441106634, "c2": 0.10684312438567578, "ch1": 0.09981848805483971, "ch2": 0.09998635084118837, "di": 0.9986421814033438, "dj": 0.9874653797080527, "dk": 0.9999368676484122, "vw_i": -0.0006301249414389306, "vw_j": -0.0005650515951962688, "kt": 4.999962424903001, "train_sc_a": [0.2581980976425135], "train_sc_v": [1.8005889229289992e-05], "val_sc_a": [0.31549951967533235], "val_sc_v": [1.855472108667722e-05], "total_sc_a": [0.21255401099517107], "total_sc_v": [0.0015499456581240403]}