{"c1": 0.01882761907180536, "c2": 0.10684280003827157, "ch1": 0.09986279570321989, "ch2": 0.09998967218253263, "di": 0.9989659374950679, "dj": 0.9904107177178797, "dk": 0.9999509263855073, "vw_i": -0.0003514297489567185, "vw_j": -0.0003522359237848222, "kt": 4.9999712574946455, "train_sc_a": [0.2761603994065359], "train_sc_v": [1.819955779132954e-05], "val_sc_a": [0.24455990710156436], "val_sc_v": [1.7834500248756233e-05], "total_sc_a": [0.21273677397501198], "total_sc_v": [0.0015511354540520706]}