{"c1": 0.018827495268120508, "c2": 0.10684370904673053, "ch1": 0.09976982916296114, "ch2": 0.09998270236400851, "di": 0.998271216174242, "dj": 0.9839685364774781, "dk": 0.9999508171391298, "vw_i": -0.0007276343542006087, "vw_j": -0.0007257908209973763, "kt": 4.999948800376564, "train_sc_a": [0.3132479610557858], "train_sc_v": [1.82798815731429e-05], "val_sc_a": [0.08810220212902993], "val_sc_v": [1.7360570501796174e-05], "total_sc_a": [0.21234563071007373], "total_sc_v": [0.0015485875022405984]}