{"cd0sa": -0.3595888102800224, "cd0fp": -307.67316079167944, "cd1sa": 1.7196974898862833, "cl1sa": -5.00591431888202, "cd1fp": 1413.1897168702344, "coeff_drag_shift": 2.3314301320492508, "coeff_lift_shift": 20.159882401851537, "coeff_lift_gain": 96.83184509500686, "train_sc_a": [9.400031154322232], "train_sc_v": [0.05185697950448772], "val_sc_a": 0, "val_sc_v": 0, "total_sc_a": 0, "total_sc_v": 0}