{"cd0sa": -0.34151768760589096, "cd0fp": -366.780647449049, "cd1sa": 1.4742949436118231, "cl1sa": -5.496474798688673, "cd1fp": 1661.4913827327016, "coeff_drag_shift": 1.752352073421521, "coeff_lift_shift": 19.692027706768574, "coeff_lift_gain": 113.03559506644632, "train_sc_a": [9.523969233790096], "train_sc_v": [0.053212125676341905], "val_sc_a": 0, "val_sc_v": 0, "total_sc_a": 0, "total_sc_v": 0}