{"cd0sa": 0.07947364563036019, "cd0fp": -0.6993033769719178, "cd1sa": -11.899508384317265, "cl1sa": -1.4274653155094168, "cd1fp": 2.3466407612145144, "coeff_drag_shift": 0.38798525434370706, "coeff_lift_shift": -2.9456886581648356, "coeff_lift_gain": 2.393680958959397, "train_sc_a": [13.378844590015381], "train_sc_v": [0.07411892978920291], "val_sc_a": 0, "val_sc_v": 0, "total_sc_a": 0, "total_sc_v": 0}