{"cd0sa": -0.386748583209011, "cd0fp": -365.41530563358424, "cd1sa": 5.611869092641268, "cl1sa": -3.1579854427805762, "cd1fp": 664.003792096675, "coeff_drag_shift": -0.15545267242819483, "coeff_lift_shift": 22.952938112990232, "coeff_lift_gain": -7.8298475738468705, "train_sc_a": [9.60992925254713], "train_sc_v": [0.05335456257566132], "val_sc_a": 0, "val_sc_v": 0, "total_sc_a": 0, "total_sc_v": 0}