{"cd0sa": -0.3331982982807928, "cd0fp": -0.46121412492448444, "cd1sa": -3.43361245658407, "cl1sa": -1.384790516837066, "cd1fp": 2.3208959067728134, "coeff_drag_shift": -1.0177162770157413, "coeff_lift_shift": -2.8010047361680326, "coeff_lift_gain": 2.266233111556348, "train_sc_a": [10.168795352266985], "train_sc_v": [0.05236340393260348], "val_sc_a": 0, "val_sc_v": 0, "total_sc_a": 0, "total_sc_v": 0}