{"cd0sa": -0.31592946001277816, "cd0fp": -97.80886959409017, "cd1sa": -3.7890171638215104, "cl1sa": -5.495422334087711, "cd1fp": 1418.454173289673, "coeff_drag_shift": 15.635830357214665, "coeff_lift_shift": 20.22941929305382, "coeff_lift_gain": 139.14467258483313, "train_sc_a": [13.147889033691618], "train_sc_v": [0.06369675233949325], "val_sc_a": 0, "val_sc_v": 0, "total_sc_a": 0, "total_sc_v": 0}