{"cd0sa": -1.9643520705393325, "cd0fp": -6776.739460297594, "cd1sa": 188.58105305844506, "cl1sa": -33.96666060027042, "cd1fp": 11173.072472789374, "coeff_drag_shift": -428.6360126259535, "coeff_lift_shift": 204.96583762718578, "coeff_lift_gain": -347.71575282055517, "train_sc_a": [52039.07972253298], "train_sc_v": [275.09156721553813], "val_sc_a": 0, "val_sc_v": 0, "total_sc_a": 0, "total_sc_v": 0}