{"cd0sa": -0.3317425757993856, "cd0fp": -175.57032878956687, "cd1sa": -1.715479448605532, "cl1sa": -5.3494257209182745, "cd1fp": 1429.6795533679556, "coeff_drag_shift": 11.691961607686947, "coeff_lift_shift": 20.26114713278503, "coeff_lift_gain": 125.22143354184173, "train_sc_a": [9.571117410289082], "train_sc_v": [0.05012221591509047], "val_sc_a": 0, "val_sc_v": 0, "total_sc_a": 0, "total_sc_v": 0}