{"cd0sa": -0.4074658587071909, "cd0fp": -313.00158071557723, "cd1sa": 2.7399545029727372, "cl1sa": -2.7396867108298903, "cd1fp": 513.2672413008555, "coeff_drag_shift": -5.8605866898722185, "coeff_lift_shift": 22.600722406053375, "coeff_lift_gain": -20.38371050307267, "train_sc_a": [9.630867413693094], "train_sc_v": [0.05263378214933254], "val_sc_a": 0, "val_sc_v": 0, "total_sc_a": 0, "total_sc_v": 0}