{"cd0sa": -0.38171092943249235, "cd0fp": -339.45778188286545, "cd1sa": 4.627035417226632, "cl1sa": -2.9508687659353923, "cd1fp": 617.0239743700749, "coeff_drag_shift": 0.8054902664144554, "coeff_lift_shift": 22.6609213992707, "coeff_lift_gain": -7.928442938639103, "train_sc_a": [9.580422444672104], "train_sc_v": [0.052461472938385434], "val_sc_a": 0, "val_sc_v": 0, "total_sc_a": 0, "total_sc_v": 0}