{"cd0sa": -0.34532112438965357, "cd0fp": -338.09929437682143, "cd1sa": 0.19458062254488284, "cl1sa": -4.548377125233727, "cd1fp": 1232.108209909504, "coeff_drag_shift": -6.975593038649306, "coeff_lift_shift": 20.309895367805968, "coeff_lift_gain": 60.71149870766122, "train_sc_a": [9.448419630752136], "train_sc_v": [0.052476512045462345], "val_sc_a": 0, "val_sc_v": 0, "total_sc_a": 0, "total_sc_v": 0}