{"cd0sa": -0.2930045229377943, "cd0fp": -1.150294622587949, "cd1sa": -2.8365171935064097, "cl1sa": -1.281150149472035, "cd1fp": -2.226939453957282, "coeff_drag_shift": -6.297633901735223, "coeff_lift_shift": 13.898836613659235, "coeff_lift_gain": -8.819147205030152, "train_sc_a": [10.022904939562123], "train_sc_v": [0.05154278217784418], "val_sc_a": 0, "val_sc_v": 0, "total_sc_a": 0, "total_sc_v": 0}