{"cd0sa": -0.3489950668730387, "cd0fp": -238.02388708102578, "cd1sa": 0.0009960818306696817, "cl1sa": -5.04523497756804, "cd1fp": 1390.4380697957233, "coeff_drag_shift": 6.28323781678502, "coeff_lift_shift": 20.084556580565042, "coeff_lift_gain": 108.04295539328142, "train_sc_a": [9.389489262047693], "train_sc_v": [0.05124276385764258], "val_sc_a": 0, "val_sc_v": 0, "total_sc_a": 0, "total_sc_v": 0}