{"cd0sa": -0.3944230020047338, "cd0fp": -164.04031867853442, "cd1sa": 0.4231826270042815, "cl1sa": -2.8710343892678285, "cd1fp": 264.9270008902058, "coeff_drag_shift": -5.54354586227929, "coeff_lift_shift": 23.95011929745421, "coeff_lift_gain": -18.419393527069342, "train_sc_a": [9.746583803214245], "train_sc_v": [0.052482537850256444], "val_sc_a": 0, "val_sc_v": 0, "total_sc_a": 0, "total_sc_v": 0}