{"cd0sa": -0.3558650847713684, "cd0fp": -138.03635323070563, "cd1sa": 0.5987425932592176, "cl1sa": -2.8568695762268956, "cd1fp": 221.39046175558727, "coeff_drag_shift": -10.959921867857407, "coeff_lift_shift": 24.18190116184703, "coeff_lift_gain": -19.15374514361739, "train_sc_a": [10.213578771400623], "train_sc_v": [0.05699811010468734], "val_sc_a": 0, "val_sc_v": 0, "total_sc_a": 0, "total_sc_v": 0}