{"cd0sa": -0.5020911743866379, "cd0fp": -741.5548175095137, "cd1sa": 17.68804354463975, "cl1sa": -5.685032396594489, "cd1fp": 1216.9979173041133, "coeff_drag_shift": -48.93047557313887, "coeff_lift_shift": 40.616804476877824, "coeff_lift_gain": -49.023018568793546, "train_sc_a": [214.1998645951639], "train_sc_v": [1.1051348668031056], "val_sc_a": 0, "val_sc_v": 0, "total_sc_a": 0, "total_sc_v": 0}