{"cd0sa": -0.3818736377519463, "cd0fp": -342.98527930465167, "cd1sa": 4.69973765851295, "cl1sa": -2.946185148673992, "cd1fp": 621.4022738116139, "coeff_drag_shift": 0.7335136589065189, "coeff_lift_shift": 22.65598867966141, "coeff_lift_gain": -8.176841940958559, "train_sc_a": [9.581191413507948], "train_sc_v": [0.05247108840080929], "val_sc_a": 0, "val_sc_v": 0, "total_sc_a": 0, "total_sc_v": 0}