{"cd0sa": -0.39194726324820184, "cd0fp": -289.23611233810647, "cd1sa": 2.6670764039235295, "cl1sa": -3.2670458301800434, "cd1fp": 635.2076904273728, "coeff_drag_shift": -3.4879025489947875, "coeff_lift_shift": 22.27054822582635, "coeff_lift_gain": 1.8786676014461032, "train_sc_a": [9.549526908576688], "train_sc_v": [0.05233149885059839], "val_sc_a": 0, "val_sc_v": 0, "total_sc_a": 0, "total_sc_v": 0}