{"cd0sa": -0.3358428100497549, "cd0fp": -55.52991180277622, "cd1sa": -1.752892888618343, "cl1sa": -2.4658136776502095, "cd1fp": 85.29711871218991, "coeff_drag_shift": -5.72599847908318, "coeff_lift_shift": 21.89644619008474, "coeff_lift_gain": -15.03483585460486, "train_sc_a": [9.822263146035992], "train_sc_v": [0.052681805645874276], "val_sc_a": 0, "val_sc_v": 0, "total_sc_a": 0, "total_sc_v": 0}