{"cd0sa": -0.30125246588301474, "cd0fp": -1.6386541717632903, "cd1sa": -2.8770294218838695, "cl1sa": -2.079536395165783, "cd1fp": -3.3224733142018263, "coeff_drag_shift": -4.8542445078160945, "coeff_lift_shift": 19.254881857478818, "coeff_lift_gain": -12.173132464548438, "train_sc_a": [9.86478416905542], "train_sc_v": [0.052873586865976555], "val_sc_a": 0, "val_sc_v": 0, "total_sc_a": 0, "total_sc_v": 0}