{"cd0sa": -0.3408138010564943, "cd0fp": -223.9113745889852, "cd1sa": -0.4748377540956282, "cl1sa": -5.26997541771463, "cd1fp": 1431.196967272466, "coeff_drag_shift": 9.074616552152186, "coeff_lift_shift": 20.313844978184605, "coeff_lift_gain": 115.66957567787408, "train_sc_a": [9.38323302750597], "train_sc_v": [0.051201778288440976], "val_sc_a": 0, "val_sc_v": 0, "total_sc_a": 0, "total_sc_v": 0}