{"cd0sa": -1.2199179590087728, "cd0fp": -0.013065662942653874, "cd1sa": 1.5440517321492568, "cl1sa": -2.8620199196867366, "cd1fp": 2.4883606047276117, "coeff_drag_shift": 0.505038038170163, "coeff_lift_shift": -0.18586326313890833, "coeff_lift_gain": 2.444459683494677, "train_sc_a": [23.16770706703201], "train_sc_v": [0.11109311100273271], "val_sc_a": 0, "val_sc_v": 0, "total_sc_a": 0, "total_sc_v": 0}