{"cd0sa": -1.3182715665147668, "cd0fp": 0.0062663851540245815, "cd1sa": 1.8871143518221338, "cl1sa": 4.688768655271975, "cd1fp": 2.4992013753819413, "coeff_drag_shift": 0.4999108176772293, "coeff_lift_shift": 0.040190890887774756, "coeff_lift_gain": 2.4978194593973, "train_sc_a": [37.51849270223702], "train_sc_v": [0.18278071286799236], "val_sc_a": 0, "val_sc_v": 0, "total_sc_a": 0, "total_sc_v": 0}