{"cd0sa": -0.3060665644228748, "cd0fp": -224.23080193048318, "cd1sa": -0.9051058441132651, "cl1sa": -5.05244201397988, "cd1fp": 1374.0951405799794, "coeff_drag_shift": 13.672062561333615, "coeff_lift_shift": 20.40992194179048, "coeff_lift_gain": 107.3217375169677, "train_sc_a": [9.368307120478196], "train_sc_v": [0.05071029016581167], "val_sc_a": 0, "val_sc_v": 0, "total_sc_a": 0, "total_sc_v": 0}