{"cd0sa": -0.35985368872155576, "cd0fp": -307.25843061471096, "cd1sa": 1.7249405737285137, "cl1sa": -5.002217879325138, "cd1fp": 1416.5589569383094, "coeff_drag_shift": 2.5168834822337827, "coeff_lift_shift": 20.13854969481899, "coeff_lift_gain": 97.4112361177133, "train_sc_a": [9.399776174600161], "train_sc_v": [0.05183275059460412], "val_sc_a": 0, "val_sc_v": 0, "total_sc_a": 0, "total_sc_v": 0}