{"cd0sa": -0.3843109982284705, "cd0fp": -322.33133617381975, "cd1sa": 4.0832286912547735, "cl1sa": -3.040150578043243, "cd1fp": 609.521552025469, "coeff_drag_shift": -0.8896028726246321, "coeff_lift_shift": 22.596525427375735, "coeff_lift_gain": -6.2424850928041415, "train_sc_a": [9.570693848882879], "train_sc_v": [0.05246866132519524], "val_sc_a": 0, "val_sc_v": 0, "total_sc_a": 0, "total_sc_v": 0}