{"cd0sa": -0.3671679038294304, "cd0fp": -282.16795336648295, "cd1sa": 1.0611069268023345, "cl1sa": -4.614111622095302, "cd1fp": 1193.9444735699567, "coeff_drag_shift": -1.6938023906840836, "coeff_lift_shift": 20.362049218772555, "coeff_lift_gain": 72.94225411392088, "train_sc_a": [9.423353122049358], "train_sc_v": [0.05177453690720783], "val_sc_a": 0, "val_sc_v": 0, "total_sc_a": 0, "total_sc_v": 0}