{"cd0sa": -0.38015605295463034, "cd0fp": -369.74395045417896, "cd1sa": 0.976702053802994, "cl1sa": -4.286255559841872, "cd1fp": 1165.7772172055022, "coeff_drag_shift": -7.41192544959689, "coeff_lift_shift": 20.636166477388034, "coeff_lift_gain": 44.848836391401825, "train_sc_a": [9.463710408729412], "train_sc_v": [0.05217221226922936], "val_sc_a": 0, "val_sc_v": 0, "total_sc_a": 0, "total_sc_v": 0}