{"cd0sa": -0.39347438702435406, "cd0fp": -305.198682449872, "cd1sa": 2.4479224682094722, "cl1sa": -2.738066560134953, "cd1fp": 500.1116260519552, "coeff_drag_shift": -5.8404570553366435, "coeff_lift_shift": 22.798669421237054, "coeff_lift_gain": -20.381955809614944, "train_sc_a": [9.633494389220747], "train_sc_v": [0.05275212376659303], "val_sc_a": 0, "val_sc_v": 0, "total_sc_a": 0, "total_sc_v": 0}