{"cd0sa": -0.3975987280347538, "cd0fp": -284.8429579712615, "cd1sa": 2.0087818795999968, "cl1sa": -3.44165961235224, "cd1fp": 689.6027099745982, "coeff_drag_shift": -6.020925134053286, "coeff_lift_shift": 22.006793202799695, "coeff_lift_gain": 7.652624246618763, "train_sc_a": [9.575187474056735], "train_sc_v": [0.0527958515817856], "val_sc_a": 0, "val_sc_v": 0, "total_sc_a": 0, "total_sc_v": 0}