{"cd0sa": -0.3104734147161392, "cd0fp": -3.9160134987149497, "cd1sa": -3.1577328853962685, "cl1sa": -2.132083205749146, "cd1fp": 0.3402038889713934, "coeff_drag_shift": -3.4865479033958553, "coeff_lift_shift": 19.781275198980147, "coeff_lift_gain": -12.228578817363175, "train_sc_a": [9.859737153559385], "train_sc_v": [0.05283975610438769], "val_sc_a": 0, "val_sc_v": 0, "total_sc_a": 0, "total_sc_v": 0}