{"cd0sa": -21.28271566514767, "cd0fp": -0.027336148459754184, "cd1sa": 0.8711435182213381, "cl1sa": 1.8876865527197522, "cd1fp": 2.4920137538194123, "coeff_drag_shift": 0.49910817677229286, "coeff_lift_shift": -0.048091091122252475, "coeff_lift_gain": 2.478194593973001, "train_sc_a": [568.6958554983399], "train_sc_v": [2.929595161855865], "val_sc_a": 0, "val_sc_v": 0, "total_sc_a": 0, "total_sc_v": 0}