{"cd0sa": -0.3541346625658761, "cd0fp": -261.76071900142705, "cd1sa": 0.6339533219108678, "cl1sa": -4.97595679882317, "cd1fp": 1388.1674130179101, "coeff_drag_shift": 4.7735195209443475, "coeff_lift_shift": 20.05911126829074, "coeff_lift_gain": 103.08315947502759, "train_sc_a": [9.393456079883778], "train_sc_v": [0.051433399429872136], "val_sc_a": 0, "val_sc_v": 0, "total_sc_a": 0, "total_sc_v": 0}