{"cd0sa": -0.3959723925889147, "cd0fp": -339.3211772129741, "cd1sa": 2.694175533809939, "cl1sa": -3.5630535853573106, "cd1fp": 836.2887150800735, "coeff_drag_shift": -4.551291192156494, "coeff_lift_shift": 21.71035078335466, "coeff_lift_gain": 14.351965121309531, "train_sc_a": [9.504681995741375], "train_sc_v": [0.052166310111823294], "val_sc_a": 0, "val_sc_v": 0, "total_sc_a": 0, "total_sc_v": 0}