{"cd0sa": -0.4021240823806036, "cd0fp": -306.6931730138794, "cd1sa": 2.593339058686813, "cl1sa": -2.71417457025106, "cd1fp": 502.7789614100178, "coeff_drag_shift": -5.889420767071494, "coeff_lift_shift": 22.448214124454545, "coeff_lift_gain": -20.184083561510192, "train_sc_a": [9.631580398353336], "train_sc_v": [0.05268272279180131], "val_sc_a": 0, "val_sc_v": 0, "total_sc_a": 0, "total_sc_v": 0}