{"cd0sa": -0.27976040673408875, "cd0fp": -1.3862564651563982, "cd1sa": -2.768214319599717, "cl1sa": -1.158781966447026, "cd1fp": -3.861448747772293, "coeff_drag_shift": -8.485098317566667, "coeff_lift_shift": 19.966038429834335, "coeff_lift_gain": -12.791469647613297, "train_sc_a": [10.335708457193462], "train_sc_v": [0.05184492992849994], "val_sc_a": 0, "val_sc_v": 0, "total_sc_a": 0, "total_sc_v": 0}