{"cd0sa": -0.38098999200605776, "cd0fp": -220.29332893695636, "cd1sa": 3.034176277080729, "cl1sa": -3.3247430546600927, "cd1fp": 356.86546894112377, "coeff_drag_shift": -15.720520964962805, "coeff_lift_shift": 27.13569833271239, "coeff_lift_gain": -23.63847116816251, "train_sc_a": [17.59961611267179], "train_sc_v": [0.09885333278052587], "val_sc_a": 0, "val_sc_v": 0, "total_sc_a": 0, "total_sc_v": 0}