{"cd0sa": -220.92715665147668, "cd0fp": -0.3633614845975418, "cd1sa": -9.288564817786618, "cl1sa": -26.123134472802477, "cd1fp": 2.420137538194122, "coeff_drag_shift": 0.49108176772292833, "coeff_lift_shift": -0.9309109112225247, "coeff_lift_gain": 2.281945939730008, "train_sc_a": [6050.234653036849], "train_sc_v": [31.286280712612726], "val_sc_a": 0, "val_sc_v": 0, "total_sc_a": 0, "total_sc_v": 0}