{"cd0sa": -0.3143160433536581, "cd0fp": -6.695547371390862, "cd1sa": -3.0926718307151213, "cl1sa": -2.1638960139748686, "cd1fp": 4.891103915548083, "coeff_drag_shift": -3.49607967050281, "coeff_lift_shift": 19.984604627203556, "coeff_lift_gain": -12.410082095579616, "train_sc_a": [9.858000675044792], "train_sc_v": [0.05280375760438944], "val_sc_a": 0, "val_sc_v": 0, "total_sc_a": 0, "total_sc_v": 0}