{"cd0sa": -0.37349215847488504, "cd0fp": -154.46880648610926, "cd1sa": 0.19168685721974243, "cl1sa": -2.727081575931088, "cd1fp": 249.41088605208313, "coeff_drag_shift": -6.2643578457442, "coeff_lift_shift": 22.755420492284948, "coeff_lift_gain": -17.63255037302492, "train_sc_a": [9.718934677607791], "train_sc_v": [0.05275551825826685], "val_sc_a": 0, "val_sc_v": 0, "total_sc_a": 0, "total_sc_v": 0}