{"cd0sa": -0.4037079093201861, "cd0fp": -364.64866187192234, "cd1sa": 5.113433462428726, "cl1sa": -3.103663817370621, "cd1fp": 644.4442169140492, "coeff_drag_shift": -1.7623217917546332, "coeff_lift_shift": 23.044245340509594, "coeff_lift_gain": -11.82754446238823, "train_sc_a": [9.594302062788282], "train_sc_v": [0.05279062597254443], "val_sc_a": 0, "val_sc_v": 0, "total_sc_a": 0, "total_sc_v": 0}