{"cd0sa": -0.3735921243600351, "cd0fp": -210.0182546611725, "cd1sa": 2.7753497619566736, "cl1sa": -3.2339695296752984, "cd1fp": 340.00004298113436, "coeff_drag_shift": -15.87572824984603, "coeff_lift_shift": 26.489992224340078, "coeff_lift_gain": -23.035847161201048, "train_sc_a": [16.99732925429451], "train_sc_v": [0.09562374973537315], "val_sc_a": 0, "val_sc_v": 0, "total_sc_a": 0, "total_sc_v": 0}