{"cd0sa": -0.28018905283366596, "cd0fp": -240.00196647944043, "cd1sa": -0.8801585900369718, "cl1sa": -4.831525857607932, "cd1fp": 1318.6832971216957, "coeff_drag_shift": 14.792233836787975, "coeff_lift_shift": 20.49401775663535, "coeff_lift_gain": 96.23910631454451, "train_sc_a": [9.360094141714434], "train_sc_v": [0.051070829976426625], "val_sc_a": 0, "val_sc_v": 0, "total_sc_a": 0, "total_sc_v": 0}