{"cd0sa": -0.35978920829902605, "cd0fp": -303.7964958032454, "cd1sa": 1.6579313595844538, "cl1sa": -4.993559226661473, "cd1fp": 1417.2969127494348, "coeff_drag_shift": 2.841803060164415, "coeff_lift_shift": 20.11042063868149, "coeff_lift_gain": 98.28054587671146, "train_sc_a": [9.399099505196364], "train_sc_v": [0.05178081607279127], "val_sc_a": 0, "val_sc_v": 0, "total_sc_a": 0, "total_sc_v": 0}