{"cd0sa": -0.3472698177656734, "cd0fp": -231.77853125187988, "cd1sa": -0.1706514712129505, "cl1sa": -5.075654051903063, "cd1fp": 1394.3622181529465, "coeff_drag_shift": 6.824110195875212, "coeff_lift_shift": 20.10221563578704, "coeff_lift_gain": 109.76080320813745, "train_sc_a": [9.388231510096986], "train_sc_v": [0.05117610417967296], "val_sc_a": 0, "val_sc_v": 0, "total_sc_a": 0, "total_sc_v": 0}