{"cd0sa": -0.3825366340673717, "cd0fp": -331.96163044795696, "cd1sa": 4.42190342988675, "cl1sa": -2.9750518752866784, "cd1fp": 609.12459373429, "coeff_drag_shift": 0.3425900575252405, "coeff_lift_shift": 22.65719234508928, "coeff_lift_gain": -7.595567131557946, "train_sc_a": [9.577447838147915], "train_sc_v": [0.05242527490892897], "val_sc_a": 0, "val_sc_v": 0, "total_sc_a": 0, "total_sc_v": 0}