{"cd0sa": -0.3584890334126252, "cd0fp": -290.5135603870163, "cd1sa": 1.3541683412359942, "cl1sa": -4.979158143708187, "cd1fp": 1409.7956380342484, "coeff_drag_shift": 3.583141670478311, "coeff_lift_shift": 20.075647613324925, "coeff_lift_gain": 100.08803160682372, "train_sc_a": [9.397208571810197], "train_sc_v": [0.051660644799798275], "val_sc_a": 0, "val_sc_v": 0, "total_sc_a": 0, "total_sc_v": 0}