{"cd0sa": -0.39133220164328836, "cd0fp": -313.03988433516685, "cd1sa": 2.5989022020432166, "cl1sa": -2.740429369240622, "cd1fp": 513.0801204054359, "coeff_drag_shift": -6.294514889071409, "coeff_lift_shift": 23.073523965466517, "coeff_lift_gain": -20.76701243797969, "train_sc_a": [9.645323169876752], "train_sc_v": [0.05310010609568779], "val_sc_a": 0, "val_sc_v": 0, "total_sc_a": 0, "total_sc_v": 0}