{"cd0sa": -0.4179710999264065, "cd0fp": -330.47745039745075, "cd1sa": 3.1734369614222415, "cl1sa": -2.8091719238365496, "cd1fp": 544.3293107378082, "coeff_drag_shift": -5.606727419608358, "coeff_lift_shift": 22.770768333868777, "coeff_lift_gain": -20.374721775668057, "train_sc_a": [9.629024669470562], "train_sc_v": [0.05261109153519954], "val_sc_a": 0, "val_sc_v": 0, "total_sc_a": 0, "total_sc_v": 0}