{"cd0sa": -0.3738841758458294, "cd0fp": -203.9858727059434, "cd1sa": 0.8797252289086878, "cl1sa": -2.704332396911225, "cd1fp": 331.86603399753557, "coeff_drag_shift": -6.200528681834215, "coeff_lift_shift": 22.414697753317558, "coeff_lift_gain": -18.344129669773757, "train_sc_a": [9.669228416683895], "train_sc_v": [0.05283821341354685], "val_sc_a": 0, "val_sc_v": 0, "total_sc_a": 0, "total_sc_v": 0}