{"cd0sa": -0.2993323564876531, "cd0fp": -237.7372626263259, "cd1sa": -0.7110147768982016, "cl1sa": -4.926954130540328, "cd1fp": 1352.6026887963467, "coeff_drag_shift": 13.970668274072064, "coeff_lift_shift": 20.435360036616036, "coeff_lift_gain": 101.47610028124309, "train_sc_a": [9.364989582173703], "train_sc_v": [0.05113014979601166], "val_sc_a": 0, "val_sc_v": 0, "total_sc_a": 0, "total_sc_v": 0}