{"cd0sa": 2.5526120561036754, "cd0fp": -0.7545812366736145, "cd1sa": -11.614733823328805, "cl1sa": -292.48613497885066, "cd1fp": 2.0725432929130276, "coeff_drag_shift": 0.7017018280826298, "coeff_lift_shift": -8.856578071993694, "coeff_lift_gain": 0.3977492343629505, "train_sc_a": [1772.7336798979768], "train_sc_v": [9.163811327921504], "val_sc_a": 0, "val_sc_v": 0, "total_sc_a": 0, "total_sc_v": 0}