{"cd0sa": -0.3815040307224383, "cd0fp": -343.60165361367143, "cd1sa": 4.729167459500837, "cl1sa": -2.948630600926897, "cd1fp": 622.2307502015292, "coeff_drag_shift": 0.6255744958658235, "coeff_lift_shift": 22.652273123389122, "coeff_lift_gain": -8.226019954273388, "train_sc_a": [9.581255099491937], "train_sc_v": [0.05250851821981892], "val_sc_a": 0, "val_sc_v": 0, "total_sc_a": 0, "total_sc_v": 0}