{"cd0sa": -0.3308264564990546, "cd0fp": -37.22286545453398, "cd1sa": -2.284789462584907, "cl1sa": -2.370377080204667, "cd1fp": 55.1228575756417, "coeff_drag_shift": -4.615495980652111, "coeff_lift_shift": 21.314307063126112, "coeff_lift_gain": -14.078876375320677, "train_sc_a": [9.838185622269577], "train_sc_v": [0.05268099622783072], "val_sc_a": 0, "val_sc_v": 0, "total_sc_a": 0, "total_sc_v": 0}