{"cd0sa": -0.3895139854607483, "cd0fp": -291.1276157520772, "cd1sa": 2.95050972681185, "cl1sa": -3.191864642011996, "cd1fp": 611.7875333864371, "coeff_drag_shift": -2.3972919154458365, "coeff_lift_shift": 22.3841098002322, "coeff_lift_gain": -0.6073499145526737, "train_sc_a": [9.555697826298006], "train_sc_v": [0.052243930621112815], "val_sc_a": 0, "val_sc_v": 0, "total_sc_a": 0, "total_sc_v": 0}