{"cd0sa": -0.3734982423809902, "cd0fp": -372.95644886836044, "cd1sa": 0.7383278715763315, "cl1sa": -4.386515427080014, "cd1fp": 1209.5780041454839, "coeff_drag_shift": -7.680040159239775, "coeff_lift_shift": 20.426865784273573, "coeff_lift_gain": 49.25190159165453, "train_sc_a": [9.461424484047534], "train_sc_v": [0.05227118888272673], "val_sc_a": 0, "val_sc_v": 0, "total_sc_a": 0, "total_sc_v": 0}