{"cd0sa": -0.36214813257023887, "cd0fp": -290.079797754706, "cd1sa": 0.6638006009460125, "cl1sa": -4.500236369880677, "cd1fp": 1156.6928262510141, "coeff_drag_shift": -3.88177896543128, "coeff_lift_shift": 20.423009494699645, "coeff_lift_gain": 64.87958848643622, "train_sc_a": [9.434360826544264], "train_sc_v": [0.05195245001411936], "val_sc_a": 0, "val_sc_v": 0, "total_sc_a": 0, "total_sc_v": 0}