{"cd0sa": -0.38189453403200985, "cd0fp": -343.7947206246172, "cd1sa": 4.72935649306571, "cl1sa": -2.950754617492033, "cd1fp": 621.1156431975274, "coeff_drag_shift": 0.33714510275461174, "coeff_lift_shift": 22.66041571952788, "coeff_lift_gain": -8.555801347272046, "train_sc_a": [9.581498356993407], "train_sc_v": [0.05252671484667784], "val_sc_a": 0, "val_sc_v": 0, "total_sc_a": 0, "total_sc_v": 0}