{"cd0sa": -0.27921382441034126, "cd0fp": -1.5031190583991998, "cd1sa": -2.7137084148189485, "cl1sa": -2.068976374949049, "cd1fp": -3.6679004510205875, "coeff_drag_shift": -6.710578223826272, "coeff_lift_shift": 19.33039562666956, "coeff_lift_gain": -12.62224718999511, "train_sc_a": [9.872501276249928], "train_sc_v": [0.052967085064417066], "val_sc_a": 0, "val_sc_v": 0, "total_sc_a": 0, "total_sc_v": 0}