{"cd0sa": -0.4110105288547787, "cd0fp": -317.8373012958729, "cd1sa": 2.8513301241347335, "cl1sa": -2.7568805867459965, "cd1fp": 521.438501063765, "coeff_drag_shift": -5.827794394328102, "coeff_lift_shift": 22.657383255600642, "coeff_lift_gain": -20.47730155045786, "train_sc_a": [9.630633902023172], "train_sc_v": [0.05261669774154033], "val_sc_a": 0, "val_sc_v": 0, "total_sc_a": 0, "total_sc_v": 0}