{"cd0sa": -0.32060809564817305, "cd0fp": -0.5043133374972164, "cd1sa": -3.385774511871046, "cl1sa": -1.3451204561972951, "cd1fp": 2.055485817830836, "coeff_drag_shift": -1.27908501611611, "coeff_lift_shift": -1.9148767277933718, "coeff_lift_gain": 1.6264773956082172, "train_sc_a": [10.153842028614077], "train_sc_v": [0.052600077841992644], "val_sc_a": 0, "val_sc_v": 0, "total_sc_a": 0, "total_sc_v": 0}