{"cd0sa": -0.3072494277329037, "cd0fp": -2.1199710488374173, "cd1sa": -3.1904066817230503, "cl1sa": -2.096526308948873, "cd1fp": -2.5586657464312745, "coeff_drag_shift": -3.406761990505582, "coeff_lift_shift": 19.53696927984399, "coeff_lift_gain": -12.032250631028937, "train_sc_a": [9.860922316288567], "train_sc_v": [0.052884260315432745], "val_sc_a": 0, "val_sc_v": 0, "total_sc_a": 0, "total_sc_v": 0}