{"cd0sa": -0.35658085136477546, "cd0fp": -369.9538481466338, "cd1sa": 0.4641633363815716, "cl1sa": -4.531707355738934, "cd1fp": 1263.9073764094542, "coeff_drag_shift": -7.61379956741464, "coeff_lift_shift": 20.242301931461814, "coeff_lift_gain": 56.759127686217056, "train_sc_a": [9.454829752012769], "train_sc_v": [0.05254016374813152], "val_sc_a": 0, "val_sc_v": 0, "total_sc_a": 0, "total_sc_v": 0}