{"cd0sa": -0.7133359531525567, "cd0fp": -1600.413340386739, "cd1sa": 43.529533617131825, "cl1sa": -10.147372197901099, "cd1fp": 2632.326361401634, "coeff_drag_shift": -107.22329618671168, "coeff_lift_shift": 67.83190653263813, "coeff_lift_gain": -95.04494892056674, "train_sc_a": [350.89894028147125], "train_sc_v": [1.865886800286657], "val_sc_a": 0, "val_sc_v": 0, "total_sc_a": 0, "total_sc_v": 0}