{"cd0sa": -0.38706518601444223, "cd0fp": -385.40208381787494, "cd1sa": 5.883414872522542, "cl1sa": -3.0614516655536472, "cd1fp": 697.7732639829701, "coeff_drag_shift": 0.047615893159902, "coeff_lift_shift": 22.607811623534047, "coeff_lift_gain": -7.828714604505374, "train_sc_a": [9.594098308250866], "train_sc_v": [0.05305037135260836], "val_sc_a": 0, "val_sc_v": 0, "total_sc_a": 0, "total_sc_v": 0}