{"cd0sa": -0.38131541818673276, "cd0fp": -341.62693920683586, "cd1sa": 4.683865678338362, "cl1sa": -2.9461396092704084, "cd1fp": 620.5545145473151, "coeff_drag_shift": 0.9798624107871577, "coeff_lift_shift": 22.658707536068935, "coeff_lift_gain": -7.850860050416678, "train_sc_a": [9.58106780281591], "train_sc_v": [0.05247689004207694], "val_sc_a": 0, "val_sc_v": 0, "total_sc_a": 0, "total_sc_v": 0}