{"cd0sa": -0.33118625842960514, "cd0fp": -231.0417144780041, "cd1sa": -0.45690707655207646, "cl1sa": -5.157401959959319, "cd1fp": 1404.8947197919179, "coeff_drag_shift": 7.893199995102194, "coeff_lift_shift": 20.19605851113996, "coeff_lift_gain": 110.72368324117194, "train_sc_a": [9.384053585279675], "train_sc_v": [0.05148241759247534], "val_sc_a": 0, "val_sc_v": 0, "total_sc_a": 0, "total_sc_v": 0}