{"cd0sa": -0.34692192453538756, "cd0fp": -324.88182715678863, "cd1sa": 0.21375888917622812, "cl1sa": -4.531622175630919, "cd1fp": 1209.5915446392582, "coeff_drag_shift": -6.455483201806986, "coeff_lift_shift": 20.336825820109187, "coeff_lift_gain": 61.38809520680153, "train_sc_a": [9.445283048216341], "train_sc_v": [0.05238520519506683], "val_sc_a": 0, "val_sc_v": 0, "total_sc_a": 0, "total_sc_v": 0}