{"c1": 0.018079158240256476, "c2": 0.11253609123553499, "ch1": 0.017631550515298175, "ch2": 0.09433999001422559, "di": 0.33094495655917205, "dj": 0.00012408145219953162, "dk": 0.7323085116962117, "vw_i": -0.6287285635554032, "vw_j": -0.0115829855662269, "kt": 5.0, "train_sc_a": [0.4824261606202402], "train_sc_v": [7.440786783754371e-05], "val_sc_a": [0.3830121517051841], "val_sc_v": [6.551060354201585e-05], "total_sc_a": [0.0579133045886851], "total_sc_v": [0.0005976884708143704]}