{"c1": 0.01859721423779971, "c2": 0.10952194369732622, "ch1": 0.011829185032004513, "ch2": 0.09638765372025482, "di": 0.4375426178598439, "dj": 0.00027758245724003995, "dk": 0.101260719680111, "vw_i": -1.1063510304617803, "vw_j": -0.028918745807162572, "kt": 5.0, "train_sc_a": [0.22998116995971735], "train_sc_v": [6.885922931374388e-05], "val_sc_a": [0.1723561634855452], "val_sc_v": [6.932816456793233e-05], "total_sc_a": [0.04218788343678671], "total_sc_v": [0.0005640556354088702]}