{"c1": 0.018370884400438152, "c2": 0.11063573299363871, "ch1": 0.0121015920559185, "ch2": 0.0944649289066685, "di": 0.2934012925936237, "dj": 0.010987241314690926, "dk": 0.47953223915706983, "vw_i": -0.8526633124179632, "vw_j": -0.010687346265244868, "kt": 5.0, "train_sc_a": [0.23971917586600372], "train_sc_v": [6.988213021027485e-05], "val_sc_a": [0.22529457034105474], "val_sc_v": [6.688310951844285e-05], "total_sc_a": [0.04738496731986166], "total_sc_v": [0.0005685661105054957]}