{"c1": 0.01836773483572136, "c2": 0.1109675867359415, "ch1": 0.012462549539425764, "ch2": 0.09575695570461287, "di": 0.3733860771716457, "dj": 0.009513354887964582, "dk": 0.19835514052201716, "vw_i": -1.0561667964692045, "vw_j": -0.031234805430317116, "kt": 5.0, "train_sc_a": [0.21123308429983312], "train_sc_v": [6.767821035233635e-05], "val_sc_a": [0.2428142900292516], "val_sc_v": [7.226560735337117e-05], "total_sc_a": [0.04742137140514924], "total_sc_v": [0.0005705820800344435]}