{"c1": 0.018323260030806116, "c2": 0.11121824483863736, "ch1": 0.011294275541548701, "ch2": 0.09501491319803097, "di": 0.3331249220322391, "dj": 0.0, "dk": 0.3452994085543774, "vw_i": -0.9647421233015973, "vw_j": -0.015199365787316205, "kt": 5.0, "train_sc_a": [0.22241378476520057], "train_sc_v": [6.905335784615099e-05], "val_sc_a": [0.2402438784157042], "val_sc_v": [7.088084850644332e-05], "total_sc_a": [0.048895645399892745], "total_sc_v": [0.0005719493886103877]}