{"c1": 0.01882791458765351, "c2": 0.10684062476192578, "ch1": 0.09993459334720231, "ch2": 0.09999511169859257, "di": 0.999520445001609, "dj": 0.995915080557391, "dk": 0.9999891092325405, "vw_i": -0.0004535181928085117, "vw_j": -0.00023534256720672022, "kt": 4.99999622251554, "train_sc_a": [0.33393388718914796], "train_sc_v": [2.5256487265928483e-05], "val_sc_a": [0.4206473262911651], "val_sc_v": [2.2880087292922695e-05], "total_sc_a": [0.2130544338975127], "total_sc_v": [0.0015532107443162126]}