{"c1": 0.01882797551354676, "c2": 0.10684017994418733, "ch1": 0.09998890656077998, "ch2": 0.09999917210731732, "di": 0.9999179158995831, "dj": 0.9992914660081633, "dk": 0.9999966348066152, "vw_i": -8.566649950593946e-05, "vw_j": -3.1909394263666794e-05, "kt": 5.0000004713946105, "train_sc_a": [0.3346782403293197], "train_sc_v": [2.5328788561421306e-05], "val_sc_a": [0.4210989445856149], "val_sc_v": [2.2695263023067853e-05], "total_sc_a": [0.21327106753318265], "total_sc_v": [0.0015546210071386804]}