{"c1": 0.018827933257689763, "c2": 0.10684048864196155, "ch1": 0.09994542926497392, "ch2": 0.09999592235488192, "di": 0.9995932539991123, "dj": 0.9966451817569751, "dk": 0.9999913069651599, "vw_i": -0.00035708461454398354, "vw_j": -0.0001945322651166506, "kt": 4.9999965639855395, "train_sc_a": [0.331201243066833], "train_sc_v": [2.3464583271045497e-05], "val_sc_a": [0.43219039758698824], "val_sc_v": [3.0027763990122466e-05], "total_sc_a": [0.21309951150971504], "total_sc_v": [0.0015535043701380429]}