{"c1": 0.01870145282760303, "c2": 0.1077730583759629, "ch1": 0.09320160908173687, "ch2": 0.09949522034254392, "di": 0.9484336359160603, "dj": 0.6193485667412935, "dk": 0.9966298688740289, "vw_i": -0.060739395661860256, "vw_j": -0.004663577842434675, "kt": 5.0, "train_sc_a": [2.4450016750529335], "train_sc_v": [8.749809620976831e-05], "val_sc_a": [2.0837339696996358], "val_sc_v": [8.046484060693315e-05], "total_sc_a": [0.1878206578114538], "total_sc_v": [0.0013872155694244232]}