{"c1": 0.018655427069690273, "c2": 0.10811088725669188, "ch1": 0.09002345196251588, "ch2": 0.09926072639708632, "di": 0.923989371484949, "dj": 0.44556022046811056, "dk": 0.9945966835073853, "vw_i": -0.07857057933634146, "vw_j": -0.006104028318239105, "kt": 5.0, "train_sc_a": [2.1594430263549214], "train_sc_v": [8.476701220843649e-05], "val_sc_a": [1.9285600208767275], "val_sc_v": [7.969059881532974e-05], "total_sc_a": [0.17621687247963153], "total_sc_v": [0.0013116569221399649]}