{"c1": 0.019584360707193955, "c2": 0.11912161530632606, "ch1": -0.00010815852725039278, "ch2": 0.09174494307870115, "di": 0.4785637972457197, "dj": 1.3866033003887601, "dk": 1.1873448221110412, "vw_i": -0.6914906007287653, "vw_j": -0.24862335778361846, "kt": 10.984696587570166, "train_sc_a": [0.5337437840694094], "train_sc_v": [0.00728591757353858], "val_sc_a": 0, "val_sc_v": 0, "total_sc_a": 0, "total_sc_v": 0}