{"c1": 0.0267469145419358, "c2": 0.21627724190074524, "ch1": -0.008978591273233635, "ch2": 0.09633274506480617, "di": 3.4893738089642508, "dj": 1.624651664862898, "dk": 0.2656605425308511, "vw_i": -1.4823686883060674, "vw_j": -0.3685725730812741, "kt": 10.197795967840847, "train_sc_a": [0.3895063926578592], "train_sc_v": [0.004077024567213168], "val_sc_a": 0, "val_sc_v": 0, "total_sc_a": 0, "total_sc_v": 0}