{"c1": 0.030823895364548406, "c2": 0.18533675293516927, "ch1": -0.409696819202232, "ch2": 0.0668405609712231, "di": 3.2187462576200248, "dj": 1.5011009538647095, "dk": 0.0, "vw_i": 1.1997980602035365, "vw_j": -2.163301636482346, "kt": 11.452581804212201, "train_sc_a": [23.062261688543842], "train_sc_v": [0.09035717405483316], "val_sc_a": 0, "val_sc_v": 0, "total_sc_a": 0, "total_sc_v": 0}