{"c1": 0.025202387904066315, "c2": 0.22882686547391937, "ch1": 0.3993939967134762, "ch2": 0.1283069965429669, "di": 0.49512982749040796, "dj": 26.141126742707176, "dk": 1.7873654698788746, "vw_i": -2.372584450377797, "vw_j": -0.7586667950841539, "kt": 10.189184981903992, "train_sc_a": [23.153789421804465], "train_sc_v": [0.09188934153518769], "val_sc_a": 0, "val_sc_v": 0, "total_sc_a": 0, "total_sc_v": 0}