{"c1": 0.026313240077776096, "c2": 0.21107479411951804, "ch1": -0.0021772217113774704, "ch2": 0.09670153609039611, "di": 3.031719088899665, "dj": 0.0, "dk": 0.0, "vw_i": -1.0052576725554578, "vw_j": -0.42002672331912155, "kt": 10.536132704729908, "train_sc_a": [0.44177389246311455], "train_sc_v": [0.00673073881970145], "val_sc_a": 0, "val_sc_v": 0, "total_sc_a": 0, "total_sc_v": 0}