{"c1": 0.01952945477583248, "c2": 0.12034004057478974, "ch1": -0.006116918013166783, "ch2": 0.09139508832556718, "di": 1.304421824526353, "dj": 0.966381628093003, "dk": 0.0, "vw_i": -0.6321991826920943, "vw_j": -0.17572903764775896, "kt": 10.938900491208443, "train_sc_a": [1.5776459864176093], "train_sc_v": [0.01565246508850092], "val_sc_a": 0, "val_sc_v": 0, "total_sc_a": 0, "total_sc_v": 0}