{"c1": 0.01927636986992652, "c2": 0.2368099052471141, "ch1": -0.17467067598260907, "ch2": 0.08128869866021185, "di": 2.0637351291932107, "dj": 0.26061109991343695, "dk": 0.3028400927659902, "vw_i": -0.40147219334992074, "vw_j": -0.9154780494402476, "kt": 12.51707707917033, "train_sc_a": [4.458838384851746], "train_sc_v": [0.017610113608256383], "val_sc_a": 0, "val_sc_v": 0, "total_sc_a": 0, "total_sc_v": 0}