{"c1": 0.029171418813980853, "c2": 0.22968714096182127, "ch1": -0.001853519703561755, "ch2": 0.09826905286862822, "di": 1.7820712074105693, "dj": 1.2303922283785311, "dk": 0.0, "vw_i": -1.1016671295574636, "vw_j": -0.45419969781238495, "kt": 10.609242020619108, "train_sc_a": [0.5138225167845905], "train_sc_v": [0.005574636807276496], "val_sc_a": 0, "val_sc_v": 0, "total_sc_a": 0, "total_sc_v": 0}