{"c1": 0.027881920940283963, "c2": 0.19588904445092448, "ch1": -0.019665585537765297, "ch2": 0.09517300252118224, "di": 2.1271031283252686, "dj": 2.235770020673077, "dk": 0.0, "vw_i": -0.517933144273317, "vw_j": -0.31226098370484057, "kt": 10.488487306899248, "train_sc_a": [0.282887173261494], "train_sc_v": [0.0021601420254915783], "val_sc_a": 0, "val_sc_v": 0, "total_sc_a": 0, "total_sc_v": 0}