{"c1": 0.021609850925391593, "c2": 0.28733124435342877, "ch1": 0.057426191223915166, "ch2": 0.10022489180939878, "di": 7.854280572862016, "dj": 1.6342805655201822, "dk": 0.0, "vw_i": -0.7405031559901211, "vw_j": 1.3620164706261664, "kt": 11.388980352386397, "train_sc_a": [4.943529238165942], "train_sc_v": [0.020013135465801867], "val_sc_a": 0, "val_sc_v": 0, "total_sc_a": 0, "total_sc_v": 0}