{"c1": 0.021349418151851728, "c2": 0.1473785243905056, "ch1": 0.0021725470650267573, "ch2": 0.0939947619599228, "di": 2.3742826133691093, "dj": 1.4746435780580502, "dk": 0.14595542803183056, "vw_i": -0.6336389551809978, "vw_j": -0.02840224271045154, "kt": 10.342275660481473, "train_sc_a": [0.3535583067709839], "train_sc_v": [0.004225428525347953], "val_sc_a": 0, "val_sc_v": 0, "total_sc_a": 0, "total_sc_v": 0}