{"c1": 0.030325468275585903, "c2": 0.2746629495872145, "ch1": -0.002523110336334116, "ch2": 0.0994181591791009, "di": 3.576125015484085, "dj": 0.7228036460770488, "dk": 0.0, "vw_i": -1.7341821354218132, "vw_j": -0.5285845643518562, "kt": 10.075760487182867, "train_sc_a": [2.580909397223891], "train_sc_v": [0.012683499393649897], "val_sc_a": 0, "val_sc_v": 0, "total_sc_a": 0, "total_sc_v": 0}