{"c1": 0.027243322640168148, "c2": 0.2312491014545216, "ch1": 0.018822681135140754, "ch2": 0.09921824343556072, "di": 1.334547092245764, "dj": 0.211778732665066, "dk": 0.23573186983632172, "vw_i": -0.831608495807984, "vw_j": -0.3762494865041659, "kt": 10.194716762099466, "train_sc_a": [0.4139151658432445], "train_sc_v": [0.0039569148243753845], "val_sc_a": 0, "val_sc_v": 0, "total_sc_a": 0, "total_sc_v": 0}