{"c1": 0.028490737709394493, "c2": 0.2475402605762272, "ch1": 0.004002592153159942, "ch2": 0.09898371279174031, "di": 1.6218434804125488, "dj": 1.3343616048968014, "dk": 0.0, "vw_i": -1.151736086696787, "vw_j": -0.45191863731788245, "kt": 9.517184247179099, "train_sc_a": [0.47765135629109917], "train_sc_v": [0.003879044234447994], "val_sc_a": 0, "val_sc_v": 0, "total_sc_a": 0, "total_sc_v": 0}