{"c1": 0.019483828518308204, "c2": 0.11548659303888503, "ch1": 0.002697097578898796, "ch2": 0.09185991334914902, "di": 0.0, "dj": 0.33986001115396564, "dk": 1.825247047431409, "vw_i": -0.44070480943677964, "vw_j": -0.3400509793801534, "kt": 11.11859478928254, "train_sc_a": [0.6370593941301013], "train_sc_v": [0.007532660339330934], "val_sc_a": 0, "val_sc_v": 0, "total_sc_a": 0, "total_sc_v": 0}