{"c1": 0.024542859569630777, "c2": 0.19315865918626543, "ch1": 0.0016926338463731424, "ch2": 0.09659642155172854, "di": 1.3040565563378952, "dj": 1.740028874029795, "dk": 0.0, "vw_i": -0.612327563479509, "vw_j": -0.34532041439777755, "kt": 11.526897816211266, "train_sc_a": [0.4423570276499673], "train_sc_v": [0.007004668411001328], "val_sc_a": 0, "val_sc_v": 0, "total_sc_a": 0, "total_sc_v": 0}