{"c1": 0.027469637102296662, "c2": 0.21193906063935472, "ch1": -0.035771872180020106, "ch2": 0.09458144883044801, "di": 2.4739182384441096, "dj": 1.9699049100717978, "dk": 0.30121719347380577, "vw_i": -1.257456549784028, "vw_j": -0.5974110925325422, "kt": 10.242027008217235, "train_sc_a": [1.9017344701696886], "train_sc_v": [0.013212880893914153], "val_sc_a": 0, "val_sc_v": 0, "total_sc_a": 0, "total_sc_v": 0}