{"c1": 0.02570788184956121, "c2": 0.20236805563088553, "ch1": -0.016328855429978403, "ch2": 0.09480755188263587, "di": 1.2947916937594564, "dj": 1.8160322491647007, "dk": 0.0, "vw_i": -0.2543499926952052, "vw_j": 0.31728356685000314, "kt": 11.655826070638586, "train_sc_a": [0.36483485994275555], "train_sc_v": [0.002056789595026577], "val_sc_a": 0, "val_sc_v": 0, "total_sc_a": 0, "total_sc_v": 0}