{"c1": 0.027727331062377413, "c2": 0.23355450213790926, "ch1": 0.00927104591830385, "ch2": 0.09827216936675362, "di": 0.0, "dj": 0.3943064744852209, "dk": 0.0, "vw_i": -1.6130818094542239, "vw_j": -0.561025095957783, "kt": 10.227858532628609, "train_sc_a": [0.9620123928722959], "train_sc_v": [0.008909168016548603], "val_sc_a": 0, "val_sc_v": 0, "total_sc_a": 0, "total_sc_v": 0}