{"c1": 0.030545479657001277, "c2": 0.2733249558343144, "ch1": 0.008930292451291158, "ch2": 0.09982114279186284, "di": 2.47187702097204, "dj": 1.3563518802338703, "dk": 0.0, "vw_i": -0.25942454350713695, "vw_j": -0.0690645284789376, "kt": 9.750022018272997, "train_sc_a": [0.9363697315663705], "train_sc_v": [0.007141130814812112], "val_sc_a": 0, "val_sc_v": 0, "total_sc_a": 0, "total_sc_v": 0}