{"c1": 0.026659419277565516, "c2": 0.1949480076019145, "ch1": 0.002049759969632473, "ch2": 0.09612996870608867, "di": 2.0086859871049443, "dj": 1.24526627318069, "dk": 0.0, "vw_i": -1.3612534145148136, "vw_j": -0.4080146904730528, "kt": 10.556947287177378, "train_sc_a": [0.33718248439702103], "train_sc_v": [0.002503017547042563], "val_sc_a": 0, "val_sc_v": 0, "total_sc_a": 0, "total_sc_v": 0}