{"c1": 0.020796476389630805, "c2": 0.14362160923128417, "ch1": 0.0034107660411925728, "ch2": 0.09413855008178545, "di": 2.233148214592366, "dj": 1.1230127899179208, "dk": 0.0, "vw_i": -0.7396894166131734, "vw_j": -0.040956637623374, "kt": 10.353063848261833, "train_sc_a": [0.4462001701865607], "train_sc_v": [0.008625209529917481], "val_sc_a": 0, "val_sc_v": 0, "total_sc_a": 0, "total_sc_v": 0}