{"c1": 0.030693165543345346, "c2": 0.272183044507519, "ch1": -0.002720183950930207, "ch2": 0.10033103297590686, "di": 1.2148791095447733, "dj": 0.9890398363898817, "dk": 2.9428463863254453, "vw_i": -0.8485722229781549, "vw_j": -0.22008139438288282, "kt": 9.471022213319177, "train_sc_a": [0.4291304397770269], "train_sc_v": [0.0062296588045813155], "val_sc_a": 0, "val_sc_v": 0, "total_sc_a": 0, "total_sc_v": 0}