{"c1": 0.030547479290925463, "c2": 0.27333568976188516, "ch1": 0.008722220723245983, "ch2": 0.09980062672511904, "di": 2.395896087742143, "dj": 1.401624451812642, "dk": 0.0, "vw_i": -0.3265845234276594, "vw_j": -0.049979055234675725, "kt": 9.808051391695018, "train_sc_a": [0.35844685931257675], "train_sc_v": [0.004209993215770616], "val_sc_a": 0, "val_sc_v": 0, "total_sc_a": 0, "total_sc_v": 0}