{"c1": 0.030535191844665056, "c2": 0.27321749966370823, "ch1": -0.0034838149707307935, "ch2": 0.10021131901559421, "di": 0.5266215901959602, "dj": 1.5333411831900097, "dk": 0.0, "vw_i": -0.8104826697114942, "vw_j": -0.22470142600433696, "kt": 9.478045498239013, "train_sc_a": [0.6267477076851322], "train_sc_v": [0.00852155681726482], "val_sc_a": 0, "val_sc_v": 0, "total_sc_a": 0, "total_sc_v": 0}