{"c1": 0.023847833364678765, "c2": 0.16578943275923042, "ch1": 0.0007472730083536495, "ch2": 0.09520502569724458, "di": 1.7699022548991539, "dj": 1.1005099380618306, "dk": 1.6380890346015642, "vw_i": -1.606942688851467, "vw_j": -0.4290942680711702, "kt": 11.756158574607573, "train_sc_a": [0.43777501541844654], "train_sc_v": [0.006256904412130105], "val_sc_a": 0, "val_sc_v": 0, "total_sc_a": 0, "total_sc_v": 0}