{"c1": 0.026089795927163505, "c2": 0.21423771207884768, "ch1": -0.014294393167094598, "ch2": 0.09592918070760253, "di": 1.0981213949150452, "dj": 1.4214549333590418, "dk": 0.5198917837140491, "vw_i": -1.7823889623047087, "vw_j": -0.4310436102952605, "kt": 10.634552006245027, "train_sc_a": [0.5471785152579499], "train_sc_v": [0.0054139339625181], "val_sc_a": 0, "val_sc_v": 0, "total_sc_a": 0, "total_sc_v": 0}