{"c1": 0.026308018946824482, "c2": 0.21147147618988016, "ch1": -0.02274727964066455, "ch2": 0.09508549433177821, "di": 0.5341580545306055, "dj": 0.0, "dk": 0.0, "vw_i": -1.2954716958654227, "vw_j": -0.5474358887627505, "kt": 10.379497637092536, "train_sc_a": [0.35836621566692434], "train_sc_v": [0.00206625606324986], "val_sc_a": 0, "val_sc_v": 0, "total_sc_a": 0, "total_sc_v": 0}