{"c1": 0.02833716864622563, "c2": 0.22168997329790052, "ch1": 0.01505924385897959, "ch2": 0.09875901008626105, "di": 0.5338332105875385, "dj": 1.4234267364915507, "dk": 0.0, "vw_i": -1.2357745221099419, "vw_j": -0.22758819094953392, "kt": 9.755260357986971, "train_sc_a": [0.5509634026988116], "train_sc_v": [0.0048263050486585515], "val_sc_a": 0, "val_sc_v": 0, "total_sc_a": 0, "total_sc_v": 0}