{"c1": 0.023680929670189255, "c2": 0.17853192997626874, "ch1": -0.0024399491113173202, "ch2": 0.09552954765376744, "di": 0.913819232920589, "dj": 0.40876567266213587, "dk": 0.0, "vw_i": -1.0777490812184252, "vw_j": -0.02973147109874099, "kt": 11.699183449097381, "train_sc_a": [2.0454044896227397], "train_sc_v": [0.015324615586020244], "val_sc_a": 0, "val_sc_v": 0, "total_sc_a": 0, "total_sc_v": 0}