{"c1": 0.032864335215923274, "c2": 0.16552933786546103, "ch1": 0.2449424412851701, "ch2": 0.11402117182992533, "di": 3.3932881830086843, "dj": 6.1209402635492305, "dk": 2.7149960879645696, "vw_i": -2.6326421618268614, "vw_j": -0.28704296568384, "kt": 11.008225138108635, "train_sc_a": [9.412552867982605], "train_sc_v": [0.03948536268300073], "val_sc_a": 0, "val_sc_v": 0, "total_sc_a": 0, "total_sc_v": 0}