{"c1": 0.027201578858410815, "c2": 0.20130246174397268, "ch1": -0.029165822392907242, "ch2": 0.09459493118950565, "di": 1.6755523272573347, "dj": 2.822932281110141, "dk": 0.854934960629, "vw_i": -0.6148660914260491, "vw_j": -0.5292090767864281, "kt": 10.414251845085817, "train_sc_a": [0.6925384334114337], "train_sc_v": [0.006747183600244972], "val_sc_a": 0, "val_sc_v": 0, "total_sc_a": 0, "total_sc_v": 0}