{"c1": 0.025429231970593002, "c2": 0.21051600160425277, "ch1": 0.012504057620920876, "ch2": 0.09687820276943244, "di": 1.889730635585675, "dj": 1.9231275472064158, "dk": 0.0, "vw_i": -0.45590863745257937, "vw_j": 0.03889437235121461, "kt": 11.544522389522225, "train_sc_a": [0.34119881608450764], "train_sc_v": [0.004327646970648965], "val_sc_a": 0, "val_sc_v": 0, "total_sc_a": 0, "total_sc_v": 0}