{"c1": 0.02667969823498454, "c2": 0.2108494523675083, "ch1": 0.001437474637588626, "ch2": 0.09708186016975003, "di": 2.676418771769172, "dj": 1.0284306441844235, "dk": 0.23073476585140745, "vw_i": -1.63586655513286, "vw_j": -0.5699340477215622, "kt": 10.420462476433535, "train_sc_a": [0.3980865072558807], "train_sc_v": [0.0049423935685224945], "val_sc_a": 0, "val_sc_v": 0, "total_sc_a": 0, "total_sc_v": 0}