{"c1": 0.02711025900083773, "c2": 0.21335761932585245, "ch1": -0.020096734245592645, "ch2": 0.09558692315022467, "di": 2.2562674249601624, "dj": 2.139798271626862, "dk": 0.0, "vw_i": -1.3106691141620272, "vw_j": -0.5106416243627544, "kt": 10.375844408528783, "train_sc_a": [1.2796264648703117], "train_sc_v": [0.007062896109389176], "val_sc_a": 0, "val_sc_v": 0, "total_sc_a": 0, "total_sc_v": 0}