{"c1": 0.026273501721826787, "c2": 0.21964989223090725, "ch1": -0.005419147066619101, "ch2": 0.09657985671453977, "di": 3.5309006211195357, "dj": 1.6617558683746565, "dk": 0.1078651380081048, "vw_i": -1.4733307331634558, "vw_j": -0.35003966325624775, "kt": 10.165956342843847, "train_sc_a": [0.5327035758780023], "train_sc_v": [0.003825504888394909], "val_sc_a": 0, "val_sc_v": 0, "total_sc_a": 0, "total_sc_v": 0}