{"c1": 0.024720022751856554, "c2": 0.14952712484993566, "ch1": -0.022510350600580948, "ch2": 0.09331653043413884, "di": 1.7016959331062322, "dj": 1.2559859286755142, "dk": 0.0, "vw_i": -1.3186735801489404, "vw_j": -0.5444172922731082, "kt": 12.001757652806397, "train_sc_a": [0.5969806757786242], "train_sc_v": [0.0039230146810180465], "val_sc_a": 0, "val_sc_v": 0, "total_sc_a": 0, "total_sc_v": 0}