{"c1": 0.028045961115832685, "c2": 0.20719760748965577, "ch1": 0.00182045594828161, "ch2": 0.09788332454152772, "di": 2.1311943030936127, "dj": 0.9810112562265872, "dk": 0.7446777267164564, "vw_i": -1.1925185285177866, "vw_j": -0.18781758075735283, "kt": 10.19262506104969, "train_sc_a": [0.5275356044347554], "train_sc_v": [0.007961044045693616], "val_sc_a": 0, "val_sc_v": 0, "total_sc_a": 0, "total_sc_v": 0}