{"c1": 0.028754059751577077, "c2": 0.24521545757471627, "ch1": -0.015834646870473566, "ch2": 0.09769671033028693, "di": 1.619528615191788, "dj": 2.746534355072909, "dk": 0.0, "vw_i": -1.2067454981542758, "vw_j": -0.4531347687989067, "kt": 9.8299911013028, "train_sc_a": [0.6859318530401557], "train_sc_v": [0.00925130345275722], "val_sc_a": 0, "val_sc_v": 0, "total_sc_a": 0, "total_sc_v": 0}