{"c1": 0.01917873375885107, "c2": 0.1119746951867048, "ch1": -0.003999333527198133, "ch2": 0.09105276371537886, "di": 0.33247590640338986, "dj": 0.0, "dk": 0.14654528992790405, "vw_i": -0.18541248811228378, "vw_j": 0.33153185998658863, "kt": 9.124185997873061, "train_sc_a": [0.533678971864143], "train_sc_v": [0.0039931695667101835], "val_sc_a": 0, "val_sc_v": 0, "total_sc_a": 0, "total_sc_v": 0}