{"c1": 0.025442838590646565, "c2": 0.21020215706128692, "ch1": 0.007484385485423632, "ch2": 0.09651918607108544, "di": 1.9072413771541434, "dj": 1.6569014545004999, "dk": 0.0, "vw_i": -0.42004521400318434, "vw_j": 0.06404846606557159, "kt": 11.541492090264958, "train_sc_a": [0.31217459013931526], "train_sc_v": [0.004153052517030558], "val_sc_a": 0, "val_sc_v": 0, "total_sc_a": 0, "total_sc_v": 0}