{"c1": 0.029775838175666362, "c2": 0.262136662468949, "ch1": 0.0011500650808483322, "ch2": 0.09933468924002999, "di": 2.1095758487344076, "dj": 0.10337696524978565, "dk": 0.0, "vw_i": -0.9352202846537434, "vw_j": -0.16359260240139037, "kt": 9.908492176916244, "train_sc_a": [0.3627983067955051], "train_sc_v": [0.004230565004233417], "val_sc_a": 0, "val_sc_v": 0, "total_sc_a": 0, "total_sc_v": 0}