{"c1": 0.022426817266716068, "c2": 0.1505729049998895, "ch1": 0.004138729474156207, "ch2": 0.09434295417536698, "di": 3.1983193065437563, "dj": 0.6290501333506747, "dk": 0.25822234190091947, "vw_i": -1.607117443069669, "vw_j": -0.4847596915411667, "kt": 12.419189668467071, "train_sc_a": [0.30128126284858947], "train_sc_v": [0.0014131071614875712], "val_sc_a": 0, "val_sc_v": 0, "total_sc_a": 0, "total_sc_v": 0}