{"c1": 0.026748602437387137, "c2": 0.19854613549931305, "ch1": 0.0046907416957662346, "ch2": 0.0963476433884206, "di": 2.091047893374907, "dj": 1.2304828346940841, "dk": 0.0, "vw_i": -1.0969336622781984, "vw_j": -0.1844630290765456, "kt": 11.310355383155354, "train_sc_a": [0.4720353239331112], "train_sc_v": [0.005476587755305374], "val_sc_a": 0, "val_sc_v": 0, "total_sc_a": 0, "total_sc_v": 0}