{"c1": 0.026245031027672647, "c2": 0.21239798305827093, "ch1": -0.022685260722008316, "ch2": 0.09508695583972157, "di": 0.520714224372886, "dj": 0.0, "dk": 0.0, "vw_i": -1.4215045268842466, "vw_j": -0.5647619340531049, "kt": 10.431259957472738, "train_sc_a": [0.36706014974265117], "train_sc_v": [0.002177311652520894], "val_sc_a": 0, "val_sc_v": 0, "total_sc_a": 0, "total_sc_v": 0}