{"c1": 0.03155680379299029, "c2": 0.2461743334935121, "ch1": 0.015299988992960704, "ch2": 0.10059397037936238, "di": 2.111605466556414, "dj": 0.6437705356552718, "dk": 0.0, "vw_i": -1.544222565226483, "vw_j": -0.8458119610663805, "kt": 10.179360628855488, "train_sc_a": [0.6297996600034553], "train_sc_v": [0.006123806029967457], "val_sc_a": 0, "val_sc_v": 0, "total_sc_a": 0, "total_sc_v": 0}