{"c1": 0.023374223919735062, "c2": 0.14827557003712852, "ch1": 0.014466954811376163, "ch2": 0.0960755445697349, "di": 0.9577137061743966, "dj": 0.0, "dk": 1.7267619671325212, "vw_i": -0.7384385990106079, "vw_j": -0.02373371658728515, "kt": 12.254994581969834, "train_sc_a": [0.5287850144404205], "train_sc_v": [0.007973340826631235], "val_sc_a": 0, "val_sc_v": 0, "total_sc_a": 0, "total_sc_v": 0}