{"c1": 0.02154237769305956, "c2": 0.15701876498224632, "ch1": -0.10034655654410239, "ch2": 0.08662666120770775, "di": 2.642434762123399, "dj": 0.8022893238742226, "dk": 0.04784902793105265, "vw_i": -0.9744438784561765, "vw_j": -0.5683320691715772, "kt": 12.378860722325149, "train_sc_a": [1.9561979253456563], "train_sc_v": [0.009015900350159489], "val_sc_a": 0, "val_sc_v": 0, "total_sc_a": 0, "total_sc_v": 0}