{"c1": 0.029695328407604395, "c2": 0.30185331713294217, "ch1": -0.42417749603129973, "ch2": 0.0666930704675444, "di": 0.44622836970652996, "dj": 1.7859688433430092, "dk": 1.4574271629820368, "vw_i": 1.3106896002618484, "vw_j": 1.1551264510852586, "kt": 9.9431642338368, "train_sc_a": [14.814047791143958], "train_sc_v": [0.06600394339111239], "val_sc_a": 0, "val_sc_v": 0, "total_sc_a": 0, "total_sc_v": 0}