{"c1": 0.022457090462001967, "c2": 0.15033814626076394, "ch1": 0.007289997987068433, "ch2": 0.0945285253288633, "di": 2.370336945879973, "dj": 0.3911113575193465, "dk": 0.47883322228548936, "vw_i": -1.6551758846000517, "vw_j": -0.33616532765301876, "kt": 12.432049128537624, "train_sc_a": [0.31287367804596905], "train_sc_v": [0.006587005214607699], "val_sc_a": 0, "val_sc_v": 0, "total_sc_a": 0, "total_sc_v": 0}