{"c1": 0.03062791274441458, "c2": 0.10300816534900532, "ch1": 0.0042969182849622155, "ch2": 0.09557623274222697, "di": 1.8287131128410714, "dj": 0.8024090834501981, "dk": 0.16651170538714533, "vw_i": -1.4807169454270768, "vw_j": -0.8174581938075826, "kt": 11.796408703795151, "train_sc_a": [7.7347357249684565], "train_sc_v": [0.031226307771370018], "val_sc_a": 0, "val_sc_v": 0, "total_sc_a": 0, "total_sc_v": 0}