{"c1": 0.030225087896947205, "c2": 0.2755491320023981, "ch1": -0.004500653962957823, "ch2": 0.09920683325548614, "di": 2.5887158863835182, "dj": 0.9953501306801661, "dk": 0.0, "vw_i": -1.8263683739240786, "vw_j": -0.817344188239625, "kt": 10.059950218380578, "train_sc_a": [0.5426618175189138], "train_sc_v": [0.005833422954954043], "val_sc_a": 0, "val_sc_v": 0, "total_sc_a": 0, "total_sc_v": 0}