{"c1": 0.03258400646385305, "c2": 0.13409604502205982, "ch1": 0.038627230940270756, "ch2": 0.09937164257541334, "di": 1.7371017270602536, "dj": 1.5979275072728645, "dk": 0.0, "vw_i": -0.8218456390131118, "vw_j": -0.4678149039931052, "kt": 11.5723780351432, "train_sc_a": [6.653833076106493], "train_sc_v": [0.027907795072492837], "val_sc_a": 0, "val_sc_v": 0, "total_sc_a": 0, "total_sc_v": 0}