{"c1": 0.01861920719830586, "c2": 0.22215407968784026, "ch1": -0.114675457064143, "ch2": 0.08492370603692896, "di": 1.7103797066667332, "dj": 1.5503871510079634, "dk": 0.9931111727049408, "vw_i": -0.10750434037130649, "vw_j": -0.2968419892935987, "kt": 10.835175034881047, "train_sc_a": [4.304675895273961], "train_sc_v": [0.017716455013933152], "val_sc_a": 0, "val_sc_v": 0, "total_sc_a": 0, "total_sc_v": 0}