{"c1": 0.019755890863206428, "c2": 0.11743981660054136, "ch1": -0.006774964736122855, "ch2": 0.09124790675509441, "di": 0.20315967922613826, "dj": 1.1585010737254402, "dk": 1.1996542160380852, "vw_i": -0.6846476440736361, "vw_j": -0.2528102892505946, "kt": 10.990175898309472, "train_sc_a": [0.7398793317588139], "train_sc_v": [0.007700636997449193], "val_sc_a": 0, "val_sc_v": 0, "total_sc_a": 0, "total_sc_v": 0}