{"c1": 0.028184992865395872, "c2": 0.2904936599943093, "ch1": 0.44020853538332827, "ch2": 0.13108059194378816, "di": 16.58096657165941, "dj": 7.598217426245955, "dk": 0.0, "vw_i": -1.5328879902921648, "vw_j": 0.21077882846598073, "kt": 9.880839443467995, "train_sc_a": [16.82054104234004], "train_sc_v": [0.06845994502486745], "val_sc_a": 0, "val_sc_v": 0, "total_sc_a": 0, "total_sc_v": 0}