{"c1": 0.030260328349982123, "c2": 0.27549717216251596, "ch1": 0.007213613524938258, "ch2": 0.09966760378827937, "di": 2.3875963853202706, "dj": 1.4343407676600195, "dk": 0.0, "vw_i": -0.4942400274592036, "vw_j": 0.2673228492685043, "kt": 9.968246736511283, "train_sc_a": [0.2948384775029337], "train_sc_v": [0.0041654379984168285], "val_sc_a": 0, "val_sc_v": 0, "total_sc_a": 0, "total_sc_v": 0}