{"c1": 0.024329251625051437, "c2": 0.1791833491812408, "ch1": 0.0099289477258141, "ch2": 0.09701443932762113, "di": 1.8591810095954793, "dj": 2.2286177147519197, "dk": 0.12198665009273539, "vw_i": -0.45033175990575647, "vw_j": 0.011142347620026279, "kt": 11.632866395145228, "train_sc_a": [0.3870643477868929], "train_sc_v": [0.005076271689966422], "val_sc_a": 0, "val_sc_v": 0, "total_sc_a": 0, "total_sc_v": 0}