{"c1": 0.02744741294282544, "c2": 0.2118590391693046, "ch1": 0.008344045793139233, "ch2": 0.09829967316276035, "di": 0.26936294730655924, "dj": 0.5591360566569648, "dk": 0.8732049052676666, "vw_i": -1.3517196656147652, "vw_j": -0.376831408858625, "kt": 10.223778624763238, "train_sc_a": [0.7763709665012816], "train_sc_v": [0.0076971859863560095], "val_sc_a": 0, "val_sc_v": 0, "total_sc_a": 0, "total_sc_v": 0}