{"c1": 0.021141094847289214, "c2": 0.14101316360485303, "ch1": -0.005352541820060028, "ch2": 0.09333227164221207, "di": 2.8899256393502952, "dj": 1.209037566087573, "dk": 0.05003099243211541, "vw_i": -1.0082239744573793, "vw_j": 0.004835116124635636, "kt": 10.139516709796464, "train_sc_a": [0.44477984618362865], "train_sc_v": [0.0067449629328979275], "val_sc_a": 0, "val_sc_v": 0, "total_sc_a": 0, "total_sc_v": 0}