{"c1": 0.024541787028277015, "c2": 0.19300486395425967, "ch1": 0.003432163331306197, "ch2": 0.09677190903708546, "di": 1.6633540860555438, "dj": 1.2186072781875592, "dk": 0.0, "vw_i": -0.6060066551565236, "vw_j": -0.32481825873303993, "kt": 11.487545952622023, "train_sc_a": [0.43612214146204636], "train_sc_v": [0.006983677767548631], "val_sc_a": 0, "val_sc_v": 0, "total_sc_a": 0, "total_sc_v": 0}