{"c1": 0.031573874235819706, "c2": 0.2644692145514555, "ch1": 0.02843016751408666, "ch2": 0.102486100377951, "di": 1.4965623329751163, "dj": 0.0, "dk": 0.0, "vw_i": 0.6209946762654567, "vw_j": 0.5737310854812476, "kt": 9.665419793924274, "train_sc_a": [0.9679794479400828], "train_sc_v": [0.0037035065909929664], "val_sc_a": 0, "val_sc_v": 0, "total_sc_a": 0, "total_sc_v": 0}