{"c1": 0.019124456303393305, "c2": 0.11234116774579579, "ch1": -0.0080429002012363, "ch2": 0.09076781427728918, "di": 0.4129524799812356, "dj": 0.0, "dk": 0.06582515304263496, "vw_i": -0.20798858081815452, "vw_j": 0.3265936374285444, "kt": 9.157024774426478, "train_sc_a": [0.5258562004080454], "train_sc_v": [0.0039509857717967105], "val_sc_a": 0, "val_sc_v": 0, "total_sc_a": 0, "total_sc_v": 0}