{"c1": 0.020195862181869768, "c2": 0.13571260900912283, "ch1": -0.003953152972057459, "ch2": 0.09321183306687011, "di": 1.664493714084294, "dj": 1.2306797917566752, "dk": 0.0, "vw_i": -0.8156448379873134, "vw_j": 0.047561992225120635, "kt": 10.74366337214058, "train_sc_a": [0.38120311026646486], "train_sc_v": [0.0040429115438298385], "val_sc_a": 0, "val_sc_v": 0, "total_sc_a": 0, "total_sc_v": 0}