{"c1": 0.028000440237358478, "c2": 0.22531327991627859, "ch1": 0.013658151990460226, "ch2": 0.09888694263128928, "di": 1.2614881458607377, "dj": 1.123110093790679, "dk": 0.0, "vw_i": -0.952943258608145, "vw_j": 0.05853960791139805, "kt": 10.053702433068015, "train_sc_a": [0.3267273314265325], "train_sc_v": [0.0066173064662066], "val_sc_a": 0, "val_sc_v": 0, "total_sc_a": 0, "total_sc_v": 0}