{"c1": 0.027895856856765457, "c2": 0.23145398244819393, "ch1": -0.005986385784294849, "ch2": 0.09716613251863339, "di": 0.7422190999145628, "dj": 0.6048663578164596, "dk": 2.1884365838528956, "vw_i": -1.4494741919861454, "vw_j": -0.5700886249492817, "kt": 10.63710226873884, "train_sc_a": [1.5737844645364418], "train_sc_v": [0.012189939794908119], "val_sc_a": 0, "val_sc_v": 0, "total_sc_a": 0, "total_sc_v": 0}