{"c1": 0.03040525001924729, "c2": 0.2732053129921907, "ch1": 0.0013211914293957835, "ch2": 0.10058698912131651, "di": 1.1178807727286684, "dj": 1.3918284923692443, "dk": 0.0, "vw_i": -0.4906061196413768, "vw_j": -0.20968063304668713, "kt": 9.650118576752941, "train_sc_a": [1.0832494608964582], "train_sc_v": [0.007821964081581827], "val_sc_a": 0, "val_sc_v": 0, "total_sc_a": 0, "total_sc_v": 0}