{"c1": 0.03125074955339197, "c2": 0.26732388372996846, "ch1": 0.010928591841742268, "ch2": 0.10122756008293975, "di": 0.7049283744002725, "dj": 0.853036520841175, "dk": 0.0, "vw_i": -0.7535788963678756, "vw_j": -0.34881446552033873, "kt": 9.477055959049006, "train_sc_a": [0.355134850540044], "train_sc_v": [0.006654801485163412], "val_sc_a": 0, "val_sc_v": 0, "total_sc_a": 0, "total_sc_v": 0}