{"c1": 0.023847963913431258, "c2": 0.1657539304837231, "ch1": 0.0026410278971265915, "ch2": 0.09534906658560906, "di": 1.7166503935301551, "dj": 0.9351334304504945, "dk": 0.6516955379629074, "vw_i": -1.615429915419865, "vw_j": -0.4300703464367357, "kt": 11.753064476788557, "train_sc_a": [0.5077177324442865], "train_sc_v": [0.008572939993029365], "val_sc_a": 0, "val_sc_v": 0, "total_sc_a": 0, "total_sc_v": 0}