{"c1": 0.019185098023998922, "c2": 0.11155330111903441, "ch1": -0.014151666602512353, "ch2": 0.09035175154438294, "di": 2.3473390427902054, "dj": 0.4418397940453227, "dk": 0.029451745897522495, "vw_i": -0.10834127620278024, "vw_j": 0.462426235308669, "kt": 9.679272311061446, "train_sc_a": [0.3069567335496971], "train_sc_v": [0.0019463288287171043], "val_sc_a": 0, "val_sc_v": 0, "total_sc_a": 0, "total_sc_v": 0}