{"c1": 0.023210887708601097, "c2": 0.1633403566900985, "ch1": 0.005452448416927847, "ch2": 0.09559461869424314, "di": 1.7590679283030735, "dj": 0.6558876463092346, "dk": 0.24934176396343719, "vw_i": -0.9611461554277292, "vw_j": -0.40372195992782933, "kt": 11.740799162469848, "train_sc_a": [0.622139858951676], "train_sc_v": [0.00863432294956932], "val_sc_a": 0, "val_sc_v": 0, "total_sc_a": 0, "total_sc_v": 0}