{"c1": 0.020001046476196375, "c2": 0.1962733888407569, "ch1": -0.34713075003856614, "ch2": 0.06744042966810687, "di": 0.933564651544112, "dj": 1.8728288358802254, "dk": 0.9554755178352278, "vw_i": 0.9894675695915978, "vw_j": 0.924710382302375, "kt": 10.01792137732049, "train_sc_a": [6.332240955419502], "train_sc_v": [0.0257188065110395], "val_sc_a": 0, "val_sc_v": 0, "total_sc_a": 0, "total_sc_v": 0}