{"c1": 0.02238983471643918, "c2": 0.15087384691588615, "ch1": 0.0009991658655591523, "ch2": 0.09402969169421216, "di": 1.6790833338323548, "dj": 0.8941632330783265, "dk": 0.683159315185366, "vw_i": -1.7177531156066683, "vw_j": -0.27230429805002, "kt": 12.448331524868674, "train_sc_a": [0.47913123134246755], "train_sc_v": [0.009014156216337237], "val_sc_a": 0, "val_sc_v": 0, "total_sc_a": 0, "total_sc_v": 0}