{"c1": 0.028273996258963797, "c2": 0.22193763149545456, "ch1": 0.010703555928175842, "ch2": 0.09838333736626373, "di": 0.8997460956665929, "dj": 0.41827810921721276, "dk": 0.0, "vw_i": -1.2412147623196892, "vw_j": -0.2412255430719931, "kt": 9.703199139205697, "train_sc_a": [0.35161482413219514], "train_sc_v": [0.00533436544660894], "val_sc_a": 0, "val_sc_v": 0, "total_sc_a": 0, "total_sc_v": 0}