{"c1": 0.020529548632696532, "c2": 0.11730168651284048, "ch1": 0.007112971744426534, "ch2": 0.09403834251881818, "di": 1.0219293281087898, "dj": 1.3652798540395952, "dk": 0.0, "vw_i": -0.8405927450412681, "vw_j": -0.09057726713429679, "kt": 10.764503330637904, "train_sc_a": [0.4057646977472519], "train_sc_v": [0.007913819844788821], "val_sc_a": 0, "val_sc_v": 0, "total_sc_a": 0, "total_sc_v": 0}