{"c1": 0.025513975372114195, "c2": 0.20929868221325562, "ch1": 0.009343578826446826, "ch2": 0.09665741168651847, "di": 2.4824189579505185, "dj": 0.9428570620910258, "dk": 0.0, "vw_i": -0.44308184701420367, "vw_j": 0.2148918876404829, "kt": 11.504464539361368, "train_sc_a": [0.2892386767934676], "train_sc_v": [0.0041514689656061525], "val_sc_a": 0, "val_sc_v": 0, "total_sc_a": 0, "total_sc_v": 0}