{"c1": 0.03155649750855055, "c2": 0.2603642042375365, "ch1": -0.027508070134739254, "ch2": 0.09832218391579715, "di": 0.9459509175456465, "dj": 0.9457240835357256, "dk": 0.0, "vw_i": -0.5679651846613585, "vw_j": -0.22545173558963544, "kt": 9.069673783999933, "train_sc_a": [0.5518454125181481], "train_sc_v": [0.005587238895584039], "val_sc_a": 0, "val_sc_v": 0, "total_sc_a": 0, "total_sc_v": 0}