{"c1": 0.02174171073609894, "c2": 0.1570303835059219, "ch1": -0.004231300390059462, "ch2": 0.09387391409219545, "di": 2.045319099575472, "dj": 1.3800536783518083, "dk": 0.0, "vw_i": -1.4200472255966476, "vw_j": -0.7581091125375368, "kt": 12.445786800262308, "train_sc_a": [0.8208415089661771], "train_sc_v": [0.008643631844253308], "val_sc_a": 0, "val_sc_v": 0, "total_sc_a": 0, "total_sc_v": 0}