{"c1": 0.026778080600582826, "c2": 0.19926370002163993, "ch1": 0.008767431618614095, "ch2": 0.09665417877151936, "di": 2.0828289516434526, "dj": 1.2571914518162708, "dk": 0.0, "vw_i": -0.8757144261154728, "vw_j": -0.06351914400020506, "kt": 11.505615541836061, "train_sc_a": [0.4804804604682439], "train_sc_v": [0.005512901669026073], "val_sc_a": 0, "val_sc_v": 0, "total_sc_a": 0, "total_sc_v": 0}