{"c1": 0.030437434076543993, "c2": 0.27423176562113355, "ch1": -0.0026494041294688377, "ch2": 0.09901445909116123, "di": 2.474275484026539, "dj": 1.3684961504485544, "dk": 0.0, "vw_i": -0.304280563299107, "vw_j": -0.07688831920921185, "kt": 9.741644454061667, "train_sc_a": [0.6402630678519351], "train_sc_v": [0.005977871962862206], "val_sc_a": 0, "val_sc_v": 0, "total_sc_a": 0, "total_sc_v": 0}