{"c1": 0.029725247514006653, "c2": 0.21860883048334503, "ch1": 0.007942377813306943, "ch2": 0.09921237347728763, "di": 1.704792322631082, "dj": 0.2122388695844752, "dk": 0.09918824407308027, "vw_i": -1.3891941832755008, "vw_j": -0.20917632870152555, "kt": 9.537611346848156, "train_sc_a": [1.5026028506820432], "train_sc_v": [0.014669776832731898], "val_sc_a": 0, "val_sc_v": 0, "total_sc_a": 0, "total_sc_v": 0}