{"c1": 0.030491904187046552, "c2": 0.2738639458467826, "ch1": -0.004233120107810637, "ch2": 0.0989001054758493, "di": 2.4710089393674606, "dj": 1.3596375950862627, "dk": 0.0, "vw_i": -0.3094167818749558, "vw_j": -0.0764620022778525, "kt": 9.74513238333124, "train_sc_a": [0.6684285710868308], "train_sc_v": [0.005953195297563075], "val_sc_a": 0, "val_sc_v": 0, "total_sc_a": 0, "total_sc_v": 0}