{"c1": 0.033991864548094795, "c2": 0.1651158350007194, "ch1": 0.010661640032842151, "ch2": 0.09804538309291623, "di": 3.5387070490572103, "dj": 2.3211449438834855, "dk": 0.0, "vw_i": -1.0873547585712413, "vw_j": -1.1710727592279981, "kt": 10.190492074206995, "train_sc_a": [6.064524283387386], "train_sc_v": [0.026552162677737176], "val_sc_a": 0, "val_sc_v": 0, "total_sc_a": 0, "total_sc_v": 0}