{"c1": 0.026700932367765304, "c2": 0.21061788456878344, "ch1": -0.004106185177410405, "ch2": 0.09667435955712649, "di": 2.3577756635661364, "dj": 1.0128406584497818, "dk": 0.1935440465378712, "vw_i": -1.5670709372651535, "vw_j": -0.6321830998806378, "kt": 10.4263888503773, "train_sc_a": [0.39923073947093757], "train_sc_v": [0.004985082007854926], "val_sc_a": 0, "val_sc_v": 0, "total_sc_a": 0, "total_sc_v": 0}