{"c1": 0.021094638613978596, "c2": 0.14160412271168218, "ch1": 0.0023806217902459063, "ch2": 0.09400951618838935, "di": 2.870216162288341, "dj": 1.4147633234163817, "dk": 0.13781976223648396, "vw_i": -0.9656041538418859, "vw_j": -0.00750881867236907, "kt": 10.408487790148724, "train_sc_a": [0.545531339124571], "train_sc_v": [0.009107977407782396], "val_sc_a": 0, "val_sc_v": 0, "total_sc_a": 0, "total_sc_v": 0}