{"c1": 0.028343716589886027, "c2": 0.222197840043672, "ch1": 0.012822789298331623, "ch2": 0.098583451822287, "di": 0.9909380809322339, "dj": 1.1180355297501137, "dk": 0.0, "vw_i": -1.166123369928083, "vw_j": -0.04944966775801107, "kt": 9.97400805810575, "train_sc_a": [0.557534318696186], "train_sc_v": [0.004879761334877255], "val_sc_a": 0, "val_sc_v": 0, "total_sc_a": 0, "total_sc_v": 0}