{"c1": 0.01946881131333423, "c2": 0.10935848681813619, "ch1": -0.010594989830422705, "ch2": 0.09052259909237437, "di": 2.52826140855408, "dj": 0.23387311675439215, "dk": 0.25593696474906596, "vw_i": -0.11494135474883067, "vw_j": 0.4851137014406212, "kt": 10.166597321014235, "train_sc_a": [0.3001735622434952], "train_sc_v": [0.0012897316966593807], "val_sc_a": 0, "val_sc_v": 0, "total_sc_a": 0, "total_sc_v": 0}