{"c1": 0.021731493386322492, "c2": 0.13684876566550197, "ch1": 0.011509314826211915, "ch2": 0.09471967356691972, "di": 2.2110021367359884, "dj": 1.4541902979622592, "dk": 0.0, "vw_i": -0.7011778289333871, "vw_j": -0.02100346308346652, "kt": 10.363046334717946, "train_sc_a": [0.3499573931112418], "train_sc_v": [0.00549284819758728], "val_sc_a": 0, "val_sc_v": 0, "total_sc_a": 0, "total_sc_v": 0}