{"c1": 0.023687442071449506, "c2": 0.16688295646842488, "ch1": -0.0030623460205086795, "ch2": 0.09498495738931687, "di": 1.880825080747495, "dj": 1.2447449265593995, "dk": 0.260277467645527, "vw_i": -1.6115065437818918, "vw_j": -0.4567938131872711, "kt": 11.76736609820721, "train_sc_a": [0.5500119203132615], "train_sc_v": [0.006222892542949221], "val_sc_a": 0, "val_sc_v": 0, "total_sc_a": 0, "total_sc_v": 0}