{"c1": 0.0317222603820401, "c2": 0.26332197115337136, "ch1": 0.013273061815977776, "ch2": 0.10140914066441098, "di": 0.8226032703495243, "dj": 0.30128874234095326, "dk": 0.0, "vw_i": -0.4195235296677673, "vw_j": -0.30867371995927245, "kt": 9.524145211218617, "train_sc_a": [0.5123862886257148], "train_sc_v": [0.00723459080117132], "val_sc_a": 0, "val_sc_v": 0, "total_sc_a": 0, "total_sc_v": 0}