{"c1": 0.03012607514741391, "c2": 0.2703189645977779, "ch1": -0.005152581751298492, "ch2": 0.10000114823281403, "di": 0.0, "dj": 1.851270539191114, "dk": 0.0, "vw_i": -0.28709777398571057, "vw_j": -0.39302111331040424, "kt": 9.730938466171901, "train_sc_a": [0.46270025183152386], "train_sc_v": [0.0025203581338675497], "val_sc_a": 0, "val_sc_v": 0, "total_sc_a": 0, "total_sc_v": 0}