{"c1": 0.025051660730232964, "c2": 0.17358935326293648, "ch1": 0.007667435667063304, "ch2": 0.09706168117162892, "di": 0.8236562399156185, "dj": 1.3291139175892592, "dk": 0.0, "vw_i": -0.5045066237224647, "vw_j": -0.43190668750234495, "kt": 11.582414604493907, "train_sc_a": [1.2322592608657046], "train_sc_v": [0.009002407628127197], "val_sc_a": 0, "val_sc_v": 0, "total_sc_a": 0, "total_sc_v": 0}