{"c1": 0.030405735143366353, "c2": 0.2732716693168357, "ch1": 0.001825360446418488, "ch2": 0.10063716500575005, "di": 1.1742733190689758, "dj": 1.398828771003121, "dk": 0.0, "vw_i": -0.4286840016287597, "vw_j": -0.19328644137077777, "kt": 9.660678267478035, "train_sc_a": [0.5239538271572536], "train_sc_v": [0.008506463078851022], "val_sc_a": 0, "val_sc_v": 0, "total_sc_a": 0, "total_sc_v": 0}