{"c1": 0.031576153029062304, "c2": 0.26451310103277653, "ch1": 0.0039902397517274785, "ch2": 0.10069933573431147, "di": 1.9868550490225962, "dj": 0.11983494675679379, "dk": 0.0, "vw_i": 0.13938077191413695, "vw_j": 0.20887383184945196, "kt": 9.658264203757232, "train_sc_a": [0.5741654167465647], "train_sc_v": [0.006984067412484165], "val_sc_a": 0, "val_sc_v": 0, "total_sc_a": 0, "total_sc_v": 0}