{"c1": 0.022031840991944624, "c2": 0.15965037697602166, "ch1": 0.0004476557729669607, "ch2": 0.09399489638840583, "di": 1.9137405053888217, "dj": 1.2480859749067215, "dk": 0.0, "vw_i": -1.2662397378047205, "vw_j": -0.5106974723945292, "kt": 12.499355105724803, "train_sc_a": [0.43653588644105923], "train_sc_v": [0.0033989512300924966], "val_sc_a": 0, "val_sc_v": 0, "total_sc_a": 0, "total_sc_v": 0}