{"c1": 0.0281486283002719, "c2": 0.22433679892768474, "ch1": -0.0015954325721501041, "ch2": 0.09755943752792966, "di": 0.7071696877337906, "dj": 0.11065509452792602, "dk": 0.08983772259507758, "vw_i": -1.2444958598730098, "vw_j": -0.3056065934897242, "kt": 9.713916405599406, "train_sc_a": [0.9945986266669368], "train_sc_v": [0.006532152625878384], "val_sc_a": 0, "val_sc_v": 0, "total_sc_a": 0, "total_sc_v": 0}