{"c1": 0.02901442282538278, "c2": 0.2273978076127473, "ch1": 0.007301028359412501, "ch2": 0.09898302160542839, "di": 1.7031265393409205, "dj": 1.447357404577866, "dk": 0.0, "vw_i": -1.3690524127944073, "vw_j": -0.35873982784391856, "kt": 9.961461520562269, "train_sc_a": [0.5085277307698765], "train_sc_v": [0.005511313851289379], "val_sc_a": 0, "val_sc_v": 0, "total_sc_a": 0, "total_sc_v": 0}