{"c1": 0.018521052613242498, "c2": 0.17697623161132278, "ch1": -0.37817852710542754, "ch2": 0.06679607024082188, "di": 0.8197551421961179, "dj": 0.744510312090081, "dk": 0.43221039721141513, "vw_i": -2.2602768899767787, "vw_j": -0.41830772183748366, "kt": 10.602022869487794, "train_sc_a": [10.253507232292549], "train_sc_v": [0.0401774876383705], "val_sc_a": 0, "val_sc_v": 0, "total_sc_a": 0, "total_sc_v": 0}