{"c1": 0.02801551336215716, "c2": 0.22518289734939645, "ch1": -0.004699037371453684, "ch2": 0.09732724337680175, "di": 1.264254468489848, "dj": 1.103267007982875, "dk": 0.0, "vw_i": -1.0092153368667036, "vw_j": 0.023823932589913045, "kt": 10.053084738255004, "train_sc_a": [0.5653491447787465], "train_sc_v": [0.00831073791244507], "val_sc_a": 0, "val_sc_v": 0, "total_sc_a": 0, "total_sc_v": 0}