{"c1": 0.038340179068474964, "c2": 0.21284557087909348, "ch1": -0.03267047713757847, "ch2": 0.0980633844302634, "di": 1.0027871456696098, "dj": 1.2485300357369655, "dk": 0.0, "vw_i": -0.8516297728986635, "vw_j": -0.27690865504337236, "kt": 9.103626645799068, "train_sc_a": [5.355230594857303], "train_sc_v": [0.019841724074764994], "val_sc_a": 0, "val_sc_v": 0, "total_sc_a": 0, "total_sc_v": 0}