{"c1": 0.027728484268582935, "c2": 0.19721875666093439, "ch1": -0.01855003988355414, "ch2": 0.09527049473810716, "di": 2.1671299225331815, "dj": 2.24555129358872, "dk": 0.0, "vw_i": -0.5281007799566992, "vw_j": -0.3101097099568708, "kt": 10.490659064270579, "train_sc_a": [0.31994815504006974], "train_sc_v": [0.0017837723385990313], "val_sc_a": 0, "val_sc_v": 0, "total_sc_a": 0, "total_sc_v": 0}