{"c1": 0.027470398025819364, "c2": 0.23528798136876605, "ch1": -0.0007354228268798791, "ch2": 0.09749583343928653, "di": 0.11394870977035053, "dj": 0.4033937599520538, "dk": 0.0, "vw_i": -1.5753088575150063, "vw_j": -0.5713512439369011, "kt": 10.328697444952626, "train_sc_a": [0.9136216428780038], "train_sc_v": [0.008573895260935938], "val_sc_a": 0, "val_sc_v": 0, "total_sc_a": 0, "total_sc_v": 0}