{"c1": 0.02296707462110773, "c2": 0.16466689386093003, "ch1": -0.02480844016120781, "ch2": 0.0933025605931168, "di": 1.6538931941302817, "dj": 0.0, "dk": 1.9790350342569638, "vw_i": -0.6538021298777158, "vw_j": -0.09267070818908008, "kt": 12.185551390419269, "train_sc_a": [0.33455827698835716], "train_sc_v": [0.004009500022630863], "val_sc_a": 0, "val_sc_v": 0, "total_sc_a": 0, "total_sc_v": 0}