{"c1": 0.022176577209902796, "c2": 0.13992665233396276, "ch1": 0.006541668150694369, "ch2": 0.09461260747094231, "di": 1.2936451757404832, "dj": 0.9804335053482259, "dk": 0.0, "vw_i": -0.9388497927554738, "vw_j": -0.5397218424020559, "kt": 12.057268982564162, "train_sc_a": [0.34650255957737797], "train_sc_v": [0.0023810325862719155], "val_sc_a": 0, "val_sc_v": 0, "total_sc_a": 0, "total_sc_v": 0}