{"c1": 0.030274278710118733, "c2": 0.27520579778491006, "ch1": 0.011029895025292377, "ch2": 0.10006438050625613, "di": 2.064781705649176, "dj": 1.2552304501314002, "dk": 0.0, "vw_i": -0.25637421647984, "vw_j": 0.1708057138474008, "kt": 9.899651899768047, "train_sc_a": [0.4259528785735584], "train_sc_v": [0.004925967234076025], "val_sc_a": 0, "val_sc_v": 0, "total_sc_a": 0, "total_sc_v": 0}