{"c1": 0.030268004510268752, "c2": 0.2754294507795529, "ch1": 0.007258624260824951, "ch2": 0.09967469834229613, "di": 2.4329690811354796, "dj": 1.238081727738824, "dk": 0.0, "vw_i": -0.48562227217293985, "vw_j": 0.2590374304112423, "kt": 9.949652065593252, "train_sc_a": [0.43642630399411153], "train_sc_v": [0.004135223291146621], "val_sc_a": 0, "val_sc_v": 0, "total_sc_a": 0, "total_sc_v": 0}