{"c1": 0.018759274441804846, "c2": 0.11314548129547519, "ch1": -0.0012740358884719893, "ch2": 0.09071543951369826, "di": 0.5174096915019246, "dj": 1.0078284691892385, "dk": 0.0, "vw_i": -0.30070791197655966, "vw_j": -0.09388450333101997, "kt": 7.2099545531360025, "train_sc_a": [0.5104561658019318], "train_sc_v": [0.0032051920468627103], "val_sc_a": 0, "val_sc_v": 0, "total_sc_a": 0, "total_sc_v": 0}