{"c1": 0.02834394700511153, "c2": 0.2481168177533727, "ch1": -0.01625339787070036, "ch2": 0.09781542741238461, "di": 1.5451533702636986, "dj": 1.8373228716797154, "dk": 0.0, "vw_i": -1.1441815986317523, "vw_j": -0.43654724309573345, "kt": 9.838475305030238, "train_sc_a": [1.4218874550994038], "train_sc_v": [0.009259967801819724], "val_sc_a": 0, "val_sc_v": 0, "total_sc_a": 0, "total_sc_v": 0}