{"c1": 0.025670665378716366, "c2": 0.20260190416121082, "ch1": -0.020771847834566332, "ch2": 0.09449129188470186, "di": 1.3209066113767522, "dj": 1.8086763209471162, "dk": 0.0, "vw_i": -0.25428290658455527, "vw_j": 0.3075069578173792, "kt": 11.638914631183766, "train_sc_a": [0.3528466606037102], "train_sc_v": [0.0021093867106170027], "val_sc_a": 0, "val_sc_v": 0, "total_sc_a": 0, "total_sc_v": 0}