{"c1": 0.02898950916427189, "c2": 0.2684924241852606, "ch1": 0.007976172367821124, "ch2": 0.0997040446110829, "di": 0.32424625751297514, "dj": 0.5139075694407523, "dk": 0.0, "vw_i": -1.0001120993652892, "vw_j": -0.6005257494205767, "kt": 10.080736081351455, "train_sc_a": [0.4124621856035149], "train_sc_v": [0.005308023912197734], "val_sc_a": 0, "val_sc_v": 0, "total_sc_a": 0, "total_sc_v": 0}