{"c1": 0.03594915456391092, "c2": 0.19481387699367658, "ch1": -0.15860710838552422, "ch2": 0.0876425529580881, "di": 1.5050139248974792, "dj": 0.8742580527960335, "dk": 5.157531601291445, "vw_i": -3.025411097508894, "vw_j": -1.61710262498003, "kt": 9.936383976984702, "train_sc_a": [6.994150424665499], "train_sc_v": [0.0298823803073723], "val_sc_a": 0, "val_sc_v": 0, "total_sc_a": 0, "total_sc_v": 0}