{"c1": 0.027820039841122968, "c2": 0.24036865349578226, "ch1": 0.002144553082310856, "ch2": 0.09851051770943713, "di": 1.850437075889972, "dj": 0.6245142905585913, "dk": 1.4439320566999583, "vw_i": -1.2769583466234047, "vw_j": -0.0036536973418264582, "kt": 10.668070623470765, "train_sc_a": [0.4402819210607598], "train_sc_v": [0.004920957314334895], "val_sc_a": 0, "val_sc_v": 0, "total_sc_a": 0, "total_sc_v": 0}