{"c1": 0.02954034561090539, "c2": 0.28627783981445076, "ch1": -0.47489327769743195, "ch2": 0.06591659558878066, "di": 2.3905370721665027, "dj": 1.3117195657762792, "dk": 0.0, "vw_i": -2.0365453434442045, "vw_j": -0.31276445132499336, "kt": 9.633808785624677, "train_sc_a": [13.480646892846716], "train_sc_v": [0.053038496826299505], "val_sc_a": 0, "val_sc_v": 0, "total_sc_a": 0, "total_sc_v": 0}