{"c1": 0.030982722360740463, "c2": 0.269044753912087, "ch1": -0.011228595629442652, "ch2": 0.09956524349196189, "di": 1.457879133531353, "dj": 0.3079754603657218, "dk": 0.0, "vw_i": 0.28379583065827274, "vw_j": 0.42328462442338066, "kt": 9.712717532188671, "train_sc_a": [0.7924894552184848], "train_sc_v": [0.007085574881030374], "val_sc_a": 0, "val_sc_v": 0, "total_sc_a": 0, "total_sc_v": 0}