{"c1": 0.029782463340005845, "c2": 0.262027730832248, "ch1": 0.0030172536810812558, "ch2": 0.09948979070055983, "di": 2.4034427309029684, "dj": 0.0, "dk": 0.0, "vw_i": -0.8354178139260504, "vw_j": -0.28350319395626356, "kt": 9.799255660724516, "train_sc_a": [0.6350238605749563], "train_sc_v": [0.008087710048126601], "val_sc_a": 0, "val_sc_v": 0, "total_sc_a": 0, "total_sc_v": 0}