{"c1": 0.019107004113402735, "c2": 0.11236123690482612, "ch1": -0.014125625698124044, "ch2": 0.09034718892886136, "di": 0.9808979485013108, "dj": 0.0, "dk": 0.0, "vw_i": -0.17992026293300697, "vw_j": 0.37401826632900836, "kt": 9.323297409727157, "train_sc_a": [0.5192028074918885], "train_sc_v": [0.003967504245050764], "val_sc_a": 0, "val_sc_v": 0, "total_sc_a": 0, "total_sc_v": 0}