{"c1": 0.031200167454163492, "c2": 0.26774646266796004, "ch1": 0.011175396175463129, "ch2": 0.10124821635903536, "di": 0.6797913618561218, "dj": 0.9473998936731391, "dk": 0.0, "vw_i": -0.7939524311201357, "vw_j": -0.3262394720789727, "kt": 9.474146248142311, "train_sc_a": [0.34969525037951144], "train_sc_v": [0.006624555617176989], "val_sc_a": 0, "val_sc_v": 0, "total_sc_a": 0, "total_sc_v": 0}