{"c1": 0.02426885509909994, "c2": 0.15336039721360664, "ch1": -0.002133009806688454, "ch2": 0.09503863482439587, "di": 1.7214418891838061, "dj": 1.270560002985257, "dk": 0.0, "vw_i": -1.452709234026628, "vw_j": -0.7123583698643378, "kt": 12.002379380953439, "train_sc_a": [0.2663741001053178], "train_sc_v": [0.002311609023069435], "val_sc_a": 0, "val_sc_v": 0, "total_sc_a": 0, "total_sc_v": 0}