{"c1": 0.032252374185770025, "c2": 0.2540479077093633, "ch1": -0.030065790177217364, "ch2": 0.09804924230420914, "di": 0.9845597727745563, "dj": 0.7333903782994468, "dk": 0.0, "vw_i": -0.4414495466334231, "vw_j": -0.2644180032644781, "kt": 9.235490209306619, "train_sc_a": [0.6650652834249425], "train_sc_v": [0.005996660934451001], "val_sc_a": 0, "val_sc_v": 0, "total_sc_a": 0, "total_sc_v": 0}