{"c1": 0.021860512030356122, "c2": 0.25696297011593533, "ch1": 0.03710458916179551, "ch2": 0.09854321042428765, "di": 1.0403058333229105, "dj": 4.237550668691657, "dk": 11.42539074707236, "vw_i": 0.631788149537911, "vw_j": 0.8327625663673246, "kt": 11.973654189555512, "train_sc_a": [8.104423928930892], "train_sc_v": [0.03062519054707944], "val_sc_a": 0, "val_sc_v": 0, "total_sc_a": 0, "total_sc_v": 0}