{"c1": 0.03225225934202677, "c2": 0.2542368063434747, "ch1": -0.029375164884538677, "ch2": 0.09812849842111195, "di": 0.9770763960714648, "dj": 0.8418579860680722, "dk": 0.0, "vw_i": -0.4799528207794317, "vw_j": -0.2523376810043817, "kt": 9.179241141461047, "train_sc_a": [0.6670824541956307], "train_sc_v": [0.005989288184887002], "val_sc_a": 0, "val_sc_v": 0, "total_sc_a": 0, "total_sc_v": 0}