{"c1": 0.030918204070283905, "c2": 0.2693006852665738, "ch1": -0.476402144541766, "ch2": 0.06516030753697352, "di": 1.2125350298528212, "dj": 1.2386707163786967, "dk": 0.0, "vw_i": -1.0596961852136764, "vw_j": 0.3000428769744524, "kt": 9.631586353843673, "train_sc_a": [15.22128518791625], "train_sc_v": [0.061979779884758765], "val_sc_a": 0, "val_sc_v": 0, "total_sc_a": 0, "total_sc_v": 0}