{"c1": 0.030247266281330502, "c2": 0.26944479419916045, "ch1": -0.02509666180403161, "ch2": 0.09860578399191551, "di": 0.0, "dj": 1.8317379796343822, "dk": 0.019913635626141898, "vw_i": -0.3539989208280961, "vw_j": -0.42565920036296806, "kt": 9.714552761443041, "train_sc_a": [0.3731319113469986], "train_sc_v": [0.002276840574590682], "val_sc_a": 0, "val_sc_v": 0, "total_sc_a": 0, "total_sc_v": 0}