{"c1": 0.03529783899181515, "c2": 0.23650141577923028, "ch1": 0.36226015588512, "ch2": 0.1276249819711185, "di": 20.598082488100246, "dj": 0.6702975700713278, "dk": 0.0, "vw_i": 0.4054987585340829, "vw_j": 0.47036005350604937, "kt": 9.506041441676032, "train_sc_a": [10.0730558123351], "train_sc_v": [0.04130250783417179], "val_sc_a": 0, "val_sc_v": 0, "total_sc_a": 0, "total_sc_v": 0}