{"c1": 0.022292692473767476, "c2": 0.13796124081492467, "ch1": 0.009683531187465979, "ch2": 0.09489122979945558, "di": 1.305311677795293, "dj": 1.163047000035175, "dk": 0.0, "vw_i": -1.5709730194912677, "vw_j": -0.8043541888832683, "kt": 12.263347143562479, "train_sc_a": [0.45682015089959926], "train_sc_v": [0.006089659054907774], "val_sc_a": 0, "val_sc_v": 0, "total_sc_a": 0, "total_sc_v": 0}