{"c1": 0.02334820752174386, "c2": 0.3064943864373224, "ch1": -0.06443975886372161, "ch2": 0.09336279600202546, "di": 0.46286733722590967, "dj": 0.06783897993979589, "dk": 5.150853199425878, "vw_i": -1.5113290773870027, "vw_j": -0.8555400021503066, "kt": 10.584349081422745, "train_sc_a": [4.729858377566202], "train_sc_v": [0.01902636100819613], "val_sc_a": 0, "val_sc_v": 0, "total_sc_a": 0, "total_sc_v": 0}