{"c1": 0.026190794175383315, "c2": 0.23987877325905554, "ch1": 0.3777191024890997, "ch2": 0.12420526924871378, "di": 2.7850708823171844, "dj": 28.458286689619307, "dk": 0.0, "vw_i": -0.4395492005041739, "vw_j": -0.6271697273762233, "kt": 10.248892375357022, "train_sc_a": [27.603178665423812], "train_sc_v": [0.11273411264475579], "val_sc_a": 0, "val_sc_v": 0, "total_sc_a": 0, "total_sc_v": 0}