{"c1": 0.027278748669725954, "c2": 0.20529556733906384, "ch1": -0.0016270938572477659, "ch2": 0.09686707771810417, "di": 3.0057400133834644, "dj": 0.20320716735222144, "dk": 0.0, "vw_i": -1.737193150291346, "vw_j": -0.3158831852434512, "kt": 10.704094736753882, "train_sc_a": [0.4790985875846829], "train_sc_v": [0.005473084049996219], "val_sc_a": 0, "val_sc_v": 0, "total_sc_a": 0, "total_sc_v": 0}