{"c1": 0.019309775172771007, "c2": 0.12644678516701002, "ch1": 0.001296927262112862, "ch2": 0.0936090836098331, "di": 1.0289673892897584, "dj": 1.4717385442379212, "dk": 0.0, "vw_i": -1.0199583239635917, "vw_j": -0.17611261630809213, "kt": 10.774115515194422, "train_sc_a": [0.3925786126477856], "train_sc_v": [0.005574914035793875], "val_sc_a": 0, "val_sc_v": 0, "total_sc_a": 0, "total_sc_v": 0}