{"c1": 0.021093461809277944, "c2": 0.12897591639931952, "ch1": 0.011677849661798228, "ch2": 0.09447851150048572, "di": 1.8744284763102377, "dj": 1.8582737676650256, "dk": 0.42237570251268614, "vw_i": -1.0152146957754324, "vw_j": -0.1838414254598501, "kt": 10.590938048817119, "train_sc_a": [0.45364217245885685], "train_sc_v": [0.00460466250222659], "val_sc_a": 0, "val_sc_v": 0, "total_sc_a": 0, "total_sc_v": 0}