{"c1": 0.020771529028043082, "c2": 0.13134496850281416, "ch1": 0.00325293213468476, "ch2": 0.09374444639614722, "di": 2.451422201951698, "dj": 0.7734320948699184, "dk": 0.3778849061486557, "vw_i": -0.8807966045170003, "vw_j": 0.125281163678032, "kt": 10.715906796267936, "train_sc_a": [0.27738563942350875], "train_sc_v": [0.0008302184887998578], "val_sc_a": 0, "val_sc_v": 0, "total_sc_a": 0, "total_sc_v": 0}