{"c1": 0.019984360464467107, "c2": 0.11794497383370608, "ch1": 0.012219075854513864, "ch2": 0.0943109309898934, "di": 0.9283454166773916, "dj": 0.8136688004201335, "dk": 0.6037540996493369, "vw_i": -0.9207293906422174, "vw_j": -0.18896377612761822, "kt": 10.835033503766404, "train_sc_a": [0.3168052597071986], "train_sc_v": [0.006621725647480231], "val_sc_a": 0, "val_sc_v": 0, "total_sc_a": 0, "total_sc_v": 0}