{"c1": 0.02243664011579325, "c2": 0.15056295368802675, "ch1": -0.0015293080699518241, "ch2": 0.0939424521920925, "di": 3.3458768204540275, "dj": 0.35409771223995484, "dk": 0.33033112613084675, "vw_i": -1.4448689388650742, "vw_j": -0.6552130334939087, "kt": 12.318048531379578, "train_sc_a": [0.3027350088712772], "train_sc_v": [0.0013757948043449071], "val_sc_a": 0, "val_sc_v": 0, "total_sc_a": 0, "total_sc_v": 0}