{"c1": 0.019522008553019953, "c2": 0.1144898814864389, "ch1": 0.018393561438099615, "ch2": 0.09304008131665163, "di": 0.0, "dj": 0.3405259925349247, "dk": 1.8037842263960282, "vw_i": -0.46403357737931855, "vw_j": -0.3853801520147368, "kt": 11.120415751215678, "train_sc_a": [0.7931436246741965], "train_sc_v": [0.007611024525348953], "val_sc_a": 0, "val_sc_v": 0, "total_sc_a": 0, "total_sc_v": 0}