{"c1": 0.022429038374405068, "c2": 0.1505815593667708, "ch1": 0.0020202567977973245, "ch2": 0.09419356956274684, "di": 3.256040929553487, "dj": 0.5233601364183459, "dk": 0.2863851572400887, "vw_i": -1.5421593408625156, "vw_j": -0.5537886345469396, "kt": 12.378374721080224, "train_sc_a": [0.30077672467550254], "train_sc_v": [0.0013945627815540027], "val_sc_a": 0, "val_sc_v": 0, "total_sc_a": 0, "total_sc_v": 0}