{"c1": 0.03174962388250452, "c2": 0.2624822669464419, "ch1": -0.010898239645372027, "ch2": 0.09965379033355772, "di": 1.0693605896592306, "dj": 1.270182206537956, "dk": 0.0, "vw_i": -0.5916569454968905, "vw_j": -0.22493075931040657, "kt": 9.493703207770695, "train_sc_a": [0.5576126549031037], "train_sc_v": [0.0056096036179164735], "val_sc_a": 0, "val_sc_v": 0, "total_sc_a": 0, "total_sc_v": 0}