{"c1": 0.028345372144769336, "c2": 0.2508290378828912, "ch1": 0.016927414698685174, "ch2": 0.09990656536116568, "di": 1.5610673046041341, "dj": 2.1464590563698738, "dk": 0.605913541184351, "vw_i": -1.3126232966903162, "vw_j": -0.46276774803450044, "kt": 9.498102469768488, "train_sc_a": [0.6144772246776498], "train_sc_v": [0.004444073162181499], "val_sc_a": 0, "val_sc_v": 0, "total_sc_a": 0, "total_sc_v": 0}