{"c1": 0.02365759410538435, "c2": 0.1671082427303276, "ch1": 0.0057258020802029045, "ch2": 0.09561547741520236, "di": 1.8872324892298478, "dj": 1.2797713254738248, "dk": 0.0, "vw_i": -1.589859267173355, "vw_j": -0.4363232293127077, "kt": 11.79316685089899, "train_sc_a": [0.3870281792821682], "train_sc_v": [0.004297501628887543], "val_sc_a": 0, "val_sc_v": 0, "total_sc_a": 0, "total_sc_v": 0}