{"c1": 0.027942052764705017, "c2": 0.23111278622965592, "ch1": -0.005092007482311115, "ch2": 0.09726437978987952, "di": 0.7831304549371177, "dj": 0.5790892778488964, "dk": 2.2820754239730237, "vw_i": -1.4518572996785561, "vw_j": -0.5700372009700948, "kt": 10.637207807117564, "train_sc_a": [1.548957759087097], "train_sc_v": [0.012278880317752996], "val_sc_a": 0, "val_sc_v": 0, "total_sc_a": 0, "total_sc_v": 0}