{"c1": 0.028000033684959926, "c2": 0.2253295543080127, "ch1": 0.013727175166728407, "ch2": 0.09888407986226888, "di": 1.3842635300924386, "dj": 1.134602707768049, "dk": 0.0, "vw_i": -0.8994722505067516, "vw_j": 0.03970945960657887, "kt": 10.06116349488081, "train_sc_a": [0.32901264683138737], "train_sc_v": [0.006619346498314344], "val_sc_a": 0, "val_sc_v": 0, "total_sc_a": 0, "total_sc_v": 0}