{"c1": 0.02598139227651298, "c2": 0.21543678012220271, "ch1": -0.005089519837703929, "ch2": 0.09660447441619165, "di": 1.6322459052694445, "dj": 1.469947476202017, "dk": 0.5774431592436436, "vw_i": -1.7786858358321798, "vw_j": -0.40629106942010157, "kt": 10.672313896985388, "train_sc_a": [0.4689132673352533], "train_sc_v": [0.005051998822462667], "val_sc_a": 0, "val_sc_v": 0, "total_sc_a": 0, "total_sc_v": 0}