{"c1": 0.020592705503317803, "c2": 0.11236765343960314, "ch1": 0.010913832149427148, "ch2": 0.0941251248482292, "di": 1.132014007718122, "dj": 0.0, "dk": 2.744362228896796, "vw_i": -0.7477342926714882, "vw_j": -0.17709929347375536, "kt": 10.756154835468047, "train_sc_a": [0.7176449432838611], "train_sc_v": [0.007076695338828842], "val_sc_a": 0, "val_sc_v": 0, "total_sc_a": 0, "total_sc_v": 0}