{"c1": 0.02993391835755991, "c2": 0.10522811136726917, "ch1": -0.25800003380823344, "ch2": 0.07341512026418767, "di": 1.473502814662936, "dj": 1.0875613939455056, "dk": 0.0, "vw_i": 0.23030250998190005, "vw_j": 1.396385070484839, "kt": 11.994572683684613, "train_sc_a": [8.603977324103733], "train_sc_v": [0.035863203877041734], "val_sc_a": 0, "val_sc_v": 0, "total_sc_a": 0, "total_sc_v": 0}