{"c1": 0.021498914386534437, "c2": 0.2837159691146489, "ch1": 0.012130387661986054, "ch2": 0.09804460298405943, "di": 2.156699732132949, "dj": 7.965339459639731, "dk": 2.8127408043553004, "vw_i": -1.095333531757268, "vw_j": -1.9078697330608476, "kt": 10.49364870557605, "train_sc_a": [4.749791387069707], "train_sc_v": [0.019245060183662527], "val_sc_a": 0, "val_sc_v": 0, "total_sc_a": 0, "total_sc_v": 0}