{"c1": 0.028119370491585364, "c2": 0.2242816433703302, "ch1": 0.0047366517461124415, "ch2": 0.09808856107783598, "di": 1.342621992307475, "dj": 0.5755415987057543, "dk": 0.0, "vw_i": -1.0375518688251946, "vw_j": 0.007130444622105452, "kt": 10.048782451546131, "train_sc_a": [0.5077561111031681], "train_sc_v": [0.007833593247129204], "val_sc_a": 0, "val_sc_v": 0, "total_sc_a": 0, "total_sc_v": 0}