{"c1": 0.028521161081634053, "c2": 0.23004266418862335, "ch1": 0.00839490990551834, "ch2": 0.09895162629138533, "di": 0.7470048658505509, "dj": 0.533860524161412, "dk": 2.2955715797592617, "vw_i": -1.1790977922351038, "vw_j": -0.6351932563820537, "kt": 10.60960298121051, "train_sc_a": [0.36573402044586967], "train_sc_v": [0.006641026324401313], "val_sc_a": 0, "val_sc_v": 0, "total_sc_a": 0, "total_sc_v": 0}