{"c1": 0.031183503818105227, "c2": 0.2059549083633001, "ch1": 0.28415127060092743, "ch2": 0.11858617275879128, "di": 0.6669142121485993, "dj": 32.501933731436196, "dk": 0.0, "vw_i": -0.43272060727469097, "vw_j": 0.61986139464818, "kt": 10.189914347739709, "train_sc_a": [15.347151377665408], "train_sc_v": [0.062073169369440566], "val_sc_a": 0, "val_sc_v": 0, "total_sc_a": 0, "total_sc_v": 0}