{"c1": 0.026662272478842057, "c2": 0.19742542881953165, "ch1": 0.007206464171493923, "ch2": 0.09655548818261563, "di": 2.110433747587834, "dj": 1.2887846422870377, "dk": 0.0, "vw_i": -1.3426773236831413, "vw_j": -0.2930773501606404, "kt": 10.965607208403053, "train_sc_a": [0.4678224218034843], "train_sc_v": [0.005456122849340327], "val_sc_a": 0, "val_sc_v": 0, "total_sc_a": 0, "total_sc_v": 0}