{"c1": 0.02351120477196262, "c2": 0.2871218550464593, "ch1": 0.014525365999873273, "ch2": 0.09716773257102106, "di": 2.843327886416029, "dj": 1.3186748375498532, "dk": 8.334101788597577, "vw_i": -2.1490202254418733, "vw_j": -1.700208268369243, "kt": 10.18598928322003, "train_sc_a": [4.357696135284064], "train_sc_v": [0.017768742074325373], "val_sc_a": 0, "val_sc_v": 0, "total_sc_a": 0, "total_sc_v": 0}