{"c1": 0.02832418516498418, "c2": 0.22645443220166786, "ch1": 0.009376306058159603, "ch2": 0.09827910955832414, "di": 0.7305116827678897, "dj": 0.3323251552763226, "dk": 0.0, "vw_i": -1.540569743879404, "vw_j": -0.41357581765121365, "kt": 10.165766303659993, "train_sc_a": [0.44262565688218214], "train_sc_v": [0.008285360550891893], "val_sc_a": 0, "val_sc_v": 0, "total_sc_a": 0, "total_sc_v": 0}