{"c1": 0.026038294995219036, "c2": 0.21494616963192525, "ch1": -0.0030377827380794168, "ch2": 0.09676570023409385, "di": 3.0626614398001193, "dj": 0.1281727435485082, "dk": 0.44227469328105606, "vw_i": -1.7585377551355983, "vw_j": -0.28997534184891255, "kt": 10.812492742863581, "train_sc_a": [0.4338982335995281], "train_sc_v": [0.004943436690008831], "val_sc_a": 0, "val_sc_v": 0, "total_sc_a": 0, "total_sc_v": 0}