{"c1": 0.022329695115603385, "c2": 0.13872617959353448, "ch1": 0.008408133068793892, "ch2": 0.09475581142588684, "di": 1.3108356215850068, "dj": 1.0073531194496375, "dk": 0.0, "vw_i": -0.9533378230748658, "vw_j": -0.5357003744904836, "kt": 12.055132194433886, "train_sc_a": [0.31911256325260706], "train_sc_v": [0.0025914062248604793], "val_sc_a": 0, "val_sc_v": 0, "total_sc_a": 0, "total_sc_v": 0}