{"c1": 0.030200575131483484, "c2": 0.25905734819829357, "ch1": -0.02972467799371986, "ch2": 0.09709033499940153, "di": 1.9621243263965673, "dj": 0.0, "dk": 0.0, "vw_i": -0.7727745315449046, "vw_j": -0.2276448655058952, "kt": 9.903298683532364, "train_sc_a": [0.7197573183232069], "train_sc_v": [0.005270814492556198], "val_sc_a": 0, "val_sc_v": 0, "total_sc_a": 0, "total_sc_v": 0}