{"c1": 0.02240072329551014, "c2": 0.15079082442167524, "ch1": 0.0015763388135654043, "ch2": 0.09413051368335001, "di": 2.5774219021393554, "dj": 0.8746075036127412, "dk": 0.7435689088026651, "vw_i": -1.646684880275254, "vw_j": -0.37194019330816597, "kt": 12.447926719430928, "train_sc_a": [0.6010219624850653], "train_sc_v": [0.009063927397307785], "val_sc_a": 0, "val_sc_v": 0, "total_sc_a": 0, "total_sc_v": 0}