{"c1": 0.02651465831164484, "c2": 0.20710522058028027, "ch1": -0.02202302481960028, "ch2": 0.09502523794257255, "di": 2.1572221964161864, "dj": 2.203139297904556, "dk": 0.0, "vw_i": -0.5451282583608668, "vw_j": -0.33865955558513894, "kt": 10.386871780289612, "train_sc_a": [0.3050448575328785], "train_sc_v": [0.0013410322301058116], "val_sc_a": 0, "val_sc_v": 0, "total_sc_a": 0, "total_sc_v": 0}