{"c1": 0.027553704097457977, "c2": 0.21134502067416483, "ch1": 0.005048179393002774, "ch2": 0.09781684621968974, "di": 1.123948872083555, "dj": 0.13612763715399676, "dk": 1.8369823464193291, "vw_i": -1.309403778390867, "vw_j": -0.6943041995784954, "kt": 10.253242013374035, "train_sc_a": [1.2634094416176764], "train_sc_v": [0.012186592000803638], "val_sc_a": 0, "val_sc_v": 0, "total_sc_a": 0, "total_sc_v": 0}