{"c1": 0.02296411078561799, "c2": 0.16463931671145587, "ch1": -0.02059205328190836, "ch2": 0.09361081207977251, "di": 1.6635489530820324, "dj": 0.015024735904653691, "dk": 1.784210476745668, "vw_i": -0.6177531987204121, "vw_j": -0.09876384152579085, "kt": 12.192716270449925, "train_sc_a": [0.3302430202494881], "train_sc_v": [0.0040193879885188745], "val_sc_a": 0, "val_sc_v": 0, "total_sc_a": 0, "total_sc_v": 0}