{"c1": 0.02296695172864549, "c2": 0.16448918268444523, "ch1": -0.01814280040690299, "ch2": 0.09381451165462466, "di": 1.6799241642586356, "dj": 0.05464481625139287, "dk": 1.2733269049627653, "vw_i": -0.5049163168919072, "vw_j": -0.08705437484429224, "kt": 12.212894612219294, "train_sc_a": [0.3269087725648769], "train_sc_v": [0.004028612124567645], "val_sc_a": 0, "val_sc_v": 0, "total_sc_a": 0, "total_sc_v": 0}