{"c1": 0.028364240744232605, "c2": 0.23127441203847773, "ch1": 0.009558451287474725, "ch2": 0.0990154205310047, "di": 0.7226753550562033, "dj": 0.04054901503523925, "dk": 2.4805015457903914, "vw_i": -1.0641722613070428, "vw_j": -0.8268764050542238, "kt": 10.628370596048523, "train_sc_a": [0.3654408239550402], "train_sc_v": [0.0051076798360193045], "val_sc_a": 0, "val_sc_v": 0, "total_sc_a": 0, "total_sc_v": 0}