{"c1": 0.023144066690697934, "c2": 0.1633383686712744, "ch1": -0.12923009879772063, "ch2": 0.08598802343401268, "di": 1.616119062950692, "dj": 0.0, "dk": 1.8783455018578736, "vw_i": -1.0098657096431736, "vw_j": -0.33393324467929997, "kt": 12.201512928678824, "train_sc_a": [0.8292465134066496], "train_sc_v": [0.005101692834582035], "val_sc_a": 0, "val_sc_v": 0, "total_sc_a": 0, "total_sc_v": 0}