{"c1": 0.028483544239300138, "c2": 0.24799008808891698, "ch1": 0.0036129642420318657, "ch2": 0.09894793603984608, "di": 1.5606838395841949, "dj": 1.4357187268901763, "dk": 0.40981205179227953, "vw_i": -1.2343154890833414, "vw_j": -0.4242493639186432, "kt": 9.497078703784268, "train_sc_a": [0.4348656750618191], "train_sc_v": [0.0038426080229083297], "val_sc_a": 0, "val_sc_v": 0, "total_sc_a": 0, "total_sc_v": 0}