{"c1": 0.026316145469847424, "c2": 0.21110774731215898, "ch1": 0.0012490513903637267, "ch2": 0.09688275935882264, "di": 1.9010566860929945, "dj": 0.0, "dk": 0.0, "vw_i": -0.994912995583388, "vw_j": -0.5119670579253337, "kt": 10.313400185720585, "train_sc_a": [0.4498553677227947], "train_sc_v": [0.006738809186736476], "val_sc_a": 0, "val_sc_v": 0, "total_sc_a": 0, "total_sc_v": 0}