{"c1": 0.028808055077151323, "c2": 0.2452776410551405, "ch1": -0.0069251384189270015, "ch2": 0.09821924050953637, "di": 1.6138890803769586, "dj": 1.243901777335284, "dk": 0.11269924602421588, "vw_i": -1.274899639626152, "vw_j": -0.5275485830079754, "kt": 9.551498185730633, "train_sc_a": [0.3994073986311141], "train_sc_v": [0.004052568091354666], "val_sc_a": 0, "val_sc_v": 0, "total_sc_a": 0, "total_sc_v": 0}