{"c1": 0.027031421869504878, "c2": 0.20251801384961451, "ch1": -0.0003613323377550121, "ch2": 0.09662046815291511, "di": 1.370751618753625, "dj": 0.7300389391720584, "dk": 0.0, "vw_i": -0.5524831215401995, "vw_j": -0.45932426827239936, "kt": 10.422535706196644, "train_sc_a": [0.4984734605228921], "train_sc_v": [0.006837269571783892], "val_sc_a": 0, "val_sc_v": 0, "total_sc_a": 0, "total_sc_v": 0}