{"c1": 0.02085639980320121, "c2": 0.1307400534257032, "ch1": -0.001090557015951061, "ch2": 0.09343603016445527, "di": 2.4534422075172424, "dj": 0.6976543070000442, "dk": 0.4246094785728032, "vw_i": -0.9408457410602579, "vw_j": 0.09808785255272401, "kt": 10.699587708944854, "train_sc_a": [0.2615243577440836], "train_sc_v": [0.0007631721644213781], "val_sc_a": 0, "val_sc_v": 0, "total_sc_a": 0, "total_sc_v": 0}