{"c1": 0.01920778443970814, "c2": 0.11137319350645924, "ch1": -0.014362887808084923, "ch2": 0.09033232575743641, "di": 2.356331427588867, "dj": 0.44048369964179296, "dk": 0.0, "vw_i": -0.1087203833284596, "vw_j": 0.46271265452979515, "kt": 9.669912141903671, "train_sc_a": [0.30580219707477146], "train_sc_v": [0.0019106673438316745], "val_sc_a": 0, "val_sc_v": 0, "total_sc_a": 0, "total_sc_v": 0}