{"c1": 0.02833188680035571, "c2": 0.22235659929693485, "ch1": 0.012431720927149698, "ch2": 0.09855326193112596, "di": 1.0583471508620366, "dj": 1.0682871679432264, "dk": 0.0, "vw_i": -1.1563547767977205, "vw_j": -0.02329156878223483, "kt": 9.999977985488135, "train_sc_a": [0.5596750833280446], "train_sc_v": [0.0048791999694252075], "val_sc_a": 0, "val_sc_v": 0, "total_sc_a": 0, "total_sc_v": 0}