{"c1": 0.0344048994342771, "c2": 0.17841700895396806, "ch1": 0.21263141733764757, "ch2": 0.11347948391356912, "di": 1.9425620350123338, "dj": 11.610044387641432, "dk": 0.0, "vw_i": -1.8132166315892384, "vw_j": 0.5613006319749889, "kt": 10.001399862590846, "train_sc_a": [8.30167643828792], "train_sc_v": [0.034628664635722124], "val_sc_a": 0, "val_sc_v": 0, "total_sc_a": 0, "total_sc_v": 0}