{"c1": 0.01999544880093693, "c2": 0.11784153805522107, "ch1": 0.011992455129528026, "ch2": 0.09428860846082184, "di": 0.9794426548597652, "dj": 0.7961292755340722, "dk": 0.6445544473215042, "vw_i": -0.8994601233997417, "vw_j": -0.19696906532112057, "kt": 10.83730969158443, "train_sc_a": [0.31831140824041276], "train_sc_v": [0.006630936323708494], "val_sc_a": 0, "val_sc_v": 0, "total_sc_a": 0, "total_sc_v": 0}