{"c1": 0.034394798294729925, "c2": 0.16285582150563283, "ch1": -0.02921484442290902, "ch2": 0.09494455207589124, "di": 3.2538011888235783, "dj": 1.4157545615184164, "dk": 6.328523115651969, "vw_i": -1.3870774333070952, "vw_j": -0.3614606983231514, "kt": 10.362927812455744, "train_sc_a": [7.015930758624566], "train_sc_v": [0.029853063862901544], "val_sc_a": 0, "val_sc_v": 0, "total_sc_a": 0, "total_sc_v": 0}