{"c1": 0.023550377231711068, "c2": 0.17975552485971702, "ch1": 0.008124921241071654, "ch2": 0.0959677677943203, "di": 1.1104585195900847, "dj": 0.3846623249581379, "dk": 1.994781706311582, "vw_i": -1.2641584662678245, "vw_j": -0.20445086495291173, "kt": 11.917563238656106, "train_sc_a": [0.5967176817830585], "train_sc_v": [0.008495349885665346], "val_sc_a": 0, "val_sc_v": 0, "total_sc_a": 0, "total_sc_v": 0}