{"c1": 0.022464901854985828, "c2": 0.15029249819158655, "ch1": 0.006356753671354182, "ch2": 0.09444648674484778, "di": 2.2049591939227313, "dj": 0.5703370136026796, "dk": 0.5651257996848067, "vw_i": -1.6722610100254598, "vw_j": -0.31796325489210053, "kt": 12.438681140224276, "train_sc_a": [0.3156425576860068], "train_sc_v": [0.006597236140593842], "val_sc_a": 0, "val_sc_v": 0, "total_sc_a": 0, "total_sc_v": 0}