{"c1": 0.030180573964560812, "c2": 0.27598872477710784, "ch1": 0.01119158548016189, "ch2": 0.10004651956348949, "di": 2.725015925423438, "dj": 1.5001679904674508, "dk": 0.0, "vw_i": -0.305101848206988, "vw_j": -0.015784236881068704, "kt": 9.72804609691056, "train_sc_a": [0.47274006773283705], "train_sc_v": [0.00582369448528969], "val_sc_a": 0, "val_sc_v": 0, "total_sc_a": 0, "total_sc_v": 0}