{"c1": 0.028284119271711625, "c2": 0.22186482859085915, "ch1": 0.01067625916537645, "ch2": 0.09837967708156406, "di": 0.9032766038670883, "dj": 0.42247232562212306, "dk": 0.0, "vw_i": -1.2402906536447902, "vw_j": -0.23842140911977436, "kt": 9.703027454966374, "train_sc_a": [0.35241265458057097], "train_sc_v": [0.00534378391539382], "val_sc_a": 0, "val_sc_v": 0, "total_sc_a": 0, "total_sc_v": 0}