{"c1": 0.02631038428636919, "c2": 0.21115765870948477, "ch1": 0.00179526425002835, "ch2": 0.0969121125969901, "di": 1.4005643365607947, "dj": 0.41948509827940605, "dk": 0.0, "vw_i": -1.0036728912473045, "vw_j": -0.5631073447333834, "kt": 10.276218285477539, "train_sc_a": [0.461086735667714], "train_sc_v": [0.006749794501971132], "val_sc_a": 0, "val_sc_v": 0, "total_sc_a": 0, "total_sc_v": 0}