{"c1": 0.029553617844514997, "c2": 0.26378765402959764, "ch1": 0.00737425040891433, "ch2": 0.09977643750227938, "di": 1.2500905604192738, "dj": 0.5221458851714864, "dk": 0.045335497086738244, "vw_i": -0.9982617965471291, "vw_j": -0.21911553834637304, "kt": 9.95571418887979, "train_sc_a": [0.32611972134705786], "train_sc_v": [0.004305647056733549], "val_sc_a": 0, "val_sc_v": 0, "total_sc_a": 0, "total_sc_v": 0}