{"c1": 0.031159482996130135, "c2": 0.2677116772845308, "ch1": 0.0040706684861989625, "ch2": 0.1007146578940492, "di": 2.241921558266122, "dj": 0.3228173040058412, "dk": 0.0, "vw_i": 0.28878116215666005, "vw_j": 0.4252129808195835, "kt": 9.704251434930537, "train_sc_a": [0.666782458697561], "train_sc_v": [0.006849301765500797], "val_sc_a": 0, "val_sc_v": 0, "total_sc_a": 0, "total_sc_v": 0}