{"c1": 0.023805069048447806, "c2": 0.16610642127505001, "ch1": 0.004080908378511731, "ch2": 0.09547554527173939, "di": 1.651468551286603, "dj": 0.6670265467531288, "dk": 0.3216622637235648, "vw_i": -1.5918923177565945, "vw_j": -0.4168473731862573, "kt": 11.754092903195033, "train_sc_a": [0.43710982160580525], "train_sc_v": [0.0066483311835389075], "val_sc_a": 0, "val_sc_v": 0, "total_sc_a": 0, "total_sc_v": 0}