{"c1": 0.02641108683764707, "c2": 0.21038035547829123, "ch1": 0.44134400139271557, "ch2": 0.129442219988313, "di": 14.547001953355249, "dj": 6.912708958963375, "dk": 0.0, "vw_i": 0.3477006383366818, "vw_j": -0.8544196304682519, "kt": 10.418726607046036, "train_sc_a": [4.72848785562338], "train_sc_v": [0.020196471677473276], "val_sc_a": 0, "val_sc_v": 0, "total_sc_a": 0, "total_sc_v": 0}