{"c1": 0.018564198860664956, "c2": 0.11534507557509055, "ch1": 0.01746997109275764, "ch2": 0.09204327085456782, "di": 0.6065192352345659, "dj": 1.221200598038199, "dk": 0.06734902819377388, "vw_i": -0.34989100323175953, "vw_j": -0.029044951892628623, "kt": 7.971227348666055, "train_sc_a": [0.5032049760043068], "train_sc_v": [0.004676151815791941], "val_sc_a": 0, "val_sc_v": 0, "total_sc_a": 0, "total_sc_v": 0}