{"c1": 0.020196714138092525, "c2": 0.13530897132247516, "ch1": 0.0054350039129540725, "ch2": 0.09389484010728077, "di": 2.450782062610854, "dj": 0.7801675478948651, "dk": 0.0, "vw_i": -0.8489595451002852, "vw_j": 0.141037381160813, "kt": 10.716406200693736, "train_sc_a": [0.6344581653706336], "train_sc_v": [0.0024444022994712365], "val_sc_a": 0, "val_sc_v": 0, "total_sc_a": 0, "total_sc_v": 0}