{"c1": 0.02138073329132815, "c2": 0.09579888183746992, "ch1": 0.40451159274858633, "ch2": 0.11950970724084195, "di": 2.8936947451376462, "dj": 20.30129169261222, "dk": 1.8367647697314624, "vw_i": -1.1636982507429607, "vw_j": -0.31010220486254064, "kt": 9.51110480860925, "train_sc_a": [4.1095639660362995], "train_sc_v": [0.015897585028126476], "val_sc_a": 0, "val_sc_v": 0, "total_sc_a": 0, "total_sc_v": 0}