{"c1": 0.023134760259603322, "c2": 0.18312992416596266, "ch1": 0.013074364314217393, "ch2": 0.09659837811980185, "di": 0.9530736899104328, "dj": 0.17104135030857429, "dk": 0.0, "vw_i": -1.3995698376989532, "vw_j": -0.10673622005557784, "kt": 11.786464713102406, "train_sc_a": [0.38278402662854843], "train_sc_v": [0.005419046210717312], "val_sc_a": 0, "val_sc_v": 0, "total_sc_a": 0, "total_sc_v": 0}