{"c1": 0.02955346980358149, "c2": 0.22008096033488556, "ch1": 0.007984722443477138, "ch2": 0.09928937193740972, "di": 1.671690015474976, "dj": 0.7700706936019924, "dk": 0.1037915163251897, "vw_i": -1.4434288929472872, "vw_j": -0.20768310476616597, "kt": 9.43221143690726, "train_sc_a": [0.5163281374855065], "train_sc_v": [0.008045626240771845], "val_sc_a": 0, "val_sc_v": 0, "total_sc_a": 0, "total_sc_v": 0}