{"c1": 0.022311551209778166, "c2": 0.13882909782743305, "ch1": 0.008731701245622352, "ch2": 0.09478165235868186, "di": 1.3311978922583396, "dj": 0.9886489915435346, "dk": 0.0, "vw_i": -0.9617458362695335, "vw_j": -0.519151406359614, "kt": 12.0460812801965, "train_sc_a": [0.31856492267266945], "train_sc_v": [0.002567952691290066], "val_sc_a": 0, "val_sc_v": 0, "total_sc_a": 0, "total_sc_v": 0}