{"c1": 0.031344490094030605, "c2": 0.26531336617848655, "ch1": 0.017426813452272764, "ch2": 0.10045954965469489, "di": 0.27959611988821903, "dj": 2.729769848303677, "dk": 0.026415339189905216, "vw_i": -0.5070677719228344, "vw_j": -0.22304112797173764, "kt": 10.055580143419458, "train_sc_a": [0.46978564607707596], "train_sc_v": [0.004585690401061873], "val_sc_a": 0, "val_sc_v": 0, "total_sc_a": 0, "total_sc_v": 0}