{"c1": 0.02186879811568646, "c2": 0.1545665586863174, "ch1": -0.0027302469886811404, "ch2": 0.09385763146458759, "di": 3.3689763999228015, "dj": 0.3049561256284453, "dk": 0.0, "vw_i": -1.4236189046688241, "vw_j": -0.6757838433815099, "kt": 12.305378809707387, "train_sc_a": [0.35422565404234546], "train_sc_v": [0.0042142589527475625], "val_sc_a": 0, "val_sc_v": 0, "total_sc_a": 0, "total_sc_v": 0}