{"c1": 0.025584155463325292, "c2": 0.20856853590969113, "ch1": 0.02141890833930852, "ch2": 0.09753432112236596, "di": 2.4225694799793525, "dj": 1.2088482722351772, "dk": 0.0, "vw_i": -0.39120958472172673, "vw_j": -0.04220179173883353, "kt": 11.527947950476895, "train_sc_a": [0.37534064075242585], "train_sc_v": [0.003914973806856717], "val_sc_a": 0, "val_sc_v": 0, "total_sc_a": 0, "total_sc_v": 0}