{"c1": 0.027666238038027174, "c2": 0.23309478804885267, "ch1": 0.0014771977299552557, "ch2": 0.09758495605737459, "di": 0.7283316251694563, "dj": 0.3587039387116566, "dk": 0.0, "vw_i": -1.4380440745043066, "vw_j": -0.5667396765124498, "kt": 10.626976709179619, "train_sc_a": [1.779678492191964], "train_sc_v": [0.012473170005037592], "val_sc_a": 0, "val_sc_v": 0, "total_sc_a": 0, "total_sc_v": 0}