{"c1": 0.01945066211295662, "c2": 0.11427378603479227, "ch1": 0.015793970464650618, "ch2": 0.09283750455598726, "di": 0.0, "dj": 0.06502737886717114, "dk": 1.7712354834805748, "vw_i": -0.20276063279976192, "vw_j": 0.016211768785769926, "kt": 11.0802317005909, "train_sc_a": [0.39976711530676434], "train_sc_v": [0.005112635762324966], "val_sc_a": 0, "val_sc_v": 0, "total_sc_a": 0, "total_sc_v": 0}