{"c1": 0.026963944467332718, "c2": 0.21516227819116965, "ch1": -0.006159329712183992, "ch2": 0.09659213348246116, "di": 2.273768566184224, "dj": 3.0200334864262395, "dk": 0.0, "vw_i": -1.2740492811438264, "vw_j": -0.5171959336808034, "kt": 10.36708405078434, "train_sc_a": [0.9644763867420237], "train_sc_v": [0.006859414149418674], "val_sc_a": 0, "val_sc_v": 0, "total_sc_a": 0, "total_sc_v": 0}