{"c1": 0.02763371135932632, "c2": 0.22464433271468676, "ch1": -0.018361382625045528, "ch2": 0.09637887157915213, "di": 1.4236471764269432, "dj": 1.4726884595550185, "dk": 0.026007996478018994, "vw_i": -0.74760038711209, "vw_j": -0.3081407429796256, "kt": 10.132770208128825, "train_sc_a": [1.487291747703671], "train_sc_v": [0.0129374130214356], "val_sc_a": 0, "val_sc_v": 0, "total_sc_a": 0, "total_sc_v": 0}