{"c1": 0.028856819359370848, "c2": 0.23278715719268078, "ch1": -0.016316732718601942, "ch2": 0.09716218587135401, "di": 2.6016140193381356, "dj": 0.9290609229422264, "dk": 1.2883546324328385, "vw_i": -1.0395385849232737, "vw_j": -0.2752624039291235, "kt": 10.820903145171304, "train_sc_a": [0.7029567178975387], "train_sc_v": [0.007065779475783764], "val_sc_a": 0, "val_sc_v": 0, "total_sc_a": 0, "total_sc_v": 0}