{"c1": 0.021845037949652438, "c2": 0.1571045003184768, "ch1": -0.015353009277416948, "ch2": 0.09295906175288592, "di": 1.2420607308210148, "dj": 3.0113568094692607, "dk": 2.4169333385647507, "vw_i": -1.4214959776429046, "vw_j": -0.6720592913714353, "kt": 12.426432782199608, "train_sc_a": [0.6185181820453843], "train_sc_v": [0.009096762495050854], "val_sc_a": 0, "val_sc_v": 0, "total_sc_a": 0, "total_sc_v": 0}