{"c1": 0.028173673048615292, "c2": 0.22818617784489303, "ch1": 0.013440469465713999, "ch2": 0.09856763674409154, "di": 0.31061812184793025, "dj": 0.3152537531087621, "dk": 0.0, "vw_i": -1.2932470510184866, "vw_j": -0.535105828317685, "kt": 9.827900067430225, "train_sc_a": [0.41246294389882954], "train_sc_v": [0.004314963218993622], "val_sc_a": 0, "val_sc_v": 0, "total_sc_a": 0, "total_sc_v": 0}