{"c1": 0.019765039398770185, "c2": 0.10710433546305241, "ch1": 0.31050878025026923, "ch2": 0.1155285261921947, "di": 2.5246390110199233, "dj": 38.487011672015946, "dk": 0.42015365899092366, "vw_i": -0.08549346845655482, "vw_j": 0.4108471596396604, "kt": 10.6197391682887, "train_sc_a": [37.67557713706622], "train_sc_v": [0.15946802453115017], "val_sc_a": 0, "val_sc_v": 0, "total_sc_a": 0, "total_sc_v": 0}