{"c1": 0.023113339470139316, "c2": 0.21906950082173818, "ch1": -0.4894881201477083, "ch2": 0.061282323182921886, "di": 2.5791203835102996, "dj": 0.7452020826432821, "dk": 0.0, "vw_i": -0.495556257626117, "vw_j": -0.22900009344843195, "kt": 10.703910590572292, "train_sc_a": [6.739146186699621], "train_sc_v": [0.02748002466561345], "val_sc_a": 0, "val_sc_v": 0, "total_sc_a": 0, "total_sc_v": 0}