{"c1": 0.019477987991117402, "c2": 0.10925919392490796, "ch1": -0.010583830829098698, "ch2": 0.09052623623491968, "di": 2.5505876764265496, "dj": 0.28368238981452504, "dk": 0.048710312247164225, "vw_i": -0.11599637501456235, "vw_j": 0.4993653765226481, "kt": 10.333647811385466, "train_sc_a": [0.29986986293584383], "train_sc_v": [0.0012906880603860645], "val_sc_a": 0, "val_sc_v": 0, "total_sc_a": 0, "total_sc_v": 0}