{"c1": 0.026404494356722763, "c2": 0.2091783706996486, "ch1": 0.0012623681473526967, "ch2": 0.09707806395618607, "di": 0.7157252905045286, "dj": 1.2731094539202885, "dk": 0.2816334796948681, "vw_i": -1.7121456518983733, "vw_j": -0.6735358784645938, "kt": 10.786809629642802, "train_sc_a": [0.24432731575116873], "train_sc_v": [0.0008694599765006496], "val_sc_a": 0, "val_sc_v": 0, "total_sc_a": 0, "total_sc_v": 0}