{"c1": 0.01862265874423774, "c2": 0.11486176440890623, "ch1": 0.018094576902560906, "ch2": 0.0920886240635164, "di": 0.6278897189790901, "dj": 1.2101478521095679, "dk": 0.07181272658382185, "vw_i": -0.34490620871780087, "vw_j": -0.007953032336721927, "kt": 8.038421600064071, "train_sc_a": [0.49376706924495933], "train_sc_v": [0.004690412145756572], "val_sc_a": 0, "val_sc_v": 0, "total_sc_a": 0, "total_sc_v": 0}