{"c1": 0.027340861441619544, "c2": 0.23528869485603932, "ch1": 0.004315683531160243, "ch2": 0.09770978992831629, "di": 1.1227893522402341, "dj": 0.0, "dk": 0.0, "vw_i": -1.5524276095436673, "vw_j": -0.7773661905601447, "kt": 10.851740364381532, "train_sc_a": [0.9010235918949324], "train_sc_v": [0.008593339131957983], "val_sc_a": 0, "val_sc_v": 0, "total_sc_a": 0, "total_sc_v": 0}