{"c1": 0.030390432501340957, "c2": 0.2740836082704951, "ch1": -0.006114060577110961, "ch2": 0.09908488982655139, "di": 2.993522355821051, "dj": 0.7409520147156089, "dk": 0.0, "vw_i": -1.6385741413037622, "vw_j": -0.5391551306877758, "kt": 10.075073233695637, "train_sc_a": [2.387038673295321], "train_sc_v": [0.012935329413551902], "val_sc_a": 0, "val_sc_v": 0, "total_sc_a": 0, "total_sc_v": 0}