{"c1": 0.02424021549080384, "c2": 0.153583076323122, "ch1": -0.0054138137646769936, "ch2": 0.0947558086271358, "di": 1.7146123364606687, "dj": 1.1570470425087223, "dk": 0.0, "vw_i": -1.4624187880981223, "vw_j": -0.6674302081147894, "kt": 11.99051410249141, "train_sc_a": [0.2595988707100125], "train_sc_v": [0.002196439425471979], "val_sc_a": 0, "val_sc_v": 0, "total_sc_a": 0, "total_sc_v": 0}