{"c1": 0.02060061292573645, "c2": 0.11223313945198338, "ch1": 0.013964312794282157, "ch2": 0.09435755927713826, "di": 1.1324486913948932, "dj": 0.0, "dk": 2.74541604047149, "vw_i": -0.7380717224892166, "vw_j": -0.17631707631022275, "kt": 10.753471714325622, "train_sc_a": [0.5271786103966872], "train_sc_v": [0.007954001804474817], "val_sc_a": 0, "val_sc_v": 0, "total_sc_a": 0, "total_sc_v": 0}