{"c1": 0.021106735295906034, "c2": 0.1502765164589985, "ch1": 0.0004521434739161018, "ch2": 0.09390463634603162, "di": 2.4971269798440674, "dj": 1.3396898967312831, "dk": 0.02865215868206116, "vw_i": -0.6478155429624289, "vw_j": -0.07258497543795556, "kt": 10.428002345984211, "train_sc_a": [0.8534862375455317], "train_sc_v": [0.008693022728722093], "val_sc_a": 0, "val_sc_v": 0, "total_sc_a": 0, "total_sc_v": 0}