{"c1": 0.027405936436802905, "c2": 0.235130708787306, "ch1": 0.0041003061584444, "ch2": 0.09775014652806324, "di": 0.7737618529140731, "dj": 0.2365486803921511, "dk": 0.0, "vw_i": -1.5514864978912024, "vw_j": -0.693368284608235, "kt": 10.666821419762778, "train_sc_a": [0.6053932483250807], "train_sc_v": [0.006687420982287457], "val_sc_a": 0, "val_sc_v": 0, "total_sc_a": 0, "total_sc_v": 0}