{"c1": 0.024635988323395072, "c2": 0.1910612410331722, "ch1": -0.009781112527182362, "ch2": 0.09575868576688487, "di": 0.9976330631743642, "dj": 1.307060450274842, "dk": 0.0, "vw_i": -0.5821483891056016, "vw_j": -0.35103740738030464, "kt": 11.536098528158757, "train_sc_a": [0.6070688971326829], "train_sc_v": [0.007300535579525699], "val_sc_a": 0, "val_sc_v": 0, "total_sc_a": 0, "total_sc_v": 0}