{"c1": 0.026159622119082213, "c2": 0.20895365056801718, "ch1": 0.0019542171634956427, "ch2": 0.09614457524675914, "di": 1.9081972036405535, "dj": 1.3104332437580992, "dk": 1.2383547294829524, "vw_i": -1.4259250755365158, "vw_j": -0.6917803430954229, "kt": 10.485831418270587, "train_sc_a": [0.555571979927175], "train_sc_v": [0.00810409205843879], "val_sc_a": 0, "val_sc_v": 0, "total_sc_a": 0, "total_sc_v": 0}