{"c1": 0.028506503069141816, "c2": 0.2476603330362644, "ch1": 0.3123874146493588, "ch2": 0.12252655034573343, "di": 1.8973487223917995, "dj": 36.38181769113712, "dk": 0.0, "vw_i": -1.5729066941422856, "vw_j": -0.5411312819274174, "kt": 9.83968061709516, "train_sc_a": [25.926403258158008], "train_sc_v": [0.10321554970593566], "val_sc_a": 0, "val_sc_v": 0, "total_sc_a": 0, "total_sc_v": 0}