{"c1": 0.022921380408614148, "c2": 0.16618497211895397, "ch1": 0.007224920287786959, "ch2": 0.09575326626702634, "di": 1.8250601103640327, "dj": 1.0060622973416844, "dk": 0.3372232730609782, "vw_i": -1.00457839377188, "vw_j": -0.4540818432514563, "kt": 11.709949307805054, "train_sc_a": [0.528902608818369], "train_sc_v": [0.008395425652478803], "val_sc_a": 0, "val_sc_v": 0, "total_sc_a": 0, "total_sc_v": 0}