{"c1": 0.025280358063911677, "c2": 0.2060744919810038, "ch1": 0.007992947355598435, "ch2": 0.09711368162174593, "di": 2.024396702771681, "dj": 1.1101158047521764, "dk": 0.5750484213005916, "vw_i": -0.7683112869178931, "vw_j": 0.02943406853919266, "kt": 11.533469795816943, "train_sc_a": [0.4247005283531942], "train_sc_v": [0.004960509349633129], "val_sc_a": 0, "val_sc_v": 0, "total_sc_a": 0, "total_sc_v": 0}