{"c1": 0.02642182392741624, "c2": 0.20226248207734723, "ch1": 0.011851156529272164, "ch2": 0.09683765835881893, "di": 2.278936103258275, "dj": 1.202146965923818, "dk": 0.01389732436207866, "vw_i": -0.34164675931400545, "vw_j": 0.014106749772700364, "kt": 11.559427647741648, "train_sc_a": [0.40798688296451974], "train_sc_v": [0.005616046950574097], "val_sc_a": 0, "val_sc_v": 0, "total_sc_a": 0, "total_sc_v": 0}