{"c1": 0.023077713123369748, "c2": 0.150580745808123, "ch1": 0.015392461624057566, "ch2": 0.09609694819371768, "di": 0.9347671413910719, "dj": 0.18926562602720884, "dk": 1.9831693907108614, "vw_i": -0.7802439614126112, "vw_j": -0.06065958085743471, "kt": 12.289174012577266, "train_sc_a": [0.609794793664574], "train_sc_v": [0.007793517375875549], "val_sc_a": 0, "val_sc_v": 0, "total_sc_a": 0, "total_sc_v": 0}