{"c1": 0.02981243426627352, "c2": 0.2180962031502403, "ch1": 0.0015047011083324374, "ch2": 0.09847295434887554, "di": 1.6657242607237528, "dj": 1.2683746476057103, "dk": 0.0, "vw_i": -1.359398038168298, "vw_j": -0.2524668054103815, "kt": 9.59060902936355, "train_sc_a": [0.27206677079856684], "train_sc_v": [0.0022170745458652825], "val_sc_a": 0, "val_sc_v": 0, "total_sc_a": 0, "total_sc_v": 0}