{"c1": 0.02048589472613379, "c2": 0.2855528904182591, "ch1": 0.12115870308482335, "ch2": 0.10579049974599784, "di": 2.360312827718398, "dj": 5.6076975676218925, "dk": 0.0, "vw_i": -2.3708868907405183, "vw_j": -1.5551457528467778, "kt": 12.120850967558557, "train_sc_a": [6.974425566413337], "train_sc_v": [0.027546787029942926], "val_sc_a": 0, "val_sc_v": 0, "total_sc_a": 0, "total_sc_v": 0}