{"c1": 0.02591921497259242, "c2": 0.21611074753520515, "ch1": 0.0061623304874728925, "ch2": 0.09731610063811076, "di": 2.9863209004074776, "dj": 0.37917327540880075, "dk": 0.0, "vw_i": -1.09759683625126, "vw_j": -0.4967795786959829, "kt": 10.643285918160373, "train_sc_a": [0.8983983620953947], "train_sc_v": [0.008751858880050454], "val_sc_a": 0, "val_sc_v": 0, "total_sc_a": 0, "total_sc_v": 0}