{"c1": 0.030236380978307244, "c2": 0.2754344905713703, "ch1": -0.003220873366463914, "ch2": 0.09932753513264918, "di": 3.221024009334024, "dj": 0.6283427804580471, "dk": 0.0, "vw_i": -1.8171542648244967, "vw_j": -0.6896868141120991, "kt": 10.066453112669125, "train_sc_a": [0.5229555295582988], "train_sc_v": [0.00582100008913786], "val_sc_a": 0, "val_sc_v": 0, "total_sc_a": 0, "total_sc_v": 0}