{"c1": 0.020516498556279187, "c2": 0.11256991439011577, "ch1": 0.014958623540995968, "ch2": 0.09422135076604829, "di": 1.457866574417753, "dj": 0.045997025444131194, "dk": 0.5637640304162268, "vw_i": -0.5655902377097719, "vw_j": -0.1141723330802407, "kt": 10.846424999695259, "train_sc_a": [0.5446989441366045], "train_sc_v": [0.008080217391374859], "val_sc_a": 0, "val_sc_v": 0, "total_sc_a": 0, "total_sc_v": 0}