{"c1": 0.020814390784066727, "c2": 0.1437656302373439, "ch1": 0.0016478031966598182, "ch2": 0.09396914957135875, "di": 2.738489343000254, "dj": 1.3021027856019889, "dk": 0.0, "vw_i": -0.8808987643516641, "vw_j": 0.0016952333367072168, "kt": 10.397268163691752, "train_sc_a": [0.45059997721492745], "train_sc_v": [0.008730134430438623], "val_sc_a": 0, "val_sc_v": 0, "total_sc_a": 0, "total_sc_v": 0}