{"c1": 0.029954701185150975, "c2": 0.2776267657225639, "ch1": -0.00047022661454060647, "ch2": 0.09920565401491152, "di": 2.5021887863354255, "dj": 1.412035123883333, "dk": 0.0, "vw_i": -0.301749976199404, "vw_j": -0.08385476367595629, "kt": 9.707524051412044, "train_sc_a": [0.5546845790454871], "train_sc_v": [0.005845240167862345], "val_sc_a": 0, "val_sc_v": 0, "total_sc_a": 0, "total_sc_v": 0}