{"c1": 0.030600846240085598, "c2": 0.27370530124147613, "ch1": 0.015348180441189001, "ch2": 0.10060334973383218, "di": 2.0376730190877534, "dj": 0.7180422869563367, "dk": 0.0, "vw_i": -1.8402272607245602, "vw_j": -0.9169407163917123, "kt": 10.240780077055875, "train_sc_a": [0.3717952780391255], "train_sc_v": [0.0022175813595448996], "val_sc_a": 0, "val_sc_v": 0, "total_sc_a": 0, "total_sc_v": 0}