{"c1": 0.02290260508780684, "c2": 0.16624602535664548, "ch1": 0.007826647609966205, "ch2": 0.095843923527992, "di": 1.8990925038908202, "dj": 0.7994237425573641, "dk": 0.17791331405735497, "vw_i": -1.0127973673176132, "vw_j": -0.49332434898412836, "kt": 11.684694483612414, "train_sc_a": [0.5275704881229865], "train_sc_v": [0.008360243182343], "val_sc_a": 0, "val_sc_v": 0, "total_sc_a": 0, "total_sc_v": 0}