{"c1": 0.028954627453785756, "c2": 0.10508291869954907, "ch1": 0.2080853323110101, "ch2": 0.10854379432329124, "di": 3.552123375340173, "dj": 6.042244528322318, "dk": 4.045134766491789, "vw_i": -2.1630061153555658, "vw_j": -0.5617498267938996, "kt": 12.37186194577995, "train_sc_a": [8.71194796941998], "train_sc_v": [0.03653746522044302], "val_sc_a": 0, "val_sc_v": 0, "total_sc_a": 0, "total_sc_v": 0}