{"c1": 0.019519813898187854, "c2": 0.10894024721036628, "ch1": -0.0014605537286895688, "ch2": 0.09125416190291577, "di": 2.1289181303728237, "dj": 1.3730144609949675, "dk": 0.07279336403138811, "vw_i": -0.09832862627111338, "vw_j": 0.4697346091771002, "kt": 10.412808483460816, "train_sc_a": [0.9459753085242951], "train_sc_v": [0.008843999739584074], "val_sc_a": 0, "val_sc_v": 0, "total_sc_a": 0, "total_sc_v": 0}