{"c1": 0.01948546850445898, "c2": 0.10919584329906658, "ch1": -0.0017822531977220255, "ch2": 0.091212508486165, "di": 2.554829927750395, "dj": 1.3460870374617109, "dk": 0.011581991940051233, "vw_i": -0.11534585178338586, "vw_j": 0.50009833291303, "kt": 10.378388412236033, "train_sc_a": [0.9747300011674563], "train_sc_v": [0.008820390956078934], "val_sc_a": 0, "val_sc_v": 0, "total_sc_a": 0, "total_sc_v": 0}