{"c1": 0.030795660942140424, "c2": 0.2711534487751032, "ch1": -0.000762815432294516, "ch2": 0.10038237640021677, "di": 0.5416485064215852, "dj": 1.3589899244596617, "dk": 0.0, "vw_i": -0.8431752991081394, "vw_j": -0.2392321613660252, "kt": 9.473477713736727, "train_sc_a": [0.7108385089806875], "train_sc_v": [0.00868487538014106], "val_sc_a": 0, "val_sc_v": 0, "total_sc_a": 0, "total_sc_v": 0}