{"c1": 0.02220818656467298, "c2": 0.1456081478284881, "ch1": -0.01252164037762293, "ch2": 0.09317190193948689, "di": 1.2292789383493223, "dj": 1.2100659725169671, "dk": 1.163444493386463, "vw_i": -1.6258058059842821, "vw_j": -0.7990479308855538, "kt": 12.418350683983343, "train_sc_a": [1.264338491292909], "train_sc_v": [0.010821241534951682], "val_sc_a": 0, "val_sc_v": 0, "total_sc_a": 0, "total_sc_v": 0}