{"c1": 0.02858121007100728, "c2": 0.08156298027711452, "ch1": 0.0781130137838381, "ch2": 0.09933006687129182, "di": 2.9243637054867317, "dj": 2.782453243912516, "dk": 0.0, "vw_i": -1.3931684931626365, "vw_j": -0.030502490901447715, "kt": 10.543792100958637, "train_sc_a": [8.277686163716822], "train_sc_v": [0.03516814583443648], "val_sc_a": 0, "val_sc_v": 0, "total_sc_a": 0, "total_sc_v": 0}