{"c1": 0.01909958166074182, "c2": 0.1185868347327618, "ch1": 0.002549820082956394, "ch2": 0.09188698561832771, "di": 0.0, "dj": 1.040086629191104, "dk": 1.5366805229802656, "vw_i": -0.4550864055888262, "vw_j": -0.2877014689389837, "kt": 11.095258936820985, "train_sc_a": [0.44540778046170615], "train_sc_v": [0.007004052180762175], "val_sc_a": 0, "val_sc_v": 0, "total_sc_a": 0, "total_sc_v": 0}