{"c1": 0.02673840492221727, "c2": 0.21024103506092043, "ch1": 0.00012567376266737562, "ch2": 0.09700421028821911, "di": 2.1081355696976045, "dj": 1.34703267865724, "dk": 0.12414003431698976, "vw_i": -1.5034706666582647, "vw_j": -0.7241241295702017, "kt": 10.438906315617528, "train_sc_a": [0.3751677749692952], "train_sc_v": [0.00500277002477275], "val_sc_a": 0, "val_sc_v": 0, "total_sc_a": 0, "total_sc_v": 0}