{"c1": 0.014457037707935522, "c2": 0.15163673088363386, "ch1": -0.3511167066747716, "ch2": 0.06572773276326983, "di": 0.4021098944755318, "dj": 0.572527661062026, "dk": 0.19112598197448144, "vw_i": -2.700507005569831, "vw_j": -1.463926724880396, "kt": 6.837046730756116, "train_sc_a": [7.482649228612031], "train_sc_v": [0.030124704505248977], "val_sc_a": 0, "val_sc_v": 0, "total_sc_a": 0, "total_sc_v": 0}