{"c1": 0.01607865262447378, "c2": 0.19675769921475494, "ch1": -0.0011947845520452489, "ch2": 0.0915740001080511, "di": 0.0, "dj": 0.2637985018345971, "dk": 2.5057183868597597, "vw_i": -1.945076634775935, "vw_j": -1.6648014430380824, "kt": 11.163370483232631, "train_sc_a": [4.919807987575239], "train_sc_v": [0.019780160569969014], "val_sc_a": 0, "val_sc_v": 0, "total_sc_a": 0, "total_sc_v": 0}