{"c1": 0.02159856632199706, "c2": 0.2849716051114469, "ch1": -0.1827520759897728, "ch2": 0.08337973741438555, "di": 8.893735900639241, "dj": 1.176758482036277, "dk": 4.898115465625398, "vw_i": -1.450035593497832, "vw_j": 0.9428184827722366, "kt": 11.356338548366091, "train_sc_a": [6.030100945871186], "train_sc_v": [0.02502923752338575], "val_sc_a": 0, "val_sc_v": 0, "total_sc_a": 0, "total_sc_v": 0}