{"c1": 0.025508115680455887, "c2": 0.20919624008317134, "ch1": 0.00873791611354548, "ch2": 0.09661031677586325, "di": 2.1936429051326964, "dj": 1.3315438205121888, "dk": 0.0, "vw_i": -0.427282428663603, "vw_j": 0.13013898870970758, "kt": 11.529180785573953, "train_sc_a": [0.2936806415074301], "train_sc_v": [0.004172843226952715], "val_sc_a": 0, "val_sc_v": 0, "total_sc_a": 0, "total_sc_v": 0}