{"c1": 0.019976349727298292, "c2": 0.11800732877815096, "ch1": 0.012661193239006394, "ch2": 0.09436252159884313, "di": 0.8143324763199887, "dj": 0.8030104271318571, "dk": 0.46617145530359677, "vw_i": -0.9805987896991343, "vw_j": -0.16475478606825422, "kt": 10.827293401912172, "train_sc_a": [0.3144023838026204], "train_sc_v": [0.006614201713020197], "val_sc_a": 0, "val_sc_v": 0, "total_sc_a": 0, "total_sc_v": 0}