{"c1": 0.028776766321140165, "c2": 0.24511690766369554, "ch1": -0.030247644390764883, "ch2": 0.0965770129051961, "di": 1.603290173194147, "dj": 0.8082169499556039, "dk": 0.0, "vw_i": -1.2255379160532311, "vw_j": -0.4731402978001762, "kt": 9.770298005183012, "train_sc_a": [0.38846222711592465], "train_sc_v": [0.004041881190104334], "val_sc_a": 0, "val_sc_v": 0, "total_sc_a": 0, "total_sc_v": 0}