{"c1": 0.02291700232667254, "c2": 0.1650427429292811, "ch1": 0.004733177430835488, "ch2": 0.09537189431601063, "di": 1.6645797600472583, "dj": 0.0, "dk": 2.0075208072325665, "vw_i": -0.5530692527214519, "vw_j": -0.024415849136417138, "kt": 12.181035759604729, "train_sc_a": [0.427804129788471], "train_sc_v": [0.006799730748570193], "val_sc_a": 0, "val_sc_v": 0, "total_sc_a": 0, "total_sc_v": 0}