{"c1": 0.0211136706121287, "c2": 0.14871393796197346, "ch1": 0.003226576592660615, "ch2": 0.09426088722458174, "di": 1.816790174033314, "dj": 1.1091533134746254, "dk": 0.0, "vw_i": -0.8144702050679851, "vw_j": -0.3383705374160592, "kt": 11.34938139026743, "train_sc_a": [0.828840082593776], "train_sc_v": [0.008797868015549022], "val_sc_a": 0, "val_sc_v": 0, "total_sc_a": 0, "total_sc_v": 0}