{"c1": 0.024450660285626622, "c2": 0.0746341239443981, "ch1": -0.3130847397732068, "ch2": 0.0694026119439984, "di": 0.31681498570990346, "dj": 0.0, "dk": 2.9659815323168233, "vw_i": -2.761360235494501, "vw_j": -1.4759219038150144, "kt": 9.803056620647785, "train_sc_a": [11.28260696146609], "train_sc_v": [0.04559949219051914], "val_sc_a": 0, "val_sc_v": 0, "total_sc_a": 0, "total_sc_v": 0}