{"c1": 0.02823217553200152, "c2": 0.22220087113881415, "ch1": 0.010827957484619398, "ch2": 0.09841466874656316, "di": 0.8545655668164194, "dj": 0.3457085310381121, "dk": 0.0, "vw_i": -1.2418863326503042, "vw_j": -0.27013521265359397, "kt": 9.706208096132432, "train_sc_a": [0.3499526393060809], "train_sc_v": [0.005300285039550081], "val_sc_a": 0, "val_sc_v": 0, "total_sc_a": 0, "total_sc_v": 0}