{"c1": 0.02277033088007344, "c2": 0.15301372317232573, "ch1": 0.012253594382521939, "ch2": 0.09558798282479988, "di": 1.090260288024166, "dj": 0.0, "dk": 1.3811795625847425, "vw_i": -0.9204295580705824, "vw_j": -0.20143087845893484, "kt": 12.302582727146735, "train_sc_a": [1.1397248859585902], "train_sc_v": [0.013336386617424168], "val_sc_a": 0, "val_sc_v": 0, "total_sc_a": 0, "total_sc_v": 0}