{"c1": 0.030281758366779123, "c2": 0.26918341951458025, "ch1": -0.02267047812799459, "ch2": 0.09877379039409878, "di": 0.015492158044908848, "dj": 1.86668475129242, "dk": 0.0, "vw_i": -0.3634954073025902, "vw_j": -0.41957239912385724, "kt": 9.702426180102956, "train_sc_a": [0.36738821214053763], "train_sc_v": [0.0022133781918304033], "val_sc_a": 0, "val_sc_v": 0, "total_sc_a": 0, "total_sc_v": 0}