{"c1": 0.03163595655155562, "c2": 0.2612746713139152, "ch1": -0.027978195757909503, "ch2": 0.0983110132866018, "di": 0.9815429483053717, "dj": 1.0004816035514974, "dk": 0.0, "vw_i": -0.5350097251345003, "vw_j": -0.21316011713698044, "kt": 9.225247199525553, "train_sc_a": [0.5525368892841844], "train_sc_v": [0.005600866651416319], "val_sc_a": 0, "val_sc_v": 0, "total_sc_a": 0, "total_sc_v": 0}