{"c1": 0.025799286699692878, "c2": 0.1836983822719864, "ch1": 0.012455218489727025, "ch2": 0.09747948753143842, "di": 1.6429747437394018, "dj": 1.2379669131430298, "dk": 0.0, "vw_i": -0.6762689062183791, "vw_j": -0.36541096641313636, "kt": 11.4735518744425, "train_sc_a": [0.3333165302585442], "train_sc_v": [0.0025249398151440264], "val_sc_a": 0, "val_sc_v": 0, "total_sc_a": 0, "total_sc_v": 0}