{"c1": 0.02230322385685477, "c2": 0.13878773920809612, "ch1": 0.009003002013819638, "ch2": 0.09480542525970378, "di": 1.3798537163115445, "dj": 0.9277215777141474, "dk": 0.0, "vw_i": -0.9781664671940421, "vw_j": -0.47709846343087703, "kt": 12.021523699412695, "train_sc_a": [0.5115776117853031], "train_sc_v": [0.006057776805459985], "val_sc_a": 0, "val_sc_v": 0, "total_sc_a": 0, "total_sc_v": 0}