{"c1": 0.02350959347290704, "c2": 0.16005337206696346, "ch1": -0.0002981906580398208, "ch2": 0.09517038343080637, "di": 2.1636787436615488, "dj": 0.1496531815788922, "dk": 0.35578504359550167, "vw_i": -0.2573203810330809, "vw_j": -0.03823402416184199, "kt": 12.222432776911896, "train_sc_a": [0.6129055754413801], "train_sc_v": [0.004679192315352217], "val_sc_a": 0, "val_sc_v": 0, "total_sc_a": 0, "total_sc_v": 0}