{"c1": 0.027796538521142163, "c2": 0.2234212386838091, "ch1": -0.49136764658703164, "ch2": 0.061456820539321465, "di": 1.4162429794205058, "dj": 1.595789157915905, "dk": 0.4636060860294856, "vw_i": 0.04670729181661323, "vw_j": 0.22709817746342564, "kt": 10.18637861210719, "train_sc_a": [35.20181834793496], "train_sc_v": [0.13780177196743038], "val_sc_a": 0, "val_sc_v": 0, "total_sc_a": 0, "total_sc_v": 0}