{"c1": 0.025651490846489215, "c2": 0.18486038602766955, "ch1": 0.008660080006260855, "ch2": 0.09718898161966918, "di": 1.6315118721778357, "dj": 1.1848494157090486, "dk": 0.0, "vw_i": -0.633082486247414, "vw_j": -0.3543546214871482, "kt": 11.474943772796257, "train_sc_a": [0.35840431283614727], "train_sc_v": [0.002318729107103414], "val_sc_a": 0, "val_sc_v": 0, "total_sc_a": 0, "total_sc_v": 0}