{"c1": 0.03046088371870456, "c2": 0.2738072677840664, "ch1": 0.011298095852915784, "ch2": 0.10136901304173492, "di": 1.2767885969116533, "dj": 1.3701607576810269, "dk": 2.7210210793849487, "vw_i": -0.7953797527793791, "vw_j": -0.24829730427634317, "kt": 9.487441475960553, "train_sc_a": [0.462485073155156], "train_sc_v": [0.00387098574102978], "val_sc_a": 0, "val_sc_v": 0, "total_sc_a": 0, "total_sc_v": 0}