{"c1": 0.02993799642520549, "c2": 0.2607977129106684, "ch1": 0.011900929162652271, "ch2": 0.10021654538239955, "di": 2.357590507767641, "dj": 0.28150267656269046, "dk": 0.0, "vw_i": -0.9234737126880197, "vw_j": -0.3337320579220759, "kt": 9.849564783030669, "train_sc_a": [0.5625289179150034], "train_sc_v": [0.008420202035226218], "val_sc_a": 0, "val_sc_v": 0, "total_sc_a": 0, "total_sc_v": 0}