{"c1": 0.019269121224127692, "c2": 0.11706915604122717, "ch1": 0.00664646463838552, "ch2": 0.09216359140093656, "di": 0.0, "dj": 0.7101420226659924, "dk": 1.8254968351354242, "vw_i": -0.4621061773891263, "vw_j": -0.33692597508982686, "kt": 11.113910829905093, "train_sc_a": [0.4934784441571773], "train_sc_v": [0.007130282347755094], "val_sc_a": 0, "val_sc_v": 0, "total_sc_a": 0, "total_sc_v": 0}