{"c1": 0.02170467429558296, "c2": 0.15664477970927992, "ch1": -0.003049966437998265, "ch2": 0.09385916008124717, "di": 2.755907576882267, "dj": 0.6037628179131654, "dk": 0.0, "vw_i": -1.3087649854812704, "vw_j": -0.8350783764287133, "kt": 12.526090517279748, "train_sc_a": [0.8170355859039836], "train_sc_v": [0.008655968074477147], "val_sc_a": 0, "val_sc_v": 0, "total_sc_a": 0, "total_sc_v": 0}