{"c1": 0.028351350928747136, "c2": 0.2317449137217783, "ch1": 0.0014334266004049964, "ch2": 0.09834863880960515, "di": 0.5620523245274961, "dj": 0.08237577660427349, "dk": 2.9146405836571065, "vw_i": -1.456718782194676, "vw_j": -0.6133038037956742, "kt": 10.62466493426905, "train_sc_a": [0.3958353301307318], "train_sc_v": [0.005004715301186113], "val_sc_a": 0, "val_sc_v": 0, "total_sc_a": 0, "total_sc_v": 0}