{"c1": 0.025565449008590427, "c2": 0.20844412064210593, "ch1": 0.019860609869701708, "ch2": 0.09741019050078839, "di": 2.3038297299693675, "dj": 1.215278443273619, "dk": 0.0, "vw_i": -0.3753204999605839, "vw_j": -0.08483689082666962, "kt": 11.55588285788141, "train_sc_a": [0.374593125237982], "train_sc_v": [0.003916207501721071], "val_sc_a": 0, "val_sc_v": 0, "total_sc_a": 0, "total_sc_v": 0}