{"c1": 0.02433059384573207, "c2": 0.1792256222749402, "ch1": 0.01357108094120647, "ch2": 0.09731578861901444, "di": 1.2348043055402207, "dj": 2.64962937110703, "dk": 0.11198647926720295, "vw_i": -0.4803746675996581, "vw_j": -0.46042775120511364, "kt": 11.623005901072743, "train_sc_a": [0.3491981260721666], "train_sc_v": [0.0051509215741862005], "val_sc_a": 0, "val_sc_v": 0, "total_sc_a": 0, "total_sc_v": 0}