{"c1": 0.019362862945721124, "c2": 0.13328863347688244, "ch1": -0.4635278657319333, "ch2": 0.057974564350919175, "di": 1.0644075923171432, "dj": 0.0, "dk": 2.5804627615822957, "vw_i": -2.250555236940298, "vw_j": -0.2987576425618827, "kt": 11.173461056565017, "train_sc_a": [30.150274928380426], "train_sc_v": [0.11828026131110729], "val_sc_a": 0, "val_sc_v": 0, "total_sc_a": 0, "total_sc_v": 0}