{"c1": 0.029828185413141868, "c2": 0.2616771264463784, "ch1": 0.011292302889992811, "ch2": 0.1001118971949662, "di": 2.409335303373244, "dj": 0.41105265919655554, "dk": 0.0, "vw_i": -0.8493933056828846, "vw_j": -0.2971466029601711, "kt": 9.8088744981148, "train_sc_a": [0.5706207468533739], "train_sc_v": [0.008398491933876949], "val_sc_a": 0, "val_sc_v": 0, "total_sc_a": 0, "total_sc_v": 0}