{"c1": 0.02688712354378578, "c2": 0.20359595315683296, "ch1": 0.00758037885407319, "ch2": 0.09715492793982233, "di": 0.34437209970517774, "dj": 0.2553656678931824, "dk": 0.0, "vw_i": -0.5555046749340193, "vw_j": -0.4137623147380947, "kt": 10.504766966392937, "train_sc_a": [0.43897356355110045], "train_sc_v": [0.006801126972279521], "val_sc_a": 0, "val_sc_v": 0, "total_sc_a": 0, "total_sc_v": 0}