{"c1": 0.022668695289690805, "c2": 0.1537738809436202, "ch1": 0.005034924599001404, "ch2": 0.09490752178839695, "di": 1.3385380505634583, "dj": 0.3072212337884381, "dk": 0.059016551718916746, "vw_i": -0.9541912153737833, "vw_j": -0.2839204758995687, "kt": 12.27894488261355, "train_sc_a": [1.1934258841517267], "train_sc_v": [0.013023429001448652], "val_sc_a": 0, "val_sc_v": 0, "total_sc_a": 0, "total_sc_v": 0}