{"c1": 0.021930281055151112, "c2": 0.09934186047015557, "ch1": -0.45502328701325456, "ch2": 0.05496174443249112, "di": 1.1863969941332568, "dj": 1.0467774038694961, "dk": 1.1808067466410292, "vw_i": 0.856910946514281, "vw_j": 0.7967002233269443, "kt": 10.836155126467784, "train_sc_a": [32.439633463462755], "train_sc_v": [0.1335690834832473], "val_sc_a": 0, "val_sc_v": 0, "total_sc_a": 0, "total_sc_v": 0}