{"c1": 0.027477949582924783, "c2": 0.211844354520871, "ch1": 0.007844929083848916, "ch2": 0.09817768101096165, "di": 0.4781826921714706, "dj": 0.4842607732468164, "dk": 1.9029725434208862, "vw_i": -1.3386729326048004, "vw_j": -0.6033720412004522, "kt": 10.245958347863986, "train_sc_a": [0.35877412728151403], "train_sc_v": [0.005282673397145645], "val_sc_a": 0, "val_sc_v": 0, "total_sc_a": 0, "total_sc_v": 0}