{"c1": 0.028521179241965768, "c2": 0.23005256714709335, "ch1": 0.008079400356915584, "ch2": 0.09892361441199898, "di": 0.7390339698039203, "dj": 0.496143356296384, "dk": 2.369573403015653, "vw_i": -1.1623337658206938, "vw_j": -0.6627578062245498, "kt": 10.613162371574957, "train_sc_a": [0.36882067205918156], "train_sc_v": [0.006641259193996195], "val_sc_a": 0, "val_sc_v": 0, "total_sc_a": 0, "total_sc_v": 0}