{"c1": 0.0302733205021074, "c2": 0.2750500671221317, "ch1": 0.007582048291769218, "ch2": 0.10021849827830888, "di": 4.736989493682857, "dj": 0.35443330060868733, "dk": 0.0, "vw_i": -1.7840537059369563, "vw_j": -0.294404274765025, "kt": 10.088839855934562, "train_sc_a": [0.6432082271064171], "train_sc_v": [0.005995871373063759], "val_sc_a": 0, "val_sc_v": 0, "total_sc_a": 0, "total_sc_v": 0}