{"c1": 0.02591951370863238, "c2": 0.2231379151660442, "ch1": -0.003554774257726944, "ch2": 0.09690448060879399, "di": 2.221862420930288, "dj": 2.5535913271848742, "dk": 0.0, "vw_i": -1.3491677618530096, "vw_j": -0.5178973556529022, "kt": 10.311303872865082, "train_sc_a": [0.42376529355294], "train_sc_v": [0.005483461922372774], "val_sc_a": 0, "val_sc_v": 0, "total_sc_a": 0, "total_sc_v": 0}