{"c1": 0.02748933189228311, "c2": 0.21178868174396603, "ch1": 0.007892329929642287, "ch2": 0.09816965361635162, "di": 0.5229336860207613, "dj": 0.4556482788253462, "dk": 2.0482961660580306, "vw_i": -1.3343244760061697, "vw_j": -0.6403567222747999, "kt": 10.249312313375457, "train_sc_a": [0.36058614972372416], "train_sc_v": [0.005288349652859531], "val_sc_a": 0, "val_sc_v": 0, "total_sc_a": 0, "total_sc_v": 0}