{"c1": 0.030227896898495643, "c2": 0.27555330399553607, "ch1": 0.01105351178048283, "ch2": 0.10005585901592927, "di": 2.331207282622314, "dj": 1.1782165498022583, "dk": 0.0, "vw_i": -0.2100132562234947, "vw_j": 0.1851332382842422, "kt": 9.928072134482125, "train_sc_a": [0.4291348983336841], "train_sc_v": [0.004912014791207001], "val_sc_a": 0, "val_sc_v": 0, "total_sc_a": 0, "total_sc_v": 0}