{"c1": 0.02369525499436364, "c2": 0.1668292967346983, "ch1": -0.0023691890797021232, "ch2": 0.09503278646902316, "di": 1.8759249913790939, "dj": 1.262062411279869, "dk": 0.3222616082884598, "vw_i": -1.6099644992049755, "vw_j": -0.4550639609788627, "kt": 11.767188831688632, "train_sc_a": [0.5371566849853263], "train_sc_v": [0.0063364967224092], "val_sc_a": 0, "val_sc_v": 0, "total_sc_a": 0, "total_sc_v": 0}