{"c1": 0.02577891427749691, "c2": 0.18376053005827475, "ch1": 0.014513976755658046, "ch2": 0.09764085946830085, "di": 1.6316288080367853, "dj": 1.255574656668, "dk": 0.0, "vw_i": -0.7249615597233996, "vw_j": -0.3774591539381902, "kt": 11.456475883844625, "train_sc_a": [0.331541769356272], "train_sc_v": [0.002532508268110053], "val_sc_a": 0, "val_sc_v": 0, "total_sc_a": 0, "total_sc_v": 0}