{"c1": 0.018993957068347066, "c2": 0.10657039929465813, "ch1": -0.02515326199115676, "ch2": 0.08895926689270248, "di": 0.4946116120219204, "dj": 0.5693198707122695, "dk": 0.248565749791359, "vw_i": -0.7835914181772599, "vw_j": -0.23464882752704266, "kt": 5.456721092802527, "train_sc_a": [0.3948777606916234], "train_sc_v": [0.00393879826262298], "val_sc_a": 0, "val_sc_v": 0, "total_sc_a": 0, "total_sc_v": 0}