{"c1": 0.02802070853339854, "c2": 0.22513789070734555, "ch1": -0.00396939786959501, "ch2": 0.09738708909437041, "di": 1.268849981028117, "dj": 1.0746958717832247, "dk": 0.0, "vw_i": -1.010012096363303, "vw_j": 0.02335300055606112, "kt": 10.052879866196102, "train_sc_a": [0.5608237331462286], "train_sc_v": [0.008241110856931749], "val_sc_a": 0, "val_sc_v": 0, "total_sc_a": 0, "total_sc_v": 0}