{"c1": 0.029229757721251567, "c2": 0.2227138930100582, "ch1": 0.009879584906755058, "ch2": 0.09950395670932329, "di": 1.5258821469737247, "dj": 0.46160383902880225, "dk": 0.7369452880974176, "vw_i": -1.511470287025685, "vw_j": -0.3565492171954546, "kt": 9.41826166775264, "train_sc_a": [1.4416532646021227], "train_sc_v": [0.006334981873607369], "val_sc_a": 0, "val_sc_v": 0, "total_sc_a": 0, "total_sc_v": 0}