{"c1": 0.023807570896820254, "c2": 0.16608817421833064, "ch1": 0.005206183344034132, "ch2": 0.09556016636277978, "di": 1.6449148953422577, "dj": 0.5991227455343923, "dk": 0.32543997319045015, "vw_i": -1.5896473051247355, "vw_j": -0.4159466279254148, "kt": 11.756307311699278, "train_sc_a": [0.43352277348007323], "train_sc_v": [0.006683724717596368], "val_sc_a": 0, "val_sc_v": 0, "total_sc_a": 0, "total_sc_v": 0}