{"c1": 0.026131106607430423, "c2": 0.0668346679213086, "ch1": 0.22821494650716914, "ch2": 0.10853705627245441, "di": 8.012748775456146, "dj": 4.1528904376749916, "dk": 1.4269302926467036, "vw_i": -0.8668368752086233, "vw_j": -0.6977000835616363, "kt": 10.980004757133607, "train_sc_a": [9.592735444617881], "train_sc_v": [0.04076694775243775], "val_sc_a": 0, "val_sc_v": 0, "total_sc_a": 0, "total_sc_v": 0}