{"c1": 0.027489364309942525, "c2": 0.23520175329518644, "ch1": -0.006241813834032342, "ch2": 0.09710089812455114, "di": 0.019687167005143464, "dj": 0.3907526479166531, "dk": 0.0, "vw_i": -1.56142795805319, "vw_j": -0.5600094855158682, "kt": 10.297935329831049, "train_sc_a": [0.9241412364696108], "train_sc_v": [0.008551650432068366], "val_sc_a": 0, "val_sc_v": 0, "total_sc_a": 0, "total_sc_v": 0}