{"c1": 0.02832049135810534, "c2": 0.2264655142147882, "ch1": 0.00949874063532955, "ch2": 0.09828715428588312, "di": 0.7182787189136085, "dj": 0.323815011468417, "dk": 0.0, "vw_i": -1.5408221574199557, "vw_j": -0.4163430731042425, "kt": 10.162863844665287, "train_sc_a": [0.44239253479613816], "train_sc_v": [0.008280130450644824], "val_sc_a": 0, "val_sc_v": 0, "total_sc_a": 0, "total_sc_v": 0}