{"c1": 0.021143401569478013, "c2": 0.1409995705970335, "ch1": -0.005432199139824171, "ch2": 0.09331691859457772, "di": 2.89115966125447, "dj": 1.23763250074638, "dk": 0.04146325463908601, "vw_i": -1.0114543593524292, "vw_j": 0.005981559210355052, "kt": 10.112853284330384, "train_sc_a": [0.4451278641772195], "train_sc_v": [0.0067462820840663825], "val_sc_a": 0, "val_sc_v": 0, "total_sc_a": 0, "total_sc_v": 0}