{"c1": 0.025691127488191166, "c2": 0.14704658322094352, "ch1": -0.4483468980122707, "ch2": 0.05504342195615753, "di": 1.521788631576266, "dj": 0.946235029670957, "dk": 1.4084536383103474, "vw_i": -4.787821068391864, "vw_j": -1.7119515332107338, "kt": 11.49589472439335, "train_sc_a": [17.12392666555908], "train_sc_v": [0.07195955124418567], "val_sc_a": 0, "val_sc_v": 0, "total_sc_a": 0, "total_sc_v": 0}