{"c1": 0.028958729485414836, "c2": 0.22628918631167425, "ch1": 0.01264464297388288, "ch2": 0.09940783022113417, "di": 1.6487131341545707, "dj": 1.6172018140002922, "dk": 0.0, "vw_i": -1.517096346746678, "vw_j": -0.3262229803029937, "kt": 9.653613399552368, "train_sc_a": [0.5149236416371987], "train_sc_v": [0.005482291806267423], "val_sc_a": 0, "val_sc_v": 0, "total_sc_a": 0, "total_sc_v": 0}