{"c1": 0.028733362765140807, "c2": 0.24536526172334328, "ch1": -0.01591235420605986, "ch2": 0.09769500998433728, "di": 1.6191942334911589, "dj": 2.6859785452281333, "dk": 0.0, "vw_i": -1.205342879995818, "vw_j": -0.4529700391912237, "kt": 9.83002506073261, "train_sc_a": [0.6750362178112476], "train_sc_v": [0.009242177531531632], "val_sc_a": 0, "val_sc_v": 0, "total_sc_a": 0, "total_sc_v": 0}