{"c1": 0.025290044301727776, "c2": 0.20612342758827149, "ch1": 0.008146654855099989, "ch2": 0.09716526217357532, "di": 1.8124889703552405, "dj": 0.8463122016726854, "dk": 0.2745015977678607, "vw_i": -0.6393355770142111, "vw_j": 0.17025743372564117, "kt": 11.722542154477363, "train_sc_a": [0.42091083565789333], "train_sc_v": [0.004935616745526837], "val_sc_a": 0, "val_sc_v": 0, "total_sc_a": 0, "total_sc_v": 0}