{"c1": 0.025679989026073012, "c2": 0.20254760577676137, "ch1": -0.021415589783309263, "ch2": 0.09444713638357163, "di": 1.308598966181822, "dj": 1.804520208714902, "dk": 0.0, "vw_i": -0.25694309883420186, "vw_j": 0.31141070316812824, "kt": 11.645592431492137, "train_sc_a": [0.3536473775422529], "train_sc_v": [0.002107899073537489], "val_sc_a": 0, "val_sc_v": 0, "total_sc_a": 0, "total_sc_v": 0}