{"c1": 0.024324624414450918, "c2": 0.06149390482538411, "ch1": -0.04743167292695957, "ch2": 0.08777734159378897, "di": 0.9607770624494749, "dj": 0.9607770624494749, "dk": 0.9607770624494749, "vw_i": -5.8834406325787665, "vw_j": -2.4196943783230966, "kt": 5.161484413881052, "train_sc_a": [6.223403343555708], "train_sc_v": [0.026361023263572935], "val_sc_a": 0, "val_sc_v": 0, "total_sc_a": 0, "total_sc_v": 0}