{"c1": 0.02733094634715337, "c2": 0.2265535012466761, "ch1": -0.01811435634431827, "ch2": 0.09630834888055523, "di": 2.1302366014992424, "dj": 2.83488703906057, "dk": 1.4853605669579948, "vw_i": -1.3658446407369849, "vw_j": -0.23582348121286204, "kt": 10.163135017881311, "train_sc_a": [0.589015744912319], "train_sc_v": [0.007223597081080915], "val_sc_a": 0, "val_sc_v": 0, "total_sc_a": 0, "total_sc_v": 0}