{"c1": 0.03101408583098219, "c2": 0.26918548928256014, "ch1": -0.003514465353890911, "ch2": 0.09888550931663577, "di": 0.5207407740921338, "dj": 2.3042551092727965, "dk": 0.17738980648671934, "vw_i": -0.7318402387846683, "vw_j": 0.0821002504099602, "kt": 10.033695856518769, "train_sc_a": [0.7251403440913766], "train_sc_v": [0.00920148747233741], "val_sc_a": 0, "val_sc_v": 0, "total_sc_a": 0, "total_sc_v": 0}