{"c1": 0.019184814128453586, "c2": 0.11156675628599677, "ch1": -0.0043685351226070805, "ch2": 0.0910394482294481, "di": 2.3514821530069563, "dj": 0.8912672099584417, "dk": 0.08063763806045174, "vw_i": -0.1114515027361293, "vw_j": 0.4606182490744771, "kt": 9.684219462390324, "train_sc_a": [0.40039913133040533], "train_sc_v": [0.0020762390772159486], "val_sc_a": 0, "val_sc_v": 0, "total_sc_a": 0, "total_sc_v": 0}