{"c1": 0.02680298978117083, "c2": 0.21568487072981124, "ch1": -0.01757891149871902, "ch2": 0.0957139367548302, "di": 3.4360511648111913, "dj": 1.6024437057799645, "dk": 0.0, "vw_i": -1.4332231306444418, "vw_j": -0.396204129873493, "kt": 10.277602408344993, "train_sc_a": [1.2165549100727522], "train_sc_v": [0.008810165966978426], "val_sc_a": 0, "val_sc_v": 0, "total_sc_a": 0, "total_sc_v": 0}