{"c1": 0.02835034241369719, "c2": 0.2481316958304697, "ch1": -0.011733209104189676, "ch2": 0.09809234421501267, "di": 1.604599441133226, "dj": 2.0612174248077357, "dk": 0.0, "vw_i": -1.1572894508087521, "vw_j": -0.4455862181076825, "kt": 9.829259326516969, "train_sc_a": [0.5649538173974489], "train_sc_v": [0.008877455755123076], "val_sc_a": 0, "val_sc_v": 0, "total_sc_a": 0, "total_sc_v": 0}