{"c1": 0.023891619720180536, "c2": 0.16547803440167275, "ch1": 0.0117872837746843, "ch2": 0.09616805485613103, "di": 1.1369629095568627, "dj": 0.14586366926093836, "dk": 0.4103105703873361, "vw_i": -1.5807608671822881, "vw_j": -0.39291270209757845, "kt": 11.909211379354243, "train_sc_a": [0.4146785428287139], "train_sc_v": [0.006750807320450914], "val_sc_a": 0, "val_sc_v": 0, "total_sc_a": 0, "total_sc_v": 0}