{"c1": 0.029798628407559008, "c2": 0.21814095361702857, "ch1": -0.0007376839624314451, "ch2": 0.0982824272475136, "di": 1.6869803046619638, "dj": 1.16866272048541, "dk": 0.0, "vw_i": -1.3482083935352365, "vw_j": -0.22522612791068458, "kt": 9.58818779194479, "train_sc_a": [0.27055519474251827], "train_sc_v": [0.002172295781192854], "val_sc_a": 0, "val_sc_v": 0, "total_sc_a": 0, "total_sc_v": 0}