{"c1": 0.02019746887372515, "c2": 0.1351454879314799, "ch1": 0.005101563807837179, "ch2": 0.09386717844001015, "di": 2.2236798245239893, "dj": 1.0532410548956177, "dk": 0.0, "vw_i": -0.8417522824774654, "vw_j": 0.1024166389395291, "kt": 10.731930306771472, "train_sc_a": [0.2814426947214975], "train_sc_v": [0.004171313423646785], "val_sc_a": 0, "val_sc_v": 0, "total_sc_a": 0, "total_sc_v": 0}