{"c1": 0.028791148670793437, "c2": 0.24529205348108118, "ch1": -0.013994035827638597, "ch2": 0.09772136947588911, "di": 1.6100800751942799, "dj": 1.1107690295884234, "dk": 0.0, "vw_i": -1.2781332085646715, "vw_j": -0.5226075537062422, "kt": 9.61213819002362, "train_sc_a": [0.39506768195411607], "train_sc_v": [0.004040298117281266], "val_sc_a": 0, "val_sc_v": 0, "total_sc_a": 0, "total_sc_v": 0}