{"c1": 0.029779739165539557, "c2": 0.2182866355113701, "ch1": -0.006661621447323466, "ch2": 0.09772442876771757, "di": 1.7113159905070185, "dj": 0.8859928744313381, "dk": 0.014754900225898517, "vw_i": -1.3462412480730748, "vw_j": -0.2036221520500533, "kt": 9.5756796140869, "train_sc_a": [1.5508028497546347], "train_sc_v": [0.015841896885360595], "val_sc_a": 0, "val_sc_v": 0, "total_sc_a": 0, "total_sc_v": 0}