{"c1": 0.019338032332197587, "c2": 0.1263647172054702, "ch1": -0.0006504312987856313, "ch2": 0.09344868568397278, "di": 0.9389232975095899, "dj": 1.7362549291595677, "dk": 0.0, "vw_i": -1.0231840804519332, "vw_j": -0.18215990584679254, "kt": 10.785974351862688, "train_sc_a": [0.3994820385698551], "train_sc_v": [0.005624335151580749], "val_sc_a": 0, "val_sc_v": 0, "total_sc_a": 0, "total_sc_v": 0}