{"c1": 0.028046278363449303, "c2": 0.2071930464186969, "ch1": 0.0020693540345502913, "ch2": 0.09790726098937959, "di": 2.127640684991031, "dj": 0.9724602872684275, "dk": 0.7108478792077885, "vw_i": -1.1923853571963459, "vw_j": -0.18560926594614197, "kt": 10.19005287014482, "train_sc_a": [0.526937361891048], "train_sc_v": [0.007961345901450227], "val_sc_a": 0, "val_sc_v": 0, "total_sc_a": 0, "total_sc_v": 0}