{"c1": 0.026762506514492978, "c2": 0.20455681854009158, "ch1": 0.020813918015329003, "ch2": 0.09819731278991652, "di": 0.5536761512612561, "dj": 0.25611252978636045, "dk": 0.05902784085418053, "vw_i": -0.8850287719553778, "vw_j": -0.25263988654456615, "kt": 10.498336277679297, "train_sc_a": [0.4496538221403756], "train_sc_v": [0.004613616804711628], "val_sc_a": 0, "val_sc_v": 0, "total_sc_a": 0, "total_sc_v": 0}