{"c1": 0.02649993881106058, "c2": 0.204698829043702, "ch1": -0.021114341026335134, "ch2": 0.09429229670385021, "di": 2.01527005594182, "dj": 1.4317399217049729, "dk": 0.0, "vw_i": -0.8430364067340995, "vw_j": -0.48759419170635465, "kt": 10.4057632613123, "train_sc_a": [1.8037153326155813], "train_sc_v": [0.01631223688598992], "val_sc_a": 0, "val_sc_v": 0, "total_sc_a": 0, "total_sc_v": 0}