{"c1": 0.02205607594164605, "c2": 0.153553490760994, "ch1": 0.010062494953292379, "ch2": 0.09477181562665113, "di": 2.729338539115776, "dj": 0.9405822577690421, "dk": 0.0, "vw_i": -1.402610859439505, "vw_j": -0.8154390637228254, "kt": 12.540965273724252, "train_sc_a": [0.44017575083413774], "train_sc_v": [0.004033114227323189], "val_sc_a": 0, "val_sc_v": 0, "total_sc_a": 0, "total_sc_v": 0}