{"c1": 0.031400762088703564, "c2": 0.2648848588709782, "ch1": 0.022586286258765537, "ch2": 0.10084454350641595, "di": 0.2172430038160829, "dj": 3.047077317713292, "dk": 0.013627722811264668, "vw_i": -0.31411045066163834, "vw_j": -0.43027110517983747, "kt": 10.060026460348661, "train_sc_a": [0.49720952021336595], "train_sc_v": [0.0046726185029519005], "val_sc_a": 0, "val_sc_v": 0, "total_sc_a": 0, "total_sc_v": 0}