{"c1": 0.025936645313521512, "c2": 0.21556084325887342, "ch1": 0.0006241794958244742, "ch2": 0.09692053857178581, "di": 2.7996100470842222, "dj": 0.325527056629273, "dk": 0.0, "vw_i": -1.1158660957022188, "vw_j": -0.49239885158414853, "kt": 10.716867660347079, "train_sc_a": [0.890113546132452], "train_sc_v": [0.008678165751509459], "val_sc_a": 0, "val_sc_v": 0, "total_sc_a": 0, "total_sc_v": 0}