{"c1": 0.021870589558467064, "c2": 0.15458914208853244, "ch1": -0.0038251182881494997, "ch2": 0.09376350130360109, "di": 2.916526892775551, "dj": 0.6990877846972396, "dk": 0.0, "vw_i": -1.4058796187802591, "vw_j": -0.6899056706080988, "kt": 12.377502020258435, "train_sc_a": [0.35601666094713463], "train_sc_v": [0.004252292088909533], "val_sc_a": 0, "val_sc_v": 0, "total_sc_a": 0, "total_sc_v": 0}