{"c1": 0.02814442468073638, "c2": 0.22405130277951218, "ch1": 0.0025987249495530882, "ch2": 0.09788824006075726, "di": 1.220335230594518, "dj": 0.6522386986190185, "dk": 0.0, "vw_i": -1.06545662321245, "vw_j": 0.010530696761310108, "kt": 10.050818747290585, "train_sc_a": [0.5359879033530575], "train_sc_v": [0.00847108725050732], "val_sc_a": 0, "val_sc_v": 0, "total_sc_a": 0, "total_sc_v": 0}