{"c1": 0.020499156467176864, "c2": 0.11266062550472936, "ch1": 0.015141297840792224, "ch2": 0.09420853014867377, "di": 1.5032298375568467, "dj": 0.07195768374001416, "dk": 0.26393940891208373, "vw_i": -0.54395120155132, "vw_j": -0.10509374040722042, "kt": 10.85824212847658, "train_sc_a": [0.5502231499585385], "train_sc_v": [0.00809317227430851], "val_sc_a": 0, "val_sc_v": 0, "total_sc_a": 0, "total_sc_v": 0}