{"c1": 0.019713213308301666, "c2": 0.10754821305055565, "ch1": 0.011038946526857493, "ch2": 0.09240270869366309, "di": 0.0, "dj": 0.3952444810520985, "dk": 1.070074472592749, "vw_i": -0.03992008962367408, "vw_j": 0.30911720177799973, "kt": 10.798312529540354, "train_sc_a": [0.8454194472585291], "train_sc_v": [0.008974029779363932], "val_sc_a": 0, "val_sc_v": 0, "total_sc_a": 0, "total_sc_v": 0}