{"c1": 0.02190496729497119, "c2": 0.24255189216413414, "ch1": 0.27683751427818687, "ch2": 0.11761018340387173, "di": 6.229137331621809, "dj": 5.036640905330255, "dk": 0.8886626339312685, "vw_i": -0.5216300488974599, "vw_j": 0.8241805598192185, "kt": 11.591887492109212, "train_sc_a": [5.76804323415991], "train_sc_v": [0.02281058633909001], "val_sc_a": 0, "val_sc_v": 0, "total_sc_a": 0, "total_sc_v": 0}