{"c1": 0.031707365846284676, "c2": 0.26342485593451437, "ch1": 0.01547411556975787, "ch2": 0.10157944586463376, "di": 0.6180778468893223, "dj": 0.42810341370738103, "dk": 0.0, "vw_i": -0.5801649299500677, "vw_j": -0.4355732896195387, "kt": 9.484471869588473, "train_sc_a": [0.5017070599214319], "train_sc_v": [0.007313462806885966], "val_sc_a": 0, "val_sc_v": 0, "total_sc_a": 0, "total_sc_v": 0}