{"c1": 0.02529624570717104, "c2": 0.2061068729129779, "ch1": 0.006107531504970864, "ch2": 0.09698653611312455, "di": 2.5320697480701013, "dj": 0.5810360589431005, "dk": 0.4530547270786042, "vw_i": -0.6202443299817179, "vw_j": 0.215985267974048, "kt": 11.777839998058056, "train_sc_a": [0.4261247162432927], "train_sc_v": [0.004926596150446502], "val_sc_a": 0, "val_sc_v": 0, "total_sc_a": 0, "total_sc_v": 0}