{"c1": 0.030433881632494775, "c2": 0.2739660216371746, "ch1": -0.008981929966534357, "ch2": 0.09995978656138088, "di": 0.570560220083467, "dj": 1.1788775893802486, "dk": 0.7716183395950604, "vw_i": -0.8548180945663131, "vw_j": -0.24019267385939178, "kt": 9.477718397586566, "train_sc_a": [0.7020846582979509], "train_sc_v": [0.006251273501147808], "val_sc_a": 0, "val_sc_v": 0, "total_sc_a": 0, "total_sc_v": 0}