{"c1": 0.025572584163596805, "c2": 0.20358304554052045, "ch1": -0.011393680019302356, "ch2": 0.09531176834476698, "di": 1.2753567793850127, "dj": 1.5225775625379796, "dk": 0.0, "vw_i": -0.3776804714836223, "vw_j": 0.2745979802601758, "kt": 11.658774411007865, "train_sc_a": [1.1303645738511647], "train_sc_v": [0.012338338339267795], "val_sc_a": 0, "val_sc_v": 0, "total_sc_a": 0, "total_sc_v": 0}