{"c1": 0.02681775103479038, "c2": 0.3166814527177759, "ch1": -0.10572859265200552, "ch2": 0.09052754057924042, "di": 1.399968070765816, "dj": 0.42351281012423736, "dk": 1.037915298170694, "vw_i": -0.9712022929761105, "vw_j": -0.8126959303153611, "kt": 9.662271058232033, "train_sc_a": [3.8456176951695435], "train_sc_v": [0.01569264763327876], "val_sc_a": 0, "val_sc_v": 0, "total_sc_a": 0, "total_sc_v": 0}