{"c1": 0.027445649558179182, "c2": 0.23482246052468614, "ch1": 0.0032237476574763723, "ch2": 0.09768909873503047, "di": 0.7665491022409439, "dj": 0.20561333029151685, "dk": 0.0, "vw_i": -1.5352089114309255, "vw_j": -0.6754677517002611, "kt": 10.661419118623995, "train_sc_a": [0.5904468891149772], "train_sc_v": [0.006725535439727666], "val_sc_a": 0, "val_sc_v": 0, "total_sc_a": 0, "total_sc_v": 0}