{"c1": 0.0284424684133788, "c2": 0.22739658810198524, "ch1": 0.006636529635800817, "ch2": 0.09848695650466882, "di": 1.1666381786884539, "dj": 0.11417288891470882, "dk": 2.726400017380855, "vw_i": -1.4734883805060925, "vw_j": -0.5685086065910071, "kt": 10.634971177859635, "train_sc_a": [1.3726411711973885], "train_sc_v": [0.012838571420664404], "val_sc_a": 0, "val_sc_v": 0, "total_sc_a": 0, "total_sc_v": 0}