{"c1": 0.026740761203963154, "c2": 0.21635120995667442, "ch1": -0.007964838598467257, "ch2": 0.09640340444223831, "di": 3.5022744962425802, "dj": 1.634219083831585, "dk": 0.3751688782616088, "vw_i": -1.477338783598411, "vw_j": -0.3613010275974998, "kt": 10.186295791812244, "train_sc_a": [0.39021491659592805], "train_sc_v": [0.004070778483734559], "val_sc_a": 0, "val_sc_v": 0, "total_sc_a": 0, "total_sc_v": 0}