{"c1": 0.022044596557147918, "c2": 0.15352513665078718, "ch1": 0.00986532312597308, "ch2": 0.09476102142103765, "di": 2.7486491161530084, "dj": 0.8819211151638161, "dk": 0.0, "vw_i": -1.4318168217219196, "vw_j": -0.7617147137834703, "kt": 12.492189910042798, "train_sc_a": [0.4393077906842268], "train_sc_v": [0.004046898321586608], "val_sc_a": 0, "val_sc_v": 0, "total_sc_a": 0, "total_sc_v": 0}