{"c1": 0.026793499896036802, "c2": 0.20431048863944, "ch1": 0.021304876680177796, "ch2": 0.09820713376697995, "di": 0.40507705130412514, "dj": 0.638286595477148, "dk": 0.02565493967108381, "vw_i": -0.6789736085135601, "vw_j": -0.3959185698591974, "kt": 10.5035601832537, "train_sc_a": [0.46025123460479955], "train_sc_v": [0.004626916041227788], "val_sc_a": 0, "val_sc_v": 0, "total_sc_a": 0, "total_sc_v": 0}