{"c1": 0.028442531582679897, "c2": 0.08854082096721429, "ch1": 0.1554258310069171, "ch2": 0.10520499602731916, "di": 2.2196539810467533, "dj": 8.009218031587464, "dk": 0.0, "vw_i": -0.7295469725578346, "vw_j": -0.13868219066817872, "kt": 10.412900371930075, "train_sc_a": [8.126432353639814], "train_sc_v": [0.03387513748861146], "val_sc_a": 0, "val_sc_v": 0, "total_sc_a": 0, "total_sc_v": 0}