{"c1": 0.022403857879353777, "c2": 0.15076659029678652, "ch1": 0.005604202668401068, "ch2": 0.094376182009972, "di": 1.784070391260002, "dj": 1.0407575464978271, "dk": 0.6816720373315982, "vw_i": -1.719485850633324, "vw_j": -0.2859438930757793, "kt": 12.44715605513343, "train_sc_a": [0.3325116446209923], "train_sc_v": [0.006578347910055496], "val_sc_a": 0, "val_sc_v": 0, "total_sc_a": 0, "total_sc_v": 0}