{"c1": 0.019928893689816787, "c2": 0.11993025601827667, "ch1": -8.376738709940483e-05, "ch2": 0.09346360237730182, "di": 0.8145093049775747, "dj": 0.8011027866746052, "dk": 0.46506401323546637, "vw_i": -1.022328036122081, "vw_j": -0.17302293798527157, "kt": 10.819947515819939, "train_sc_a": [0.8611520698078374], "train_sc_v": [0.006301955780259865], "val_sc_a": 0, "val_sc_v": 0, "total_sc_a": 0, "total_sc_v": 0}