{"c1": 0.030598403406361458, "c2": 0.27286336688146434, "ch1": -0.00493359071518357, "ch2": 0.09911593562388982, "di": 1.999470461813783, "dj": 0.824802847173288, "dk": 0.0, "vw_i": -1.8548646654738519, "vw_j": -0.9384126361700884, "kt": 10.05358683820829, "train_sc_a": [0.4831118668577203], "train_sc_v": [0.0070165079505945475], "val_sc_a": 0, "val_sc_v": 0, "total_sc_a": 0, "total_sc_v": 0}