{"c1": 0.028079935154845623, "c2": 0.224755732462905, "ch1": 0.011890565890826682, "ch2": 0.09873458299133808, "di": 1.7214553059694357, "dj": 0.9093809463411536, "dk": 0.0, "vw_i": -0.7752788220641618, "vw_j": 0.01710963533620158, "kt": 10.06982633778783, "train_sc_a": [0.346188278284759], "train_sc_v": [0.006675793054546622], "val_sc_a": 0, "val_sc_v": 0, "total_sc_a": 0, "total_sc_v": 0}