{"c1": 0.02773541132838615, "c2": 0.23389513037104015, "ch1": 0.012006700422813339, "ch2": 0.0984479103033484, "di": 0.40777963320226923, "dj": 0.21642977090761953, "dk": 0.0, "vw_i": -1.5530070243264784, "vw_j": -0.5499431237827563, "kt": 10.114442341481585, "train_sc_a": [0.4697987526067329], "train_sc_v": [0.003998511921051789], "val_sc_a": 0, "val_sc_v": 0, "total_sc_a": 0, "total_sc_v": 0}