{"c1": 0.023740677175335026, "c2": 0.15886013380409547, "ch1": -0.4812179393262895, "ch2": 0.06133194946700935, "di": 1.4887888228897723, "dj": 0.0, "dk": 1.5389380308814038, "vw_i": -2.210096123228, "vw_j": -1.1471886586279088, "kt": 12.25531658834919, "train_sc_a": [5.2978042939429875], "train_sc_v": [0.022549881297515336], "val_sc_a": 0, "val_sc_v": 0, "total_sc_a": 0, "total_sc_v": 0}