{"c1": 0.026975531566976744, "c2": 0.2297891331102156, "ch1": -0.007990345125738686, "ch2": 0.09710521280541476, "di": 2.266832509507971, "dj": 2.381952825570107, "dk": 0.1301541050782834, "vw_i": -1.1219587073647295, "vw_j": -0.10077494452226388, "kt": 10.122081186396894, "train_sc_a": [0.5204671096375278], "train_sc_v": [0.008948024315736004], "val_sc_a": 0, "val_sc_v": 0, "total_sc_a": 0, "total_sc_v": 0}