{"c1": 0.022533335585823835, "c2": 0.3078206956411901, "ch1": -0.023917207876777393, "ch2": 0.09586545284486535, "di": 0.3439263539568251, "dj": 0.10090700175073065, "dk": 0.0, "vw_i": -1.2453161797717165, "vw_j": -1.1194923249934592, "kt": 10.2270167237813, "train_sc_a": [4.373140825850784], "train_sc_v": [0.017092561780367135], "val_sc_a": 0, "val_sc_v": 0, "total_sc_a": 0, "total_sc_v": 0}