{"c1": 0.019370808887138692, "c2": 0.12170927724409422, "ch1": 0.004409586712291191, "ch2": 0.09212787005342332, "di": 1.1988065973123565, "dj": 1.0577265990066251, "dk": 1.1931578763467514, "vw_i": -0.7031120147803946, "vw_j": -0.21735952836973202, "kt": 10.949500310054388, "train_sc_a": [2.404320208659336], "train_sc_v": [0.015336778161253832], "val_sc_a": 0, "val_sc_v": 0, "total_sc_a": 0, "total_sc_v": 0}