{"c1": 0.021354830941625914, "c2": 0.14764490051550133, "ch1": -0.0005987237216712087, "ch2": 0.0937871580777256, "di": 2.2865100821087947, "dj": 1.4939082208910044, "dk": 0.1943540026865002, "vw_i": -0.6274325448514775, "vw_j": -0.03018828519178894, "kt": 10.358123030202677, "train_sc_a": [0.3564376799228093], "train_sc_v": [0.004249723777150878], "val_sc_a": 0, "val_sc_v": 0, "total_sc_a": 0, "total_sc_v": 0}