{"c1": 0.027078379802605506, "c2": 0.20216567447653852, "ch1": -0.008116748207984966, "ch2": 0.09607065939479315, "di": 1.6779139611597944, "dj": 1.2994319873296774, "dk": 0.0, "vw_i": -0.5629316558300961, "vw_j": -0.47165175380310004, "kt": 10.399008200699523, "train_sc_a": [0.5721885674393632], "train_sc_v": [0.00715724497435411], "val_sc_a": 0, "val_sc_v": 0, "total_sc_a": 0, "total_sc_v": 0}