{"c1": 0.026567784820754115, "c2": 0.2041085390915912, "ch1": -0.020626706944016644, "ch2": 0.09445216705989815, "di": 2.0233577909883356, "dj": 1.5887780353590553, "dk": 0.0, "vw_i": -0.8009498090402343, "vw_j": -0.47144258183353654, "kt": 10.399522544535696, "train_sc_a": [1.7394253958897024], "train_sc_v": [0.016236648081738136], "val_sc_a": 0, "val_sc_v": 0, "total_sc_a": 0, "total_sc_v": 0}