{"c1": 0.027369181537917765, "c2": 0.2258034638208616, "ch1": -0.017457306696069312, "ch2": 0.09635237132527352, "di": 2.115542801871827, "dj": 2.8613528582099588, "dk": 1.6758630298609645, "vw_i": -1.380143274867909, "vw_j": -0.25006661977675765, "kt": 10.169323612448933, "train_sc_a": [0.6064301968122602], "train_sc_v": [0.00725209954261417], "val_sc_a": 0, "val_sc_v": 0, "total_sc_a": 0, "total_sc_v": 0}