{"c1": 0.027069924819213546, "c2": 0.2022292547932991, "ch1": -0.010123568153711467, "ch2": 0.09590531834318783, "di": 1.6693152311273047, "dj": 1.2825260808526469, "dk": 0.0, "vw_i": -0.5679057911413525, "vw_j": -0.4723181890645509, "kt": 10.40295239440905, "train_sc_a": [0.5412202025248989], "train_sc_v": [0.006636369260592937], "val_sc_a": 0, "val_sc_v": 0, "total_sc_a": 0, "total_sc_v": 0}