{"c1": 0.030307804246105113, "c2": 0.27407979953628797, "ch1": 0.0016348803899798338, "ch2": 0.10064614572266165, "di": 1.280746855793691, "dj": 1.3292046564953457, "dk": 0.0, "vw_i": -0.30140236113812263, "vw_j": -0.1516959614132026, "kt": 9.673278896954523, "train_sc_a": [0.5364429099225583], "train_sc_v": [0.008335520232807708], "val_sc_a": 0, "val_sc_v": 0, "total_sc_a": 0, "total_sc_v": 0}