{"c1": 0.023019294635006876, "c2": 0.16447379683854307, "ch1": -0.011772650044933435, "ch2": 0.09410428428905868, "di": 0.831025900143602, "dj": 0.008094464936028336, "dk": 2.087958561288339, "vw_i": -0.6269202678852803, "vw_j": -0.006964166265574994, "kt": 12.165005059191634, "train_sc_a": [0.5580431240304223], "train_sc_v": [0.006983056759403521], "val_sc_a": 0, "val_sc_v": 0, "total_sc_a": 0, "total_sc_v": 0}