{"c1": 0.023858653595935083, "c2": 0.16567941126899735, "ch1": -0.001888932860435373, "ch2": 0.09496927501884762, "di": 1.7684458151764029, "dj": 1.099604336419345, "dk": 1.6367410630213302, "vw_i": -1.6256146084468417, "vw_j": -0.4366247061605665, "kt": 11.75463081242841, "train_sc_a": [0.6351354931291299], "train_sc_v": [0.008909068495573385], "val_sc_a": 0, "val_sc_v": 0, "total_sc_a": 0, "total_sc_v": 0}