{"c1": 0.028040273555676665, "c2": 0.1816793913584847, "ch1": -0.42553900590678917, "ch2": 0.05637461132066946, "di": 1.3792672218311925, "dj": 0.7443943486940624, "dk": 0.08755867908869427, "vw_i": 2.475122047010138, "vw_j": 1.0725023189427711, "kt": 11.614777285299937, "train_sc_a": [22.484887702292017], "train_sc_v": [0.09568538756058159], "val_sc_a": 0, "val_sc_v": 0, "total_sc_a": 0, "total_sc_v": 0}