{"c1": 0.022445374087583857, "c2": 0.15040721264437273, "ch1": 0.007903489899922315, "ch2": 0.09459173456415303, "di": 2.4030098667434614, "dj": 0.3034551457772003, "dk": 0.3526265171668009, "vw_i": -1.6523392937364085, "vw_j": -0.3414517711361747, "kt": 12.422675427103687, "train_sc_a": [0.8296988650989939], "train_sc_v": [0.004869286527578461], "val_sc_a": 0, "val_sc_v": 0, "total_sc_a": 0, "total_sc_v": 0}