{"c1": 0.02704552878407462, "c2": 0.2289985160111746, "ch1": 0.0024144766940450294, "ch2": 0.09793752571761308, "di": 2.211719412187746, "dj": 1.2602346367308095, "dk": 0.0, "vw_i": -0.8403837847364398, "vw_j": -0.04946848116633904, "kt": 10.07607985309667, "train_sc_a": [0.7446091204625386], "train_sc_v": [0.004912813308814734], "val_sc_a": 0, "val_sc_v": 0, "total_sc_a": 0, "total_sc_v": 0}