{"c1": 0.02927577797806678, "c2": 0.2412229355980221, "ch1": 0.011216589846080736, "ch2": 0.09992425637292537, "di": 1.5520514956015756, "dj": 0.13681127690629177, "dk": 0.0, "vw_i": -1.2174732555444314, "vw_j": -0.48284268380700707, "kt": 10.046029396701163, "train_sc_a": [1.0039885724736075], "train_sc_v": [0.009811931081609803], "val_sc_a": 0, "val_sc_v": 0, "total_sc_a": 0, "total_sc_v": 0}