{"c1": 0.022424981214628645, "c2": 0.15057657441837874, "ch1": 0.0023018167404527832, "ch2": 0.09422265612312647, "di": 3.194980143188244, "dj": 0.7871186937235451, "dk": 0.2805135395423713, "vw_i": -1.6001746948605917, "vw_j": -0.4503409420429698, "kt": 12.447447637733006, "train_sc_a": [0.7601053322582846], "train_sc_v": [0.00952359059648092], "val_sc_a": 0, "val_sc_v": 0, "total_sc_a": 0, "total_sc_v": 0}