{"c1": 0.029264350117423742, "c2": 0.22244198983160365, "ch1": 0.0097805330390691, "ch2": 0.09947925974796157, "di": 1.5569047873274786, "dj": 0.5808933490946414, "dk": 0.7718513283505771, "vw_i": -1.5091178894355401, "vw_j": -0.3304162739943192, "kt": 9.422332227156131, "train_sc_a": [0.38791235512730915], "train_sc_v": [0.007571166261144501], "val_sc_a": 0, "val_sc_v": 0, "total_sc_a": 0, "total_sc_v": 0}