{"c1": 0.020463599331432405, "c2": 0.10023420496857996, "ch1": 0.003988628394192884, "ch2": 0.09145036120896957, "di": 0.624300583198854, "dj": 0.0, "dk": 5.12142068110885, "vw_i": -0.887863185735176, "vw_j": -0.3077297026360051, "kt": 9.114330154580028, "train_sc_a": [1.3415729394298368], "train_sc_v": [0.010926875244220818], "val_sc_a": 0, "val_sc_v": 0, "total_sc_a": 0, "total_sc_v": 0}