{"c1": 0.029697371700031457, "c2": 0.21909423862098043, "ch1": 0.003328360217398527, "ch2": 0.09862766227130221, "di": 1.6676290498272845, "dj": 1.3172382951297574, "dk": 0.0, "vw_i": -1.374926876103391, "vw_j": -0.26281263347670647, "kt": 9.58913681396577, "train_sc_a": [0.2915957012805843], "train_sc_v": [0.0019559799758617526], "val_sc_a": 0, "val_sc_v": 0, "total_sc_a": 0, "total_sc_v": 0}