{"c1": 0.025643263642384864, "c2": 0.202724711396983, "ch1": -0.02045079072154897, "ch2": 0.0945066541919894, "di": 1.3888673869297163, "dj": 1.8002268997656259, "dk": 0.0, "vw_i": -0.2394066399303574, "vw_j": 0.2864180911995571, "kt": 11.598124889500792, "train_sc_a": [0.3519490794378048], "train_sc_v": [0.002131213580865804], "val_sc_a": 0, "val_sc_v": 0, "total_sc_a": 0, "total_sc_v": 0}