{"c1": 0.024543188973969298, "c2": 0.19311644028855632, "ch1": 0.00202425027013861, "ch2": 0.09662518064078027, "di": 1.362902214618038, "dj": 1.6719128170724111, "dk": 0.0, "vw_i": -0.611876167611703, "vw_j": -0.3419331478536381, "kt": 11.52300297002328, "train_sc_a": [0.44072747276313684], "train_sc_v": [0.007001543818444821], "val_sc_a": 0, "val_sc_v": 0, "total_sc_a": 0, "total_sc_v": 0}