{"c1": 0.023138046521143322, "c2": 0.18308342915168935, "ch1": 0.014227929272216605, "ch2": 0.09673914750922218, "di": 0.9427322769387804, "dj": 0.0, "dk": 0.0, "vw_i": -1.3843200956337793, "vw_j": -0.07850059726630991, "kt": 11.723343915339617, "train_sc_a": [2.5453297211440336], "train_sc_v": [0.014292693075944888], "val_sc_a": 0, "val_sc_v": 0, "total_sc_a": 0, "total_sc_v": 0}