{"c1": 0.019710919040749023, "c2": 0.10014048769506952, "ch1": 0.012325174058553524, "ch2": 0.09192011572463127, "di": 0.896959007400356, "dj": 0.0, "dk": 1.1397832134484474, "vw_i": -0.7383218874937676, "vw_j": -0.15631104846006466, "kt": 5.082595798964585, "train_sc_a": [1.1577795785628644], "train_sc_v": [0.013004963080475957], "val_sc_a": 0, "val_sc_v": 0, "total_sc_a": 0, "total_sc_v": 0}