{"c1": 0.032183674827054184, "c2": 0.25299723911219274, "ch1": -0.03294627515909958, "ch2": 0.09761400421515198, "di": 1.0066216596624582, "dj": 0.0, "dk": 0.0, "vw_i": -0.144061991657614, "vw_j": -0.37273011200271683, "kt": 9.703999545553216, "train_sc_a": [0.6576624351279885], "train_sc_v": [0.006086255636106824], "val_sc_a": 0, "val_sc_v": 0, "total_sc_a": 0, "total_sc_v": 0}