{"c1": 0.02873877160271605, "c2": 0.24519967004926638, "ch1": 0.0006087143591466029, "ch2": 0.09910137679029087, "di": 1.6271252321388239, "dj": 0.9524364472536965, "dk": 0.0, "vw_i": -1.18933324300161, "vw_j": -0.45560468667422327, "kt": 9.924346550506813, "train_sc_a": [1.2033324825037595], "train_sc_v": [0.00985618874113414], "val_sc_a": 0, "val_sc_v": 0, "total_sc_a": 0, "total_sc_v": 0}