{"c1": 0.02389043992786829, "c2": 0.15815980224382956, "ch1": 0.007375301235399086, "ch2": 0.09580969391587862, "di": 1.8900930934347482, "dj": 0.799805478000726, "dk": 0.17645539072564842, "vw_i": -1.0726302286287122, "vw_j": -0.5347713332328149, "kt": 11.698979377332137, "train_sc_a": [0.5426818050828285], "train_sc_v": [0.006095851435748133], "val_sc_a": 0, "val_sc_v": 0, "total_sc_a": 0, "total_sc_v": 0}