{"c1": 0.0290589674734835, "c2": 0.2278906025180054, "ch1": 0.005811828806489323, "ch2": 0.09887113780011347, "di": 1.7115632312704971, "dj": 1.4349029892787422, "dk": 0.0, "vw_i": -1.3213094250579234, "vw_j": -0.38653690751910186, "kt": 10.103989969747019, "train_sc_a": [0.5089571139653374], "train_sc_v": [0.00551725210568282], "val_sc_a": 0, "val_sc_v": 0, "total_sc_a": 0, "total_sc_v": 0}