{"c1": 0.02328926146722616, "c2": 0.18209084808113896, "ch1": 0.011688796041343897, "ch2": 0.09646272326714224, "di": 0.9246105501498767, "dj": 0.5014409275974794, "dk": 0.0, "vw_i": -1.4148924317421139, "vw_j": -0.12339146313841826, "kt": 11.827126868235213, "train_sc_a": [0.4058099298366421], "train_sc_v": [0.005550734513843917], "val_sc_a": 0, "val_sc_v": 0, "total_sc_a": 0, "total_sc_v": 0}