{"c1": 0.023392814541512257, "c2": 0.32504168693844315, "ch1": -0.008483259784033921, "ch2": 0.09949511490729952, "di": 19.437736564142718, "dj": 0.6518481691267085, "dk": 0.0, "vw_i": -1.9481937433416918, "vw_j": 2.106237093387702, "kt": 10.502806650558535, "train_sc_a": [7.72651514821604], "train_sc_v": [0.03139334877012913], "val_sc_a": 0, "val_sc_v": 0, "total_sc_a": 0, "total_sc_v": 0}