{"c1": 0.0277101030981928, "c2": 0.19337810961219248, "ch1": -0.46565012189698685, "ch2": 0.053319492454675224, "di": 2.4634745303230585, "dj": 0.6317639724645715, "dk": 0.0, "vw_i": 0.5360328249080942, "vw_j": 0.6711749191759632, "kt": 10.37701331796527, "train_sc_a": [38.627694398475455], "train_sc_v": [0.16139272543890373], "val_sc_a": 0, "val_sc_v": 0, "total_sc_a": 0, "total_sc_v": 0}