{"c1": 0.02025875176967072, "c2": 0.11507145041197545, "ch1": 0.0040319686591859935, "ch2": 0.09366785852529612, "di": 1.0058576648342359, "dj": 0.4799601514172955, "dk": 0.6927565762651842, "vw_i": -0.8409463674703253, "vw_j": -0.19668582621814168, "kt": 10.841169837603378, "train_sc_a": [0.44240851013403065], "train_sc_v": [0.006675115023914587], "val_sc_a": 0, "val_sc_v": 0, "total_sc_a": 0, "total_sc_v": 0}