{"c1": 0.026689809693944664, "c2": 0.21073918234530076, "ch1": -0.0012023547958524173, "ch2": 0.09688781288920832, "di": 2.524684451145521, "dj": 1.021006865564768, "dk": 0.21302495702997015, "vw_i": -1.603106843498396, "vw_j": -0.5995763572385944, "kt": 10.4232845500983, "train_sc_a": [0.3903354354129582], "train_sc_v": [0.004954228333503101], "val_sc_a": 0, "val_sc_v": 0, "total_sc_a": 0, "total_sc_v": 0}