{"c1": 0.02936563051689773, "c2": 0.2216246773589739, "ch1": 0.00964536605381884, "ch2": 0.09944596503677375, "di": 1.6062169576895622, "dj": 0.7425202247721433, "dk": 0.5921902467041192, "vw_i": -1.491413293165579, "vw_j": -0.2836773146368977, "kt": 9.427155690527993, "train_sc_a": [0.42141495132869955], "train_sc_v": [0.00762613132513282], "val_sc_a": 0, "val_sc_v": 0, "total_sc_a": 0, "total_sc_v": 0}