{"c1": 0.01870213435775435, "c2": 0.11442955096880121, "ch1": -0.01085461789472305, "ch2": 0.09004165856714497, "di": 0.7391452957619079, "dj": 1.0916091037464308, "dk": 0.6872999941972565, "vw_i": -0.22088095156290913, "vw_j": 0.22413029807474966, "kt": 8.964468683219366, "train_sc_a": [2.060994647231143], "train_sc_v": [0.011988870904469364], "val_sc_a": 0, "val_sc_v": 0, "total_sc_a": 0, "total_sc_v": 0}