{"c1": 0.021496942568917893, "c2": 0.13401340360659666, "ch1": 0.012927562569144147, "ch2": 0.09463275097218908, "di": 1.2298526046861757, "dj": 2.069424545973382, "dk": 0.0, "vw_i": -1.129316581536654, "vw_j": -0.28806013059623214, "kt": 10.327983767523545, "train_sc_a": [0.4688989798239086], "train_sc_v": [0.004678479230214087], "val_sc_a": 0, "val_sc_v": 0, "total_sc_a": 0, "total_sc_v": 0}