{"c1": 0.018651240653499983, "c2": 0.11478124230604964, "ch1": 0.019841176278434843, "ch2": 0.09221789508353008, "di": 0.7393923175688566, "dj": 1.0919739186953117, "dk": 0.26671847669924675, "vw_i": -0.2710846580152534, "vw_j": 0.17870728236524724, "kt": 8.953959915211716, "train_sc_a": [3.16454336879434], "train_sc_v": [0.01952909437870937], "val_sc_a": 0, "val_sc_v": 0, "total_sc_a": 0, "total_sc_v": 0}