{"c1": 0.019870567910197052, "c2": 0.11285268363173413, "ch1": 0.013306419095772154, "ch2": 0.09274411355203652, "di": 0.2043389604968506, "dj": 1.1652258265088102, "dk": 1.2066178505234992, "vw_i": -0.7499271242482366, "vw_j": -0.2956522744168633, "kt": 11.00209870071459, "train_sc_a": [0.9210856341515655], "train_sc_v": [0.0081606966552352], "val_sc_a": 0, "val_sc_v": 0, "total_sc_a": 0, "total_sc_v": 0}