{"c1": 0.03062771617524458, "c2": 0.27264252134475536, "ch1": -0.014219450258717386, "ch2": 0.09958724660563141, "di": 0.7532431098065698, "dj": 1.7873877628774053, "dk": 2.644605223082447, "vw_i": -0.8649328610289152, "vw_j": -0.23453681335692092, "kt": 9.48201252038426, "train_sc_a": [0.4991049015341048], "train_sc_v": [0.0064263517839001786], "val_sc_a": 0, "val_sc_v": 0, "total_sc_a": 0, "total_sc_v": 0}