{"c1": 0.03035600649109924, "c2": 0.27449644448267885, "ch1": -0.002291920143179408, "ch2": 0.10042411350691625, "di": 0.54086266859816, "dj": 1.180566412441591, "dk": 0.0, "vw_i": -0.8397140589275587, "vw_j": -0.23581760639252225, "kt": 9.475448062591205, "train_sc_a": [0.5836697507765287], "train_sc_v": [0.00844382662253636], "val_sc_a": 0, "val_sc_v": 0, "total_sc_a": 0, "total_sc_v": 0}