{"c1": 0.025721117368638035, "c2": 0.20196557516817198, "ch1": 0.003505832126136053, "ch2": 0.09626044361348712, "di": 1.6789500220219533, "dj": 3.0143570711569954, "dk": 0.0, "vw_i": -0.23483740781008516, "vw_j": 0.20720630467712223, "kt": 11.508093877037433, "train_sc_a": [0.6099685263427955], "train_sc_v": [0.004849981260026446], "val_sc_a": 0, "val_sc_v": 0, "total_sc_a": 0, "total_sc_v": 0}