{"c1": 0.026522424313381043, "c2": 0.20701465730846136, "ch1": -0.020260278028057223, "ch2": 0.09515239125359942, "di": 2.1691232051380966, "dj": 2.2254106705524506, "dk": 0.0, "vw_i": -0.5485788035020732, "vw_j": -0.3304124126412011, "kt": 10.402720158339632, "train_sc_a": [0.304239196294964], "train_sc_v": [0.0013289444406468438], "val_sc_a": 0, "val_sc_v": 0, "total_sc_a": 0, "total_sc_v": 0}