{"c1": 0.02802454114707865, "c2": 0.0835172140707057, "ch1": -0.0540192361097009, "ch2": 0.08965183795094181, "di": 0.8444317494775224, "dj": 0.3983033069094969, "dk": 0.0, "vw_i": -6.146039918725887, "vw_j": -3.368042843297826, "kt": 13.802544665161797, "train_sc_a": [7.9198516867046385], "train_sc_v": [0.031771008124174244], "val_sc_a": 0, "val_sc_v": 0, "total_sc_a": 0, "total_sc_v": 0}