{"c1": 0.027579547159296745, "c2": 0.21122298203048173, "ch1": -0.49721345940290723, "ch2": 0.06028685779613853, "di": 2.465877044704885, "dj": 1.9635019551222037, "dk": 4.413806360120969, "vw_i": -0.765811153538384, "vw_j": -0.1079111000096148, "kt": 10.272782534803838, "train_sc_a": [39.54038978042691], "train_sc_v": [0.1517645562776865], "val_sc_a": 0, "val_sc_v": 0, "total_sc_a": 0, "total_sc_v": 0}