{"c1": 0.02617481987937883, "c2": 0.20846801420162026, "ch1": 0.0020833071753829794, "ch2": 0.09615412330180936, "di": 1.9158779823959244, "dj": 1.3004240755483107, "dk": 1.158633163152718, "vw_i": -1.4161326739639244, "vw_j": -0.6867806451434724, "kt": 10.487278452036076, "train_sc_a": [0.5539542544505213], "train_sc_v": [0.008130152702557503], "val_sc_a": 0, "val_sc_v": 0, "total_sc_a": 0, "total_sc_v": 0}