{"c1": 0.021530306862298683, "c2": 0.15907221149551848, "ch1": -0.006095645295540025, "ch2": 0.09383606671178196, "di": 1.3420569116017809, "dj": 1.9694920953539086, "dk": 0.0, "vw_i": -1.5330757692984733, "vw_j": -0.7153959931553361, "kt": 12.380292262519868, "train_sc_a": 0.0, "train_sc_v": 0.0, "val_sc_a": [0.510262839193546], "val_sc_v": [0.007341994514838034], "total_sc_a": 0, "total_sc_v": 0}