{"c1": 0.031381292064900645, "c2": 0.26504744598407654, "ch1": 0.013609065172075387, "ch2": 0.10020210991094297, "di": 0.4715631565071066, "dj": 1.8873679092704516, "dk": 0.04446797094887815, "vw_i": -0.9341497317802803, "vw_j": -0.019236490809747788, "kt": 10.046334062548047, "train_sc_a": [0.45197269329105105], "train_sc_v": [0.004591929942268972], "val_sc_a": 0, "val_sc_v": 0, "total_sc_a": 0, "total_sc_v": 0}