{"c1": 0.01916840104319065, "c2": 0.11168034243380592, "ch1": -0.013412485829126295, "ch2": 0.09040566930907591, "di": 2.3437234548063812, "dj": 0.47213531868291286, "dk": 0.048259779515819876, "vw_i": -0.1095630886583477, "vw_j": 0.46128689202150436, "kt": 9.683631050431124, "train_sc_a": [0.30928829235234223], "train_sc_v": [0.001967321892792245], "val_sc_a": 0, "val_sc_v": 0, "total_sc_a": 0, "total_sc_v": 0}