{"c1": 0.027470582476688488, "c2": 0.21193220965378, "ch1": -0.03200436074846538, "ch2": 0.0948687203578469, "di": 2.4641132518151214, "dj": 1.8056614760723784, "dk": 0.31255075230814083, "vw_i": -1.2601683284379204, "vw_j": -0.6009429199193306, "kt": 10.241963803098592, "train_sc_a": [1.8291578688382848], "train_sc_v": [0.013088691601295815], "val_sc_a": 0, "val_sc_v": 0, "total_sc_a": 0, "total_sc_v": 0}