{"c1": 0.02293327071431366, "c2": 0.16608579467260748, "ch1": 0.007247044940896618, "ch2": 0.09574082820067512, "di": 1.8000969612579028, "dj": 1.0640142317657162, "dk": 0.38011607454173274, "vw_i": -1.00163496817088, "vw_j": -0.4412061438771635, "kt": 11.718060707805654, "train_sc_a": [0.5297250576440775], "train_sc_v": [0.008417992334957639], "val_sc_a": 0, "val_sc_v": 0, "total_sc_a": 0, "total_sc_v": 0}