{"c1": 0.027376749598683445, "c2": 0.20370932662850805, "ch1": 0.35267467618563236, "ch2": 0.12531310779884003, "di": 2.079833748472871, "dj": 33.2499402307484, "dk": 1.7783762818993694, "vw_i": -0.8196263817957652, "vw_j": -0.6968765198182716, "kt": 10.425987484206333, "train_sc_a": [28.31154728116466], "train_sc_v": [0.11299422219121653], "val_sc_a": 0, "val_sc_v": 0, "total_sc_a": 0, "total_sc_v": 0}