{"c1": 0.028465039390354885, "c2": 0.23049343169241246, "ch1": 0.006377951862201906, "ch2": 0.09878746803888079, "di": 0.7150005659415446, "dj": 0.23850456092197525, "dk": 2.4541586988545836, "vw_i": -1.1198378276585526, "vw_j": -0.7256922110977722, "kt": 10.619853014244661, "train_sc_a": [0.38315660043514943], "train_sc_v": [0.006616873489624548], "val_sc_a": 0, "val_sc_v": 0, "total_sc_a": 0, "total_sc_v": 0}