{"c1": 0.027786561518193642, "c2": 0.23223740117939726, "ch1": -0.0036440073266364075, "ch2": 0.097275787135204, "di": 0.7275326557313861, "dj": 0.3583104455906085, "dk": 1.2226254110101307, "vw_i": -1.4433160023427587, "vw_j": -0.568323173111211, "kt": 10.632705963084135, "train_sc_a": [1.6541275429733782], "train_sc_v": [0.01132949848769961], "val_sc_a": 0, "val_sc_v": 0, "total_sc_a": 0, "total_sc_v": 0}