{"c1": 0.022412874391626744, "c2": 0.15069707218119807, "ch1": 0.005483628349339424, "ch2": 0.09436879800712362, "di": 1.8367122805228089, "dj": 0.9698853739227221, "dk": 0.6669243807370706, "vw_i": -1.71275769233185, "vw_j": -0.28916238665405747, "kt": 12.446145361147764, "train_sc_a": [0.3285010544985187], "train_sc_v": [0.00658019475723939], "val_sc_a": 0, "val_sc_v": 0, "total_sc_a": 0, "total_sc_v": 0}