{"c1": 0.03311350548573435, "c2": 0.18473072595431175, "ch1": 0.2292197120519818, "ch2": 0.11442709575869608, "di": 1.8993302736998192, "dj": 22.963398954848408, "dk": 0.0, "vw_i": -1.3014392512732431, "vw_j": -2.009077893590629, "kt": 10.329017070330567, "train_sc_a": [19.14966523773986], "train_sc_v": [0.080457843997334], "val_sc_a": 0, "val_sc_v": 0, "total_sc_a": 0, "total_sc_v": 0}