{"c1": 0.024538533803683954, "c2": 0.19301017377629714, "ch1": 0.0038491061079435405, "ch2": 0.09683857377108575, "di": 1.6145603095523104, "dj": 1.1185332043062208, "dk": 0.0, "vw_i": -0.6027781505793474, "vw_j": -0.3361395279390867, "kt": 11.459301521920118, "train_sc_a": [1.0824337241995718], "train_sc_v": [0.0038153442845757332], "val_sc_a": 0, "val_sc_v": 0, "total_sc_a": 0, "total_sc_v": 0}