{"c1": 0.019477543364010655, "c2": 0.10925513235127648, "ch1": -0.010634928319451765, "ch2": 0.09052320978095078, "di": 2.5556857652507268, "dj": 0.2932340756583262, "dk": 0.0, "vw_i": -0.1161920927025821, "vw_j": 0.5026283819909647, "kt": 10.371546717775171, "train_sc_a": [1.4456938582669703], "train_sc_v": [0.007296732899102827], "val_sc_a": 0, "val_sc_v": 0, "total_sc_a": 0, "total_sc_v": 0}