{"c1": 0.018904715857779354, "c2": 0.1139155388051939, "ch1": 0.01206593859700025, "ch2": 0.09217806944870938, "di": 0.3332899110363232, "dj": 0.0, "dk": 0.0, "vw_i": -0.051522952394530835, "vw_j": 0.42547753319080295, "kt": 9.088900471375833, "train_sc_a": [0.6014433131475759], "train_sc_v": [0.006741488039387676], "val_sc_a": 0, "val_sc_v": 0, "total_sc_a": 0, "total_sc_v": 0}