{"c1": 0.028126807117675512, "c2": 0.224213305928188, "ch1": 0.003185954730410697, "ch2": 0.09794968009579626, "di": 1.3326511407683679, "dj": 0.5816670346338741, "dk": 0.0, "vw_i": -1.047129714980029, "vw_j": 0.007560775998545787, "kt": 10.049388460809658, "train_sc_a": [0.5532935694809299], "train_sc_v": [0.008437679641118728], "val_sc_a": 0, "val_sc_v": 0, "total_sc_a": 0, "total_sc_v": 0}