{"c1": 0.02028064625550814, "c2": 0.0948559475360658, "ch1": 0.06103680159452149, "ch2": 0.096769799493766, "di": 0.9896341738007414, "dj": 0.9896341738007414, "dk": 0.9896341738007414, "vw_i": -1.5548739298887913, "vw_j": -0.6394761062633496, "kt": 5.042677052579855, "train_sc_a": [1.051447305604712], "train_sc_v": [0.005546840014597332], "val_sc_a": 0, "val_sc_v": 0, "total_sc_a": 0, "total_sc_v": 0}