{"c1": 0.02879474425820676, "c2": 0.24533583993542762, "ch1": -0.009930633686857026, "ch2": 0.09800745861856236, "di": 1.611777550694313, "dj": 1.1864070494966283, "dk": 0.0, "vw_i": -1.2912820316925315, "vw_j": -0.5349743676827587, "kt": 9.572598236233771, "train_sc_a": [0.3972910202525005], "train_sc_v": [0.004038012307352373], "val_sc_a": 0, "val_sc_v": 0, "total_sc_a": 0, "total_sc_v": 0}