{"c1": 0.02893362773769395, "c2": 0.23217460855879946, "ch1": -0.0035130788080410874, "ch2": 0.09813886002978647, "di": 1.8009106357198328, "dj": 1.1818590300604777, "dk": 0.45816456470840866, "vw_i": -1.0557765315847198, "vw_j": -0.4711358984410229, "kt": 10.748482907877982, "train_sc_a": [0.5752097603426735], "train_sc_v": [0.006012935887549551], "val_sc_a": 0, "val_sc_v": 0, "total_sc_a": 0, "total_sc_v": 0}