{"c1": 0.022050018532844, "c2": 0.15363354888380393, "ch1": 0.009970524951439992, "ch2": 0.09476439496158338, "di": 2.7166681778958592, "dj": 0.9599194673349268, "dk": 0.08815807001590309, "vw_i": -1.3883487623091444, "vw_j": -0.8399308031987722, "kt": 12.557510751197084, "train_sc_a": [0.44127229109772204], "train_sc_v": [0.004018102992494069], "val_sc_a": 0, "val_sc_v": 0, "total_sc_a": 0, "total_sc_v": 0}