{"c1": 0.030613687541009297, "c2": 0.2727573701318115, "ch1": 0.0194188077736164, "ch2": 0.10088962487030172, "di": 2.0351571713836147, "dj": 0.7939442648640339, "dk": 0.0, "vw_i": -1.9869949365617532, "vw_j": -0.9469255614692242, "kt": 10.057286134601387, "train_sc_a": [1.1723994870604553], "train_sc_v": [0.008172138718809781], "val_sc_a": 0, "val_sc_v": 0, "total_sc_a": 0, "total_sc_v": 0}