{"c1": 0.015020783954888905, "c2": 0.22231404038464417, "ch1": -0.03790890143652932, "ch2": 0.0918175288907945, "di": 1.7771012118315312, "dj": 0.953401472242428, "dk": 0.020390547347600145, "vw_i": -1.9028980897984722, "vw_j": -1.1980255696119733, "kt": 13.675612559575079, "train_sc_a": [5.9744838431465], "train_sc_v": [0.02345915585260967], "val_sc_a": 0, "val_sc_v": 0, "total_sc_a": 0, "total_sc_v": 0}