{"c1": 0.021938882226150796, "c2": 0.15409826524681672, "ch1": -0.004671250078719136, "ch2": 0.09369708904725338, "di": 2.733561132258772, "dj": 0.8161156638215659, "dk": 0.006065198786876839, "vw_i": -1.3935214122236481, "vw_j": -0.7013454295063952, "kt": 12.398917415847606, "train_sc_a": [0.36279524992488915], "train_sc_v": [0.004313449227233658], "val_sc_a": 0, "val_sc_v": 0, "total_sc_a": 0, "total_sc_v": 0}