{"c1": 0.021551733108972335, "c2": 0.13442886016177877, "ch1": 0.016342451419207746, "ch2": 0.09483498821990817, "di": 1.881575839228377, "dj": 2.0016881741294714, "dk": 0.0, "vw_i": -0.94530569505459, "vw_j": -0.3276824419719053, "kt": 10.612183043424366, "train_sc_a": [0.4759823152077828], "train_sc_v": [0.004781540808611246], "val_sc_a": 0, "val_sc_v": 0, "total_sc_a": 0, "total_sc_v": 0}