{"c1": 0.03217235746703782, "c2": 0.2550784623492212, "ch1": -0.02855041730978406, "ch2": 0.09821610983570483, "di": 0.9663512215264979, "dj": 0.9346175302614464, "dk": 0.0, "vw_i": -0.5175335924248488, "vw_j": -0.24123178576008347, "kt": 9.127319325492785, "train_sc_a": [0.6725446636292011], "train_sc_v": [0.006012266079475942], "val_sc_a": 0, "val_sc_v": 0, "total_sc_a": 0, "total_sc_v": 0}