{"c1": 0.026642130646291708, "c2": 0.19507963478352747, "ch1": 0.41395290133729096, "ch2": 0.12663291892405432, "di": 4.870655408012777, "dj": 25.212133140585458, "dk": 0.0, "vw_i": -0.3779544776623833, "vw_j": 0.060737931227710616, "kt": 11.555730301329218, "train_sc_a": [13.902983451505701], "train_sc_v": [0.05906693448944977], "val_sc_a": 0, "val_sc_v": 0, "total_sc_a": 0, "total_sc_v": 0}