{"c1": 0.024801186820183407, "c2": 0.16912639353903447, "ch1": -0.021506407388620745, "ch2": 0.09456471073063576, "di": 1.5974181459968972, "dj": 1.755145220773664, "dk": 0.0, "vw_i": -0.47958114818980296, "vw_j": 0.07546408813695829, "kt": 11.640300343971766, "train_sc_a": [0.9048408699153051], "train_sc_v": [0.006289967323025507], "val_sc_a": 0, "val_sc_v": 0, "total_sc_a": 0, "total_sc_v": 0}