{"c1": 0.021184422467384962, "c2": 0.28094927249790114, "ch1": 0.022388973035624312, "ch2": 0.09831171341594336, "di": 2.4760534368150786, "dj": 2.7773740006154948, "dk": 0.0, "vw_i": -0.8522545754916405, "vw_j": -0.19106124821596443, "kt": 10.544521131008493, "train_sc_a": [4.371369425209558], "train_sc_v": [0.01791996492382768], "val_sc_a": 0, "val_sc_v": 0, "total_sc_a": 0, "total_sc_v": 0}