{"c1": 0.02025846723335853, "c2": 0.11446551586760889, "ch1": 0.014360921868855224, "ch2": 0.09411270424079159, "di": 1.3392527926586515, "dj": 0.35627198667820287, "dk": 0.02743855141673462, "vw_i": -0.527480212284072, "vw_j": -0.1235434230775215, "kt": 10.872583565480829, "train_sc_a": [0.6038551592620807], "train_sc_v": [0.007958513827395467], "val_sc_a": 0, "val_sc_v": 0, "total_sc_a": 0, "total_sc_v": 0}