{"c1": 0.027082309172045384, "c2": 0.21416380754674727, "ch1": -0.008003955685931118, "ch2": 0.09645686167492847, "di": 2.2723419562404907, "dj": 2.939825880070346, "dk": 0.0, "vw_i": -1.2841888706874536, "vw_j": -0.514183837657443, "kt": 10.37198532931905, "train_sc_a": [1.0556127811323461], "train_sc_v": [0.007025039352085546], "val_sc_a": 0, "val_sc_v": 0, "total_sc_a": 0, "total_sc_v": 0}