{"c1": 0.028076521639597982, "c2": 0.22859311678232272, "ch1": 0.004133786699618998, "ch2": 0.09786204980468718, "di": 0.6755164739629663, "dj": 0.0, "dk": 0.0, "vw_i": -1.4257263954580632, "vw_j": -0.34007523585953464, "kt": 10.177806767963233, "train_sc_a": [0.8163076346543626], "train_sc_v": [0.009735879764662681], "val_sc_a": 0, "val_sc_v": 0, "total_sc_a": 0, "total_sc_v": 0}