{"c1": 0.022407579531937286, "c2": 0.13766824631883165, "ch1": 0.007654512276613421, "ch2": 0.09469787032162671, "di": 1.3612220485408428, "dj": 0.9354162079383036, "dk": 0.0, "vw_i": -1.1477518200003307, "vw_j": -0.571383655965544, "kt": 12.083724732748049, "train_sc_a": [0.4869596222581665], "train_sc_v": [0.006013773042977155], "val_sc_a": 0, "val_sc_v": 0, "total_sc_a": 0, "total_sc_v": 0}