{"c1": 0.030239379336224444, "c2": 0.27553066024658845, "ch1": 0.010623820550507321, "ch2": 0.1000110751273377, "di": 2.6552913205445083, "dj": 1.3026495877089392, "dk": 0.0, "vw_i": -0.25347324411757993, "vw_j": 0.08633081023691691, "kt": 9.797994056507237, "train_sc_a": [0.46710454433022486], "train_sc_v": [0.005877060761157018], "val_sc_a": 0, "val_sc_v": 0, "total_sc_a": 0, "total_sc_v": 0}