{"c1": 0.026226511020408298, "c2": 0.212479296524833, "ch1": 0.012202018132316904, "ch2": 0.09774273384609662, "di": 2.247179961540155, "dj": 1.0050347878376653, "dk": 0.0, "vw_i": -1.3259133275417705, "vw_j": -0.6195803511727899, "kt": 11.049585753724534, "train_sc_a": [0.461108197015463], "train_sc_v": [0.0039823162102201656], "val_sc_a": 0, "val_sc_v": 0, "total_sc_a": 0, "total_sc_v": 0}