{"c1": 0.02145498169529103, "c2": 0.13534609334376163, "ch1": 0.014041624571280052, "ch2": 0.09465031882738903, "di": 1.9535318956359997, "dj": 1.9445054342031434, "dk": 0.0, "vw_i": -0.8765376859669788, "vw_j": -0.3421091807942448, "kt": 10.666867484458496, "train_sc_a": [0.49103415505282133], "train_sc_v": [0.004640617130937086], "val_sc_a": 0, "val_sc_v": 0, "total_sc_a": 0, "total_sc_v": 0}