{"c1": 0.02559265251294611, "c2": 0.20867243915043654, "ch1": 0.019585446350278514, "ch2": 0.0974041813992979, "di": 2.481601975754769, "dj": 1.1641083368255603, "dk": 0.0, "vw_i": -0.4687094358128871, "vw_j": 0.11241333877311423, "kt": 11.510066241383383, "train_sc_a": [0.38427408859733003], "train_sc_v": [0.0038786819140122857], "val_sc_a": 0, "val_sc_v": 0, "total_sc_a": 0, "total_sc_v": 0}