{"c1": 0.018974890885318382, "c2": 0.10666994637451972, "ch1": -0.0206843336685942, "ch2": 0.08926993563300106, "di": 0.4913169855617219, "dj": 0.6440792005853515, "dk": 0.27676048079187937, "vw_i": -0.8222631180244199, "vw_j": -0.24223630424398662, "kt": 5.335333356908762, "train_sc_a": [0.40150988647104163], "train_sc_v": [0.0039308708140120335], "val_sc_a": 0, "val_sc_v": 0, "total_sc_a": 0, "total_sc_v": 0}