{"c1": 0.024355009016006145, "c2": 0.17287608047753766, "ch1": -0.018816033453667412, "ch2": 0.09441744073694641, "di": 0.9468875802849114, "dj": 1.4458317339937112, "dk": 0.0, "vw_i": -0.7065504168593297, "vw_j": 0.03190424837238766, "kt": 11.668075268039654, "train_sc_a": [1.5564124840912938], "train_sc_v": [0.01651059152322476], "val_sc_a": 0, "val_sc_v": 0, "total_sc_a": 0, "total_sc_v": 0}