{"c1": 0.0289797327262781, "c2": 0.23183888569783237, "ch1": -0.021195532137013584, "ch2": 0.09691133620801497, "di": 1.9596656706472912, "dj": 2.2026561072785626, "dk": 0.7418918802856567, "vw_i": -1.1132385591685372, "vw_j": -0.5112984381806717, "kt": 10.761537481837706, "train_sc_a": [0.5607773553037683], "train_sc_v": [0.005831482923824685], "val_sc_a": 0, "val_sc_v": 0, "total_sc_a": 0, "total_sc_v": 0}