{"c1": 0.02266882249738314, "c2": 0.153772920035748, "ch1": 0.005538838465803629, "ch2": 0.09494580234012343, "di": 1.3371846488470762, "dj": 0.28551737733912746, "dk": 0.05997300122606345, "vw_i": -0.9547313200560712, "vw_j": -0.2840875964912918, "kt": 12.278972120769323, "train_sc_a": [1.1915182444676555], "train_sc_v": [0.013040158418298217], "val_sc_a": 0, "val_sc_v": 0, "total_sc_a": 0, "total_sc_v": 0}