{"c1": 0.028739327093695765, "c2": 0.24487097317276782, "ch1": -0.057470856707975165, "ch2": 0.09466140169251024, "di": 1.6000290855911936, "dj": 0.27798328314412823, "dk": 0.0, "vw_i": -1.0243669216046627, "vw_j": -0.3489275340213648, "kt": 10.059788580441833, "train_sc_a": [0.42517543443917427], "train_sc_v": [0.004041161757034279], "val_sc_a": 0, "val_sc_v": 0, "total_sc_a": 0, "total_sc_v": 0}