{"c1": 0.02385656292630095, "c2": 0.16570021649526515, "ch1": -0.0007882461087402163, "ch2": 0.09506529132643043, "di": 1.764587743475398, "dj": 1.0914758758550283, "dk": 1.5272288744999327, "vw_i": -1.6209761067054091, "vw_j": -0.43459979361170026, "kt": 11.754887746503943, "train_sc_a": [0.6097294219161903], "train_sc_v": [0.008744204241685248], "val_sc_a": 0, "val_sc_v": 0, "total_sc_a": 0, "total_sc_v": 0}