{"c1": 0.025624422007288605, "c2": 0.20269155700930552, "ch1": -0.020386227413091984, "ch2": 0.09449401914908798, "di": 1.5350678616981166, "dj": 1.7574972992354179, "dk": 0.0, "vw_i": -0.2055337980978354, "vw_j": 0.2393422246487356, "kt": 11.502236486810387, "train_sc_a": [0.9633196633043537], "train_sc_v": [0.00392024328646827], "val_sc_a": 0, "val_sc_v": 0, "total_sc_a": 0, "total_sc_v": 0}