{"c1": 0.028488638056463875, "c2": 0.2301993525771987, "ch1": 0.010119516711775581, "ch2": 0.0991185063087367, "di": 0.8559298904964218, "dj": 0.6810428859229136, "dk": 1.6171496821017504, "vw_i": -1.311808252178242, "vw_j": -0.4007422468265476, "kt": 10.578188168220967, "train_sc_a": [0.34643145465304215], "train_sc_v": [0.006624795548131086], "val_sc_a": 0, "val_sc_v": 0, "total_sc_a": 0, "total_sc_v": 0}