{"c1": 0.0224379481964071, "c2": 0.15055599420592203, "ch1": -0.0018517166328767163, "ch2": 0.09391951273778273, "di": 3.3529418180168338, "dj": 0.3399689294835482, "dk": 0.3338067817341409, "vw_i": -1.437870234677506, "vw_j": -0.6621595705970165, "kt": 12.313852060526482, "train_sc_a": [0.30297111246282404], "train_sc_v": [0.0013743326028593788], "val_sc_a": 0, "val_sc_v": 0, "total_sc_a": 0, "total_sc_v": 0}