{"c1": 0.028223701535876528, "c2": 0.22206597257127214, "ch1": 0.011890456487152961, "ch2": 0.09857738178540341, "di": 0.7090557304927259, "dj": 0.11095021498259725, "dk": 0.0, "vw_i": -1.2411673133070473, "vw_j": -0.33885724800440564, "kt": 9.718321417687239, "train_sc_a": [0.34939495874664994], "train_sc_v": [0.0052850326252773866], "val_sc_a": 0, "val_sc_v": 0, "total_sc_a": 0, "total_sc_v": 0}