{"c1": 0.03031347978440435, "c2": 0.2748098632788762, "ch1": -0.009067892969405054, "ch2": 0.09851810522391023, "di": 1.0705802648616993, "dj": 1.174544568369817, "dk": 0.0, "vw_i": -0.3258323744687592, "vw_j": 0.27376126340110557, "kt": 9.791282356266176, "train_sc_a": [2.392178159397143], "train_sc_v": [0.01591466307337975], "val_sc_a": 0, "val_sc_v": 0, "total_sc_a": 0, "total_sc_v": 0}