{"c1": 0.02353801393284908, "c2": 0.1799671069763118, "ch1": 0.00803457504989859, "ch2": 0.0959654382756356, "di": 1.104670201001849, "dj": 0.39745764946763124, "dk": 1.8891738640612732, "vw_i": -1.2669539318852592, "vw_j": -0.20133003602553837, "kt": 11.91604620601126, "train_sc_a": [0.5874510897379034], "train_sc_v": [0.008487269612339325], "val_sc_a": 0, "val_sc_v": 0, "total_sc_a": 0, "total_sc_v": 0}