{"c1": 0.03151491938454378, "c2": 0.2457371920190588, "ch1": 0.01457845541230994, "ch2": 0.10054274958062408, "di": 2.0476797287324757, "dj": 0.70629444974547, "dk": 0.0, "vw_i": -1.6119063400132378, "vw_j": -0.8991914620474928, "kt": 10.302234098250503, "train_sc_a": [0.6279111389299329], "train_sc_v": [0.006145891830712426], "val_sc_a": 0, "val_sc_v": 0, "total_sc_a": 0, "total_sc_v": 0}