{"c1": 0.021363547743772197, "c2": 0.14918900412333902, "ch1": -0.014279034872751931, "ch2": 0.09277837620686054, "di": 2.1272449463057574, "dj": 1.3894898591560436, "dk": 0.23971388534180857, "vw_i": -0.6081339472240156, "vw_j": -0.029591566279449002, "kt": 10.363110330161247, "train_sc_a": [0.4371598849841085], "train_sc_v": [0.004444397682294767], "val_sc_a": 0, "val_sc_v": 0, "total_sc_a": 0, "total_sc_v": 0}