{"c1": 0.027412419303722003, "c2": 0.2354629316312928, "ch1": 0.0016065035056518206, "ch2": 0.09762428615015493, "di": 0.39317819876698934, "dj": 0.19154922332565347, "dk": 0.0, "vw_i": -1.5729636871733612, "vw_j": -0.6258410020095845, "kt": 10.470475272765867, "train_sc_a": [0.908108597911971], "train_sc_v": [0.008562250414857139], "val_sc_a": 0, "val_sc_v": 0, "total_sc_a": 0, "total_sc_v": 0}