{"c1": 0.02197033640182501, "c2": 0.1538680040235943, "ch1": -0.005384902953230684, "ch2": 0.09364395554791534, "di": 2.702996705690837, "dj": 0.8206769871965836, "dk": 0.006377274285905503, "vw_i": -1.390654857467707, "vw_j": -0.7038109383102149, "kt": 12.401846400414769, "train_sc_a": [0.37011895636604475], "train_sc_v": [0.004345078812046744], "val_sc_a": 0, "val_sc_v": 0, "total_sc_a": 0, "total_sc_v": 0}