{"c1": 0.026754357741678638, "c2": 0.20461075546043223, "ch1": 0.021229385910366147, "ch2": 0.09820983123527448, "di": 0.46420144390568757, "dj": 0.5096396454656444, "dk": 0.04279434428995896, "vw_i": -0.7583436854377351, "vw_j": -0.33195191539941443, "kt": 10.501835567351204, "train_sc_a": [0.45463395248596933], "train_sc_v": [0.004612629037137074], "val_sc_a": 0, "val_sc_v": 0, "total_sc_a": 0, "total_sc_v": 0}