{"c1": 0.029664287608796327, "c2": 0.26296029455551634, "ch1": -0.0026168843136491933, "ch2": 0.09905452915633588, "di": 2.010157703519768, "dj": 0.0, "dk": 0.0, "vw_i": -0.953431059263526, "vw_j": -0.13855908251863328, "kt": 9.926956505764268, "train_sc_a": [0.37981487304264727], "train_sc_v": [0.004234719520337058], "val_sc_a": 0, "val_sc_v": 0, "total_sc_a": 0, "total_sc_v": 0}