{"c1": 0.02953616245793121, "c2": 0.22481273958679338, "ch1": -0.4927239483837833, "ch2": 0.05032850084271906, "di": 1.6979150665755405, "dj": 1.129842073757867, "dk": 5.645162672246792, "vw_i": -0.6612384174805048, "vw_j": 0.08597139104114304, "kt": 9.502927053713481, "train_sc_a": [45.722214777487025], "train_sc_v": [0.18947516304094472], "val_sc_a": 0, "val_sc_v": 0, "total_sc_a": 0, "total_sc_v": 0}