{"c1": 0.026486058793618712, "c2": 0.20747703173276744, "ch1": -0.023305609123084645, "ch2": 0.09493303146442182, "di": 2.14854631254153, "dj": 2.1868172047909114, "dk": 0.0, "vw_i": -0.5411246081558825, "vw_j": -0.34406884518891745, "kt": 10.377993339752022, "train_sc_a": [0.30747076253793565], "train_sc_v": [0.0013696212870576928], "val_sc_a": 0, "val_sc_v": 0, "total_sc_a": 0, "total_sc_v": 0}