{"c1": 0.028012673280703452, "c2": 0.22520748910411423, "ch1": -0.006222094860723332, "ch2": 0.09719938340099374, "di": 1.260990640206421, "dj": 1.122667161668079, "dk": 0.0, "vw_i": -1.0114207705663847, "vw_j": 0.022457416938860497, "kt": 10.05319316335615, "train_sc_a": [0.5763394413588243], "train_sc_v": [0.008560430597580476], "val_sc_a": 0, "val_sc_v": 0, "total_sc_a": 0, "total_sc_v": 0}