{"c1": 0.02729705702336378, "c2": 0.2132359893453768, "ch1": -0.0008608671809993071, "ch2": 0.09712789123379675, "di": 2.439115767908313, "dj": 2.460181681909464, "dk": 0.0, "vw_i": -1.3082563239005212, "vw_j": -0.6225913437218488, "kt": 10.285510871628913, "train_sc_a": [0.48990830343708447], "train_sc_v": [0.007264662921214591], "val_sc_a": 0, "val_sc_v": 0, "total_sc_a": 0, "total_sc_v": 0}