{"c1": 0.02798917015557472, "c2": 0.22976990451616008, "ch1": 0.003100962435218798, "ch2": 0.0978597068067382, "di": 0.6492624085649631, "dj": 1.2756787998378736, "dk": 0.0, "vw_i": -1.3278386550596746, "vw_j": -0.35145779364455676, "kt": 9.730650158119575, "train_sc_a": [0.5548907491285282], "train_sc_v": [0.00498784622853794], "val_sc_a": 0, "val_sc_v": 0, "total_sc_a": 0, "total_sc_v": 0}