{"c1": 0.03116531434750895, "c2": 0.19805342730255562, "ch1": 0.4366963382140515, "ch2": 0.13057939650896913, "di": 11.522044327629759, "dj": 6.799247986672639, "dk": 0.0, "vw_i": -2.524885806236873, "vw_j": 0.09674416895799526, "kt": 9.098480641876426, "train_sc_a": [15.234678758498948], "train_sc_v": [0.06351248807615593], "val_sc_a": 0, "val_sc_v": 0, "total_sc_a": 0, "total_sc_v": 0}