{"c1": 0.02773778474945912, "c2": 0.23381491873451332, "ch1": 0.01092424753146742, "ch2": 0.09837355794161583, "di": 0.3438776147228853, "dj": 0.2202827657006305, "dk": 0.0, "vw_i": -1.555528479823613, "vw_j": -0.5516765167641022, "kt": 10.128134231834906, "train_sc_a": [0.46932738963100906], "train_sc_v": [0.003992750787166078], "val_sc_a": 0, "val_sc_v": 0, "total_sc_a": 0, "total_sc_v": 0}