{"c1": 0.027795791759239796, "c2": 0.19627867631600443, "ch1": -0.0333472571091928, "ch2": 0.09397432604342654, "di": 1.6518231634933842, "dj": 2.103502689397754, "dk": 0.0, "vw_i": -0.363620345931073, "vw_j": -0.3384916225386144, "kt": 10.43251362758534, "train_sc_a": [0.27731982137176736], "train_sc_v": [0.0019776047063667077], "val_sc_a": 0, "val_sc_v": 0, "total_sc_a": 0, "total_sc_v": 0}