{"c1": 0.023745264882203472, "c2": 0.16648590844543149, "ch1": -0.0014570915636229623, "ch2": 0.09509004997900304, "di": 1.8496596152785674, "dj": 1.3427185368332752, "dk": 0.7221608019579957, "vw_i": -1.6093648103757376, "vw_j": -0.4482417658257634, "kt": 11.766012745556596, "train_sc_a": [0.4962344300043442], "train_sc_v": [0.00653775791430236], "val_sc_a": 0, "val_sc_v": 0, "total_sc_a": 0, "total_sc_v": 0}