{"c1": 0.028945002433173578, "c2": 0.10526187465479282, "ch1": 0.27649703543933857, "ch2": 0.11676259854518209, "di": 6.235651828209248, "dj": 17.336949335082625, "dk": 1.796870730342947, "vw_i": -0.41592893484675497, "vw_j": 0.5288332093588506, "kt": 12.006476502719474, "train_sc_a": [14.855908232545499], "train_sc_v": [0.06224638086146581], "val_sc_a": 0, "val_sc_v": 0, "total_sc_a": 0, "total_sc_v": 0}