{"c1": 0.02117967906120644, "c2": 0.22271196214489308, "ch1": -0.2016610618937747, "ch2": 0.07851018664188089, "di": 1.172348463262408, "dj": 1.1540252900056365, "dk": 11.734660382153095, "vw_i": -0.6358971960764108, "vw_j": 0.09550106763307559, "kt": 12.515580336057171, "train_sc_a": [10.714469705961335], "train_sc_v": [0.04528092676074666], "val_sc_a": 0, "val_sc_v": 0, "total_sc_a": 0, "total_sc_v": 0}