{"c1": 0.028354964276994986, "c2": 0.07904855232586427, "ch1": -0.02553477035592764, "ch2": 0.09176032769955426, "di": 2.459867451590263, "dj": 0.6845724066815452, "dk": 5.3632563142920695, "vw_i": -1.3008175239898103, "vw_j": -0.0825879384243019, "kt": 10.709318238469056, "train_sc_a": [7.856538994045898], "train_sc_v": [0.03139211360866614], "val_sc_a": 0, "val_sc_v": 0, "total_sc_a": 0, "total_sc_v": 0}