{"c1": 0.0249520997869229, "c2": 0.3041940933755528, "ch1": -0.2625645053887312, "ch2": 0.07855509741617436, "di": 1.180536820153871, "dj": 0.4996962827827787, "dk": 4.842780931010819, "vw_i": -0.5271872768960504, "vw_j": 1.0973193469323936, "kt": 11.006629798902532, "train_sc_a": [6.515415750459609], "train_sc_v": [0.02731421917677043], "val_sc_a": 0, "val_sc_v": 0, "total_sc_a": 0, "total_sc_v": 0}