{"c1": 0.026517906339953354, "c2": 0.20706599954040603, "ch1": -0.017959708971823425, "ch2": 0.09531959442523907, "di": 2.187092838847135, "dj": 2.250206382765309, "dk": 0.0, "vw_i": -0.5369979138506366, "vw_j": -0.30577524038841764, "kt": 10.475147549848078, "train_sc_a": [1.2818999054534297], "train_sc_v": [0.0037841127738250106], "val_sc_a": 0, "val_sc_v": 0, "total_sc_a": 0, "total_sc_v": 0}