{"c1": 0.022784565990144338, "c2": 0.2688817619283212, "ch1": -0.08749767797201585, "ch2": 0.0899550895868598, "di": 1.772533130512435, "dj": 1.2088333819396302, "dk": 0.0, "vw_i": -0.9279680683979417, "vw_j": 0.009157757920255985, "kt": 11.329804781677558, "train_sc_a": [4.405226902234283], "train_sc_v": [0.018174228048512174], "val_sc_a": 0, "val_sc_v": 0, "total_sc_a": 0, "total_sc_v": 0}