{"c1": 0.029778155517011243, "c2": 0.26211398961536664, "ch1": 0.0014026284890799037, "ch2": 0.09935498789433762, "di": 2.137358890063817, "dj": 0.0954906444506122, "dk": 0.0, "vw_i": -0.9258412750292815, "vw_j": -0.1752638280465554, "kt": 9.89821514676725, "train_sc_a": [0.36250247384328765], "train_sc_v": [0.004231065903269244], "val_sc_a": 0, "val_sc_v": 0, "total_sc_a": 0, "total_sc_v": 0}