{"c1": 0.030874329360922603, "c2": 0.16666919291230625, "ch1": -0.3700880469860947, "ch2": 0.07155070376558716, "di": 1.959368776150306, "dj": 1.3920250985149334, "dk": 0.0, "vw_i": 2.6304359323408235, "vw_j": 0.8195750482595843, "kt": 10.117119324089192, "train_sc_a": [22.130487278337192], "train_sc_v": [0.09249277125742005], "val_sc_a": 0, "val_sc_v": 0, "total_sc_a": 0, "total_sc_v": 0}