{"c1": 0.02859025152282018, "c2": 0.18481257890135286, "ch1": 0.40980059174159905, "ch2": 0.12585610692635693, "di": 2.4504749546763716, "dj": 9.59378174723221, "dk": 0.0, "vw_i": -1.4451205508597962, "vw_j": -3.792019300364484, "kt": 11.723491084447712, "train_sc_a": [26.971051607322593], "train_sc_v": [0.10833331527485662], "val_sc_a": 0, "val_sc_v": 0, "total_sc_a": 0, "total_sc_v": 0}