{"c1": 0.027398058614431276, "c2": 0.22976719073587432, "ch1": 0.00595443388488691, "ch2": 0.09830706495332305, "di": 2.277411363442782, "dj": 0.0, "dk": 0.0, "vw_i": -0.6138113051151668, "vw_j": -0.16167605504647434, "kt": 10.079054944708265, "train_sc_a": [0.35772776655168936], "train_sc_v": [0.004224195810346353], "val_sc_a": 0, "val_sc_v": 0, "total_sc_a": 0, "total_sc_v": 0}