{"c1": 0.03373211067146005, "c2": 0.18968455865578568, "ch1": -0.15981393490286608, "ch2": 0.08687617685679738, "di": 0.3139667932724244, "dj": 10.582353519078492, "dk": 1.0776555621971267, "vw_i": -4.028552549092577, "vw_j": 4.5615252525503545, "kt": 10.174780463873681, "train_sc_a": [8.922730250278407], "train_sc_v": [0.03714996227257845], "val_sc_a": 0, "val_sc_v": 0, "total_sc_a": 0, "total_sc_v": 0}