{"c1": 0.018712513390627808, "c2": 0.1133204308846467, "ch1": -0.01327734205393747, "ch2": 0.08987468584128817, "di": 0.514435566954498, "dj": 0.8215340522685741, "dk": 0.0, "vw_i": -0.36976387762906854, "vw_j": -0.1513823074635383, "kt": 6.8114083951684155, "train_sc_a": [0.531459156356923], "train_sc_v": [0.003189328081494565], "val_sc_a": 0, "val_sc_v": 0, "total_sc_a": 0, "total_sc_v": 0}