{"c1": 0.030101839950854747, "c2": 0.2765635354270851, "ch1": 0.012158499408246617, "ch2": 0.10011564971411281, "di": 2.73271702590421, "dj": 1.578414341374464, "dk": 0.0, "vw_i": -0.33290724988020576, "vw_j": -0.040585747417204804, "kt": 9.716311068717157, "train_sc_a": [0.48411451693835594], "train_sc_v": [0.005786873121894049], "val_sc_a": 0, "val_sc_v": 0, "total_sc_a": 0, "total_sc_v": 0}