{"c1": 0.029468186634238, "c2": 0.26438746105095373, "ch1": 0.007295456611517011, "ch2": 0.09977276400630328, "di": 2.0277217744084397, "dj": 0.0, "dk": 0.0, "vw_i": -1.0194906255357985, "vw_j": -0.10598362975486525, "kt": 9.935607316755279, "train_sc_a": [0.2906244878781801], "train_sc_v": [0.004152956479322815], "val_sc_a": 0, "val_sc_v": 0, "total_sc_a": 0, "total_sc_v": 0}