{"c1": 0.026141677053982144, "c2": 0.20910918325638173, "ch1": -0.007271302597834493, "ch2": 0.09545254009826507, "di": 1.9612153717003034, "dj": 0.6086153228560764, "dk": 1.083937131449609, "vw_i": -1.3753956831446144, "vw_j": -0.6770498327023268, "kt": 10.482990674718884, "train_sc_a": [0.6954358723502885], "train_sc_v": [0.00797099173566747], "val_sc_a": 0, "val_sc_v": 0, "total_sc_a": 0, "total_sc_v": 0}