{"c1": 0.01877643693494253, "c2": 0.11343518790117978, "ch1": 0.013070957789808407, "ch2": 0.09171978105546959, "di": 0.5205046426244675, "dj": 1.2292125600740151, "dk": 0.0, "vw_i": -0.3187809728171467, "vw_j": -0.10408094960296016, "kt": 7.805068501469059, "train_sc_a": [0.5391539437335291], "train_sc_v": [0.004900896379622109], "val_sc_a": 0, "val_sc_v": 0, "total_sc_a": 0, "total_sc_v": 0}