{"c1": 0.02242614154143427, "c2": 0.1505598132344024, "ch1": 0.0011976157056082873, "ch2": 0.09412735330000799, "di": 3.1951454597639013, "dj": 0.5787049602458995, "dk": 0.23570952813939516, "vw_i": -1.5996012314246406, "vw_j": -0.45506076309515575, "kt": 12.44742277185438, "train_sc_a": [0.9050468860039811], "train_sc_v": [0.00983178888547017], "val_sc_a": 0, "val_sc_v": 0, "total_sc_a": 0, "total_sc_v": 0}