{"c1": 0.022423006169789695, "c2": 0.15059466952416556, "ch1": 0.0023219701807548356, "ch2": 0.09422296516570378, "di": 3.163558999915719, "dj": 0.8046820590843036, "dk": 0.3257344412198392, "vw_i": -1.6023744197998393, "vw_j": -0.4457611977352571, "kt": 12.447481785378784, "train_sc_a": [0.7430494955507466], "train_sc_v": [0.009470245322549687], "val_sc_a": 0, "val_sc_v": 0, "total_sc_a": 0, "total_sc_v": 0}