{"c1": 0.029922795746546098, "c2": 0.27927480794382076, "ch1": -0.4272412611436346, "ch2": 0.06895297885573494, "di": 1.4183032679843168, "dj": 0.0, "dk": 0.0, "vw_i": -2.4914709384067324, "vw_j": -0.8009709280358323, "kt": 9.712963379980383, "train_sc_a": [7.102439659935214], "train_sc_v": [0.02863188097781436], "val_sc_a": 0, "val_sc_v": 0, "total_sc_a": 0, "total_sc_v": 0}