{"c1": 0.02728862892030922, "c2": 0.22722502439729209, "ch1": 0.011500929448412654, "ch2": 0.09859814406216617, "di": 2.1992042286499034, "dj": 2.129724165425465, "dk": 0.0, "vw_i": -0.8588549576228067, "vw_j": -0.12797592088617937, "kt": 10.086213226211227, "train_sc_a": [0.7150953437949201], "train_sc_v": [0.005925055645095169], "val_sc_a": 0, "val_sc_v": 0, "total_sc_a": 0, "total_sc_v": 0}