{"c1": 0.028102792772074482, "c2": 0.22836848510707397, "ch1": 0.0074658353592318445, "ch2": 0.09813943375271623, "di": 0.6849238348721534, "dj": 0.43700046720030644, "dk": 0.0, "vw_i": -1.4359327164736937, "vw_j": -0.3463112026426486, "kt": 10.176833904400754, "train_sc_a": [0.5056539036369946], "train_sc_v": [0.008089737798117272], "val_sc_a": 0, "val_sc_v": 0, "total_sc_a": 0, "total_sc_v": 0}