{"c1": 0.01955758284981954, "c2": 0.11360117643784524, "ch1": 0.02535705473462306, "ch2": 0.09355784984353291, "di": 0.0, "dj": 0.36398241399871073, "dk": 1.7851734723079753, "vw_i": -0.4731567774596497, "vw_j": -0.3494639940767367, "kt": 11.10923484657834, "train_sc_a": [0.37308400006116205], "train_sc_v": [0.005211291432484118], "val_sc_a": 0, "val_sc_v": 0, "total_sc_a": 0, "total_sc_v": 0}