{"c1": 0.022186060343111418, "c2": 0.15402784061671698, "ch1": 0.22966592855449133, "ch2": 0.11384629443528956, "di": 3.160940095039048, "dj": 43.70122754407972, "dk": 9.506029488980266, "vw_i": -1.7182555521124794, "vw_j": 0.5215091899418978, "kt": 12.45256772748977, "train_sc_a": [103.00644487124283], "train_sc_v": [0.4166403782985502], "val_sc_a": 0, "val_sc_v": 0, "total_sc_a": 0, "total_sc_v": 0}