{"c1": 0.020687178846713745, "c2": 0.14164791700524634, "ch1": 0.008541002569491092, "ch2": 0.09424162535392443, "di": 1.7146368059176993, "dj": 2.1439730407725794, "dk": 0.463542198137993, "vw_i": -0.9563481774389698, "vw_j": -0.31860796288691456, "kt": 10.631919498114657, "train_sc_a": [0.3564948021131344], "train_sc_v": [0.003902279514224837], "val_sc_a": 0, "val_sc_v": 0, "total_sc_a": 0, "total_sc_v": 0}