{"c1": 0.026163636739291455, "c2": 0.2089188552262102, "ch1": 0.004018124865589131, "ch2": 0.09629939543142593, "di": 1.8963361260817504, "dj": 1.4674420031440398, "dk": 1.272900606372803, "vw_i": -1.4372293711033504, "vw_j": -0.6950758120383778, "kt": 10.486466941541655, "train_sc_a": [0.5636975926333508], "train_sc_v": [0.008178403337336528], "val_sc_a": 0, "val_sc_v": 0, "total_sc_a": 0, "total_sc_v": 0}