{"c1": 0.030989115331685864, "c2": 0.26899932543627786, "ch1": -0.010760807092750789, "ch2": 0.09959805934945942, "di": 1.4673501922626075, "dj": 0.28594344205377625, "dk": 0.0, "vw_i": 0.2838627496947308, "vw_j": 0.4223487580351384, "kt": 9.700116307030308, "train_sc_a": [0.3069469898354327], "train_sc_v": [0.0013091731792565723], "val_sc_a": 0, "val_sc_v": 0, "total_sc_a": 0, "total_sc_v": 0}