{"c1": 0.02913496145020755, "c2": 0.08926602848504685, "ch1": 0.03611156712701103, "ch2": 0.09675521744117059, "di": 1.4442590420959882, "dj": 1.5545781255956463, "dk": 0.0, "vw_i": -1.0379058901816889, "vw_j": -0.5993801149366125, "kt": 12.137417841258396, "train_sc_a": [7.360265504977803], "train_sc_v": [0.03076218095899883], "val_sc_a": 0, "val_sc_v": 0, "total_sc_a": 0, "total_sc_v": 0}