{"c1": 0.0289899594964928, "c2": 0.23176495578923131, "ch1": 0.0016918280410009423, "ch2": 0.09856320638143565, "di": 1.9611729383141627, "dj": 2.204350269901027, "dk": 0.7424625029486029, "vw_i": -1.0160360646071618, "vw_j": -0.4654880204933392, "kt": 10.763412897904303, "train_sc_a": [0.46987884556828263], "train_sc_v": [0.007244827925676323], "val_sc_a": 0, "val_sc_v": 0, "total_sc_a": 0, "total_sc_v": 0}