{"c1": 0.0314553099215358, "c2": 0.24846010851201053, "ch1": 0.009207114656760287, "ch2": 0.10005838518314081, "di": 2.2822473583324103, "dj": 0.14335721926670347, "dk": 0.0, "vw_i": -1.0884855563391105, "vw_j": -0.47694164375847836, "kt": 9.91440905056799, "train_sc_a": [0.6773773833487635], "train_sc_v": [0.006124386701683922], "val_sc_a": 0, "val_sc_v": 0, "total_sc_a": 0, "total_sc_v": 0}