{"c1": 0.02270096153016731, "c2": 0.15353590145501167, "ch1": 0.012181893142440269, "ch2": 0.09548561245402337, "di": 1.2428977244420252, "dj": 0.0, "dk": 0.5279132342532877, "vw_i": -0.9510031833523265, "vw_j": -0.25925445541949954, "kt": 12.287911359903216, "train_sc_a": [1.1621424193453194], "train_sc_v": [0.013289875507408115], "val_sc_a": 0, "val_sc_v": 0, "total_sc_a": 0, "total_sc_v": 0}