{"c1": 0.018921468895090623, "c2": 0.10701613697268875, "ch1": -0.015535344784327804, "ch2": 0.08963117776413108, "di": 0.4907926295707361, "dj": 0.7493280815348365, "dk": 0.25014698004064523, "vw_i": -0.8324849090152733, "vw_j": -0.24442701796508637, "kt": 5.26800686237017, "train_sc_a": [0.4165000436155745], "train_sc_v": [0.0038936822630195977], "val_sc_a": 0, "val_sc_v": 0, "total_sc_a": 0, "total_sc_v": 0}