{"c1": 0.027070822722210713, "c2": 0.2022225217159176, "ch1": -0.010455933395772176, "ch2": 0.0958805732144918, "di": 1.6773262581142288, "dj": 1.2989768506813528, "dk": 0.0, "vw_i": -0.5684791999850355, "vw_j": -0.4726875519093202, "kt": 10.402492586338562, "train_sc_a": [0.5431698323099272], "train_sc_v": [0.006621872803878228], "val_sc_a": 0, "val_sc_v": 0, "total_sc_a": 0, "total_sc_v": 0}