{"c1": 0.02322198708951544, "c2": 0.14972344967649698, "ch1": -0.4780180783493645, "ch2": 0.05973579126647917, "di": 1.2774481512643507, "dj": 0.2931998809947817, "dk": 9.252139694655353, "vw_i": -0.16980491789906765, "vw_j": 0.37261177445748883, "kt": 12.434743109106764, "train_sc_a": [36.91409462276727], "train_sc_v": [0.14486544843458884], "val_sc_a": 0, "val_sc_v": 0, "total_sc_a": 0, "total_sc_v": 0}