{"c1": 0.029008603095660997, "c2": 0.23165748732978014, "ch1": 0.000222656080563142, "ch2": 0.09843075626623714, "di": 2.488082565121323, "dj": 1.910833511362995, "dk": 1.040352543629356, "vw_i": -1.0064116333663042, "vw_j": -0.38003038025491465, "kt": 10.798412959989024, "train_sc_a": [0.47886161655019116], "train_sc_v": [0.007170653025969912], "val_sc_a": 0, "val_sc_v": 0, "total_sc_a": 0, "total_sc_v": 0}