{"c1": 0.028200915144701612, "c2": 0.22246920582666896, "ch1": 0.024345097336620696, "ch2": 0.09943203490286497, "di": 0.8875389837943322, "dj": 1.1662965887607253, "dk": 0.0, "vw_i": -1.285133973203072, "vw_j": -0.2780026301745321, "kt": 9.704055149163317, "train_sc_a": [0.598269707024921], "train_sc_v": [0.0053114296921177116], "val_sc_a": 0, "val_sc_v": 0, "total_sc_a": 0, "total_sc_v": 0}