{"c1": 0.027155332828622505, "c2": 0.206467465399897, "ch1": -0.002069549829874065, "ch2": 0.09683563126982708, "di": 3.0366859843380776, "dj": 0.17194660267115802, "dk": 0.43674442106175937, "vw_i": -1.7461442685363873, "vw_j": -0.3022307713431998, "kt": 10.743107626311815, "train_sc_a": [0.5088653358859998], "train_sc_v": [0.005724281166860142], "val_sc_a": 0, "val_sc_v": 0, "total_sc_a": 0, "total_sc_v": 0}