{"c1": 0.02899467288014945, "c2": 0.26828919316786404, "ch1": 0.007964463258143921, "ch2": 0.09970452018928323, "di": 0.3103545427988938, "dj": 0.5121391405208491, "dk": 0.0, "vw_i": -1.001885945831053, "vw_j": -0.5956252492620102, "kt": 10.079745255854183, "train_sc_a": [0.41184768470624245], "train_sc_v": [0.005312290824052796], "val_sc_a": 0, "val_sc_v": 0, "total_sc_a": 0, "total_sc_v": 0}