{"c1": 0.026589974231370578, "c2": 0.2010013087746596, "ch1": 0.020063145882210733, "ch2": 0.09746580380934593, "di": 2.246480735048723, "dj": 1.6048373271619394, "dk": 0.0, "vw_i": -0.4582113916713657, "vw_j": -0.006717481358536651, "kt": 11.558536302785974, "train_sc_a": [0.39530952368201616], "train_sc_v": [0.0056271230518974], "val_sc_a": 0, "val_sc_v": 0, "total_sc_a": 0, "total_sc_v": 0}