{"c1": 0.03215764920577955, "c2": 0.252896740639817, "ch1": -0.028414569197115574, "ch2": 0.09795290983428644, "di": 1.0251520796682652, "dj": 0.05009568989720898, "dk": 0.0, "vw_i": -0.15041339771058382, "vw_j": -0.3972146026184559, "kt": 9.779804112044532, "train_sc_a": [2.203065247317366], "train_sc_v": [0.012065862535926113], "val_sc_a": 0, "val_sc_v": 0, "total_sc_a": 0, "total_sc_v": 0}