{"c1": 0.026810085877114802, "c2": 0.21563117206009103, "ch1": -0.016844719335352032, "ch2": 0.09577083922228526, "di": 3.3622970559006737, "dj": 1.6681293696475432, "dk": 0.0, "vw_i": -1.431975945183602, "vw_j": -0.3996524522381684, "kt": 10.27977141050518, "train_sc_a": [1.1956088184235287], "train_sc_v": [0.009038352848543048], "val_sc_a": 0, "val_sc_v": 0, "total_sc_a": 0, "total_sc_v": 0}