{"c1": 0.02182596018621222, "c2": 0.13615360502151544, "ch1": 0.0067430899234461935, "ch2": 0.09435433584030409, "di": 2.210802427120663, "dj": 1.2418288904133998, "dk": 0.0, "vw_i": -0.6657738157390335, "vw_j": -0.001634276749035298, "kt": 10.36297165128526, "train_sc_a": [0.3846648449413805], "train_sc_v": [0.005671497690656992], "val_sc_a": 0, "val_sc_v": 0, "total_sc_a": 0, "total_sc_v": 0}