{"c1": 0.03132073962996585, "c2": 0.26676079980659095, "ch1": 0.008204383543304652, "ch2": 0.10102150939214238, "di": 0.6850491418060547, "dj": 0.6865971962127404, "dk": 0.0, "vw_i": -0.7145841375000523, "vw_j": -0.3551824768215591, "kt": 9.479238523764542, "train_sc_a": [0.376150509192928], "train_sc_v": [0.0067074421484038995], "val_sc_a": 0, "val_sc_v": 0, "total_sc_a": 0, "total_sc_v": 0}