{"c1": 0.025457254028777666, "c2": 0.20986965666265026, "ch1": 0.002166329067090996, "ch2": 0.09613882834942643, "di": 1.925793009426982, "dj": 1.3748500888285733, "dk": 0.0, "vw_i": -0.382049961701802, "vw_j": 0.09069779413204011, "kt": 11.538281660982015, "train_sc_a": [0.3420417299694988], "train_sc_v": [0.004047259400204985], "val_sc_a": 0, "val_sc_v": 0, "total_sc_a": 0, "total_sc_v": 0}