{"c1": 0.023769444155203972, "c2": 0.14032185910963962, "ch1": 0.4540461908307199, "ch2": 0.12811767262790613, "di": 12.007789935718522, "dj": 15.316223341377308, "dk": 0.5368397881556927, "vw_i": -1.8882209060909483, "vw_j": -1.6141780360267444, "kt": 12.332687917816338, "train_sc_a": [24.063496375221963], "train_sc_v": [0.09664992053406195], "val_sc_a": 0, "val_sc_v": 0, "total_sc_a": 0, "total_sc_v": 0}