{"c1": 0.022013377070858035, "c2": 0.16041065237530638, "ch1": -0.00023878749941482315, "ch2": 0.0939602254921125, "di": 2.3430555667400372, "dj": 0.7004603907850732, "dk": 0.14785770442540772, "vw_i": -1.4739940453737308, "vw_j": -0.38750714614769693, "kt": 12.437497461543622, "train_sc_a": [0.4445501883986188], "train_sc_v": [0.003377094419573493], "val_sc_a": 0, "val_sc_v": 0, "total_sc_a": 0, "total_sc_v": 0}