{"c1": 0.027377126447463006, "c2": 0.2340534042992168, "ch1": -0.005959242488909626, "ch2": 0.09722437119566935, "di": 0.8595193831889041, "dj": 1.8336263941818556, "dk": 0.4564397921064755, "vw_i": -1.3650368408371256, "vw_j": -0.22611847745964447, "kt": 9.689217470499786, "train_sc_a": [0.3978186062280154], "train_sc_v": [0.005042790181583025], "val_sc_a": 0, "val_sc_v": 0, "total_sc_a": 0, "total_sc_v": 0}