{"c1": 0.0321186478050093, "c2": 0.2546056094958548, "ch1": -0.0003734078125305837, "ch2": 0.10017849202580054, "di": 1.0420790705933614, "dj": 2.0630607827029745, "dk": 0.12684557476545597, "vw_i": -0.1244655100452252, "vw_j": -0.37455859935860814, "kt": 9.782562188263764, "train_sc_a": [1.681888151927415], "train_sc_v": [0.010346001927711448], "val_sc_a": 0, "val_sc_v": 0, "total_sc_a": 0, "total_sc_v": 0}