{"c1": 0.019466595818677303, "c2": 0.12497871588666021, "ch1": -0.00044418007289370384, "ch2": 0.09344776713981716, "di": 0.8726489121606686, "dj": 1.683695223153868, "dk": 0.0, "vw_i": -1.0229119318511166, "vw_j": -0.1819542102974789, "kt": 10.797980393184993, "train_sc_a": [0.4321561831213911], "train_sc_v": [0.005708418763233653], "val_sc_a": 0, "val_sc_v": 0, "total_sc_a": 0, "total_sc_v": 0}