{"c1": 0.0203564774503776, "c2": 0.11440920634743822, "ch1": 0.00021236760291389013, "ch2": 0.09337558626505386, "di": 0.9093220302419037, "dj": 0.744473070431987, "dk": 1.122579826083207, "vw_i": -0.8403979860838664, "vw_j": -0.18737495257759504, "kt": 10.805953051112624, "train_sc_a": [0.48100863514919084], "train_sc_v": [0.006771104240163292], "val_sc_a": 0, "val_sc_v": 0, "total_sc_a": 0, "total_sc_v": 0}