{"c1": 0.0289581453732887, "c2": 0.2319955778348033, "ch1": -0.00844539558462646, "ch2": 0.0978056990970914, "di": 1.94406851868871, "dj": 1.606000492630085, "dk": 0.5865344685496562, "vw_i": -1.068235560444273, "vw_j": -0.490345235103625, "kt": 10.755997888302232, "train_sc_a": [0.47518334467590345], "train_sc_v": [0.006451871369816164], "val_sc_a": 0, "val_sc_v": 0, "total_sc_a": 0, "total_sc_v": 0}