{"c1": 0.025119481597721555, "c2": 0.20727783027346922, "ch1": -0.06833990414993943, "ch2": 0.0917162527837645, "di": 2.0507275991006035, "dj": 1.0564251957548594, "dk": 0.36692979465957554, "vw_i": -0.3080804094200673, "vw_j": -0.4138180131068522, "kt": 11.57750298020315, "train_sc_a": [1.4837986645350383], "train_sc_v": [0.007382868541002127], "val_sc_a": 0, "val_sc_v": 0, "total_sc_a": 0, "total_sc_v": 0}