{"c1": 0.02613348685308214, "c2": 0.21108573714235607, "ch1": 0.00534746922380983, "ch2": 0.09736545146069935, "di": 0.7247813901221583, "dj": 1.2892181567868881, "dk": 0.0, "vw_i": -1.7250631920489632, "vw_j": -0.7065103293086357, "kt": 10.792728254795941, "train_sc_a": [0.33319368595899934], "train_sc_v": [0.0013163068598999797], "val_sc_a": 0, "val_sc_v": 0, "total_sc_a": 0, "total_sc_v": 0}