{"c1": 0.028072903828797513, "c2": 0.22872026539646104, "ch1": 0.014402776193503027, "ch2": 0.0986155777058622, "di": 0.7319349955473553, "dj": 0.0, "dk": 0.0, "vw_i": -1.280480420905286, "vw_j": -0.4079104135474868, "kt": 9.810527664632271, "train_sc_a": [0.30602216226012224], "train_sc_v": [0.0013329490839418406], "val_sc_a": 0, "val_sc_v": 0, "total_sc_a": 0, "total_sc_v": 0}