{"c1": 0.025770834654198965, "c2": 0.18369775532963223, "ch1": 0.013732099575006996, "ch2": 0.09758544288924208, "di": 1.6021620288630054, "dj": 1.2235463046511454, "dk": 0.0, "vw_i": -0.7456114558421443, "vw_j": -0.3839532662577946, "kt": 11.4347897251668, "train_sc_a": [1.353272247489186], "train_sc_v": [0.0076078586595426136], "val_sc_a": 0, "val_sc_v": 0, "total_sc_a": 0, "total_sc_v": 0}