{"c1": 0.027223705265702638, "c2": 0.22805908233871486, "ch1": -0.01762396722202935, "ch2": 0.09636651030927978, "di": 2.1840258117265074, "dj": 2.693998629789169, "dk": 0.6512097186334942, "vw_i": -1.3053625366416453, "vw_j": -0.18070695213152566, "kt": 10.139118710729738, "train_sc_a": [0.5486310645690272], "train_sc_v": [0.007148576315865463], "val_sc_a": 0, "val_sc_v": 0, "total_sc_a": 0, "total_sc_v": 0}