{"c1": 0.024827315373243314, "c2": 0.21931449996198282, "ch1": 0.4493958802984242, "ch2": 0.13093399545763262, "di": 1.5179930004708673, "dj": 14.098393622577705, "dk": 0.5133967770290845, "vw_i": -3.1859584503585037, "vw_j": -0.7293134417075785, "kt": 10.487191323039033, "train_sc_a": [24.828017664854848], "train_sc_v": [0.10035737865247248], "val_sc_a": 0, "val_sc_v": 0, "total_sc_a": 0, "total_sc_v": 0}