{"c1": 0.03776434667644349, "c2": 0.22088274600488297, "ch1": -0.13349170008676217, "ch2": 0.08948141940549037, "di": 1.600190714691424, "dj": 0.9863472661186482, "dk": 0.0, "vw_i": 1.2048184952511996, "vw_j": -1.5288493262203018, "kt": 9.603708496857063, "train_sc_a": [6.659887739341128], "train_sc_v": [0.02757478769021554], "val_sc_a": 0, "val_sc_v": 0, "total_sc_a": 0, "total_sc_v": 0}