{"c1": 0.02818099385214938, "c2": 0.22815382857608887, "ch1": 0.01250126915050039, "ch2": 0.09850025568022386, "di": 0.24341741164600467, "dj": 0.3627297251640913, "dk": 0.0, "vw_i": -1.2920292893377108, "vw_j": -0.5481765758164009, "kt": 9.833350538317147, "train_sc_a": [0.4136426746354231], "train_sc_v": [0.004344794128069641], "val_sc_a": 0, "val_sc_v": 0, "total_sc_a": 0, "total_sc_v": 0}