{"c1": 0.03024250501304386, "c2": 0.2694520242857383, "ch1": -0.006042451848226131, "ch2": 0.09988005359049724, "di": 0.23636995146894108, "dj": 1.8016831036782335, "dk": 0.13878781144091207, "vw_i": -0.33968367758821527, "vw_j": -0.44693510815687676, "kt": 9.756554787113526, "train_sc_a": [0.5090876044529246], "train_sc_v": [0.007095350743081868], "val_sc_a": 0, "val_sc_v": 0, "total_sc_a": 0, "total_sc_v": 0}