{"c1": 0.020513519813768154, "c2": 0.09976905866416466, "ch1": 0.006391933834185897, "ch2": 0.09167776843321736, "di": 0.6218216456566672, "dj": 0.42939298445954754, "dk": 4.902248049506934, "vw_i": -0.9265096848303647, "vw_j": -0.33597209942443995, "kt": 9.113398576992509, "train_sc_a": [1.1767143397134516], "train_sc_v": [0.009627850972242448], "val_sc_a": 0, "val_sc_v": 0, "total_sc_a": 0, "total_sc_v": 0}