{"c1": 0.026784566890525482, "c2": 0.19904016416072448, "ch1": 0.007448298925024499, "ch2": 0.09655357934012619, "di": 2.083948422153499, "dj": 1.2442032765150464, "dk": 0.0, "vw_i": -0.925311609044287, "vw_j": -0.09275740633388754, "kt": 11.46916980238862, "train_sc_a": [0.47772346438883095], "train_sc_v": [0.005490727463426689], "val_sc_a": 0, "val_sc_v": 0, "total_sc_a": 0, "total_sc_v": 0}