{"c1": 0.02422929098039674, "c2": 0.15351108646434086, "ch1": -0.006378534466578421, "ch2": 0.09466171387578302, "di": 1.7716792062147733, "dj": 1.0738906530698822, "dk": 0.0, "vw_i": -1.5797707350581232, "vw_j": -0.45298951065993326, "kt": 11.909359064256812, "train_sc_a": [1.0200664148052772], "train_sc_v": [0.00628603856488824], "val_sc_a": 0, "val_sc_v": 0, "total_sc_a": 0, "total_sc_v": 0}