{"c1": 0.02363891891382356, "c2": 0.17686015714205228, "ch1": 0.014937143094384804, "ch2": 0.09646356047127068, "di": 1.1249372935706718, "dj": 0.6549320014308981, "dk": 1.780754716052339, "vw_i": -1.3054859896213347, "vw_j": -0.24041998582035415, "kt": 11.917229048817736, "train_sc_a": [0.7516005541975018], "train_sc_v": [0.00853858520323991], "val_sc_a": 0, "val_sc_v": 0, "total_sc_a": 0, "total_sc_v": 0}