{"c1": 0.028456476360076536, "c2": 0.2303583164075155, "ch1": 0.01127728708529302, "ch2": 0.09924207149647044, "di": 1.127123975116827, "dj": 0.5698757050369999, "dk": 0.9605770068381471, "vw_i": -1.4010459532348285, "vw_j": -0.19353499376404845, "kt": 10.547432977751528, "train_sc_a": [0.3335146114786579], "train_sc_v": [0.006608077929283726], "val_sc_a": 0, "val_sc_v": 0, "total_sc_a": 0, "total_sc_v": 0}