{"c1": 0.019433279902060587, "c2": 0.11578933443433087, "ch1": 0.005272927988423819, "ch2": 0.09205496260236902, "di": 0.0, "dj": 0.4331161353375126, "dk": 1.8272977259419847, "vw_i": -0.44733818231125555, "vw_j": -0.3429369250494258, "kt": 11.117794634232148, "train_sc_a": [0.5820101378459185], "train_sc_v": [0.007388944682814935], "val_sc_a": 0, "val_sc_v": 0, "total_sc_a": 0, "total_sc_v": 0}