{"c1": 0.02080797467863622, "c2": 0.14378346016186114, "ch1": 0.001874311634909835, "ch2": 0.0939911122631491, "di": 2.671354732268017, "dj": 1.2824997083302239, "dk": 0.0, "vw_i": -0.860545986018431, "vw_j": -0.004411399841543611, "kt": 10.39196749360509, "train_sc_a": [0.4496390575831362], "train_sc_v": [0.008711437208226744], "val_sc_a": 0, "val_sc_v": 0, "total_sc_a": 0, "total_sc_v": 0}