{"c1": 0.02529462977170294, "c2": 0.20611682050309024, "ch1": 0.0065252753200633305, "ch2": 0.09701872101330608, "di": 2.4663719659286087, "dj": 0.6164730376815423, "dk": 0.44085978897691785, "vw_i": -0.622727610271616, "vw_j": 0.2107969537511585, "kt": 11.774504677512414, "train_sc_a": [0.42512227622885174], "train_sc_v": [0.004927025968350336], "val_sc_a": 0, "val_sc_v": 0, "total_sc_a": 0, "total_sc_v": 0}