{"c1": 0.02782992760364079, "c2": 0.24023991603127182, "ch1": 0.001796823348441846, "ch2": 0.09848405505764204, "di": 1.7011278002814798, "dj": 0.7451557141079564, "dk": 1.4577085352662906, "vw_i": -1.2851696350337098, "vw_j": -0.024884541610727076, "kt": 10.641035124073293, "train_sc_a": [0.4432224539836699], "train_sc_v": [0.004942200321732305], "val_sc_a": 0, "val_sc_v": 0, "total_sc_a": 0, "total_sc_v": 0}