{"c1": 0.027595590650084507, "c2": 0.21102948431860247, "ch1": 0.008396384265619816, "ch2": 0.09819014402135556, "di": 0.6162714714007123, "dj": 0.3990241263657576, "dk": 2.2446866202379114, "vw_i": -1.3134288376828498, "vw_j": -0.7015588485363123, "kt": 10.255197028098909, "train_sc_a": [0.372722025182688], "train_sc_v": [0.005374209494510101], "val_sc_a": 0, "val_sc_v": 0, "total_sc_a": 0, "total_sc_v": 0}