{"c1": 0.021728945087338865, "c2": 0.15742457892913878, "ch1": -0.005565044903282616, "ch2": 0.09383210625802099, "di": 1.6420537893343616, "dj": 1.771027228548837, "dk": 0.0, "vw_i": -1.479113232613897, "vw_j": -0.7270392885064816, "kt": 12.407669853642233, "train_sc_a": [0.82443354237538], "train_sc_v": [0.008604036618581584], "val_sc_a": 0, "val_sc_v": 0, "total_sc_a": 0, "total_sc_v": 0}