{"c1": 0.01960796660181868, "c2": 0.10100451285988282, "ch1": 0.00787243541559816, "ch2": 0.09147227559498856, "di": 0.6498090475334768, "dj": 0.39184275085445924, "dk": 0.7977706231560319, "vw_i": -0.7271349395660619, "vw_j": -0.16333652449960318, "kt": 5.100745748892952, "train_sc_a": [1.057948663121317], "train_sc_v": [0.012837313681909582], "val_sc_a": 0, "val_sc_v": 0, "total_sc_a": 0, "total_sc_v": 0}