{"c1": 0.027204863695226185, "c2": 0.20128560155658995, "ch1": -0.033624279623480274, "ch2": 0.09427276573564114, "di": 1.6473998592532517, "dj": 2.9261649320425045, "dk": 0.899501987685399, "vw_i": -0.626873328238038, "vw_j": -0.5385989984818106, "kt": 10.414564412519308, "train_sc_a": [0.7403928267709666], "train_sc_v": [0.006347472333195515], "val_sc_a": 0, "val_sc_v": 0, "total_sc_a": 0, "total_sc_v": 0}