{"c1": 0.027285445158776397, "c2": 0.23500926970713018, "ch1": -0.004945112771464311, "ch2": 0.09734780149684824, "di": 1.2408423379811555, "dj": 1.562701878957156, "dk": 0.35405938498900213, "vw_i": -1.355998428910719, "vw_j": -0.1927701769869778, "kt": 9.664830492602778, "train_sc_a": [0.8046313640571119], "train_sc_v": [0.005051846482757442], "val_sc_a": 0, "val_sc_v": 0, "total_sc_a": 0, "total_sc_v": 0}