{"c1": 0.0282344822138893, "c2": 0.2222034962956465, "ch1": 0.010724683698331103, "ch2": 0.098398555260802, "di": 0.8707500357662734, "dj": 0.3699731894816143, "dk": 0.0, "vw_i": -1.2426538837060865, "vw_j": -0.2608570766789165, "kt": 9.7049804393483, "train_sc_a": [0.3500714693683792], "train_sc_v": [0.005302896608764359], "val_sc_a": 0, "val_sc_v": 0, "total_sc_a": 0, "total_sc_v": 0}