{"c1": 0.03024210597316239, "c2": 0.2753749115069245, "ch1": -0.0015466051423125402, "ch2": 0.0994656191927637, "di": 3.4559727500222555, "dj": 0.585891492471884, "dk": 0.0, "vw_i": -1.8120242439190108, "vw_j": -0.628424776292331, "kt": 10.069922675263147, "train_sc_a": [0.5186226199297058], "train_sc_v": [0.005807601563825384], "val_sc_a": 0, "val_sc_v": 0, "total_sc_a": 0, "total_sc_v": 0}