{"c1": 0.03051275771796497, "c2": 0.2737466343970779, "ch1": -0.0068204876841828094, "ch2": 0.09871738699835242, "di": 2.469229015110166, "dj": 1.3548988841102156, "dk": 0.0, "vw_i": -0.3172783578332604, "vw_j": -0.07699813101632594, "kt": 9.746238719588906, "train_sc_a": [0.6956363912713406], "train_sc_v": [0.005868982457637649], "val_sc_a": 0, "val_sc_v": 0, "total_sc_a": 0, "total_sc_v": 0}