{"c1": 0.027229606746225196, "c2": 0.20640035676003823, "ch1": 0.004359761280153159, "ch2": 0.09732330195574673, "di": 2.26128801922545, "dj": 1.2811871721630586, "dk": 0.0, "vw_i": -1.4297838275634982, "vw_j": -0.698504818129335, "kt": 10.378184045085899, "train_sc_a": [0.5511790784668589], "train_sc_v": [0.004703168704067954], "val_sc_a": 0, "val_sc_v": 0, "total_sc_a": 0, "total_sc_v": 0}