{"c1": 0.02803837811259773, "c2": 0.20724007349367285, "ch1": 0.003457906246473367, "ch2": 0.09804565149418608, "di": 2.0597131016911026, "dj": 0.8797765203528296, "dk": 0.4806661115232756, "vw_i": -1.1926780615381884, "vw_j": -0.1736228231791811, "kt": 10.172354695826574, "train_sc_a": [1.4275864840832218], "train_sc_v": [0.009429565861265934], "val_sc_a": 0, "val_sc_v": 0, "total_sc_a": 0, "total_sc_v": 0}