{"c1": 0.020701517018110814, "c2": 0.14103264642457494, "ch1": 0.007267279708289874, "ch2": 0.09415552345131051, "di": 1.8508846834447474, "dj": 1.8559082067990909, "dk": 0.0, "vw_i": -0.8219136907984395, "vw_j": -0.3750557300245977, "kt": 10.679880392438482, "train_sc_a": [0.96526397689784], "train_sc_v": [0.004984339738435364], "val_sc_a": 0, "val_sc_v": 0, "total_sc_a": 0, "total_sc_v": 0}