{"c1": 0.03117771213562383, "c2": 0.20218362277416554, "ch1": -0.3916207282211511, "ch2": 0.06934890527684748, "di": 0.942716515829917, "dj": 0.05756531052745297, "dk": 0.0, "vw_i": 2.1888996784810737, "vw_j": 0.7276730066812614, "kt": 9.931286247455409, "train_sc_a": [9.046760656342853], "train_sc_v": [0.03728931347809646], "val_sc_a": 0, "val_sc_v": 0, "total_sc_a": 0, "total_sc_v": 0}