{"c1": 0.021731155606316523, "c2": 0.1368455343573077, "ch1": 0.011763287419941692, "ch2": 0.094742195667285, "di": 2.2031043087925517, "dj": 1.4570410679895653, "dk": 0.0, "vw_i": -0.7186426595177463, "vw_j": -0.028062350902014855, "kt": 10.364564422068344, "train_sc_a": [0.34907134337945056], "train_sc_v": [0.00548129955008433], "val_sc_a": 0, "val_sc_v": 0, "total_sc_a": 0, "total_sc_v": 0}