{"c1": 0.030655455048199345, "c2": 0.2723567097892276, "ch1": -0.0034856899504186025, "ch2": 0.09888267466554441, "di": 0.6004996848966626, "dj": 2.7490094919112593, "dk": 0.19859701139023225, "vw_i": -0.6096696400412415, "vw_j": 0.13746486619509304, "kt": 10.02201224687632, "train_sc_a": [0.5789610646269234], "train_sc_v": [0.008616488529041939], "val_sc_a": 0, "val_sc_v": 0, "total_sc_a": 0, "total_sc_v": 0}