{"c1": 0.022036145291706825, "c2": 0.1533834991479487, "ch1": 0.009217723132319392, "ch2": 0.09472303243324191, "di": 2.7123095533876516, "dj": 0.8235045303356305, "dk": 0.0, "vw_i": -1.4546572528492292, "vw_j": -0.7246440556129962, "kt": 12.405380998326383, "train_sc_a": [0.4392494816054298], "train_sc_v": [0.004056488748356719], "val_sc_a": 0, "val_sc_v": 0, "total_sc_a": 0, "total_sc_v": 0}