{"c1": 0.01992287208443403, "c2": 0.16894205323287032, "ch1": -0.45970582986843384, "ch2": 0.06007141812333134, "di": 2.413252821744934, "dj": 0.7327056858499228, "dk": 0.20478878929635352, "vw_i": 0.6006053052026228, "vw_j": -0.05564525166713727, "kt": 12.291877016136322, "train_sc_a": [2.947745011707314], "train_sc_v": [0.012859005852312309], "val_sc_a": 0, "val_sc_v": 0, "total_sc_a": 0, "total_sc_v": 0}