{"c1": 0.019460389925246128, "c2": 0.12092623162423971, "ch1": -0.009007622963176353, "ch2": 0.09105716159226612, "di": 1.2128354740294582, "dj": 1.0647972090777218, "dk": 0.9204592644595808, "vw_i": -0.6499771138652065, "vw_j": -0.18415048720593866, "kt": 10.945082165940661, "train_sc_a": [1.9423439447265014], "train_sc_v": [0.015661795130984042], "val_sc_a": 0, "val_sc_v": 0, "total_sc_a": 0, "total_sc_v": 0}