{"c1": 0.02589057143146806, "c2": 0.05094262825542646, "ch1": -0.039576895654846456, "ch2": 0.0878987644849588, "di": 0.6094447708164297, "dj": 0.0, "dk": 4.99955171795623, "vw_i": -4.4361250135629176, "vw_j": -3.177153509049568, "kt": 9.092197884420164, "train_sc_a": [10.8470606457792], "train_sc_v": [0.0473361017690474], "val_sc_a": 0, "val_sc_v": 0, "total_sc_a": 0, "total_sc_v": 0}