{"c1": 0.03146649257928808, "c2": 0.26438454963276053, "ch1": -0.020719444425995572, "ch2": 0.0975449175429867, "di": 0.16155361429338808, "dj": 1.7385659172893544, "dk": 0.0, "vw_i": -0.3530674510695796, "vw_j": -0.4332524290562707, "kt": 10.061149345157759, "train_sc_a": [1.3855566921984614], "train_sc_v": [0.013647787457255053], "val_sc_a": 0, "val_sc_v": 0, "total_sc_a": 0, "total_sc_v": 0}