{"c1": 0.023998465382621178, "c2": 0.1566669660042389, "ch1": 0.00996393020998057, "ch2": 0.09604377758650724, "di": 1.8458794015949038, "dj": 1.0036415157055996, "dk": 0.0, "vw_i": -1.3510395622979434, "vw_j": -0.6990607482159712, "kt": 11.815308952924589, "train_sc_a": [0.49543883042082154], "train_sc_v": [0.006039402458868671], "val_sc_a": 0, "val_sc_v": 0, "total_sc_a": 0, "total_sc_v": 0}