{"c1": 0.020752440897576666, "c2": 0.1415712179556534, "ch1": -0.005588365189755754, "ch2": 0.0932062284189007, "di": 1.666437170645178, "dj": 1.7280175990835174, "dk": 0.5757291403820786, "vw_i": -0.9352305220178732, "vw_j": -0.28817814949536535, "kt": 10.624074769092474, "train_sc_a": [0.42540937150092306], "train_sc_v": [0.003843967457986954], "val_sc_a": 0, "val_sc_v": 0, "total_sc_a": 0, "total_sc_v": 0}