{"c1": 0.02979504089860107, "c2": 0.23735098223638595, "ch1": 0.011852708526345363, "ch2": 0.09989919239168554, "di": 0.37305765837792587, "dj": 0.0, "dk": 0.0, "vw_i": -1.1699793826364933, "vw_j": -0.6145283965722279, "kt": 10.218653814131821, "train_sc_a": [1.562044826721178], "train_sc_v": [0.008366810623121385], "val_sc_a": 0, "val_sc_v": 0, "total_sc_a": 0, "total_sc_v": 0}