{"c1": 0.025258238973677127, "c2": 0.2070930090413412, "ch1": 0.0005904492165951843, "ch2": 0.09657264584351838, "di": 1.7590452665592295, "dj": 1.1992093144411506, "dk": 0.6266264365503056, "vw_i": -0.7658851213244275, "vw_j": -0.028804992289181083, "kt": 11.486097080324921, "train_sc_a": [0.44520264603833354], "train_sc_v": [0.0050825802135154325], "val_sc_a": 0, "val_sc_v": 0, "total_sc_a": 0, "total_sc_v": 0}