{"c1": 0.027775354770788147, "c2": 0.196641074491938, "ch1": -0.014520688960643176, "ch2": 0.09550274103626115, "di": 1.672697548473635, "dj": 3.622536916162617, "dk": 0.08673269412225805, "vw_i": -0.3858600892458648, "vw_j": -0.3559703125043818, "kt": 10.432195342865032, "train_sc_a": [0.7457640543478263], "train_sc_v": [0.009164925877572318], "val_sc_a": 0, "val_sc_v": 0, "total_sc_a": 0, "total_sc_v": 0}