{"c1": 0.02077306923422782, "c2": 0.14372093756153334, "ch1": 0.0006518709192442378, "ch2": 0.09370396328046908, "di": 2.249726939489313, "dj": 1.8001472056900922, "dk": 0.11522129414669388, "vw_i": -1.0730117981941982, "vw_j": -0.02627369703830501, "kt": 10.07187703152688, "train_sc_a": [0.4266214333024268], "train_sc_v": [0.004936421722016715], "val_sc_a": 0, "val_sc_v": 0, "total_sc_a": 0, "total_sc_v": 0}