{"c1": 0.03161933382212002, "c2": 0.26396997077420087, "ch1": -0.00387970374984949, "ch2": 0.10020086499074733, "di": 1.1002708725569865, "dj": 1.369903112306666, "dk": 0.0, "vw_i": -0.545844542966192, "vw_j": -0.2199668564141527, "kt": 9.566502579980254, "train_sc_a": [0.5710575743104304], "train_sc_v": [0.005794191925373658], "val_sc_a": 0, "val_sc_v": 0, "total_sc_a": 0, "total_sc_v": 0}