{"c1": 0.031379367087199725, "c2": 0.2650475541245532, "ch1": 0.01923437555506488, "ch2": 0.10059181367301644, "di": 0.2278475813684859, "dj": 2.9083719317250147, "dk": 0.017948740162930625, "vw_i": -0.35715963934192696, "vw_j": -0.35348799388723234, "kt": 10.058778478419308, "train_sc_a": [0.48465533820102896], "train_sc_v": [0.004614426623562215], "val_sc_a": 0, "val_sc_v": 0, "total_sc_a": 0, "total_sc_v": 0}