{"c1": 0.022368417213656126, "c2": 0.15105973744922208, "ch1": -0.0022976466891740737, "ch2": 0.0938877786545472, "di": 3.3617695832704984, "dj": 0.3214643504455982, "dk": 0.29612322867935453, "vw_i": -1.4295509260449193, "vw_j": -0.6697916569189575, "kt": 12.308992770986514, "train_sc_a": [0.30866516238406033], "train_sc_v": [0.0014258748559354821], "val_sc_a": 0, "val_sc_v": 0, "total_sc_a": 0, "total_sc_v": 0}