{"c1": 0.029900950950186866, "c2": 0.26111095594047, "ch1": 0.012047489181844222, "ch2": 0.100194556354092, "di": 2.3867140118642682, "dj": 0.3765985219820955, "dk": 0.0, "vw_i": -0.8809266019451167, "vw_j": -0.3123743020651605, "kt": 9.82777834380501, "train_sc_a": [0.5651333151215432], "train_sc_v": [0.008440560835686168], "val_sc_a": 0, "val_sc_v": 0, "total_sc_a": 0, "total_sc_v": 0}