{"c1": 0.026230294159438967, "c2": 0.2126025725195062, "ch1": 0.01259110697498998, "ch2": 0.09776249574607535, "di": 2.365740856084729, "dj": 0.9732536756430402, "dk": 0.0, "vw_i": -1.2957134336101555, "vw_j": -0.6073736862785852, "kt": 11.069267782117405, "train_sc_a": [0.46132268265594295], "train_sc_v": [0.003973528955867261], "val_sc_a": 0, "val_sc_v": 0, "total_sc_a": 0, "total_sc_v": 0}