{"c1": 0.02348856073740113, "c2": 0.1808134354426909, "ch1": 0.007673190285206338, "ch2": 0.09595612020089679, "di": 1.0815169266489064, "dj": 0.4486389475056047, "dk": 1.4667424950600372, "vw_i": -1.2781357943549971, "vw_j": -0.18884672031604488, "kt": 11.90997807543187, "train_sc_a": [0.553361789048018], "train_sc_v": [0.00845959077794733], "val_sc_a": 0, "val_sc_v": 0, "total_sc_a": 0, "total_sc_v": 0}