{"c1": 0.019934200738209874, "c2": 0.11240410339348113, "ch1": 0.012432129343035309, "ch2": 0.09260429814231219, "di": 0.30219125503601607, "dj": 1.1899684624583775, "dk": 1.4524725532973999, "vw_i": -0.48256868171047407, "vw_j": -0.338874854460996, "kt": 11.076115499260569, "train_sc_a": [0.47174188154740077], "train_sc_v": [0.0072092083109615256], "val_sc_a": 0, "val_sc_v": 0, "total_sc_a": 0, "total_sc_v": 0}