{"c1": 0.02832056888352784, "c2": 0.22159808672459425, "ch1": -0.006709530229884302, "ch2": 0.09706928199109474, "di": 0.5919417662302114, "dj": 1.26615328766567, "dk": 0.0, "vw_i": -1.2786033021939804, "vw_j": -0.2510736691075637, "kt": 9.674422860256067, "train_sc_a": [0.551816525079029], "train_sc_v": [0.006561534224784656], "val_sc_a": 0, "val_sc_v": 0, "total_sc_a": 0, "total_sc_v": 0}