{"c1": 0.025294881695068074, "c2": 0.20605936982661768, "ch1": 0.008440225636257355, "ch2": 0.09721771349864546, "di": 1.4096342324212598, "dj": 0.760783508613318, "dk": 0.08948643847647164, "vw_i": -0.6459146767289176, "vw_j": 0.19182379684877404, "kt": 11.664172528803954, "train_sc_a": [1.563723120673219], "train_sc_v": [0.010777591578432541], "val_sc_a": 0, "val_sc_v": 0, "total_sc_a": 0, "total_sc_v": 0}