{"c1": 0.0311296466453781, "c2": 0.2685951664485978, "ch1": -0.0017862116446608152, "ch2": 0.10027047061135169, "di": 0.5654698476747677, "dj": 1.0627333705413977, "dk": 0.0, "vw_i": -0.9033431271875701, "vw_j": -0.2621770070222691, "kt": 9.467265145141303, "train_sc_a": [0.8640210826815055], "train_sc_v": [0.009213063683029208], "val_sc_a": 0, "val_sc_v": 0, "total_sc_a": 0, "total_sc_v": 0}