{"c1": 0.022901351505171523, "c2": 0.2658510094217927, "ch1": -0.04651294566101814, "ch2": 0.09416760738949904, "di": 0.465030148312966, "dj": 0.0, "dk": 0.0, "vw_i": -1.7452661291386595, "vw_j": 1.0588122208260868, "kt": 10.721027701646516, "train_sc_a": [3.4440997241977604], "train_sc_v": [0.014145299113384283], "val_sc_a": 0, "val_sc_v": 0, "total_sc_a": 0, "total_sc_v": 0}