{"c1": 0.027377063996565136, "c2": 0.2299797276153889, "ch1": 0.004152612030673401, "ch2": 0.09815609596466517, "di": 1.4018234018776743, "dj": 0.057837217347652556, "dk": 0.0, "vw_i": -0.635162621634441, "vw_j": -0.32220053624669565, "kt": 10.214219997187328, "train_sc_a": [0.36157028287003123], "train_sc_v": [0.004276336348191608], "val_sc_a": 0, "val_sc_v": 0, "total_sc_a": 0, "total_sc_v": 0}