{"c1": 0.031292677970485426, "c2": 0.2667006072446546, "ch1": 0.0035115948053558513, "ch2": 0.10067120528473317, "di": 2.189397245222015, "dj": 0.26198674437420383, "dk": 0.0, "vw_i": 0.26706382293524383, "vw_j": 0.37507300559174367, "kt": 9.695818652134939, "train_sc_a": [0.6229986236382877], "train_sc_v": [0.0068649463164211074], "val_sc_a": 0, "val_sc_v": 0, "total_sc_a": 0, "total_sc_v": 0}