{"c1": 0.027884307879780565, "c2": 0.23153928150282843, "ch1": -0.006209980359790783, "ch2": 0.09714157070082186, "di": 0.7319912611589241, "dj": 0.6113106278083504, "dk": 2.165026873822864, "vw_i": -1.4488784150630427, "vw_j": -0.5701014809440784, "kt": 10.637075884144158, "train_sc_a": [1.5803515457118305], "train_sc_v": [0.01216850353608631], "val_sc_a": 0, "val_sc_v": 0, "total_sc_a": 0, "total_sc_v": 0}