{"c1": 0.020542577197648893, "c2": 0.11720028900717472, "ch1": 0.0072259930417519795, "ch2": 0.09404269241155022, "di": 1.022867512786696, "dj": 1.4653568933257044, "dk": 0.0, "vw_i": -0.8323805183722455, "vw_j": -0.08166098978451282, "kt": 10.765427793299027, "train_sc_a": [0.409701588243007], "train_sc_v": [0.007891595114635686], "val_sc_a": 0, "val_sc_v": 0, "total_sc_a": 0, "total_sc_v": 0}