{"c1": 0.022669331328152482, "c2": 0.1537690764042592, "ch1": 0.007554493933012531, "ch2": 0.09509892454702931, "di": 1.3317710419815476, "dj": 0.19870195154188486, "dk": 0.06379879925465025, "vw_i": -0.9568917387852225, "vw_j": -0.2847560788581841, "kt": 12.279081073392419, "train_sc_a": [1.1852935781961482], "train_sc_v": [0.013108954332792086], "val_sc_a": 0, "val_sc_v": 0, "total_sc_a": 0, "total_sc_v": 0}