{"c1": 0.03453590103687498, "c2": 0.24452284203054298, "ch1": 0.39272810902687644, "ch2": 0.12753858274589902, "di": 9.679739392250491, "dj": 6.592290937873627, "dk": 0.0, "vw_i": -1.2718389726911905, "vw_j": 1.2633361681000403, "kt": 9.981109888446527, "train_sc_a": [15.695828287350063], "train_sc_v": [0.06387950840377192], "val_sc_a": 0, "val_sc_v": 0, "total_sc_a": 0, "total_sc_v": 0}