{"c1": 0.02957342738480151, "c2": 0.21991496453742646, "ch1": 0.007602333248519062, "ch2": 0.0992560831907328, "di": 1.6781967004765856, "dj": 0.751346875760429, "dk": 0.04999112306574783, "vw_i": -1.437676744715507, "vw_j": -0.19939649566890721, "kt": 9.432713707469047, "train_sc_a": [0.5314597957234872], "train_sc_v": [0.008121756430324409], "val_sc_a": 0, "val_sc_v": 0, "total_sc_a": 0, "total_sc_v": 0}