{"c1": 0.026509660269786562, "c2": 0.16248983251420973, "ch1": -0.43500551302036283, "ch2": 0.06298010265968754, "di": 1.1922301126622121, "dj": 2.5582741406509824, "dk": 0.10812535411023717, "vw_i": 2.0558197392647455, "vw_j": 1.7886041426928272, "kt": 11.592217741991206, "train_sc_a": [6.525651969733519], "train_sc_v": [0.02522867941624802], "val_sc_a": 0, "val_sc_v": 0, "total_sc_a": 0, "total_sc_v": 0}