{"c1": 0.028085490618754594, "c2": 0.228516478488674, "ch1": 0.007334964743898687, "ch2": 0.09812990471688428, "di": 0.6805230340791535, "dj": 0.4454816935212075, "dk": 0.0, "vw_i": -1.427815498062113, "vw_j": -0.34128240951302113, "kt": 10.177485564575909, "train_sc_a": [0.5151291739765426], "train_sc_v": [0.008075874641612342], "val_sc_a": 0, "val_sc_v": 0, "total_sc_a": 0, "total_sc_v": 0}