{"c1": 0.030745648777766567, "c2": 0.269871269874859, "ch1": 0.4541996875760984, "ch2": 0.13373078656550896, "di": 0.7722800958846925, "dj": 16.088562757842805, "dk": 0.14945057354657248, "vw_i": 0.07416064384062004, "vw_j": -0.40055727011946407, "kt": 10.048835051634878, "train_sc_a": [5.119413792356773], "train_sc_v": [0.0214569230023853], "val_sc_a": 0, "val_sc_v": 0, "total_sc_a": 0, "total_sc_v": 0}