{"c1": 0.027221809021220192, "c2": 0.20112036702797545, "ch1": -0.0068065585900965965, "ch2": 0.09623075465839152, "di": 1.648425989285376, "dj": 2.927987577406259, "dk": 0.9000622681773118, "vw_i": -0.5338320120030684, "vw_j": -0.4693603901793826, "kt": 10.416691330292677, "train_sc_a": [0.4590199898580932], "train_sc_v": [0.008166837349844696], "val_sc_a": 0, "val_sc_v": 0, "total_sc_a": 0, "total_sc_v": 0}