{"c1": 0.026651387347499313, "c2": 0.1948762884570082, "ch1": 0.0023118114870375765, "ch2": 0.09615413240155946, "di": 1.773778223444377, "dj": 1.4702545663921067, "dk": 0.0, "vw_i": -1.3286454561206424, "vw_j": -0.4900118470812797, "kt": 10.548486375074322, "train_sc_a": [0.335817561060304], "train_sc_v": [0.0025196159315961663], "val_sc_a": 0, "val_sc_v": 0, "total_sc_a": 0, "total_sc_v": 0}