{"c1": 0.024419373068130103, "c2": 0.19593978552416333, "ch1": 0.016906547288857512, "ch2": 0.09770723917862487, "di": 1.7103667840485521, "dj": 2.314134654990639, "dk": 0.0, "vw_i": -0.6523444273478349, "vw_j": -0.33773981835218925, "kt": 11.514697892087007, "train_sc_a": [0.7107371433031777], "train_sc_v": [0.007220021271431011], "val_sc_a": 0, "val_sc_v": 0, "total_sc_a": 0, "total_sc_v": 0}