{"c1": 0.026521039434034614, "c2": 0.19606125647012917, "ch1": 0.00550809745895056, "ch2": 0.09639209338220223, "di": 2.091321627550273, "dj": 1.1411530106298973, "dk": 0.0, "vw_i": -1.40129272927232, "vw_j": -0.3643535045351598, "kt": 10.557537849318486, "train_sc_a": 0.0, "train_sc_v": 0.0, "val_sc_a": [0.8860511411072188], "val_sc_v": [0.008069452829401283], "total_sc_a": 0, "total_sc_v": 0}