{"c1": 0.031932889834645393, "c2": 0.2561052704577751, "ch1": -0.0016497156829326618, "ch2": 0.10007967806267519, "di": 0.9987192189763657, "dj": 1.9945556739166759, "dk": 0.23199188451190075, "vw_i": -0.14039295175213687, "vw_j": -0.37634982381766124, "kt": 9.78464311331783, "train_sc_a": [1.5231424366659172], "train_sc_v": [0.009867181600176855], "val_sc_a": 0, "val_sc_v": 0, "total_sc_a": 0, "total_sc_v": 0}