{"c1": 0.027017257490643133, "c2": 0.21099904149439555, "ch1": -0.015314054080720627, "ch2": 0.09583111591689479, "di": 2.6153598840135404, "dj": 0.9741294340338583, "dk": 0.0761692827466416, "vw_i": -1.4306184427313884, "vw_j": -0.5025715354582013, "kt": 10.191069507644817, "train_sc_a": [0.9647213574141468], "train_sc_v": [0.006217505390153198], "val_sc_a": 0, "val_sc_v": 0, "total_sc_a": 0, "total_sc_v": 0}