{"c1": 0.030480116858049935, "c2": 0.27393477013988504, "ch1": -0.0059514136813736225, "ch2": 0.09870188391195658, "di": 0.7256599531024979, "dj": 2.668360833943542, "dk": 0.0, "vw_i": -0.5768257178591718, "vw_j": 0.13583990136350005, "kt": 10.009253544338852, "train_sc_a": [0.46607165471816064], "train_sc_v": [0.004331848616650476], "val_sc_a": 0, "val_sc_v": 0, "total_sc_a": 0, "total_sc_v": 0}