{"c1": 0.01866046093205748, "c2": 0.11434548311720694, "ch1": -0.014738306211459652, "ch2": 0.08977399522205619, "di": 0.5140862312137127, "dj": 0.7992229175477382, "dk": 0.0, "vw_i": -0.38113582651708283, "vw_j": -0.16057580855731363, "kt": 6.763896907919041, "train_sc_a": [0.5437530100980361], "train_sc_v": [0.0031364611469923507], "val_sc_a": 0, "val_sc_v": 0, "total_sc_a": 0, "total_sc_v": 0}