{"c1": 0.02978754417754824, "c2": 0.21826559345726315, "ch1": -0.011098762992069956, "ch2": 0.09727944141100296, "di": 1.7122457254999885, "dj": 1.0888247982696835, "dk": 0.10611075500847882, "vw_i": -1.3376218407740639, "vw_j": -0.20180647195292922, "kt": 9.582683186525918, "train_sc_a": [1.5806276678834186], "train_sc_v": [0.016044837575547612], "val_sc_a": 0, "val_sc_v": 0, "total_sc_a": 0, "total_sc_v": 0}