{"c1": 0.019885407225205293, "c2": 0.11276443705254731, "ch1": 0.013647439940776787, "ch2": 0.09271643972133936, "di": 0.3039040196624501, "dj": 1.2089265447305735, "dk": 1.3972608904169115, "vw_i": -0.558172679563458, "vw_j": -0.32647417571296, "kt": 11.057593364687541, "train_sc_a": [0.46520141586116925], "train_sc_v": [0.007194939229294862], "val_sc_a": 0, "val_sc_v": 0, "total_sc_a": 0, "total_sc_v": 0}