{"c1": 0.031037975703188923, "c2": 0.26927473762334, "ch1": -0.11946931247179646, "ch2": 0.09160209290342368, "di": 1.4711614096597885, "dj": 0.0, "dk": 0.0, "vw_i": -0.38923334535961307, "vw_j": 0.12753740260400673, "kt": 9.680851245650523, "train_sc_a": [1.0551087020538512], "train_sc_v": [0.004439988157733203], "val_sc_a": 0, "val_sc_v": 0, "total_sc_a": 0, "total_sc_v": 0}