{"c1": 0.02829592068983157, "c2": 0.22177910557785152, "ch1": 0.008737513092681153, "ch2": 0.09823041387663348, "di": 0.9055087796180469, "dj": 0.31697057405634466, "dk": 0.0, "vw_i": -1.2339302147698068, "vw_j": -0.23280733015336788, "kt": 9.702881689974259, "train_sc_a": [0.3589811100038847], "train_sc_v": [0.00540286115043616], "val_sc_a": 0, "val_sc_v": 0, "total_sc_a": 0, "total_sc_v": 0}