{"c1": 0.023468236106094952, "c2": 0.15912552107571645, "ch1": 0.02356683510297082, "ch2": 0.09696973306552373, "di": 1.7534401939082307, "dj": 0.38654203375504115, "dk": 0.0, "vw_i": -0.9406044115251635, "vw_j": -0.4291244024679365, "kt": 11.766330337963266, "train_sc_a": [0.9176900401063408], "train_sc_v": [0.009767521144449441], "val_sc_a": 0, "val_sc_v": 0, "total_sc_a": 0, "total_sc_v": 0}