{"c1": 0.032845177456457215, "c2": 0.14664655948477212, "ch1": -0.2699195659389266, "ch2": 0.07536114799682528, "di": 0.9799829060946017, "dj": 0.534738621225686, "dk": 0.0, "vw_i": 0.6075109407388799, "vw_j": -1.3475279256244663, "kt": 10.620392285410853, "train_sc_a": [7.115212433639998], "train_sc_v": [0.029492236947029498], "val_sc_a": 0, "val_sc_v": 0, "total_sc_a": 0, "total_sc_v": 0}