{"c1": 0.027309303527798624, "c2": 0.22707134011085628, "ch1": 0.006401631153208989, "ch2": 0.09822176745784757, "di": 2.0749938943417487, "dj": 1.7908163358302684, "dk": 0.0, "vw_i": -0.8298334692225222, "vw_j": -0.1339554306334451, "kt": 10.087783674312904, "train_sc_a": [0.6319776139173986], "train_sc_v": [0.005238507265909271], "val_sc_a": 0, "val_sc_v": 0, "total_sc_a": 0, "total_sc_v": 0}