{"c1": 0.027318652361684494, "c2": 0.3339109176765486, "ch1": 0.0250161933325162, "ch2": 0.1010105141199707, "di": 0.3420513002406758, "dj": 2.07615300735898, "dk": 0.0, "vw_i": -0.5495029315542209, "vw_j": -0.5979762525158798, "kt": 9.798697046707835, "train_sc_a": [2.942598160001636], "train_sc_v": [0.013167811042664037], "val_sc_a": 0, "val_sc_v": 0, "total_sc_a": 0, "total_sc_v": 0}