{"c1": 0.02230123523777773, "c2": 0.3056280504163282, "ch1": 0.09857125278387227, "ch2": 0.10523493230360359, "di": 1.7218683242102024, "dj": 2.3601147473357167, "dk": 0.19296882218433267, "vw_i": -0.9314905297633579, "vw_j": -0.969861053296587, "kt": 10.468791197047373, "train_sc_a": [4.939167898478613], "train_sc_v": [0.020680975025101692], "val_sc_a": 0, "val_sc_v": 0, "total_sc_a": 0, "total_sc_v": 0}