{"c1": 0.018709046294003148, "c2": 0.11438108244083403, "ch1": -0.008600332739563593, "ch2": 0.09020804285696152, "di": 0.7577676087790556, "dj": 1.003911384154324, "dk": 0.7321021542503903, "vw_i": -0.22513222032243413, "vw_j": 0.22110762043330653, "kt": 8.9655010833394, "train_sc_a": [2.035210030946815], "train_sc_v": [0.012052248639450584], "val_sc_a": 0, "val_sc_v": 0, "total_sc_a": 0, "total_sc_v": 0}