{"c1": 0.027066333207224874, "c2": 0.2022561871028251, "ch1": -0.008794107185468629, "ch2": 0.09600429885797196, "di": 1.637271123179609, "dj": 1.216723001537823, "dk": 0.0, "vw_i": -0.5656121557666209, "vw_j": -0.47084073768547374, "kt": 10.404791626691003, "train_sc_a": [0.5342556392489306], "train_sc_v": [0.006695154252867615], "val_sc_a": 0, "val_sc_v": 0, "total_sc_a": 0, "total_sc_v": 0}