{"c1": 0.02841777398875081, "c2": 0.34050127215029297, "ch1": 0.017186507452425916, "ch2": 0.1007480805069627, "di": 2.013774089024005, "dj": 0.7460995355296366, "dk": 0.0, "vw_i": -2.385523957631182, "vw_j": -0.9593310927808106, "kt": 10.094010019083703, "train_sc_a": [2.69104137496755], "train_sc_v": [0.011658208370550194], "val_sc_a": 0, "val_sc_v": 0, "total_sc_a": 0, "total_sc_v": 0}