{"c1": 0.02641673817889795, "c2": 0.2090857104379103, "ch1": -0.0014191978587428276, "ch2": 0.09688707093852196, "di": 0.6501934372271087, "dj": 1.293471127215289, "dk": 0.26496413820208425, "vw_i": -1.737479128083882, "vw_j": -0.6213310391138633, "kt": 10.72477437986539, "train_sc_a": [0.24239730051407535], "train_sc_v": [0.0008216324397568456], "val_sc_a": 0, "val_sc_v": 0, "total_sc_a": 0, "total_sc_v": 0}