{"c1": 0.022406867427494405, "c2": 0.15073929978769326, "ch1": 0.0019802916466647755, "ch2": 0.09417966493701828, "di": 2.864803953916439, "dj": 0.8643876836239097, "dk": 0.6752056014849522, "vw_i": -1.623642883224168, "vw_j": -0.4055699868429292, "kt": 12.447769095301146, "train_sc_a": [0.6531486919843011], "train_sc_v": [0.009146163620793226], "val_sc_a": 0, "val_sc_v": 0, "total_sc_a": 0, "total_sc_v": 0}