{"c1": 0.02928854474655124, "c2": 0.09891544804060805, "ch1": 0.03622255422775919, "ch2": 0.09606961413560645, "di": 7.567812681045035, "dj": 1.3437675288619808, "dk": 0.0, "vw_i": -0.38587508420880257, "vw_j": -0.8496351465372871, "kt": 12.919118034641874, "train_sc_a": [9.2498651385654], "train_sc_v": [0.04045015197533625], "val_sc_a": 0, "val_sc_v": 0, "total_sc_a": 0, "total_sc_v": 0}