{"c1": 0.025043616288638115, "c2": 0.2434628572570779, "ch1": 0.39843536824705306, "ch2": 0.12721150377264695, "di": 3.3701301951507654, "dj": 26.621613109380142, "dk": 0.5801824041879555, "vw_i": -0.7978055175559923, "vw_j": 0.009738687825305709, "kt": 10.017900987600422, "train_sc_a": [17.819849872480376], "train_sc_v": [0.07199186226859591], "val_sc_a": 0, "val_sc_v": 0, "total_sc_a": 0, "total_sc_v": 0}