{"c1": 0.021348748908187522, "c2": 0.1474118761738289, "ch1": 0.0019776067136727474, "ch2": 0.0939876321483571, "di": 2.5257594856411556, "dj": 1.355051021353329, "dk": 0.02898068947211911, "vw_i": -0.5979059982008574, "vw_j": -0.02783076556306071, "kt": 10.29885805365702, "train_sc_a": [0.3528583985612952], "train_sc_v": [0.004223525049585339], "val_sc_a": 0, "val_sc_v": 0, "total_sc_a": 0, "total_sc_v": 0}