{"c1": 0.02538947650968784, "c2": 0.2052185137182292, "ch1": -0.003928023859317456, "ch2": 0.0960505582479985, "di": 1.386503598440469, "dj": 0.8619514427109496, "dk": 0.0, "vw_i": -0.5428145267768919, "vw_j": 0.22137663789192136, "kt": 11.662425326662145, "train_sc_a": [1.273867237845202], "train_sc_v": [0.012330175703151583], "val_sc_a": 0, "val_sc_v": 0, "total_sc_a": 0, "total_sc_v": 0}