{"c1": 0.025652831087881522, "c2": 0.20269826954748088, "ch1": -0.020453067444902204, "ch2": 0.09451070131964673, "di": 1.3504416194177404, "dj": 1.8096599791116188, "dk": 0.0, "vw_i": -0.2479770795943188, "vw_j": 0.29842789386498336, "kt": 11.62183933484921, "train_sc_a": [0.35229041050232274], "train_sc_v": [0.0021234331624329075], "val_sc_a": 0, "val_sc_v": 0, "total_sc_a": 0, "total_sc_v": 0}