{"c1": 0.024446805400079645, "c2": 0.08284938897490629, "ch1": 0.3651893395087297, "ch2": 0.12161403637529752, "di": 7.980950196889627, "dj": 21.100329074754328, "dk": 0.9339768415144578, "vw_i": -1.4982474260569592, "vw_j": 0.15149025535319252, "kt": 10.73118486196213, "train_sc_a": [25.895947303315687], "train_sc_v": [0.10699630800559493], "val_sc_a": 0, "val_sc_v": 0, "total_sc_a": 0, "total_sc_v": 0}