{"c1": 0.02710444442295387, "c2": 0.20747700990407605, "ch1": 0.009580916716029278, "ch2": 0.09772788944902372, "di": 2.171641668838912, "dj": 1.5930902004795602, "dk": 0.0599859026508741, "vw_i": -1.4545070916786629, "vw_j": -0.7733277629678091, "kt": 10.422545248616162, "train_sc_a": [0.564564743722103], "train_sc_v": [0.004697557434774035], "val_sc_a": 0, "val_sc_v": 0, "total_sc_a": 0, "total_sc_v": 0}