{"c1": 0.028330662598201016, "c2": 0.23196955998021154, "ch1": 0.005858379497580994, "ch2": 0.0986815836242725, "di": 0.6030458784708366, "dj": 0.23502125883847236, "dk": 2.909353566086945, "vw_i": -1.4557833484469527, "vw_j": -0.6207632240471266, "kt": 10.624627047547824, "train_sc_a": [0.3792858960918774], "train_sc_v": [0.0049794102176100195], "val_sc_a": 0, "val_sc_v": 0, "total_sc_a": 0, "total_sc_v": 0}