{"c1": 0.019521608121401027, "c2": 0.11414663837753287, "ch1": 0.018572702875072254, "ch2": 0.09305081091407606, "di": 0.0, "dj": 0.2755580877482627, "dk": 1.7925723876253723, "vw_i": -0.4134040953954834, "vw_j": -0.3037950276047729, "kt": 11.109847205089883, "train_sc_a": [0.35841585863468595], "train_sc_v": [0.005139574577675632], "val_sc_a": 0, "val_sc_v": 0, "total_sc_a": 0, "total_sc_v": 0}