{"c1": 0.027913731851230774, "c2": 0.2301701176196163, "ch1": 0.009339517967879199, "ch2": 0.09827538114223008, "di": 0.0, "dj": 0.5209507024352291, "dk": 0.0, "vw_i": -1.3222138825494747, "vw_j": -0.5884394336126217, "kt": 9.839429749432202, "train_sc_a": [0.4617937151613796], "train_sc_v": [0.004409535801209327], "val_sc_a": 0, "val_sc_v": 0, "total_sc_a": 0, "total_sc_v": 0}