{"c1": 0.028198613579905753, "c2": 0.22250956154138313, "ch1": -0.4780310859333837, "ch2": 0.060505311021556936, "di": 0.7165309251058276, "dj": 1.3007663302885282, "dk": 0.0, "vw_i": -2.506860610104721, "vw_j": -1.1606997997195334, "kt": 9.77281555131907, "train_sc_a": [26.974710636721195], "train_sc_v": [0.10545848602358805], "val_sc_a": 0, "val_sc_v": 0, "total_sc_a": 0, "total_sc_v": 0}