{"c1": 0.03121736824329963, "c2": 0.2269547851650633, "ch1": -0.46720265632672264, "ch2": 0.0648365565978052, "di": 1.4976495015942328, "dj": 1.8201245955111953, "dk": 0.0, "vw_i": 0.04646802866317551, "vw_j": 0.15468994300435635, "kt": 10.443092914662177, "train_sc_a": [23.49015399884194], "train_sc_v": [0.09155695299962593], "val_sc_a": 0, "val_sc_v": 0, "total_sc_a": 0, "total_sc_v": 0}