{"c1": 0.020121950628866698, "c2": 0.12037342900449494, "ch1": 0.00927207418087332, "ch2": 0.09421560643245806, "di": 1.0257274376173915, "dj": 1.8769192893426732, "dk": 0.0, "vw_i": -0.903055565204733, "vw_j": -0.11629640847308584, "kt": 10.768945167775373, "train_sc_a": [0.6518019657295644], "train_sc_v": [0.007460924452780973], "val_sc_a": 0, "val_sc_v": 0, "total_sc_a": 0, "total_sc_v": 0}