{"c1": 0.02424897934879369, "c2": 0.15352376514676702, "ch1": -0.004008481100676957, "ch2": 0.09487740129718134, "di": 1.7174442997933244, "dj": 1.2015213298369305, "dk": 0.029883480703372836, "vw_i": -1.4530409060364362, "vw_j": -0.6930070692044259, "kt": 11.998237279828222, "train_sc_a": [0.2613368768697709], "train_sc_v": [0.002225116797310706], "val_sc_a": 0, "val_sc_v": 0, "total_sc_a": 0, "total_sc_v": 0}