{"c1": 0.027211068340214296, "c2": 0.20501694845390184, "ch1": -0.00056587944486229, "ch2": 0.0969357604450897, "di": 2.8849108875949527, "dj": 0.2992683198548562, "dk": 0.0, "vw_i": -1.7155600421111479, "vw_j": -0.37251270987695434, "kt": 10.586899913562442, "train_sc_a": [0.47798078991673293], "train_sc_v": [0.005498487780179231], "val_sc_a": 0, "val_sc_v": 0, "total_sc_a": 0, "total_sc_v": 0}