{"c1": 0.02743908467515228, "c2": 0.23389399626974164, "ch1": 0.00044055200471321645, "ch2": 0.09773418027690413, "di": 1.2078771617264807, "dj": 1.9012885483127713, "dk": 0.30436652923276697, "vw_i": -1.3665328561809602, "vw_j": -0.2154590520910329, "kt": 9.67102908289547, "train_sc_a": [0.711231235775916], "train_sc_v": [0.005512976947507969], "val_sc_a": 0, "val_sc_v": 0, "total_sc_a": 0, "total_sc_v": 0}