{"c1": 0.023973452205604838, "c2": 0.1563344084250765, "ch1": 0.015667620993404078, "ch2": 0.096541968634398, "di": 1.7934321944638927, "dj": 1.3282046647015502, "dk": 0.0, "vw_i": -1.5379684206346778, "vw_j": -0.8154898569314002, "kt": 11.919801672678872, "train_sc_a": [0.48461637629152193], "train_sc_v": [0.006094498389274218], "val_sc_a": 0, "val_sc_v": 0, "total_sc_a": 0, "total_sc_v": 0}