{"c1": 0.02631180300367232, "c2": 0.21114536780375734, "ch1": 0.0016607568804703013, "ch2": 0.09690488423027545, "di": 1.5238128251826817, "dj": 0.3161850090559357, "dk": 0.0, "vw_i": -1.0015157276022013, "vw_j": -0.5505138194523812, "kt": 10.2853744953843, "train_sc_a": [0.4578540012325313], "train_sc_v": [0.006746490267496891], "val_sc_a": 0, "val_sc_v": 0, "total_sc_a": 0, "total_sc_v": 0}