{"c1": 0.031408968401676625, "c2": 0.24464602842209093, "ch1": 0.03456218303024028, "ch2": 0.10227225025532068, "di": 1.8342390399353221, "dj": 1.8677445459431032, "dk": 0.0, "vw_i": -2.2665883213451963, "vw_j": -1.4030767406908926, "kt": 10.659218585905423, "train_sc_a": [0.9558354776771895], "train_sc_v": [0.00717679590264603], "val_sc_a": 0, "val_sc_v": 0, "total_sc_a": 0, "total_sc_v": 0}