{"c1": 0.02756386270085948, "c2": 0.09422548670148959, "ch1": -0.25665442038490155, "ch2": 0.07518003858715694, "di": 2.3019737681450914, "dj": 1.050068419493274, "dk": 0.04130946475859959, "vw_i": 0.2834966958990373, "vw_j": -0.8376640509997135, "kt": 10.715279137302922, "train_sc_a": [7.870324676927405], "train_sc_v": [0.03382375498666903], "val_sc_a": 0, "val_sc_v": 0, "total_sc_a": 0, "total_sc_v": 0}