{"c1": 0.027637730501131413, "c2": 0.2246141782524671, "ch1": -0.006091464106419062, "ch2": 0.09730398258112004, "di": 1.4233995080389081, "dj": 0.9466351015934636, "dk": 0.03268965146718876, "vw_i": -0.7627511213117576, "vw_j": -0.3200186090243454, "kt": 10.134358326664069, "train_sc_a": [1.3556639269933393], "train_sc_v": [0.013203614452500902], "val_sc_a": 0, "val_sc_v": 0, "total_sc_a": 0, "total_sc_v": 0}