{"c1": 0.026053764252987346, "c2": 0.2918963458667929, "ch1": -0.22949145181241368, "ch2": 0.07987099488013844, "di": 2.196590552844728, "dj": 0.8175041353867558, "dk": 7.798446714748489, "vw_i": -1.8011822070192332, "vw_j": -0.3809376349600869, "kt": 10.213471477744397, "train_sc_a": [11.712415922599728], "train_sc_v": [0.04802090998168404], "val_sc_a": 0, "val_sc_v": 0, "total_sc_a": 0, "total_sc_v": 0}