{"c1": 0.025300942598937174, "c2": 0.2060757587914398, "ch1": 0.00808571332381659, "ch2": 0.09712657557278616, "di": 2.5448597425052255, "dj": 0.5684042451130461, "dk": 0.45534319778228793, "vw_i": -0.6285390010704182, "vw_j": 0.23272010093536905, "kt": 11.783163257924242, "train_sc_a": [0.42814785217520945], "train_sc_v": [0.004934391167466813], "val_sc_a": 0, "val_sc_v": 0, "total_sc_a": 0, "total_sc_v": 0}