{"c1": 0.027198298882367147, "c2": 0.20659383500980397, "ch1": 0.006329648625078359, "ch2": 0.09747415710663222, "di": 2.3288964779876165, "dj": 1.287413081139542, "dk": 0.0, "vw_i": -1.4459405467394628, "vw_j": -0.6841647111010701, "kt": 10.357640308422503, "train_sc_a": [0.5468752907300548], "train_sc_v": [0.0047278181394152154], "val_sc_a": 0, "val_sc_v": 0, "total_sc_a": 0, "total_sc_v": 0}