{"c1": 0.028864456432337086, "c2": 0.22601008484018148, "ch1": 0.007125112997479302, "ch2": 0.09894030103193215, "di": 1.6829146535188122, "dj": 1.3300471788088626, "dk": 0.0, "vw_i": -1.416559296374034, "vw_j": -0.2755893112848144, "kt": 9.575379451307537, "train_sc_a": [0.8862685826433538], "train_sc_v": [0.002457012367813005], "val_sc_a": 0, "val_sc_v": 0, "total_sc_a": 0, "total_sc_v": 0}