{"c1": 0.026229537531632832, "c2": 0.21257791732057157, "ch1": 0.012513289206455365, "ch2": 0.0977585433660796, "di": 2.342028677175814, "dj": 0.9796098980819653, "dk": 0.0, "vw_i": -1.3017534123964785, "vw_j": -0.6098150192574261, "kt": 11.06533137643883, "train_sc_a": [0.4612730513557093], "train_sc_v": [0.003975292934168318], "val_sc_a": 0, "val_sc_v": 0, "total_sc_a": 0, "total_sc_v": 0}