{"c1": 0.018828, "c2": 0.10684, "ch1": 0.1, "ch2": 0.1, "di": 1.0, "dj": 1.0, "dk": 1.0, "vw_i": 0.0, "vw_j": 0.0, "kt": 5.0, "train_sc_a": 0.0, "train_sc_v": 0.0, "val_sc_a": [0.4693944086389057], "val_sc_v": [0.005121956154145085], "total_sc_a": 0, "total_sc_v": 0}