{"c1": 0.03049772360349077, "c2": 0.27330046175179956, "ch1": 0.007437061654862536, "ch2": 0.10000530760737299, "di": 1.3727185808563178, "dj": 0.5823839871746628, "dk": 0.0, "vw_i": -0.18880374930708105, "vw_j": 0.3200067173446931, "kt": 9.772141537043089, "train_sc_a": [2.196242718199486], "train_sc_v": [0.014926623079096571], "val_sc_a": 0, "val_sc_v": 0, "total_sc_a": 0, "total_sc_v": 0}