{"c1": 0.018651845079567197, "c2": 0.11472277431321215, "ch1": 0.020890300249886157, "ch2": 0.09229353962708925, "di": 0.7367122709481999, "dj": 1.1381974380119362, "dk": 0.1708729565167624, "vw_i": -0.31175792343229114, "vw_j": 0.12678515375647487, "kt": 8.522698737767032, "train_sc_a": [0.47343569243557293], "train_sc_v": [0.004678984089249791], "val_sc_a": 0, "val_sc_v": 0, "total_sc_a": 0, "total_sc_v": 0}