{"c1": 0.022965325699734737, "c2": 0.15108630484098962, "ch1": -0.4895593398328058, "ch2": 0.0482809481379798, "di": 1.900443885007575, "dj": 1.2394143052813138, "dk": 0.0, "vw_i": -0.2152457495243873, "vw_j": 0.1310585543601251, "kt": 12.41250990420285, "train_sc_a": [42.834868669633366], "train_sc_v": [0.17849225991731318], "val_sc_a": 0, "val_sc_v": 0, "total_sc_a": 0, "total_sc_v": 0}