{"c1": 0.026685457600021247, "c2": 0.2167689912476908, "ch1": -0.006626192926065635, "ch2": 0.09649690526060843, "di": 3.516844646318721, "dj": 1.6492773578938205, "dk": 0.42341039572938455, "vw_i": -1.468955501503027, "vw_j": -0.3506189996329753, "kt": 10.175947796057606, "train_sc_a": [0.39337906041368764], "train_sc_v": [0.004015274324375429], "val_sc_a": 0, "val_sc_v": 0, "total_sc_a": 0, "total_sc_v": 0}