{"c1": 0.028035437775491105, "c2": 0.2250820411577907, "ch1": 0.012609377066609022, "ch2": 0.09879158168957292, "di": 1.6511763533482153, "dj": 0.9637965524156636, "dk": 0.0, "vw_i": -0.8027602687977503, "vw_j": 0.016554127532278827, "kt": 10.0682344541047, "train_sc_a": [0.33790123004376704], "train_sc_v": [0.006644905495564831], "val_sc_a": 0, "val_sc_v": 0, "total_sc_a": 0, "total_sc_v": 0}