{"c1": 0.027481938659994248, "c2": 0.21187329856911524, "ch1": -0.002792587943750138, "ch2": 0.0969910266546924, "di": 2.449214686030194, "dj": 2.2829611673489465, "dk": 0.0, "vw_i": -1.2907310994722152, "vw_j": -0.63331347206366, "kt": 10.276271096268557, "train_sc_a": [0.46302659502286003], "train_sc_v": [0.00726877089620994], "val_sc_a": 0, "val_sc_v": 0, "total_sc_a": 0, "total_sc_v": 0}