{"c1": 0.027899602393912808, "c2": 0.19575026761065628, "ch1": -0.019199970588663542, "ch2": 0.09521386083683643, "di": 2.1437014262077887, "dj": 2.240020808369265, "dk": 0.0, "vw_i": -0.5224364976825581, "vw_j": -0.31150113732714096, "kt": 10.490662790237502, "train_sc_a": [0.2837371493786858], "train_sc_v": [0.0022083907633947174], "val_sc_a": 0, "val_sc_v": 0, "total_sc_a": 0, "total_sc_v": 0}