{"c1": 0.02004367606571031, "c2": 0.10692232325861524, "ch1": -0.06837236592888146, "ch2": 0.09343289888733482, "di": 15.20758116520417, "dj": 12.3142991440769, "dk": 9.225891761452775, "vw_i": -1.575489299876949, "vw_j": -0.723145560505223, "kt": 0.7857102329257398, "train_sc_a": [1.3453462059452843], "train_sc_v": [1.069163661699467], "val_sc_a": 0, "val_sc_v": 0, "total_sc_a": 0, "total_sc_v": 0}