{"c1": 0.02031760647331929, "c2": 0.10045952832336268, "ch1": -0.13952536696460136, "ch2": 0.08492198395410769, "di": 16.9637298353786, "dj": 12.421553312306438, "dk": 4.483631382705376, "vw_i": 0.19718520440088066, "vw_j": 0.025954049363867762, "kt": 3.6876201345384394, "train_sc_a": [2.5151072968212254], "train_sc_v": [2.281549087662935], "val_sc_a": 0, "val_sc_v": 0, "total_sc_a": 0, "total_sc_v": 0}