{"c1": 0.0187496361311291, "c2": 0.11333262242230346, "ch1": 0.11429232083847828, "ch2": 0.10807714766601909, "di": 17.973495194403817, "dj": 22.541336469704532, "dk": 5.5393584288132125, "vw_i": 0.07701960510050698, "vw_j": 0.5144173443485252, "kt": 2.379912931422693, "train_sc_a": [2.1089307552529104], "train_sc_v": [1.8106777637396974], "val_sc_a": 0, "val_sc_v": 0, "total_sc_a": 0, "total_sc_v": 0}