{"c1": 0.01868772438157526, "c2": 0.11219473858286955, "ch1": 0.0009355929818003208, "ch2": 0.09407917090455153, "di": 4.469323055254878, "dj": 4.073187534795705, "dk": 14.865082287915039, "vw_i": -0.9492342083018984, "vw_j": -0.3551739259304564, "kt": 5.062007920299168, "train_sc_a": [1.1932423353379114], "train_sc_v": [0.5508112479209236], "val_sc_a": 0, "val_sc_v": 0, "total_sc_a": 0, "total_sc_v": 0}