{"c1": 0.01927385027074366, "c2": 0.11776532114510828, "ch1": -0.2289518833649479, "ch2": 0.08873349866566468, "di": 20.678902387547907, "dj": 32.127446483739234, "dk": 17.886209226732014, "vw_i": 3.6141580782742637, "vw_j": -4.5198557285407785, "kt": 1.0730500428355196, "train_sc_a": [1.642643982548108], "train_sc_v": [1.0243544922517216], "val_sc_a": 0, "val_sc_v": 0, "total_sc_a": 0, "total_sc_v": 0}