{"c1": 0.019704726451309846, "c2": 0.11280770305814952, "ch1": -0.31407162546339146, "ch2": 0.08042737424519415, "di": 22.30452534767356, "dj": 22.163318921941343, "dk": 10.435945023889117, "vw_i": 6.317634838657453, "vw_j": -0.9629547297211921, "kt": 0.3689355428958534, "train_sc_a": [2.078845477252667], "train_sc_v": [2.181939038439863], "val_sc_a": 0, "val_sc_v": 0, "total_sc_a": 0, "total_sc_v": 0}