{"c1": 0.019716415685314466, "c2": 0.11336480847375899, "ch1": -0.2915159365491454, "ch2": 0.08271342380043065, "di": 22.72419935268222, "dj": 22.940026206366, "dk": 13.386589313168413, "vw_i": 4.3767845746869645, "vw_j": -3.105123082632564, "kt": 0.9610768955171693, "train_sc_a": [1.4994200388852656], "train_sc_v": [0.7351981747452683], "val_sc_a": 0, "val_sc_v": 0, "total_sc_a": 0, "total_sc_v": 0}