{"c1": 0.02037376966792218, "c2": 0.10741961639604486, "ch1": -0.14613737598495558, "ch2": 0.08954137284333581, "di": 24.556722187385866, "dj": 14.721885666350856, "dk": 11.11260178106858, "vw_i": -4.639503162293662, "vw_j": -1.5823743722219439, "kt": 0.5142864851061542, "train_sc_a": [1.9142926186776197], "train_sc_v": [1.4986156143675415], "val_sc_a": 0, "val_sc_v": 0, "total_sc_a": 0, "total_sc_v": 0}