{"c1": 0.018811597673759985, "c2": 0.11460828203425343, "ch1": -0.033107103517587076, "ch2": 0.09615648124341411, "di": 14.875498059657513, "dj": 19.04880345189132, "dk": 9.633363576600438, "vw_i": -2.676004060019081, "vw_j": -1.31432826887661, "kt": 2.248469245668556, "train_sc_a": [0.9722545647373376], "train_sc_v": [1.3297292624914188], "val_sc_a": 0, "val_sc_v": 0, "total_sc_a": 0, "total_sc_v": 0}