{"c1": 0.018699286527984412, "c2": 0.11210462719083841, "ch1": -0.014177172014976243, "ch2": 0.09301034605416321, "di": 3.8670386164761816, "dj": 3.935677132604914, "dk": 14.836862237990697, "vw_i": -0.7794557069357602, "vw_j": -0.4045715338589816, "kt": 5.048997093988237, "train_sc_a": [0.5399500826402054], "train_sc_v": [0.1592472545911628], "val_sc_a": 0, "val_sc_v": 0, "total_sc_a": 0, "total_sc_v": 0}