{"c1": 0.018486658301532923, "c2": 0.11247344696069889, "ch1": -0.007868856659785897, "ch2": 0.09282164113709793, "di": 4.2641632839986325, "dj": 5.160093231939236, "dk": 12.931580885694736, "vw_i": -1.1292631873024697, "vw_j": 0.04277624951905455, "kt": 5.286515246194609, "train_sc_a": [0.6336438946857704], "train_sc_v": [0.9137459719712195], "val_sc_a": 0, "val_sc_v": 0, "total_sc_a": 0, "total_sc_v": 0}