{"c1": 0.019702389689754254, "c2": 0.10738517997555275, "ch1": -0.07255822498042969, "ch2": 0.09082287620421173, "di": 12.807180028746801, "dj": 16.17680080216861, "dk": 16.577897424899096, "vw_i": 1.724589663599554, "vw_j": 1.539825968420031, "kt": 5.020235115859096, "train_sc_a": [1.558043930917892], "train_sc_v": [1.497758824972454], "val_sc_a": 0, "val_sc_v": 0, "total_sc_a": 0, "total_sc_v": 0}