{"c1": 0.018749560625694186, "c2": 0.11333318749676785, "ch1": 0.11427223480341514, "ch2": 0.10807553512787488, "di": 17.97348999496407, "dj": 22.5402644103693, "dk": 5.539325660688324, "vw_i": 0.0770994681151494, "vw_j": 0.5144719820404768, "kt": 2.379907629277586, "train_sc_a": [2.1087915695049673], "train_sc_v": [1.8105918801210552], "val_sc_a": 0, "val_sc_v": 0, "total_sc_a": 0, "total_sc_v": 0}