{"c1": 0.019743735660684037, "c2": 0.11252081206401406, "ch1": -0.32477634131913097, "ch2": 0.07959156440939238, "di": 23.959683184923215, "dj": 19.351723067916055, "dk": 10.432099624587849, "vw_i": 6.0117917048949545, "vw_j": -0.8946563512643111, "kt": 0.3608847856343587, "train_sc_a": [1.9812599717675325], "train_sc_v": [4.158726462073923], "val_sc_a": 0, "val_sc_v": 0, "total_sc_a": 0, "total_sc_v": 0}