{"c1": 0.017744302603512466, "c2": 0.12085642922197232, "ch1": -0.15314755959233517, "ch2": 0.08660665798898601, "di": 17.90426612355203, "dj": 8.267169391543886, "dk": 5.103060106395653, "vw_i": 1.140373075293918, "vw_j": 1.241902771744522, "kt": 2.3093163677404, "train_sc_a": [3.134727178841013], "train_sc_v": [8.461098378865952], "val_sc_a": 0, "val_sc_v": 0, "total_sc_a": 0, "total_sc_v": 0}