{"c1": 0.019274504926331454, "c2": 0.11587170826502086, "ch1": -0.09934911440466047, "ch2": 0.09378623764456089, "di": 25.002791347783482, "dj": 20.408899921091063, "dk": 13.565790058494265, "vw_i": -1.9520669199661598, "vw_j": -0.29746640965271903, "kt": 0.610098390436651, "train_sc_a": [0.5910192137708034], "train_sc_v": [0.539333787303694], "val_sc_a": 0, "val_sc_v": 0, "total_sc_a": 0, "total_sc_v": 0}