{"c1": 0.019772922881098286, "c2": 0.11291850621640352, "ch1": -0.2952518284176129, "ch2": 0.08244056171623967, "di": 22.85066396714569, "dj": 22.431203826347502, "dk": 13.12236098302132, "vw_i": 4.196024898403079, "vw_j": -3.100069718083349, "kt": 0.9034476786565387, "train_sc_a": [1.615982979291175], "train_sc_v": [1.9128456369360907], "val_sc_a": 0, "val_sc_v": 0, "total_sc_a": 0, "total_sc_v": 0}