{"c1": 0.019593283470582333, "c2": 0.11263774597876677, "ch1": -0.16625851843062336, "ch2": 0.0877389978953169, "di": 19.268073246064, "dj": 19.20255510377767, "dk": 11.706673522562637, "vw_i": -3.200061304831267, "vw_j": -1.5965556242732923, "kt": 1.0864000865481958, "train_sc_a": [1.6356574365510834], "train_sc_v": [1.315186173666866], "val_sc_a": 0, "val_sc_v": 0, "total_sc_a": 0, "total_sc_v": 0}