{"c1": 0.019322069250767432, "c2": 0.11624095064607665, "ch1": -0.32461945743384246, "ch2": 0.08036513725038048, "di": 20.267109772619243, "dj": 21.714386117488445, "dk": 12.925368963257593, "vw_i": 4.486580279595213, "vw_j": -2.2376573898169374, "kt": 0.8378772264341741, "train_sc_a": [0.9705296883229154], "train_sc_v": [2.0171426043004415], "val_sc_a": 0, "val_sc_v": 0, "total_sc_a": 0, "total_sc_v": 0}