{"c1": 0.02083150218364482, "c2": 0.10329626119761853, "ch1": -0.13578004862748333, "ch2": 0.09053039701465755, "di": 23.879424240171968, "dj": 16.12621282297893, "dk": 6.374028120848217, "vw_i": -3.891686741331117, "vw_j": -2.4906345398580187, "kt": 0.7333833606859601, "train_sc_a": [9.130196760515338], "train_sc_v": [7.433133410101702], "val_sc_a": 0, "val_sc_v": 0, "total_sc_a": 0, "total_sc_v": 0}