{"c1": 0.020578142593834104, "c2": 0.10557375174770396, "ch1": -0.04086717281139628, "ch2": 0.09893513510665049, "di": 19.484133323776938, "dj": 28.890885691933505, "dk": 12.143529457694875, "vw_i": -3.5772392647065887, "vw_j": -1.9104008082296446, "kt": 0.8892214749377702, "train_sc_a": [1.743056042627361], "train_sc_v": [3.3575894307922822], "val_sc_a": 0, "val_sc_v": 0, "total_sc_a": 0, "total_sc_v": 0}