{"c1": 0.01933891117892532, "c2": 0.11612018150486843, "ch1": -0.2982816817985719, "ch2": 0.0822531813600971, "di": 22.225446821125562, "dj": 22.71663231491402, "dk": 12.955165612310859, "vw_i": 5.034279235810647, "vw_j": -2.3843760862554597, "kt": 0.833324017262285, "train_sc_a": [0.6171713303442459], "train_sc_v": [0.8206566355386045], "val_sc_a": 0, "val_sc_v": 0, "total_sc_a": 0, "total_sc_v": 0}