{"c1": 0.01925568260688577, "c2": 0.1132800843616536, "ch1": -0.12352832384034541, "ch2": 0.0900385530786484, "di": 20.419184854749197, "dj": 9.571211894316638, "dk": 4.750602285086687, "vw_i": 1.6895322758532698, "vw_j": 0.30945244764596974, "kt": 0.0, "train_sc_a": [1.054128710059198], "train_sc_v": [0.6784156378423216], "val_sc_a": 0, "val_sc_v": 0, "total_sc_a": 0, "total_sc_v": 0}