{"c1": 0.020043675988785453, "c2": 0.10692232388561272, "ch1": -0.06837238949227219, "ch2": 0.09343289699408873, "di": 15.207581689521879, "dj": 12.314297299541376, "dk": 9.225891921263765, "vw_i": -1.5754891386849923, "vw_j": -0.7231454483763122, "kt": 0.7857102152045751, "train_sc_a": [1.345346387584844], "train_sc_v": [1.0691637510608256], "val_sc_a": 0, "val_sc_v": 0, "total_sc_a": 0, "total_sc_v": 0}