{"c1": 0.018699282716907746, "c2": 0.11210465753323472, "ch1": -0.014177616193916186, "ch2": 0.09301029930304305, "di": 3.8671315583536723, "dj": 3.935554531538669, "dk": 14.836875206085148, "vw_i": -0.7794803213848664, "vw_j": -0.40454852868746904, "kt": 5.049007780819357, "train_sc_a": [0.539953655626836], "train_sc_v": [0.15924709140321333], "val_sc_a": 0, "val_sc_v": 0, "total_sc_a": 0, "total_sc_v": 0}