{"c1": 0.018839295553834397, "c2": 0.11441947705164474, "ch1": -0.12877027820221795, "ch2": 0.08936901762159333, "di": 14.931631075430566, "dj": 8.945492238893028, "dk": 9.77384205640385, "vw_i": -2.460052970893323, "vw_j": -1.2034175541256122, "kt": 2.27499750251492, "train_sc_a": [1.6109844229234405], "train_sc_v": [2.302444030121117], "val_sc_a": 0, "val_sc_v": 0, "total_sc_a": 0, "total_sc_v": 0}