{"c1": 0.019334638468696166, "c2": 0.11129707255581833, "ch1": -0.05049061378352719, "ch2": 0.0950001201491843, "di": 18.550618382469057, "dj": 14.560668894963774, "dk": 11.304639640847128, "vw_i": -1.5159988090741452, "vw_j": -1.32821029536863, "kt": 2.0128362872912153, "train_sc_a": [0.3955912901569639], "train_sc_v": [0.28938161042553645], "val_sc_a": 0, "val_sc_v": 0, "total_sc_a": 0, "total_sc_v": 0}