{"c1": 0.02034276911859028, "c2": 0.10189548276832477, "ch1": -0.09488136226103419, "ch2": 0.08907992207505609, "di": 13.117529761517071, "dj": 14.926266135377073, "dk": 13.566775727556152, "vw_i": 1.1431433300050984, "vw_j": 0.9316223826693979, "kt": 4.642270140371236, "train_sc_a": [1.591139826392985], "train_sc_v": [4.159976742011467], "val_sc_a": 0, "val_sc_v": 0, "total_sc_a": 0, "total_sc_v": 0}