{"c1": 0.019722164271499015, "c2": 0.11332176298409202, "ch1": -0.31958363032602866, "ch2": 0.08061497377424719, "di": 19.41084413605161, "dj": 22.742155429499213, "dk": 13.383436153495095, "vw_i": 3.9481328707403005, "vw_j": -2.7528587839489544, "kt": 0.9294382470718282, "train_sc_a": [2.11305188319328], "train_sc_v": [3.01001317322622], "val_sc_a": 0, "val_sc_v": 0, "total_sc_a": 0, "total_sc_v": 0}