{"c1": 0.02041055451239859, "c2": 0.10688845343716383, "ch1": -0.2695319741745592, "ch2": 0.0837070888740155, "di": 22.90763023072906, "dj": 26.86604406121355, "dk": 7.422467616197816, "vw_i": 6.556880523866543, "vw_j": -0.736158854933958, "kt": 0.2856487375746739, "train_sc_a": [2.7408294870781535], "train_sc_v": [1.7590682792577819], "val_sc_a": 0, "val_sc_v": 0, "total_sc_a": 0, "total_sc_v": 0}