{"c1": 0.01825273867329608, "c2": 0.11452796275018835, "ch1": -0.015722691496346957, "ch2": 0.09233859458366395, "di": 3.782007853627435, "dj": 4.8880026337397675, "dk": 13.489780559489253, "vw_i": 0.22841682019010187, "vw_j": 0.5638607250534621, "kt": 5.37179936809568, "train_sc_a": [0.5400529426144731], "train_sc_v": [1.070938126301193], "val_sc_a": 0, "val_sc_v": 0, "total_sc_a": 0, "total_sc_v": 0}