{"c1": 0.019773710888893372, "c2": 0.11291242155612867, "ch1": -0.2959862808604857, "ch2": 0.08238398596951332, "di": 22.756452309682228, "dj": 22.4348488128037, "dk": 13.120360659486815, "vw_i": 4.188162559201317, "vw_j": -3.0892446251589085, "kt": 0.9035647716694017, "train_sc_a": [1.4786248430095497], "train_sc_v": [0.5955686729373901], "val_sc_a": 0, "val_sc_v": 0, "total_sc_a": 0, "total_sc_v": 0}