{"c1": 0.01799560721780558, "c2": 0.11897569281572794, "ch1": -0.0862952422747227, "ch2": 0.09197366603034976, "di": 17.921571410275654, "dj": 11.83530270590453, "dk": 5.212122202326953, "vw_i": 0.8745651355968143, "vw_j": 1.060052231885349, "kt": 2.326963488540854, "train_sc_a": [1.1530010161876576], "train_sc_v": [2.4455522628537008], "val_sc_a": 0, "val_sc_v": 0, "total_sc_a": 0, "total_sc_v": 0}