{"c1": 0.01922029020085223, "c2": 0.11267153432369313, "ch1": -0.09934940302410662, "ch2": 0.09171780776053863, "di": 14.799881304166568, "dj": 9.646803719534827, "dk": 10.234441165654024, "vw_i": -2.2079789141816173, "vw_j": -1.0500723659242204, "kt": 0.9141869563352923, "train_sc_a": [1.0398076112005115], "train_sc_v": [1.7437799800346934], "val_sc_a": 0, "val_sc_v": 0, "total_sc_a": 0, "total_sc_v": 0}