{"c1": 0.01894453340748397, "c2": 0.11406658016417884, "ch1": -0.06350762611656333, "ch2": 0.09413019348035515, "di": 17.872767423739973, "dj": 14.82462768523291, "dk": 11.09062424743156, "vw_i": -1.4267062054292847, "vw_j": -1.1447374355455089, "kt": 2.180457334466587, "train_sc_a": [1.5902889331692005], "train_sc_v": [0.6146280549992508], "val_sc_a": 0, "val_sc_v": 0, "total_sc_a": 0, "total_sc_v": 0}