{"c1": 0.019384807795575776, "c2": 0.11580067798063128, "ch1": -0.279302944173168, "ch2": 0.0836124811406748, "di": 22.578539723759935, "dj": 24.569961420787557, "dk": 13.155500169027071, "vw_i": 4.88162131094771, "vw_j": -2.9729290972118045, "kt": 0.8776576583120829, "train_sc_a": [2.118483512479068], "train_sc_v": [2.140836502432295], "val_sc_a": 0, "val_sc_v": 0, "total_sc_a": 0, "total_sc_v": 0}