{"c1": 0.019162654059888495, "c2": 0.11756517347969642, "ch1": -0.264172832152738, "ch2": 0.08491102275459363, "di": 25.20550951939842, "dj": 23.474625600428926, "dk": 13.966246281694314, "vw_i": 4.373082363490932, "vw_j": -3.5113015182617238, "kt": 0.8971841571353284, "train_sc_a": [0.9181642348993235], "train_sc_v": [1.4441996557216812], "val_sc_a": 0, "val_sc_v": 0, "total_sc_a": 0, "total_sc_v": 0}