{"c1": 0.019561103060440236, "c2": 0.10846949159314877, "ch1": -0.14287505179018217, "ch2": 0.08552927498104766, "di": 8.73569501938666, "dj": 15.173175347172668, "dk": 16.657312096733722, "vw_i": 2.4848440022962066, "vw_j": 1.562032261389617, "kt": 5.0264443296583075, "train_sc_a": [1.9488746006888535], "train_sc_v": [4.64920212644509], "val_sc_a": 0, "val_sc_v": 0, "total_sc_a": 0, "total_sc_v": 0}