{"c1": 0.01951104274997657, "c2": 0.11091671255257414, "ch1": -0.08487549271888202, "ch2": 0.09272855482671064, "di": 13.719384918719078, "dj": 11.640786472788948, "dk": 11.785248307147917, "vw_i": -2.2047121249657824, "vw_j": -1.5186447762805582, "kt": 0.9426264834844366, "train_sc_a": [0.6398464441217121], "train_sc_v": [0.4004160194739226], "val_sc_a": 0, "val_sc_v": 0, "total_sc_a": 0, "total_sc_v": 0}