{"c1": 0.02045635790733886, "c2": 0.10666233151106369, "ch1": -0.1323231967882204, "ch2": 0.09085074753485124, "di": 24.534400633648165, "dj": 15.732345021830508, "dk": 9.634911189917176, "vw_i": -4.826302969184753, "vw_j": -1.588107398750741, "kt": 0.6724364941830602, "train_sc_a": [1.5887983966136539], "train_sc_v": [1.3866319843838746], "val_sc_a": 0, "val_sc_v": 0, "total_sc_a": 0, "total_sc_v": 0}