{"c1": 0.018699284578149435, "c2": 0.11210464282626441, "ch1": -0.014175657388184217, "ch2": 0.0930104481042787, "di": 3.8671054006590038, "dj": 3.9356896902346645, "dk": 14.836869381764057, "vw_i": -0.7794791379610998, "vw_j": -0.40456040999135795, "kt": 5.049002151437907, "train_sc_a": [0.5399435142755569], "train_sc_v": [0.15924663955483806], "val_sc_a": 0, "val_sc_v": 0, "total_sc_a": 0, "total_sc_v": 0}