{"c1": 0.018745947797095174, "c2": 0.1150674500573281, "ch1": -0.017614223493105926, "ch2": 0.09757936210124676, "di": 15.171809546228632, "dj": 16.131874105243277, "dk": 9.865381564397612, "vw_i": 0.3612691889767611, "vw_j": 0.18011225668621803, "kt": 2.2767360018905025, "train_sc_a": [5.287366608328065], "train_sc_v": [6.259767271784227], "val_sc_a": 0, "val_sc_v": 0, "total_sc_a": 0, "total_sc_v": 0}