{"c1": 0.021156745199150763, "c2": 0.10021569448366126, "ch1": -0.24797818423893417, "ch2": 0.08526872387177324, "di": 25.388256666332133, "dj": 26.38645956668463, "dk": 1.1907572449300028, "vw_i": 5.3562160277555755, "vw_j": -0.8440253394522534, "kt": 0.04414744886666379, "train_sc_a": [2.0947386220098307], "train_sc_v": [2.375558571539929], "val_sc_a": 0, "val_sc_v": 0, "total_sc_a": 0, "total_sc_v": 0}