{"c1": 0.019223897572955357, "c2": 0.11299533580092869, "ch1": -0.05646771036812061, "ch2": 0.09451222505118655, "di": 17.23386200248672, "dj": 11.56434216725216, "dk": 12.608383707511095, "vw_i": -3.871036719445157, "vw_j": -1.436573707952248, "kt": 1.4907559464958227, "train_sc_a": [0.6630352337231724], "train_sc_v": [0.6648312939346385], "val_sc_a": 0, "val_sc_v": 0, "total_sc_a": 0, "total_sc_v": 0}