{"c1": 0.020258682106130063, "c2": 0.10845112173705923, "ch1": -0.30138622752390437, "ch2": 0.08139579047544078, "di": 21.841471766224156, "dj": 21.958102665111614, "dk": 8.07763299934705, "vw_i": 5.312297483156735, "vw_j": -2.2449822734303213, "kt": 0.5315689847932706, "train_sc_a": [0.613803217491284], "train_sc_v": [1.1365561681786733], "val_sc_a": 0, "val_sc_v": 0, "total_sc_a": 0, "total_sc_v": 0}