{"c1": 0.01994396647307927, "c2": 0.10840997027444964, "ch1": -0.1306201311119484, "ch2": 0.08960620327574424, "di": 13.33522068081221, "dj": 11.531730486690629, "dk": 7.945703298380821, "vw_i": -2.9711492242800674, "vw_j": -1.8255929105152124, "kt": 0.9384958816678723, "train_sc_a": [1.2320102703170246], "train_sc_v": [1.9388797625935448], "val_sc_a": 0, "val_sc_v": 0, "total_sc_a": 0, "total_sc_v": 0}