{"c1": 0.018348885123613164, "c2": 0.11455185451384507, "ch1": 0.21490388857714762, "ch2": 0.11127180563734634, "di": 6.669340517152364, "dj": 30.919140679183954, "dk": 7.735006083131621, "vw_i": 1.4513078735087106, "vw_j": 1.136304227464231, "kt": 4.961600607792476, "train_sc_a": [0.8775891642189024], "train_sc_v": [0.5804213075594189], "val_sc_a": 0, "val_sc_v": 0, "total_sc_a": 0, "total_sc_v": 0}