{"c1": 0.019419576231204962, "c2": 0.10639003940069672, "ch1": -0.0566509755847776, "ch2": 0.08974362871351908, "di": 5.664953603352401, "dj": 2.971347884539409, "dk": 9.273510108175302, "vw_i": 1.1420341079014962, "vw_j": 0.39671836222403717, "kt": 4.990237664137684, "train_sc_a": [2.186957393775402], "train_sc_v": [2.015161459608105], "val_sc_a": 0, "val_sc_v": 0, "total_sc_a": 0, "total_sc_v": 0}