{"c1": 0.01916297385690047, "c2": 0.11756286718832919, "ch1": -0.26421989208659497, "ch2": 0.08490765106552359, "di": 25.198100224507865, "dj": 23.47719733907164, "dk": 13.966481594291281, "vw_i": 4.372114263629353, "vw_j": -3.5108718924081552, "kt": 0.8972282085166258, "train_sc_a": [0.917359516732943], "train_sc_v": [1.4387279799088626], "val_sc_a": 0, "val_sc_v": 0, "total_sc_a": 0, "total_sc_v": 0}