{"c1": 0.019712116258046388, "c2": 0.10363975756168597, "ch1": -0.04036850550513037, "ch2": 0.09028266324720385, "di": 6.212691037394855, "dj": 0.19232467772902825, "dk": 1.7197490691696564, "vw_i": 1.7460124155972547, "vw_j": 0.5764797364323866, "kt": 4.87186979351697, "train_sc_a": [2.878853889769637], "train_sc_v": [2.2781261674670796], "val_sc_a": 0, "val_sc_v": 0, "total_sc_a": 0, "total_sc_v": 0}