{"c1": 0.020048705466683407, "c2": 0.11010920455460725, "ch1": -0.29389487203288944, "ch2": 0.08198683301161418, "di": 22.98503677732097, "dj": 21.793456344424516, "dk": 8.69338008249422, "vw_i": 5.496157424517074, "vw_j": -2.3037357083707994, "kt": 0.508543965498214, "train_sc_a": [1.1496032722239666], "train_sc_v": [0.8776089845829951], "val_sc_a": 0, "val_sc_v": 0, "total_sc_a": 0, "total_sc_v": 0}