{"c1": 0.019375740154816027, "c2": 0.11203112488207995, "ch1": -0.03812204468515485, "ch2": 0.09587303710087369, "di": 14.623531501188273, "dj": 14.192466029791195, "dk": 9.563626480976954, "vw_i": -2.0214441113143327, "vw_j": -1.128904158557475, "kt": 0.809542610177162, "train_sc_a": [0.5452578622619826], "train_sc_v": [1.0269390764711124], "val_sc_a": 0, "val_sc_v": 0, "total_sc_a": 0, "total_sc_v": 0}