{"c1": 0.019268036637944654, "c2": 0.11055785435641868, "ch1": -0.02676809731855463, "ch2": 0.09410797954675139, "di": 10.539226637800862, "dj": 20.789006959275643, "dk": 16.469706001159988, "vw_i": -0.7283357554823333, "vw_j": 1.0471616164990745, "kt": 5.059861447971782, "train_sc_a": [0.5219344086157893], "train_sc_v": [0.47508074856057064], "val_sc_a": 0, "val_sc_v": 0, "total_sc_a": 0, "total_sc_v": 0}