{"c1": 0.020698654808153975, "c2": 0.10210843267834835, "ch1": -0.11305123662241968, "ch2": 0.09086697723706987, "di": 12.224787089786206, "dj": 14.596036555327318, "dk": 5.037231205478665, "vw_i": -3.281472356869684, "vw_j": -1.891068843802124, "kt": 0.9273452714887593, "train_sc_a": [1.8628654803736757], "train_sc_v": [2.4927677630083034], "val_sc_a": 0, "val_sc_v": 0, "total_sc_a": 0, "total_sc_v": 0}