{"c1": 0.020282027915573257, "c2": 0.1008951005276823, "ch1": -0.0617409192921223, "ch2": 0.09269719178670846, "di": 16.96451644435636, "dj": 15.826266466899538, "dk": 5.712582252635583, "vw_i": -1.5496002078840163, "vw_j": -0.4628375465920421, "kt": 3.6785786183079963, "train_sc_a": [2.7983938634481964], "train_sc_v": [5.153333961215089], "val_sc_a": 0, "val_sc_v": 0, "total_sc_a": 0, "total_sc_v": 0}