{"c1": 0.018699282716907458, "c2": 0.112104657533237, "ch1": -0.0141776161939496, "ch2": 0.09301029930303954, "di": 3.867131558360664, "dj": 3.9355545315294456, "dk": 14.836875206086125, "vw_i": -0.7794803213867181, "vw_j": -0.40454852868573854, "kt": 5.049007780820161, "train_sc_a": [0.5399536556271047], "train_sc_v": [0.1592470914032015], "val_sc_a": 0, "val_sc_v": 0, "total_sc_a": 0, "total_sc_v": 0}