{"c1": 0.01983482230850695, "c2": 0.10907738512074128, "ch1": -0.09375082590692149, "ch2": 0.0916280632407904, "di": 13.12169018604847, "dj": 12.220638912734016, "dk": 11.273152305408635, "vw_i": -0.7960103912975848, "vw_j": -0.6955747134033324, "kt": 0.6428383631575275, "train_sc_a": [0.9912525775011377], "train_sc_v": [0.7723816933433938], "val_sc_a": 0, "val_sc_v": 0, "total_sc_a": 0, "total_sc_v": 0}