{"c1": 0.020997688214263757, "c2": 0.10266637732977667, "ch1": -0.29767386356953, "ch2": 0.08145549241828819, "di": 24.16829313545393, "dj": 13.884274471734164, "dk": 4.156409113625695, "vw_i": 2.8268830430514367, "vw_j": -5.486518833336507, "kt": 0.8759213065161954, "train_sc_a": [4.068645114741772], "train_sc_v": [10.392262143004785], "val_sc_a": 0, "val_sc_v": 0, "total_sc_a": 0, "total_sc_v": 0}