{"c1": 0.020062763287594553, "c2": 0.11000120850112566, "ch1": -0.29312109776493794, "ch2": 0.0820419405417691, "di": 23.15551242114479, "dj": 21.71876376758955, "dk": 8.68638113149309, "vw_i": 5.519764517019259, "vw_j": -2.307676277905344, "kt": 0.5070610270262913, "train_sc_a": [1.1800754384282734], "train_sc_v": [0.8940835955164123], "val_sc_a": 0, "val_sc_v": 0, "total_sc_a": 0, "total_sc_v": 0}