{"c1": 0.019752482535200806, "c2": 0.11308093709342898, "ch1": -0.2954373044958599, "ch2": 0.08242223970388843, "di": 23.032746127567687, "dj": 22.221408907924605, "dk": 13.22578556507905, "vw_i": 4.226146035309162, "vw_j": -3.085781966383645, "kt": 0.9236994339281079, "train_sc_a": [1.504239604360252], "train_sc_v": [0.9210714603724867], "val_sc_a": 0, "val_sc_v": 0, "total_sc_a": 0, "total_sc_v": 0}