{"c1": 0.01824693156805217, "c2": 0.11709480870775386, "ch1": -0.019437674778047795, "ch2": 0.09734109556425675, "di": 17.938878056052452, "dj": 15.403716240002808, "dk": 5.321192863339547, "vw_i": 0.6087363209422577, "vw_j": 0.8781874105781249, "kt": 2.3446119952400757, "train_sc_a": [1.1416222932066615], "train_sc_v": [1.172787745587789], "val_sc_a": 0, "val_sc_v": 0, "total_sc_a": 0, "total_sc_v": 0}