{"c1": 0.019032133721075057, "c2": 0.1149062803928622, "ch1": -0.08640233331296424, "ch2": 0.09196720201816436, "di": 13.325940069086098, "dj": 13.075264781346918, "dk": 10.771423319700373, "vw_i": -1.2994567747545593, "vw_j": -1.071264693979686, "kt": 0.7267996662697893, "train_sc_a": [0.8304332887601973], "train_sc_v": [0.3568500865041531], "val_sc_a": 0, "val_sc_v": 0, "total_sc_a": 0, "total_sc_v": 0}