{"c1": 0.01868772613100609, "c2": 0.11219470681859225, "ch1": 0.0009345871382902711, "ch2": 0.09407909918117428, "di": 4.469338087110869, "dj": 4.073137843361137, "dk": 14.86502676358809, "vw_i": -0.9492303142889696, "vw_j": -0.3551715281865282, "kt": 5.061988604683236, "train_sc_a": [1.193242774623459], "train_sc_v": [0.5508136169218092], "val_sc_a": 0, "val_sc_v": 0, "total_sc_a": 0, "total_sc_v": 0}