{"c1": 0.019650079393988613, "c2": 0.10996027120266907, "ch1": -0.008345378527743103, "ch2": 0.09886803675234873, "di": 18.08226332396693, "dj": 15.143894268482258, "dk": 14.100145719174096, "vw_i": -0.9815614085240544, "vw_j": -0.5081301776559967, "kt": 1.7124075748517245, "train_sc_a": [0.7197459435677694], "train_sc_v": [0.18514173164204586], "val_sc_a": 0, "val_sc_v": 0, "total_sc_a": 0, "total_sc_v": 0}