{"c1": 0.018888101851658002, "c2": 0.11441565009632311, "ch1": -0.07041301337629463, "ch2": 0.09363280388546885, "di": 18.62052318232261, "dj": 13.778227947191743, "dk": 10.823856236176386, "vw_i": -1.3843238132881355, "vw_j": -1.1529604253217811, "kt": 2.0672542085687673, "train_sc_a": [1.6133860848212382], "train_sc_v": [0.6168183737224278], "val_sc_a": 0, "val_sc_v": 0, "total_sc_a": 0, "total_sc_v": 0}