{"c1": 0.018915720622443736, "c2": 0.11424460645237389, "ch1": -0.067043056805734, "ch2": 0.09387556316402583, "di": 18.256674563006424, "dj": 14.287775011513975, "dk": 10.95354119439146, "vw_i": -1.4050305654893636, "vw_j": -1.1491121172298453, "kt": 2.122313769149797, "train_sc_a": [1.6004456627991783], "train_sc_v": [0.606625151010883], "val_sc_a": 0, "val_sc_v": 0, "total_sc_a": 0, "total_sc_v": 0}