{"c1": 0.017888183741062547, "c2": 0.11911540747907579, "ch1": 0.06545219334727581, "ch2": 0.10019763397667791, "di": 6.340739311681593, "dj": 25.6380518626615, "dk": 12.49683415768971, "vw_i": -3.688150085776296, "vw_j": -0.5571823783881693, "kt": 5.0650972081841905, "train_sc_a": [1.7478202812751131], "train_sc_v": [1.5689310192816495], "val_sc_a": 0, "val_sc_v": 0, "total_sc_a": 0, "total_sc_v": 0}