{"c1": 0.018642414546978105, "c2": 0.11146615622452438, "ch1": 0.03694727177982928, "ch2": 0.0960156796491089, "di": 4.333353995650997, "dj": 6.763801316345577, "dk": 13.139958149866088, "vw_i": -0.08328847161455148, "vw_j": 0.27994780294389937, "kt": 5.329482494628444, "train_sc_a": [0.40964897236363423], "train_sc_v": [0.181437423131188], "val_sc_a": 0, "val_sc_v": 0, "total_sc_a": 0, "total_sc_v": 0}