{"c1": 0.020620130105876308, "c2": 0.10279471395772333, "ch1": -0.11667057612826277, "ch2": 0.09055124993306293, "di": 12.008216392278332, "dj": 14.494394783645278, "dk": 5.436245089428953, "vw_i": -3.302208676430371, "vw_j": -1.8439363319406745, "kt": 0.8975598691176029, "train_sc_a": [0.44246846343884727], "train_sc_v": [0.5344597089767774], "val_sc_a": 0, "val_sc_v": 0, "total_sc_a": 0, "total_sc_v": 0}