{"c1": 0.01847059394566881, "c2": 0.11380232367887233, "ch1": 0.19456432225818368, "ch2": 0.10985992041823162, "di": 6.6022351518533124, "dj": 29.39550180629939, "dk": 8.404798215841499, "vw_i": -7.251307417584471, "vw_j": -3.7592851132548777, "kt": 4.968997689536316, "train_sc_a": [1.186011261650028], "train_sc_v": [2.638671419409229], "val_sc_a": 0, "val_sc_v": 0, "total_sc_a": 0, "total_sc_v": 0}