{"c1": 0.01884743637305242, "c2": 0.11558113829681588, "ch1": -0.056263243062543454, "ch2": 0.0944763810073514, "di": 16.82158724789549, "dj": 12.010795959823135, "dk": 11.721083002711042, "vw_i": -3.2915494580471933, "vw_j": -1.7416778348262545, "kt": 1.4156487828995936, "train_sc_a": [0.3699951957649162], "train_sc_v": [0.13551296001966417], "val_sc_a": 0, "val_sc_v": 0, "total_sc_a": 0, "total_sc_v": 0}