{"c1": 0.019811655798165333, "c2": 0.10612327534708066, "ch1": -0.08259701239102182, "ch2": 0.09009413408041714, "di": 15.44451729262302, "dj": 17.6632844229111, "dk": 12.350546374581969, "vw_i": -2.2462861830691767, "vw_j": 0.32723997222018136, "kt": 4.5756679702501595, "train_sc_a": [0.5718320306150462], "train_sc_v": [0.6008581036272923], "val_sc_a": 0, "val_sc_v": 0, "total_sc_a": 0, "total_sc_v": 0}