{"c1": 0.018687724382349342, "c2": 0.11219473858819468, "ch1": 0.0009355937533556547, "ch2": 0.09407917095924398, "di": 4.4693230430010615, "dj": 4.073187573370463, "dk": 14.865082323792219, "vw_i": -0.9492342111480151, "vw_j": -0.3551739269955786, "kt": 5.0620079353895004, "train_sc_a": [1.1932423350964285], "train_sc_v": [0.5508112456974437], "val_sc_a": 0, "val_sc_v": 0, "total_sc_a": 0, "total_sc_v": 0}