{"c1": 0.019797785171164865, "c2": 0.10506784978894441, "ch1": -0.04941031272310041, "ch2": 0.09376203049087141, "di": 16.832373117783973, "dj": 16.432167037536477, "dk": 7.287229767566152, "vw_i": -1.5055338308190327, "vw_j": -1.0475085494446954, "kt": 3.5560188176549947, "train_sc_a": [0.3576214178163672], "train_sc_v": [0.7238590414155376], "val_sc_a": 0, "val_sc_v": 0, "total_sc_a": 0, "total_sc_v": 0}