{"c1": 0.01933871261943444, "c2": 0.11629548576903775, "ch1": -0.2900808420994625, "ch2": 0.08305479927944968, "di": 21.12645394090774, "dj": 24.890450589438455, "dk": 14.095793448533373, "vw_i": 3.840112195716145, "vw_j": -3.2747786425292666, "kt": 0.9214358619569027, "train_sc_a": [1.424325777159633], "train_sc_v": [2.160578086830981], "val_sc_a": 0, "val_sc_v": 0, "total_sc_a": 0, "total_sc_v": 0}