{"c1": 0.018856810227415234, "c2": 0.1142892188438506, "ch1": -0.11168870275853202, "ch2": 0.09055217064905977, "di": 14.869106604801384, "dj": 11.168576687649104, "dk": 9.737365695508373, "vw_i": -2.3240373214422227, "vw_j": -1.0802245418487395, "kt": 2.258764488578311, "train_sc_a": [1.5762389909716337], "train_sc_v": [1.107929139707094], "val_sc_a": 0, "val_sc_v": 0, "total_sc_a": 0, "total_sc_v": 0}