{"c1": 0.01832528176736127, "c2": 0.12091577128368802, "ch1": 0.05785743852117352, "ch2": 0.10487904807122153, "di": 20.817231274363365, "dj": 25.837880633196665, "dk": 10.29768574147765, "vw_i": 0.7755078170821201, "vw_j": -0.6145709611548229, "kt": 1.1274176302255134, "train_sc_a": [1.2349811474238954], "train_sc_v": [2.2208581253678616], "val_sc_a": 0, "val_sc_v": 0, "total_sc_a": 0, "total_sc_v": 0}