{"c1": 0.019885716645811007, "c2": 0.10904007864626104, "ch1": -0.06332040084035914, "ch2": 0.09462218784773618, "di": 12.378994082870943, "dj": 15.066749061704895, "dk": 11.925940275993344, "vw_i": -0.8078230390923309, "vw_j": -0.488258165292071, "kt": 0.6225840653877921, "train_sc_a": [0.6570976160797497], "train_sc_v": [0.3995708500799621], "val_sc_a": 0, "val_sc_v": 0, "total_sc_a": 0, "total_sc_v": 0}