{"c1": 0.019214807725092764, "c2": 0.10804519476178008, "ch1": -0.0516318307202252, "ch2": 0.09010565187377277, "di": 4.604230223014088, "dj": 3.310141048795397, "dk": 11.169392279177655, "vw_i": 0.6225874721192208, "vw_j": 0.18583961041395672, "kt": 5.01245156932243, "train_sc_a": [1.8485872084382504], "train_sc_v": [2.1078138047295196], "val_sc_a": 0, "val_sc_v": 0, "total_sc_a": 0, "total_sc_v": 0}