{"c1": 0.02007974946140603, "c2": 0.10987223072969504, "ch1": -0.2944007826017844, "ch2": 0.08195023879869517, "di": 24.4338958888026, "dj": 20.3367387000965, "dk": 8.706492120969584, "vw_i": 5.581959126430317, "vw_j": -2.3222461465708175, "kt": 0.4983830844122578, "train_sc_a": [1.9054152935235267], "train_sc_v": [1.948609377461024], "val_sc_a": 0, "val_sc_v": 0, "total_sc_a": 0, "total_sc_v": 0}