{"c1": 0.019662402849303682, "c2": 0.10453702589590178, "ch1": -0.1297015909004146, "ch2": 0.08398059344199603, "di": 3.8873949021412604, "dj": 0.0, "dk": 8.359511703233451, "vw_i": 1.9364157267527793, "vw_j": 0.7437183146264259, "kt": 4.9892990734315426, "train_sc_a": [1164.2814501020187], "train_sc_v": [580.7736917916003], "val_sc_a": 0, "val_sc_v": 0, "total_sc_a": 0, "total_sc_v": 0}