{"c1": 0.01904579298118977, "c2": 0.11402454776335576, "ch1": -0.081468003338001, "ch2": 0.09274182465437136, "di": 15.416468316332905, "dj": 10.97734467249234, "dk": 11.026601184712446, "vw_i": -2.6859351653601395, "vw_j": -1.2929885639719876, "kt": 1.0564381591272811, "train_sc_a": [0.4420337587158452], "train_sc_v": [0.22417667705292116], "val_sc_a": 0, "val_sc_v": 0, "total_sc_a": 0, "total_sc_v": 0}