{"c1": 0.019662133203365083, "c2": 0.10998411325465007, "ch1": -0.08402364433889728, "ch2": 0.09216096143774813, "di": 14.551962089185718, "dj": 12.028750642966186, "dk": 9.943852981299422, "vw_i": -1.4069702640779944, "vw_j": -0.8121265173771803, "kt": 0.7717685824425486, "train_sc_a": [0.8611600645175097], "train_sc_v": [0.6949491090372951], "val_sc_a": 0, "val_sc_v": 0, "total_sc_a": 0, "total_sc_v": 0}