{"c1": 0.020331371375961024, "c2": 0.10052649560332892, "ch1": -0.06269116950271261, "ch2": 0.09262489403287182, "di": 16.848072067593975, "dj": 15.925802136247471, "dk": 5.969720704696591, "vw_i": -1.3976304405671884, "vw_j": -0.7027221752349154, "kt": 3.622977770531809, "train_sc_a": [0.30122972515989893], "train_sc_v": [0.2278704987046283], "val_sc_a": 0, "val_sc_v": 0, "total_sc_a": 0, "total_sc_v": 0}