{"c1": 0.020458880447755838, "c2": 0.10837335658322325, "ch1": -0.22850601414763566, "ch2": 0.08820413256481124, "di": 24.35701039832942, "dj": 27.877966729411362, "dk": 15.442888424069142, "vw_i": 4.471952936342559, "vw_j": -3.9513708806419383, "kt": 1.044968880663514, "train_sc_a": [1.5912122217150404], "train_sc_v": [1.8619803749478554], "val_sc_a": 0, "val_sc_v": 0, "total_sc_a": 0, "total_sc_v": 0}