{"c1": 0.019406237984702156, "c2": 0.11266608777511478, "ch1": 0.04905871949511301, "ch2": 0.10389555820561552, "di": 13.334904937516798, "dj": 30.472663399717636, "dk": 9.423473711146265, "vw_i": -4.450232587478639, "vw_j": -2.8573691333756908, "kt": 0.9448343682070766, "train_sc_a": [3.297065905668479], "train_sc_v": [4.676112985816003], "val_sc_a": 0, "val_sc_v": 0, "total_sc_a": 0, "total_sc_v": 0}