{"c1": 0.01970238971313615, "c2": 0.10738517980179291, "ch1": -0.0725582204444914, "ch2": 0.09082287655907258, "di": 12.80718024418903, "dj": 16.176800844024555, "dk": 16.5778974248349, "vw_i": 1.724589746262569, "vw_j": 1.5398260089108604, "kt": 5.020235115631891, "train_sc_a": [1.5580439210277455], "train_sc_v": [1.4977588106521114], "val_sc_a": 0, "val_sc_v": 0, "total_sc_a": 0, "total_sc_v": 0}