{"c1": 0.01916837535087535, "c2": 0.11664944642096726, "ch1": -0.11395231729779426, "ch2": 0.09271960518053592, "di": 25.403893249495844, "dj": 17.78951928987708, "dk": 13.674156558746711, "vw_i": -2.194911008078774, "vw_j": -1.168842413367084, "kt": 0.7730877751493517, "train_sc_a": [1.23775529539257], "train_sc_v": [0.4803718554726775], "val_sc_a": 0, "val_sc_v": 0, "total_sc_a": 0, "total_sc_v": 0}