{"c1": 0.0188691948844402, "c2": 0.11534315412873253, "ch1": -0.10173988230779069, "ch2": 0.09113069492143969, "di": 16.777295524314123, "dj": 9.424024680648522, "dk": 11.371131113358668, "vw_i": -2.6939849210332256, "vw_j": -1.5166594441273218, "kt": 1.295801348766492, "train_sc_a": [1.4144705619249132], "train_sc_v": [1.3759047350817388], "val_sc_a": 0, "val_sc_v": 0, "total_sc_a": 0, "total_sc_v": 0}