{"c1": 0.018817043994817987, "c2": 0.11025869985999595, "ch1": -0.028477207294262202, "ch2": 0.09137269459233362, "di": 3.3252481881673437, "dj": 4.621534383758666, "dk": 13.51516999135583, "vw_i": 0.18592949602086103, "vw_j": 0.6341574560678371, "kt": 5.385923271582959, "train_sc_a": [0.4655278050364549], "train_sc_v": [0.6124257377583212], "val_sc_a": 0, "val_sc_v": 0, "total_sc_a": 0, "total_sc_v": 0}