{"c1": 0.01953545468151507, "c2": 0.11110702877557982, "ch1": -0.12278240200466808, "ch2": 0.09005582771878666, "di": 20.531256891723704, "dj": 9.456524131503949, "dk": 4.190742073446281, "vw_i": 1.721805625437537, "vw_j": 0.2193769152313801, "kt": 0.06548951593418607, "train_sc_a": [1.050328546266322], "train_sc_v": [0.8267879634050361], "val_sc_a": 0, "val_sc_v": 0, "total_sc_a": 0, "total_sc_v": 0}