{"c1": 0.019982850873038555, "c2": 0.10708340639551801, "ch1": -0.07131673876485228, "ch2": 0.09375336733741878, "di": 14.219903271228052, "dj": 11.925053287510034, "dk": 10.723365651795115, "vw_i": -2.325063297623606, "vw_j": -1.4082147693332216, "kt": 1.0044981516243916, "train_sc_a": [0.489635329590704], "train_sc_v": [0.20431525484563498], "val_sc_a": 0, "val_sc_v": 0, "total_sc_a": 0, "total_sc_v": 0}