{"c1": 0.020085499003898517, "c2": 0.10657763462221553, "ch1": -0.04903139954207009, "ch2": 0.09499262885592398, "di": 15.148416700990728, "dj": 13.300056975324098, "dk": 9.15007276075456, "vw_i": -1.779874084009416, "vw_j": -0.8937781941256076, "kt": 0.7904830004760101, "train_sc_a": [0.49175056156898017], "train_sc_v": [0.5612129384853948], "val_sc_a": 0, "val_sc_v": 0, "total_sc_a": 0, "total_sc_v": 0}