{"c1": 0.01983255277477509, "c2": 0.1082830861333751, "ch1": -0.08351319355853701, "ch2": 0.09277803585250319, "di": 14.072095810248936, "dj": 11.343257999727602, "dk": 10.953598310017876, "vw_i": -2.216482570707701, "vw_j": -1.4089886896489383, "kt": 0.9948591996962184, "train_sc_a": [0.941557308599557], "train_sc_v": [0.5085428754396029], "val_sc_a": 0, "val_sc_v": 0, "total_sc_a": 0, "total_sc_v": 0}