{"c1": 0.01994127806930353, "c2": 0.10843124897291195, "ch1": -0.12972181660781953, "ch2": 0.08967764370818679, "di": 13.335219102235873, "dj": 11.626426744486233, "dk": 7.953091494549009, "vw_i": -2.9785439846176804, "vw_j": -1.8307513336845471, "kt": 0.9385275712872858, "train_sc_a": [1.2132867020936402], "train_sc_v": [1.8761616187277947], "val_sc_a": 0, "val_sc_v": 0, "total_sc_a": 0, "total_sc_v": 0}