{"c1": 0.018858067633541364, "c2": 0.11427997385525333, "ch1": -0.11178747694015433, "ch2": 0.0905428654601484, "di": 14.86511424258623, "dj": 11.151566133088888, "dk": 9.735100516221346, "vw_i": -2.328460940844422, "vw_j": -1.0807825519959116, "kt": 2.257809367469346, "train_sc_a": [1.5728953510271788], "train_sc_v": [1.107896371398853], "val_sc_a": 0, "val_sc_v": 0, "total_sc_a": 0, "total_sc_v": 0}