{"c1": 0.020762463124238607, "c2": 0.09827564333022895, "ch1": -0.1667115825203146, "ch2": 0.08289220994599131, "di": 12.861668097485243, "dj": 13.57473895984572, "dk": 10.402384923610422, "vw_i": -0.8081415852476035, "vw_j": 0.10520243285938272, "kt": 4.639553612068443, "train_sc_a": [1.8003303703617342], "train_sc_v": [4.197729764659557], "val_sc_a": 0, "val_sc_v": 0, "total_sc_a": 0, "total_sc_v": 0}