{"c1": 0.019164198499284354, "c2": 0.11209683228938881, "ch1": -0.0982331978616241, "ch2": 0.09163573412767602, "di": 15.98152413718025, "dj": 14.355927374956835, "dk": 9.943047642134232, "vw_i": -1.4221636474581503, "vw_j": -0.81155521372105, "kt": 2.237206592549872, "train_sc_a": [1.0317428384971423], "train_sc_v": [0.865111860091259], "val_sc_a": 0, "val_sc_v": 0, "total_sc_a": 0, "total_sc_v": 0}