{"c1": 0.020027094512798792, "c2": 0.10708570047868049, "ch1": -0.12445444429555524, "ch2": 0.08991960067810527, "di": 20.76000343772335, "dj": 8.805433985599114, "dk": 1.7888031910570301, "vw_i": 1.8119249631475536, "vw_j": -0.45288148324341865, "kt": 0.2079126946167563, "train_sc_a": [1.0539528148885804], "train_sc_v": [1.4891105500645685], "val_sc_a": 0, "val_sc_v": 0, "total_sc_a": 0, "total_sc_v": 0}