{"c1": 0.019505186915177466, "c2": 0.11494257807064392, "ch1": -0.2731186138581978, "ch2": 0.08407495578857367, "di": 22.423850395535933, "dj": 25.322961427255425, "dk": 13.484464940072696, "vw_i": 4.9494733556827875, "vw_j": -3.1861815413658583, "kt": 0.9711550173228423, "train_sc_a": [2.1580019266771555], "train_sc_v": [1.7055248359841424], "val_sc_a": 0, "val_sc_v": 0, "total_sc_a": 0, "total_sc_v": 0}