{"c1": 0.01987034726301364, "c2": 0.11210486142438612, "ch1": -0.29445963100324823, "ch2": 0.08236199934699509, "di": 23.422162427518572, "dj": 21.780299557384446, "dk": 12.50706417264284, "vw_i": 5.296033267567234, "vw_j": -2.518610750058767, "kt": 0.8563865557621934, "train_sc_a": [1.2385869815188242], "train_sc_v": [1.6686622362939574], "val_sc_a": 0, "val_sc_v": 0, "total_sc_a": 0, "total_sc_v": 0}