{"c1": 0.019610168835569517, "c2": 0.10153752898380004, "ch1": -0.04386699754876694, "ch2": 0.09003772530624445, "di": 0.55345500129485, "dj": 0.0, "dk": 3.570596925187138, "vw_i": 4.379111784018146, "vw_j": 2.3709090827683403, "kt": 5.223504745462708, "train_sc_a": [9.105276723473004], "train_sc_v": [18.930540696571967], "val_sc_a": 0, "val_sc_v": 0, "total_sc_a": 0, "total_sc_v": 0}