{"c1": 0.018564178065274106, "c2": 0.11886474151606022, "ch1": 0.04820521417128791, "ch2": 0.10234334490454505, "di": 14.132460716247136, "dj": 26.464209530225975, "dk": 9.071209210372128, "vw_i": -1.2792241030003262, "vw_j": -2.6412366875603546, "kt": 0.8737330482736592, "train_sc_a": [2.0981362106292236], "train_sc_v": [2.9841749273862206], "val_sc_a": 0, "val_sc_v": 0, "total_sc_a": 0, "total_sc_v": 0}