{"c1": 0.01971186321777854, "c2": 0.11173058453203462, "ch1": -0.18916685972403044, "ch2": 0.08596877268790798, "di": 19.56796575038568, "dj": 15.95837122328179, "dk": 11.454456539406795, "vw_i": -2.6695472911125675, "vw_j": -1.3171639571869624, "kt": 1.0235683871962613, "train_sc_a": [1.6310041909218866], "train_sc_v": [1.3370585758284093], "val_sc_a": 0, "val_sc_v": 0, "total_sc_a": 0, "total_sc_v": 0}