{"c1": 0.020408841813206343, "c2": 0.10710455095930596, "ch1": -0.1779503561832752, "ch2": 0.08683397265766821, "di": 24.54750801220607, "dj": 11.793793721465127, "dk": 10.67562346082885, "vw_i": -5.202559950051414, "vw_j": -1.950854373758781, "kt": 0.5793124066884892, "train_sc_a": [2.809308849625696], "train_sc_v": [3.3803587783042692], "val_sc_a": 0, "val_sc_v": 0, "total_sc_a": 0, "total_sc_v": 0}