{"c1": 0.01968295751223247, "c2": 0.11362713860378298, "ch1": -0.28906304277868966, "ch2": 0.08289705520642218, "di": 21.999893458428588, "dj": 23.905704358881597, "dk": 13.528532846737962, "vw_i": 4.516093779476708, "vw_j": -3.107899249669561, "kt": 0.9960708156047771, "train_sc_a": [1.6003847728755136], "train_sc_v": [1.6659504943344257], "val_sc_a": 0, "val_sc_v": 0, "total_sc_a": 0, "total_sc_v": 0}