{"c1": 0.020038218876503634, "c2": 0.11020405659924676, "ch1": -0.2999026641669632, "ch2": 0.08151976328528891, "di": 39.65596796851783, "dj": 5.323926001246293, "dk": 9.017399167176098, "vw_i": 5.650743158236189, "vw_j": -2.300367372084081, "kt": 0.5017889754690956, "train_sc_a": [11.869342427473917], "train_sc_v": [22.993523789491704], "val_sc_a": 0, "val_sc_v": 0, "total_sc_a": 0, "total_sc_v": 0}