{"c1": 0.020537659870907984, "c2": 0.10774319735645901, "ch1": -0.18900315693690295, "ch2": 0.09147181295894231, "di": 30.01424203451883, "dj": 26.800885932910255, "dk": 15.386429372620892, "vw_i": 4.876492647701858, "vw_j": -4.551027892287509, "kt": 1.0448917519754395, "train_sc_a": [2.732099189301183], "train_sc_v": [4.621080243921126], "val_sc_a": 0, "val_sc_v": 0, "total_sc_a": 0, "total_sc_v": 0}