{"c1": 0.019044769869719168, "c2": 0.11402013763596935, "ch1": -0.10209002917505937, "ch2": 0.09124527122879773, "di": 14.816036780869544, "dj": 9.725309723539056, "dk": 10.912285778418331, "vw_i": -2.3481423818190468, "vw_j": -1.3007311772309538, "kt": 1.0271069263827677, "train_sc_a": [1.2416471737139907], "train_sc_v": [0.7458812185420077], "val_sc_a": 0, "val_sc_v": 0, "total_sc_a": 0, "total_sc_v": 0}