{"c1": 0.020421847279378708, "c2": 0.10714507447678175, "ch1": -0.14356561553381814, "ch2": 0.08987057885279547, "di": 24.264865659752296, "dj": 16.74755226837414, "dk": 12.96892429353203, "vw_i": -3.6532339695005067, "vw_j": -1.7506782609155014, "kt": 0.5863586961334021, "train_sc_a": [1.3075324671185147], "train_sc_v": [0.9947625431046819], "val_sc_a": 0, "val_sc_v": 0, "total_sc_a": 0, "total_sc_v": 0}