{"c1": 0.020456729021928494, "c2": 0.10419401470260539, "ch1": -0.13418906941972147, "ch2": 0.08909834322393922, "di": 11.577798544398451, "dj": 12.920357368929528, "dk": 6.182558340519828, "vw_i": -3.2542612040989516, "vw_j": -1.7327438832056352, "kt": 0.8603988271736761, "train_sc_a": [0.6974764047921057], "train_sc_v": [1.5059643362637085], "val_sc_a": 0, "val_sc_v": 0, "total_sc_a": 0, "total_sc_v": 0}