{"c1": 0.018503789381109664, "c2": 0.11255680314757247, "ch1": 0.031066587987819416, "ch2": 0.09559305432250305, "di": 4.365954441888584, "dj": 6.559635224958433, "dk": 13.262629235639562, "vw_i": 0.1265561319476667, "vw_j": 0.4836466323125249, "kt": 5.365091847666957, "train_sc_a": [0.4186250732692881], "train_sc_v": [0.3458625500508406], "val_sc_a": 0, "val_sc_v": 0, "total_sc_a": 0, "total_sc_v": 0}