{"c1": 0.0206285649698066, "c2": 0.09941229265142953, "ch1": -0.10969256253768392, "ch2": 0.08776286370927223, "di": 15.409872361998048, "dj": 16.507805233050966, "dk": 10.901612068261898, "vw_i": -1.5343203487063992, "vw_j": 0.2472262539735616, "kt": 4.632356179404207, "train_sc_a": [0.9630809522364896], "train_sc_v": [1.7485176914117828], "val_sc_a": 0, "val_sc_v": 0, "total_sc_a": 0, "total_sc_v": 0}