{"c1": 0.01964558653782198, "c2": 0.11380016614666642, "ch1": -0.2732715769530176, "ch2": 0.08398065987030304, "di": 24.652133774431004, "dj": 23.160104060658544, "dk": 12.559771415109475, "vw_i": 5.560652579272292, "vw_j": -2.675529086193909, "kt": 0.8344260993700664, "train_sc_a": [1.2791889958035483], "train_sc_v": [1.4387834511792266], "val_sc_a": 0, "val_sc_v": 0, "total_sc_a": 0, "total_sc_v": 0}