{"c1": 0.018857037488197365, "c2": 0.11428754792520644, "ch1": -0.11170655498408073, "ch2": 0.09055048884994495, "di": 14.868385034148341, "dj": 11.165502237912037, "dk": 9.73695629205014, "vw_i": -2.3248368365585486, "vw_j": -1.080325395359669, "kt": 2.2585918621167846, "train_sc_a": [1.575632206472772], "train_sc_v": [1.1079102813107513], "val_sc_a": 0, "val_sc_v": 0, "total_sc_a": 0, "total_sc_v": 0}