{"c1": 0.019704892931550155, "c2": 0.1128064033114224, "ch1": -0.31406455228300306, "ch2": 0.08042791956849438, "di": 22.31318723058006, "dj": 22.154912655506738, "dk": 10.435236882302458, "vw_i": 6.317301924687512, "vw_j": -0.963622369407353, "kt": 0.3690018636567159, "train_sc_a": [2.0797072949724704], "train_sc_v": [2.174326313474174], "val_sc_a": 0, "val_sc_v": 0, "total_sc_a": 0, "total_sc_v": 0}