{"c1": 0.019870347241226112, "c2": 0.11210486158880573, "ch1": -0.29445963027821165, "ch2": 0.08236199940180808, "di": 23.422161729534885, "dj": 21.78030034509748, "dk": 12.507064171134441, "vw_i": 5.29603326235473, "vw_j": -2.518610746336862, "kt": 0.8563865527965324, "train_sc_a": [1.2385868176139792], "train_sc_v": [1.668660789341314], "val_sc_a": 0, "val_sc_v": 0, "total_sc_a": 0, "total_sc_v": 0}