{"c1": 0.02068298556801586, "c2": 0.09895758209014664, "ch1": -0.2633102660620571, "ch2": 0.07455769315307412, "di": 12.873093747588271, "dj": 7.960010774033785, "dk": 11.356985089787768, "vw_i": -1.8478698551637955, "vw_j": -0.5578751517351037, "kt": 4.647512406377697, "train_sc_a": [5.292006778122149], "train_sc_v": [9.89233514733968], "val_sc_a": 0, "val_sc_v": 0, "total_sc_a": 0, "total_sc_v": 0}