{"c1": 0.018699283974196103, "c2": 0.11210464759852144, "ch1": -0.014176292999933943, "ch2": 0.0930103998198507, "di": 3.867113888556485, "dj": 3.9356458326645907, "dk": 14.836871271694957, "vw_i": -0.7794795219701942, "vw_j": -0.4045565546333702, "kt": 5.049003978112898, "train_sc_a": [0.5399468046039967], "train_sc_v": [0.15924677727140543], "val_sc_a": 0, "val_sc_v": 0, "total_sc_a": 0, "total_sc_v": 0}