{"c1": 0.01930697396016019, "c2": 0.1163495994853236, "ch1": -0.3116273858522652, "ch2": 0.08129539697273275, "di": 21.958556149341195, "dj": 21.193864561692017, "dk": 12.888778537985065, "vw_i": 4.784822895705048, "vw_j": -2.2765838014973867, "kt": 0.835880284751059, "train_sc_a": [0.563345015495353], "train_sc_v": [1.1694988622611242], "val_sc_a": 0, "val_sc_v": 0, "total_sc_a": 0, "total_sc_v": 0}