{"c1": 0.019309014210235727, "c2": 0.11559368603156683, "ch1": -0.10768967066335194, "ch2": 0.09316634492694635, "di": 25.325166923526076, "dj": 18.36704642276314, "dk": 13.570397546625607, "vw_i": -2.210119275224337, "vw_j": -1.505041057053429, "kt": 0.820336653139254, "train_sc_a": [1.219148635465462], "train_sc_v": [0.6426175678663613], "val_sc_a": 0, "val_sc_v": 0, "total_sc_a": 0, "total_sc_v": 0}