{"c1": 0.019725757983570024, "c2": 0.11264350499147098, "ch1": -0.31317766360958443, "ch2": 0.08049629729907672, "di": 23.39764575038717, "dj": 21.102494737050293, "dk": 10.346477248846547, "vw_i": 6.27558232034861, "vw_j": -1.0472890527988052, "kt": 0.3773124297478564, "train_sc_a": [2.3495786673761643], "train_sc_v": [2.105869000510503], "val_sc_a": 0, "val_sc_v": 0, "total_sc_a": 0, "total_sc_v": 0}