{"c1": 0.019872420594622266, "c2": 0.1083907635652778, "ch1": -0.13656947297826733, "ch2": 0.0889414881518012, "di": 20.689120759429994, "dj": 7.194478448544308, "dk": 2.8126792166951966, "vw_i": 1.6807035143491034, "vw_j": -0.22819231000615933, "kt": 0.17101854831688007, "train_sc_a": [1.5187256401119682], "train_sc_v": [2.7418426942602236], "val_sc_a": 0, "val_sc_v": 0, "total_sc_a": 0, "total_sc_v": 0}