{"c1": 0.018699282716907458, "c2": 0.112104657533237, "ch1": -0.014177616193949605, "ch2": 0.09301029930303954, "di": 3.8671315583606654, "dj": 3.9355545315294442, "dk": 14.836875206086125, "vw_i": -0.7794803213867184, "vw_j": -0.4045485286857382, "kt": 5.049007780820161, "train_sc_a": [1.592249575242609], "train_sc_v": [2.7742481930469407], "val_sc_a": 0, "val_sc_v": 0, "total_sc_a": 0, "total_sc_v": 0}