{"c1": 0.0187541129061868, "c2": 0.11266828895251822, "ch1": 0.1406419033525617, "ch2": 0.10588605129941425, "di": 6.353249292824738, "dj": 27.801641239168124, "dk": 11.891295122453814, "vw_i": 0.0627153230094444, "vw_j": -0.09310099435431332, "kt": 5.025900026941985, "train_sc_a": [1.7995688642850078], "train_sc_v": [4.190099765026918], "val_sc_a": 0, "val_sc_v": 0, "total_sc_a": 0, "total_sc_v": 0}