{"c1": 0.019237816480633413, "c2": 0.11086678490025975, "ch1": -0.05478908494130039, "ch2": 0.09197143014794214, "di": 8.760167002342014, "dj": 21.71423556669915, "dk": 16.62515998483624, "vw_i": -1.1484440845631987, "vw_j": 0.5081253683879504, "kt": 5.0325113887900494, "train_sc_a": [0.6175220036464862], "train_sc_v": [0.40839598341395994], "val_sc_a": 0, "val_sc_v": 0, "total_sc_a": 0, "total_sc_v": 0}