{"c1": 0.019689577671425238, "c2": 0.11282978548073952, "ch1": -0.1005936068795354, "ch2": 0.09370732006522595, "di": 24.747025468788994, "dj": 20.66179832484845, "dk": 13.705046271144742, "vw_i": -1.75836785552714, "vw_j": -0.41782112362855667, "kt": 0.5823409707474205, "train_sc_a": [0.6271656303143338], "train_sc_v": [0.508568708826105], "val_sc_a": 0, "val_sc_v": 0, "total_sc_a": 0, "total_sc_v": 0}