{"c1": 0.018754988628193338, "c2": 0.11500784190762814, "ch1": 0.07298074164430429, "ch2": 0.1036799355332238, "di": 14.929824997524868, "dj": 27.79788766228304, "dk": 9.531740914098695, "vw_i": -3.7667215205284488, "vw_j": -1.8521043207123677, "kt": 2.2451887652818847, "train_sc_a": [2.3563439145612377], "train_sc_v": [3.3331385447641937], "val_sc_a": 0, "val_sc_v": 0, "total_sc_a": 0, "total_sc_v": 0}