{"c1": 0.01882814007963767, "c2": 0.10683905037354478, "ch1": 0.09997423467162996, "ch2": 0.09999821584322208, "di": 0.9999200276733394, "dj": 0.9998209086947732, "dk": 1.0004603715585436, "vw_i": 0.0007842608451334519, "vw_j": 0.00042460920220683054, "kt": 5.000040027756589, "train_sc_a": [4.1285048583380535], "train_sc_v": [5.513129370048952], "val_sc_a": 0, "val_sc_v": 0, "total_sc_a": 0, "total_sc_v": 0}