{"c1": 0.01970475457412523, "c2": 0.11280748349733445, "ch1": -0.3140704306204127, "ch2": 0.08042746636439381, "di": 22.30598856356877, "dj": 22.161898886274816, "dk": 10.435825400472725, "vw_i": 6.3175786008835395, "vw_j": -0.9630675113197904, "kt": 0.3689467461864686, "train_sc_a": [2.0789891656720862], "train_sc_v": [2.180647948279004], "val_sc_a": 0, "val_sc_v": 0, "total_sc_a": 0, "total_sc_v": 0}