{"c1": 0.01824683726400303, "c2": 0.11709551446900289, "ch1": -0.019462761640201012, "ch2": 0.0973390815519336, "di": 17.938871562106392, "dj": 15.402377269684454, "dk": 5.321151936923283, "vw_i": 0.608836067479251, "vw_j": 0.8782556514351212, "kt": 2.3446053730180694, "train_sc_a": [1.141434553998768], "train_sc_v": [1.172716577332989], "val_sc_a": 0, "val_sc_v": 0, "total_sc_a": 0, "total_sc_v": 0}