{"c1": 0.018743341659532495, "c2": 0.11494726333979306, "ch1": -0.0286302322507521, "ch2": 0.09674719009014489, "di": 14.085538432216516, "dj": 17.388164107472903, "dk": 9.65054219905944, "vw_i": 0.1015296796672584, "vw_j": -0.21893259872408258, "kt": 2.2891068601828053, "train_sc_a": [0.38936064609423593], "train_sc_v": [0.46882402279518276], "val_sc_a": 0, "val_sc_v": 0, "total_sc_a": 0, "total_sc_v": 0}