{"c1": 0.01867560230448385, "c2": 0.11803703091136418, "ch1": -0.09856118525214388, "ch2": 0.09209908522844915, "di": 13.70637089370312, "dj": 17.684263712910646, "dk": 8.987359886495028, "vw_i": -1.7362433510178024, "vw_j": -1.9383024357755365, "kt": 0.8587138996722483, "train_sc_a": [1.0693879514630757], "train_sc_v": [0.8343114388040754], "val_sc_a": 0, "val_sc_v": 0, "total_sc_a": 0, "total_sc_v": 0}