{"c1": 0.019306056509806126, "c2": 0.11036548861884864, "ch1": -0.052200115470688535, "ch2": 0.0921625864392124, "di": 8.541278603733705, "dj": 21.917632010735762, "dk": 16.624084995562544, "vw_i": -1.2370960170070948, "vw_j": 0.41578837304226796, "kt": 5.022590947796178, "train_sc_a": [4.215937506074714], "train_sc_v": [3.982376792011923], "val_sc_a": 0, "val_sc_v": 0, "total_sc_a": 0, "total_sc_v": 0}