{"c1": 0.019783132705575412, "c2": 0.10800954298062733, "ch1": -0.24267476888637018, "ch2": 0.08096148636189429, "di": 17.551646186069945, "dj": 0.0, "dk": 11.709268186144785, "vw_i": 1.164703284896825, "vw_j": 0.2413028224121573, "kt": 2.104210767534399, "train_sc_a": [NaN], "train_sc_v": [NaN], "val_sc_a": 0, "val_sc_v": 0, "total_sc_a": 0, "total_sc_v": 0}