{"c1": 0.020698319947015237, "c2": 0.10211130204724986, "ch1": -0.11310900325233303, "ch2": 0.0908621883818589, "di": 12.226015278078764, "dj": 14.589591878898808, "dk": 5.038556790247907, "vw_i": -3.2806907224250734, "vw_j": -1.8908651315360108, "kt": 0.9273485654379745, "train_sc_a": [1.8607886977626984], "train_sc_v": [2.4887420462621885], "val_sc_a": 0, "val_sc_v": 0, "total_sc_a": 0, "total_sc_v": 0}