{"c1": 0.020648219249859358, "c2": 0.1057512340762986, "ch1": -0.24917177846789873, "ch2": 0.08613221925025957, "di": 30.655496913931362, "dj": 20.295876843074716, "dk": 9.500988452440007, "vw_i": 5.915182100049914, "vw_j": -2.859706533412168, "kt": 0.7471429863421089, "train_sc_a": [2.6386545766557377], "train_sc_v": [5.486059553684285], "val_sc_a": 0, "val_sc_v": 0, "total_sc_a": 0, "total_sc_v": 0}