{"c1": 0.01898874916458767, "c2": 0.1152277851299216, "ch1": -0.08542098088216898, "ch2": 0.09206045880951787, "di": 13.338013363434575, "dj": 13.067383712678968, "dk": 10.753577202154734, "vw_i": -1.2434629845806073, "vw_j": -1.1492206628665835, "kt": 0.705050865041296, "train_sc_a": [1.0445899263379843], "train_sc_v": [1.3896286526119936], "val_sc_a": 0, "val_sc_v": 0, "total_sc_a": 0, "total_sc_v": 0}