{"c1": 0.019867783224696605, "c2": 0.10604616395951505, "ch1": -0.032248676126964804, "ch2": 0.09640115235304265, "di": 14.74703876025401, "dj": 16.8491176131137, "dk": 8.605424582521644, "vw_i": 0.6156583522908523, "vw_j": -0.08325848352055992, "kt": 2.3083391583473167, "train_sc_a": [0.610792918824851], "train_sc_v": [0.7492549877973147], "val_sc_a": 0, "val_sc_v": 0, "total_sc_a": 0, "total_sc_v": 0}