{"c1": 0.019624746481504633, "c2": 0.11408169983592563, "ch1": -0.272588533951384, "ch2": 0.08413055356710611, "di": 22.230111890778772, "dj": 25.54374877098036, "dk": 13.759075515327806, "vw_i": 4.982410076292779, "vw_j": -3.249507224204323, "kt": 1.0690653808626371, "train_sc_a": [1.7993334443355744], "train_sc_v": [2.4356708881246987], "val_sc_a": 0, "val_sc_v": 0, "total_sc_a": 0, "total_sc_v": 0}