{"c1": 0.019019319998463638, "c2": 0.11422990839639198, "ch1": -0.08228117784492324, "ch2": 0.09261892217932459, "di": 16.302675165538385, "dj": 10.384108574950362, "dk": 11.163198806447754, "vw_i": -2.8735785050437705, "vw_j": -1.3411586905376647, "kt": 1.1747009080194108, "train_sc_a": [1.1955337612618853], "train_sc_v": [0.4460106136369318], "val_sc_a": 0, "val_sc_v": 0, "total_sc_a": 0, "total_sc_v": 0}