{"c1": 0.01824691189345779, "c2": 0.11709495595027875, "ch1": -0.019442908634298053, "ch2": 0.09734067538213428, "di": 17.938876701224576, "dj": 15.40343689146863, "dk": 5.321184324887099, "vw_i": 0.6087571309994461, "vw_j": 0.8782016476251391, "kt": 2.3446106136500697, "train_sc_a": [1.1415831246094885], "train_sc_v": [1.1727728882625126], "val_sc_a": 0, "val_sc_v": 0, "total_sc_a": 0, "total_sc_v": 0}