{"c1": 0.019001543295668114, "c2": 0.11326021482255, "ch1": -0.10829293373801027, "ch2": 0.09088805894926053, "di": 15.430460228499834, "dj": 14.888620907871687, "dk": 9.772473980089453, "vw_i": -1.3394942667848513, "vw_j": -0.854076479873163, "kt": 2.225778897134747, "train_sc_a": [1.0160284355164109], "train_sc_v": [0.9787477389025415], "val_sc_a": 0, "val_sc_v": 0, "total_sc_a": 0, "total_sc_v": 0}