{"c1": 0.018630445106904283, "c2": 0.11144830164215686, "ch1": 0.03391267953109359, "ch2": 0.09579637153383343, "di": 4.280147101215208, "dj": 6.784533672150777, "dk": 12.996251094726293, "vw_i": -0.11857985865021548, "vw_j": 0.26870564769133554, "kt": 5.291127287864849, "train_sc_a": [1.5603096116934996], "train_sc_v": [2.8499572738972345], "val_sc_a": 0, "val_sc_v": 0, "total_sc_a": 0, "total_sc_v": 0}