{"c1": 0.01874956053259187, "c2": 0.11333318819353544, "ch1": 0.11427221003623961, "ch2": 0.1080755331395275, "di": 17.973489988552878, "dj": 22.540263088461735, "dk": 5.539325620283441, "vw_i": 0.07709956659059747, "vw_j": 0.5144720494117277, "kt": 2.379907622739752, "train_sc_a": [2.108791397881367], "train_sc_v": [1.8105917742196664], "val_sc_a": 0, "val_sc_v": 0, "total_sc_a": 0, "total_sc_v": 0}