{"c1": 0.020456181421011018, "c2": 0.10419862577469377, "ch1": -0.13443885850314943, "ch2": 0.08907729434703801, "di": 11.576644932322314, "dj": 12.897420429893891, "dk": 6.1851059716331855, "vw_i": -3.2521488108531686, "vw_j": -1.7316477637826049, "kt": 0.8603310919502437, "train_sc_a": [0.7027132799373431], "train_sc_v": [1.5221255989193383], "val_sc_a": 0, "val_sc_v": 0, "total_sc_a": 0, "total_sc_v": 0}