{"c1": 0.020084333649350583, "c2": 0.10986862471246506, "ch1": -0.08558714792785983, "ch2": 0.09487907620328867, "di": 24.13262023477833, "dj": 21.75855435342127, "dk": 13.722641401234126, "vw_i": -1.6014984989188101, "vw_j": -0.9129803868460852, "kt": 0.5979158151295019, "train_sc_a": [0.5182260956270485], "train_sc_v": [0.23630301338255244], "val_sc_a": 0, "val_sc_v": 0, "total_sc_a": 0, "total_sc_v": 0}