{"c1": 0.02028231739016432, "c2": 0.10076033426344132, "ch1": -0.14565807650304854, "ch2": 0.08435372896742034, "di": 17.020383697283904, "dj": 11.039198696847233, "dk": 4.425757135957767, "vw_i": 0.2758577659051661, "vw_j": 0.10266119819132707, "kt": 3.6131724413801627, "train_sc_a": [2.5171292901464146], "train_sc_v": [2.109964797574545], "val_sc_a": 0, "val_sc_v": 0, "total_sc_a": 0, "total_sc_v": 0}