{"c1": 0.020758414669854237, "c2": 0.09444564220762786, "ch1": -0.41571510560233044, "ch2": 0.058418731196070675, "di": 2.2798236761979607, "dj": 1.4516142656129674, "dk": 7.003967023340563, "vw_i": -3.955171686415639, "vw_j": -1.7338554550919463, "kt": 5.435892973053731, "train_sc_a": [73.14533067797879], "train_sc_v": [123.91826709955589], "val_sc_a": 0, "val_sc_v": 0, "total_sc_a": 0, "total_sc_v": 0}