{"c1": 0.019798379276980162, "c2": 0.10664638454938358, "ch1": -0.07137749589429147, "ch2": 0.09092670829974459, "di": 12.936515731928298, "dj": 15.892876238903206, "dk": 16.53306636710293, "vw_i": 1.8522900660424981, "vw_j": 1.6131676224646077, "kt": 5.0174165023567445, "train_sc_a": [1.4940809811813132], "train_sc_v": [1.537658853226322], "val_sc_a": 0, "val_sc_v": 0, "total_sc_a": 0, "total_sc_v": 0}