{"c1": 0.020832192872800494, "c2": 0.10275002350092961, "ch1": -0.2500897674984631, "ch2": 0.08452049560128705, "di": 24.99042333373091, "dj": 24.144511873187568, "dk": 0.0, "vw_i": 3.851898418244042, "vw_j": -0.9898328847676767, "kt": 0.0, "train_sc_a": [2.113693683274892], "train_sc_v": [2.0838714389646054], "val_sc_a": 0, "val_sc_v": 0, "total_sc_a": 0, "total_sc_v": 0}