{"c1": 0.019193552503088615, "c2": 0.11615338551661239, "ch1": -0.13914203173798212, "ch2": 0.09084494227703817, "di": 23.84380164570872, "dj": 25.012643316619766, "dk": 7.819901050224448, "vw_i": -3.3356002252401162, "vw_j": -2.40479097633812, "kt": 0.7889319321625281, "train_sc_a": [2.9412338762746866], "train_sc_v": [7.664336031626733], "val_sc_a": 0, "val_sc_v": 0, "total_sc_a": 0, "total_sc_v": 0}