{"c1": 0.019539865656105018, "c2": 0.11461125277650151, "ch1": -0.20499186648548662, "ch2": 0.08922902267974714, "di": 30.658451545255623, "dj": 25.70402730390411, "dk": 12.805111535916547, "vw_i": 6.6361650453345575, "vw_j": -3.2287146822791795, "kt": 0.832289420269182, "train_sc_a": [2.74954191363318], "train_sc_v": [3.99483705824263], "val_sc_a": 0, "val_sc_v": 0, "total_sc_a": 0, "total_sc_v": 0}