{"c1": 0.020618617241779567, "c2": 0.1059302189918395, "ch1": -0.29050296118900143, "ch2": 0.08247306586796864, "di": 23.50327294715722, "dj": 21.881964286166887, "dk": 8.91243389804096, "vw_i": 5.351641459522108, "vw_j": -2.4072602273242376, "kt": 0.7310301428852971, "train_sc_a": [0.9467644680003432], "train_sc_v": [1.1734105470672074], "val_sc_a": 0, "val_sc_v": 0, "total_sc_a": 0, "total_sc_v": 0}