{"c1": 0.01924591874196798, "c2": 0.11284899222665451, "ch1": -0.08196604202512953, "ch2": 0.09292974529463455, "di": 13.651815286780767, "dj": 11.950336454407367, "dk": 11.594425863860664, "vw_i": -2.224834356823285, "vw_j": -1.556636837730846, "kt": 0.9463909593834505, "train_sc_a": [0.6437589886301097], "train_sc_v": [0.510875570064896], "val_sc_a": 0, "val_sc_v": 0, "total_sc_a": 0, "total_sc_v": 0}