{"c1": 0.019497436056518137, "c2": 0.11424380145255338, "ch1": -0.11034588231070244, "ch2": 0.09299591601344429, "di": 25.046338971626287, "dj": 19.831914596164278, "dk": 13.628802660020803, "vw_i": -1.7461060099215506, "vw_j": -0.17279125681082444, "kt": 0.5841416870793904, "train_sc_a": [0.6615629585970774], "train_sc_v": [0.7789438739066361], "val_sc_a": 0, "val_sc_v": 0, "total_sc_a": 0, "total_sc_v": 0}