{"c1": 0.02007974970442883, "c2": 0.10987222868799557, "ch1": -0.2944010397168015, "ch2": 0.08195021785240796, "di": 24.433873555171225, "dj": 20.33672257266394, "dk": 8.706489295855016, "vw_i": 5.581952762644557, "vw_j": -2.3222460080893037, "kt": 0.4983834263174603, "train_sc_a": [1.9054166361925358], "train_sc_v": [1.9486048903752984], "val_sc_a": 0, "val_sc_v": 0, "total_sc_a": 0, "total_sc_v": 0}