{"c1": 0.018920389825399307, "c2": 0.11205094258584553, "ch1": 0.15302728482755937, "ch2": 0.11119535878835542, "di": 17.983343239183867, "dj": 24.631272539397813, "dk": 5.589290733233985, "vw_i": -0.1710689199350671, "vw_j": 0.3454929383237275, "kt": 2.3912072738062475, "train_sc_a": [2.4365062064206358], "train_sc_v": [1.990774076371107], "val_sc_a": 0, "val_sc_v": 0, "total_sc_a": 0, "total_sc_v": 0}