{"c1": 0.01971646157271984, "c2": 0.1133644473077258, "ch1": -0.29152092565690396, "ch2": 0.0827130533305194, "di": 22.72459191291359, "dj": 22.93911191849815, "dk": 13.386384724555947, "vw_i": 4.3765929191433495, "vw_j": -3.1050984751704624, "kt": 0.9610293406367957, "train_sc_a": [1.4993630832854812], "train_sc_v": [0.7345750306587611], "val_sc_a": 0, "val_sc_v": 0, "total_sc_a": 0, "total_sc_v": 0}