{"c1": 0.020079614905308848, "c2": 0.10987336117140852, "ch1": -0.2942584239715874, "ch2": 0.08196183627281672, "di": 24.446261503251637, "dj": 20.34566808599379, "dk": 8.7080563214757, "vw_i": 5.585482607220715, "vw_j": -2.32232282057771, "kt": 0.4981937794201294, "train_sc_a": [1.904675787619941], "train_sc_v": [1.951135566776649], "val_sc_a": 0, "val_sc_v": 0, "total_sc_a": 0, "total_sc_v": 0}