{"c1": 0.01919446885835451, "c2": 0.1161457988902235, "ch1": -0.1395319945812912, "ch2": 0.09081446923746946, "di": 23.843068408862926, "dj": 24.99394268267097, "dk": 7.81405452272214, "vw_i": -3.324713645013287, "vw_j": -2.4000524710010294, "kt": 0.7890291378926382, "train_sc_a": [2.9380736931178952], "train_sc_v": [7.6478721773798615], "val_sc_a": 0, "val_sc_v": 0, "total_sc_a": 0, "total_sc_v": 0}