{"c1": 0.019010659686327938, "c2": 0.11450030648720298, "ch1": -0.06515777170142288, "ch2": 0.09484084015145143, "di": 17.834919695667644, "dj": 12.859647468793142, "dk": 13.595691016057074, "vw_i": -0.26713169857139274, "vw_j": -0.467492833860471, "kt": 1.6710428528526464, "train_sc_a": [0.7925890608956199], "train_sc_v": [0.4500503668850386], "val_sc_a": 0, "val_sc_v": 0, "total_sc_a": 0, "total_sc_v": 0}