{"c1": 0.019538298221050802, "c2": 0.10528680097918841, "ch1": -0.015890128623793152, "ch2": 0.09228341833682924, "di": 4.3714708610632655, "dj": 4.134468515465673, "dk": 13.99365283774608, "vw_i": -1.18465799938825, "vw_j": 0.29123440772955567, "kt": 5.200253993065205, "train_sc_a": [0.6855700754537062], "train_sc_v": [0.6325359448794897], "val_sc_a": 0, "val_sc_v": 0, "total_sc_a": 0, "total_sc_v": 0}