{"c1": 0.019237251396222798, "c2": 0.1108708105178517, "ch1": -0.054796976100099384, "ch2": 0.09197095086666719, "di": 8.764154043497667, "dj": 21.71085886530511, "dk": 16.625068132550354, "vw_i": -1.1470350390669102, "vw_j": 0.50989584045252, "kt": 5.032657725731731, "train_sc_a": [0.6174271964489206], "train_sc_v": [0.40851090233240095], "val_sc_a": 0, "val_sc_v": 0, "total_sc_a": 0, "total_sc_v": 0}