{"c1": 0.01904579296293197, "c2": 0.11402454789584685, "ch1": -0.08146800932223193, "ch2": 0.09274182421352094, "di": 15.416467698479375, "dj": 10.977344859041208, "dk": 11.026601176399382, "vw_i": -2.6859349761846456, "vw_j": -1.2929886935783466, "kt": 1.0564381516896129, "train_sc_a": [0.44203373724578277], "train_sc_v": [0.22417651286727505], "val_sc_a": 0, "val_sc_v": 0, "total_sc_a": 0, "total_sc_v": 0}