{"c1": 0.020474520393407653, "c2": 0.10673381475494709, "ch1": -0.3033649611579251, "ch2": 0.08124522663798962, "di": 21.811934465866727, "dj": 21.7418185767404, "dk": 7.37170163052968, "vw_i": 5.23395114517343, "vw_j": -2.2198385761704866, "kt": 0.5583824382006535, "train_sc_a": [0.5966289453242893], "train_sc_v": [0.9840370989070668], "val_sc_a": 0, "val_sc_v": 0, "total_sc_a": 0, "total_sc_v": 0}