{"c1": 0.020031249204435858, "c2": 0.11027607594727527, "ch1": -0.2642346457556947, "ch2": 0.08430866004715153, "di": 23.212913950108565, "dj": 27.01548832773896, "dk": 9.831067626831793, "vw_i": 7.6101132737377295, "vw_j": -1.181427852626479, "kt": 0.35836707218968084, "train_sc_a": [2.624371090994679], "train_sc_v": [1.7306896272336578], "val_sc_a": 0, "val_sc_v": 0, "total_sc_a": 0, "total_sc_v": 0}