{"c1": 0.020079607599662777, "c2": 0.10987342280894058, "ch1": -0.294250195727654, "ch2": 0.0819625064823164, "di": 24.44697623803556, "dj": 20.346180978670038, "dk": 8.708144404237238, "vw_i": 5.585684883789412, "vw_j": -2.322328884427546, "kt": 0.4981830300872269, "train_sc_a": [1.9046329958470485], "train_sc_v": [1.9512843527857069], "val_sc_a": 0, "val_sc_v": 0, "total_sc_a": 0, "total_sc_v": 0}