{"c1": 0.01893661565198495, "c2": 0.11503724721795977, "ch1": -0.06267942543451702, "ch2": 0.09407339681506566, "di": 16.975102552536452, "dj": 11.513395600408444, "dk": 12.234273356002442, "vw_i": -3.53875469412561, "vw_j": -1.5999895047044688, "kt": 1.4715082351028559, "train_sc_a": [0.6360159847838512], "train_sc_v": [0.4235502555902166], "val_sc_a": 0, "val_sc_v": 0, "total_sc_a": 0, "total_sc_v": 0}