{"c1": 0.0197676873731638, "c2": 0.11232738955918216, "ch1": -0.315062788943157, "ch2": 0.08035191808742212, "di": 22.458218257319512, "dj": 21.888739114065796, "dk": 10.35161851720203, "vw_i": 6.309847516593012, "vw_j": -0.9506978187599047, "kt": 0.3634851624540834, "train_sc_a": [1.0995854028928795], "train_sc_v": [1.0043334039824086], "val_sc_a": 0, "val_sc_v": 0, "total_sc_a": 0, "total_sc_v": 0}