{"c1": 0.020355159572375558, "c2": 0.10033096178424401, "ch1": -0.06262065281793686, "ch2": 0.09263364384995189, "di": 16.8248604222229, "dj": 15.95757550797479, "dk": 5.995156692688258, "vw_i": -1.3566944202352422, "vw_j": -0.7690411834310587, "kt": 3.6088707324057805, "train_sc_a": [0.30546430630019605], "train_sc_v": [0.24409477486890008], "val_sc_a": 0, "val_sc_v": 0, "total_sc_a": 0, "total_sc_v": 0}