{"c1": 0.018641453504450702, "c2": 0.11151747126769798, "ch1": 0.038111833392794475, "ch2": 0.09610106336173754, "di": 4.35615412982708, "dj": 6.737837606340867, "dk": 13.200563256492037, "vw_i": -0.10040216821419182, "vw_j": 0.2643108698677973, "kt": 5.345955725597063, "train_sc_a": [0.4109215523649384], "train_sc_v": [0.1825579034877128], "val_sc_a": 0, "val_sc_v": 0, "total_sc_a": 0, "total_sc_v": 0}