{"c1": 0.019250843324026105, "c2": 0.11692917585949364, "ch1": -0.2771503797276131, "ch2": 0.08398122426726033, "di": 23.162275093470807, "dj": 24.183824654711795, "dk": 14.031137584588718, "vw_i": 4.106112969758669, "vw_j": -3.3928251521233705, "kt": 0.9093320470636166, "train_sc_a": [1.0513705055651101], "train_sc_v": [1.3308157010331951], "val_sc_a": 0, "val_sc_v": 0, "total_sc_a": 0, "total_sc_v": 0}