{"c1": 0.01921977223277939, "c2": 0.1126753223014545, "ch1": -0.1001066229904127, "ch2": 0.09166206570490973, "di": 14.801357173309935, "dj": 9.572621028102335, "dk": 10.234083220382193, "vw_i": -2.203588417435274, "vw_j": -1.046135564631412, "kt": 0.914200265970206, "train_sc_a": [1.0566112833423933], "train_sc_v": [1.8036839342627822], "val_sc_a": 0, "val_sc_v": 0, "total_sc_a": 0, "total_sc_v": 0}