{"c1": 0.019784533784232793, "c2": 0.11122874651395392, "ch1": -0.18114846655766242, "ch2": 0.08690733685496016, "di": 17.967785594416373, "dj": 19.909610069324252, "dk": 12.041240739702515, "vw_i": -3.296012833156017, "vw_j": -1.394763830984923, "kt": 1.1943060125388056, "train_sc_a": [1.5940947039615803], "train_sc_v": [1.5154882538356038], "val_sc_a": 0, "val_sc_v": 0, "total_sc_a": 0, "total_sc_v": 0}