{"c1": 0.019233841815766782, "c2": 0.11805723794821205, "ch1": -0.24661196600190138, "ch2": 0.08745202398181671, "di": 18.78056871522561, "dj": 32.13379911577719, "dk": 17.880628572827593, "vw_i": 3.3858148841411446, "vw_j": -4.2738909732556865, "kt": 1.0736560713427852, "train_sc_a": [1.5693929216964795], "train_sc_v": [1.0323122751300406], "val_sc_a": 0, "val_sc_v": 0, "total_sc_a": 0, "total_sc_v": 0}