{"c1": 0.01828853410430153, "c2": 0.1121457161518378, "ch1": 0.07322212176118151, "ch2": 0.09849941070118755, "di": 2.7577182005119316, "dj": 6.534581782297147, "dk": 8.383133946367433, "vw_i": 1.262129719443603, "vw_j": 1.470859251836413, "kt": 5.16925664542108, "train_sc_a": [0.9678539342486984], "train_sc_v": [0.6019629458004189], "val_sc_a": 0, "val_sc_v": 0, "total_sc_a": 0, "total_sc_v": 0}