{"c1": 0.018777183088809705, "c2": 0.11610028698554081, "ch1": -0.05742888471683706, "ch2": 0.09439966570508913, "di": 16.7932281078161, "dj": 11.989045698170747, "dk": 11.760017369839003, "vw_i": -3.24421627861863, "vw_j": -1.8061612209111375, "kt": 1.4647880965002649, "train_sc_a": [0.37564142077346047], "train_sc_v": [0.15092417120492457], "val_sc_a": 0, "val_sc_v": 0, "total_sc_a": 0, "total_sc_v": 0}