{"c1": 0.018861395365334294, "c2": 0.1154044625452535, "ch1": -0.07335780044267937, "ch2": 0.09321264393192047, "di": 16.821358405479355, "dj": 11.003214701946156, "dk": 11.399483285115723, "vw_i": -3.0560615201741195, "vw_j": -1.6042676845273638, "kt": 1.3059300380307846, "train_sc_a": [1.1990075596745287], "train_sc_v": [0.7711474086081443], "val_sc_a": 0, "val_sc_v": 0, "total_sc_a": 0, "total_sc_v": 0}