{"c1": 0.019162447577378273, "c2": 0.11756666257688303, "ch1": -0.2641424470868684, "ch2": 0.08491319974436154, "di": 25.21029345968148, "dj": 23.472965112586003, "dk": 13.966094348017982, "vw_i": 4.3737074340265565, "vw_j": -3.5115789136762525, "kt": 0.8971557145938144, "train_sc_a": [0.9186899367451941], "train_sc_v": [1.4477469969240169], "val_sc_a": 0, "val_sc_v": 0, "total_sc_a": 0, "total_sc_v": 0}