{"c1": 0.0198210174095348, "c2": 0.10954347192681219, "ch1": -0.05820434557039738, "ch2": 0.09502625807350615, "di": 12.340968182098054, "dj": 15.39329322733834, "dk": 11.938067518515648, "vw_i": -0.8951317806377895, "vw_j": -0.504673359330993, "kt": 0.6245545906119248, "train_sc_a": [1.639808632870931], "train_sc_v": [5.1221984605572635], "val_sc_a": 0, "val_sc_v": 0, "total_sc_a": 0, "total_sc_v": 0}