{"c1": 0.018699287708426, "c2": 0.11210461809176331, "ch1": -0.014172363026748385, "ch2": 0.09301069836138566, "di": 3.8670614080768266, "dj": 3.9359170030362005, "dk": 14.836859586294619, "vw_i": -0.7794771476505803, "vw_j": -0.4045803922252947, "kt": 5.048992683822417, "train_sc_a": [0.5399264672397172], "train_sc_v": [0.15924606280754453], "val_sc_a": 0, "val_sc_v": 0, "total_sc_a": 0, "total_sc_v": 0}