{"c1": 0.018689426806542876, "c2": 0.11792836116759967, "ch1": -0.10195572058675048, "ch2": 0.09183441915930061, "di": 13.699240723030517, "dj": 17.540240538402255, "dk": 8.914165541382499, "vw_i": -1.6567278746785654, "vw_j": -1.910740580779057, "kt": 0.8635890649640175, "train_sc_a": [2.714422011698563], "train_sc_v": [5.484217318409023], "val_sc_a": 0, "val_sc_v": 0, "total_sc_a": 0, "total_sc_v": 0}