{"c1": 0.020671408768589816, "c2": 0.10367467390335072, "ch1": -0.40622427734952904, "ch2": 0.0678852135997742, "di": 18.908489323479113, "dj": 0.0, "dk": 1.5570443033848815, "vw_i": 3.1998337093617413, "vw_j": 1.122608387082272, "kt": 1.6263813693119813, "train_sc_a": [NaN], "train_sc_v": [NaN], "val_sc_a": 0, "val_sc_v": 0, "total_sc_a": 0, "total_sc_v": 0}