{"c1": 0.02042366454005828, "c2": 0.10712408343905995, "ch1": -0.12939688999761187, "ch2": 0.09105109161009568, "di": 24.23126263441121, "dj": 17.989721238972898, "dk": 12.780028542637996, "vw_i": -3.5646178832829967, "vw_j": -1.5511045996181136, "kt": 0.5706826032952178, "train_sc_a": [1.1202391356605235], "train_sc_v": [0.8304047793130708], "val_sc_a": 0, "val_sc_v": 0, "total_sc_a": 0, "total_sc_v": 0}