{"c1": 0.01901065959435375, "c2": 0.1145003071263314, "ch1": -0.06515778144672754, "ch2": 0.09484083942897824, "di": 17.8349196142997, "dj": 12.859646829581331, "dk": 13.595690850374337, "vw_i": -0.26713172505476823, "vw_j": -0.46749279727910786, "kt": 1.6710428502082435, "train_sc_a": [0.7925890004337273], "train_sc_v": [0.45005041894646053], "val_sc_a": 0, "val_sc_v": 0, "total_sc_a": 0, "total_sc_v": 0}