{"c1": 0.019977149427238546, "c2": 0.10712703926041034, "ch1": -0.07160204223478013, "ch2": 0.09372953323001493, "di": 14.237851165039864, "dj": 11.899498217592695, "dk": 10.727251672059065, "vw_i": -2.328367109540541, "vw_j": -1.4031770339403336, "kt": 1.0008499141530462, "train_sc_a": [0.48968630791979517], "train_sc_v": [0.20799654250785793], "val_sc_a": 0, "val_sc_v": 0, "total_sc_a": 0, "total_sc_v": 0}