{"c1": 0.019050533428296778, "c2": 0.11044518728915037, "ch1": 0.1438732241998925, "ch2": 0.10613551121605695, "di": 6.378916290829739, "dj": 27.8495698853521, "dk": 11.848103750565969, "vw_i": 0.8959597163445845, "vw_j": 0.2805463904910124, "kt": 5.026956477818126, "train_sc_a": [0.6380398330922192], "train_sc_v": [0.6627161991122101], "val_sc_a": 0, "val_sc_v": 0, "total_sc_a": 0, "total_sc_v": 0}