{"c1": 0.018521630917780526, "c2": 0.11329726600718726, "ch1": 0.21700893729167087, "ch2": 0.11142225757818075, "di": 6.692934057378977, "dj": 30.87579549662412, "dk": 7.713563858024601, "vw_i": 1.442734425788994, "vw_j": 1.1531600522390606, "kt": 4.951715914610376, "train_sc_a": [0.8846761554094773], "train_sc_v": [0.618285714406946], "val_sc_a": 0, "val_sc_v": 0, "total_sc_a": 0, "total_sc_v": 0}