{"c1": 0.01910902908312229, "c2": 0.10847861554701602, "ch1": -0.014037683698272796, "ch2": 0.09236679561766717, "di": 4.511007206525857, "dj": 4.3869431673860495, "dk": 13.928571279655305, "vw_i": -1.4542016863168519, "vw_j": 0.2263001196433374, "kt": 5.215268283138612, "train_sc_a": [0.706331332965532], "train_sc_v": [0.8260458051258427], "val_sc_a": 0, "val_sc_v": 0, "total_sc_a": 0, "total_sc_v": 0}