{"c1": 0.019766962580788774, "c2": 0.1033910334179577, "ch1": -0.054090846554019266, "ch2": 0.08966724641329837, "di": 7.105116181953698, "dj": 1.070874770092583, "dk": 3.957431399129913, "vw_i": 1.9337090199282598, "vw_j": 0.6849289989945896, "kt": 4.913786732899275, "train_sc_a": [2.6611664771386923], "train_sc_v": [3.577856941738378], "val_sc_a": 0, "val_sc_v": 0, "total_sc_a": 0, "total_sc_v": 0}