{"c1": 0.020762733603191953, "c2": 0.1058731916805517, "ch1": -0.25270340875677777, "ch2": 0.08614373506792075, "di": 25.383309097720396, "dj": 24.51300238390491, "dk": 14.548397564259217, "vw_i": 4.52381387812455, "vw_j": -3.3714904267543377, "kt": 1.0400249021274734, "train_sc_a": [1.578689697709968], "train_sc_v": [2.6035476934468305], "val_sc_a": 0, "val_sc_v": 0, "total_sc_a": 0, "total_sc_v": 0}