{"c1": 0.019349749352008415, "c2": 0.11302914332579189, "ch1": -0.12199487946665019, "ch2": 0.09036177739485424, "di": 13.334289901903478, "dj": 13.514275654184333, "dk": 8.869715044545575, "vw_i": -3.0380382619834894, "vw_j": -1.8738643218396025, "kt": 0.9405025860488176, "train_sc_a": [0.966268591057503], "train_sc_v": [0.9698131393890473], "val_sc_a": 0, "val_sc_v": 0, "total_sc_a": 0, "total_sc_v": 0}