{"c1": 0.018783620460626222, "c2": 0.1118169634781371, "ch1": 0.18927559170272376, "ch2": 0.10950020080456511, "di": 6.559645783520435, "dj": 29.283960616426384, "dk": 9.755737670242093, "vw_i": -5.360876369522165, "vw_j": -2.4086479795883746, "kt": 4.9898414372625925, "train_sc_a": [1.959726004381861], "train_sc_v": [1.3186965578629077], "val_sc_a": 0, "val_sc_v": 0, "total_sc_a": 0, "total_sc_v": 0}