{"c1": 0.020832672980220318, "c2": 0.10274627449016407, "ch1": -0.25008664385180224, "ch2": 0.08452160244882816, "di": 24.991011845102815, "dj": 24.147828366816228, "dk": 0.0017614767853622274, "vw_i": 3.854123742136253, "vw_j": -0.9896171929402304, "kt": 6.530693526552135e-05, "train_sc_a": [2.11335252369035], "train_sc_v": [2.0836750195013587], "val_sc_a": 0, "val_sc_v": 0, "total_sc_a": 0, "total_sc_v": 0}