{"c1": 0.019591526468700476, "c2": 0.11039784191628438, "ch1": -0.09507188925187172, "ch2": 0.09207843611464378, "di": 17.920306035133287, "dj": 10.08278264430232, "dk": 13.960500162756551, "vw_i": -3.0423518969060286, "vw_j": -1.4347104019812063, "kt": 1.700511161638029, "train_sc_a": [1.4999233769329798], "train_sc_v": [1.282602195655754], "val_sc_a": 0, "val_sc_v": 0, "total_sc_a": 0, "total_sc_v": 0}