{"c1": 0.018876845254744364, "c2": 0.11453048864147586, "ch1": -0.07078397879185003, "ch2": 0.09359581486956045, "di": 18.260940375973085, "dj": 14.147272516377567, "dk": 10.958231364652866, "vw_i": -1.384186582825103, "vw_j": -1.104544995874359, "kt": 2.1166089570252167, "train_sc_a": [1.60202869251538], "train_sc_v": [0.6607231414278582], "val_sc_a": 0, "val_sc_v": 0, "total_sc_a": 0, "total_sc_v": 0}