{"c1": 0.018662190252515757, "c2": 0.11259326894209919, "ch1": 0.1924186774548247, "ch2": 0.10971797714919705, "di": 6.576422263282043, "dj": 29.376234300721222, "dk": 9.2649665012258, "vw_i": -5.380839150327757, "vw_j": -2.4516863070859825, "kt": 4.9817573128787025, "train_sc_a": [1.9519350911945015], "train_sc_v": [1.359919619378234], "val_sc_a": 0, "val_sc_v": 0, "total_sc_a": 0, "total_sc_v": 0}