{"c1": 0.020140035576508668, "c2": 0.10943035531752238, "ch1": -0.08458378079873274, "ch2": 0.09496313194594065, "di": 24.094806830948343, "dj": 21.785414105871528, "dk": 13.682509189841793, "vw_i": -1.5693017613202116, "vw_j": -0.9340546573309692, "kt": 0.6456602322965886, "train_sc_a": [0.8033910859033253], "train_sc_v": [0.32994760349676155], "val_sc_a": 0, "val_sc_v": 0, "total_sc_a": 0, "total_sc_v": 0}