{"c1": 0.018811280830705605, "c2": 0.11460635785050999, "ch1": -0.08903304448801894, "ch2": 0.09225325765476845, "di": 14.799336403509514, "dj": 17.226330896715716, "dk": 9.602508962525768, "vw_i": -1.8712036397834177, "vw_j": -1.002417444980411, "kt": 2.2257299204976646, "train_sc_a": [0.7633133936387045], "train_sc_v": [0.7951175839582509], "val_sc_a": 0, "val_sc_v": 0, "total_sc_a": 0, "total_sc_v": 0}