{"c1": 0.019430693862444524, "c2": 0.11209643926049995, "ch1": -0.15449435767628608, "ch2": 0.087494208994595, "di": 20.481719372490293, "dj": 5.060998432119498, "dk": 5.624158089150281, "vw_i": 1.4306375742356026, "vw_j": 0.44267651791829277, "kt": 0.057028628222139874, "train_sc_a": [3.6148870568476026], "train_sc_v": [7.128226818101707], "val_sc_a": 0, "val_sc_v": 0, "total_sc_a": 0, "total_sc_v": 0}