{"c1": 0.019098857610752373, "c2": 0.1085541016926987, "ch1": -0.013853293229256129, "ch2": 0.09237928745707225, "di": 4.514288845401949, "dj": 4.406020652243524, "dk": 13.926649587371836, "vw_i": -1.4612676003473961, "vw_j": 0.22433752368047094, "kt": 5.215614977179709, "train_sc_a": [0.3309954992247507], "train_sc_v": [0.2224345556694405], "val_sc_a": 0, "val_sc_v": 0, "total_sc_a": 0, "total_sc_v": 0}