{"c1": 0.01885694901502356, "c2": 0.11428819841788816, "ch1": -0.11169960506936619, "ch2": 0.09055114357842028, "di": 14.868665943354056, "dj": 11.166699128653105, "dk": 9.737115673809619, "vw_i": -2.3245255833841876, "vw_j": -1.0802861328431996, "kt": 2.258659066017038, "train_sc_a": [1.5758683003378007], "train_sc_v": [1.1079169456259763], "val_sc_a": 0, "val_sc_v": 0, "total_sc_a": 0, "total_sc_v": 0}