{"c1": 0.019562963798461574, "c2": 0.1105960127822048, "ch1": -0.08877081182821754, "ch2": 0.09249342129499796, "di": 17.82767668633119, "dj": 10.454500510233297, "dk": 13.794712304948664, "vw_i": -3.1393088122629225, "vw_j": -1.3614329274759576, "kt": 1.6726106745696991, "train_sc_a": [1.4971945309225214], "train_sc_v": [1.1121521361855045], "val_sc_a": 0, "val_sc_v": 0, "total_sc_a": 0, "total_sc_v": 0}