{"c1": 0.018644162454553265, "c2": 0.1114794923824789, "ch1": 0.03734422141932429, "ch2": 0.09604475469421782, "di": 4.346517378348247, "dj": 6.74455689031138, "dk": 13.175325379783553, "vw_i": -0.0832162975420072, "vw_j": 0.2808022404470722, "kt": 5.339031378925639, "train_sc_a": [0.4099939407843641], "train_sc_v": [0.18193445013452297], "val_sc_a": 0, "val_sc_v": 0, "total_sc_a": 0, "total_sc_v": 0}