{"c1": 0.019716398650785432, "c2": 0.11336494254743844, "ch1": -0.2915140844701213, "ch2": 0.08271356132793756, "di": 22.724053624707313, "dj": 22.94036561242096, "dk": 13.386665261473416, "vw_i": 4.376855721919972, "vw_j": -3.1051322175253353, "kt": 0.9610945490537737, "train_sc_a": [1.4994412102042225], "train_sc_v": [0.7354298058896697], "val_sc_a": 0, "val_sc_v": 0, "total_sc_a": 0, "total_sc_v": 0}