{"c1": 0.018864639489896348, "c2": 0.11423165475150304, "ch1": -0.1123037220257427, "ch2": 0.09049423171834405, "di": 14.844248087690175, "dj": 11.06266015532617, "dk": 9.723261514817356, "vw_i": -2.351581069398166, "vw_j": -1.0836990023420903, "kt": 2.2528174093427786, "train_sc_a": [1.5559707534493161], "train_sc_v": [1.1105978257198938], "val_sc_a": 0, "val_sc_v": 0, "total_sc_a": 0, "total_sc_v": 0}