{"c1": 0.017963427012915163, "c2": 0.11613664822123482, "ch1": -0.024053256759917315, "ch2": 0.09168968619546149, "di": 4.23836553288817, "dj": 4.406170352112, "dk": 12.413675997667776, "vw_i": -1.2714815875507575, "vw_j": -0.03354065383630033, "kt": 5.26899251671232, "train_sc_a": [0.5151451380714092], "train_sc_v": [0.4511774521687427], "val_sc_a": 0, "val_sc_v": 0, "total_sc_a": 0, "total_sc_v": 0}