{"c1": 0.019031541663387712, "c2": 0.11491066688146885, "ch1": -0.08638861100939546, "ch2": 0.09196849509452466, "di": 13.32610485928725, "dj": 13.075196628495132, "dk": 10.771177959805401, "vw_i": -1.2987051662001825, "vw_j": -1.0723257987043875, "kt": 0.7265055100057362, "train_sc_a": [0.8302861553022097], "train_sc_v": [0.35680644828951963], "val_sc_a": 0, "val_sc_v": 0, "total_sc_a": 0, "total_sc_v": 0}