{"c1": 0.019514771178980383, "c2": 0.11502579805837908, "ch1": -0.315988852046187, "ch2": 0.08119857580430574, "di": 17.047398362417066, "dj": 26.30627557844798, "dk": 14.225340615372433, "vw_i": 3.3071420279413584, "vw_j": -3.038255766796811, "kt": 0.945687566778477, "train_sc_a": [2.5034836069961837], "train_sc_v": [4.274176468563716], "val_sc_a": 0, "val_sc_v": 0, "total_sc_a": 0, "total_sc_v": 0}