{"c1": 0.019808039035569252, "c2": 0.1119477561413445, "ch1": -0.10295514229447449, "ch2": 0.09352959012405214, "di": 24.565358862875538, "dj": 20.68761364750656, "dk": 13.724296328911207, "vw_i": -1.619954167321598, "vw_j": -0.5024385277456991, "kt": 0.5813636583100548, "train_sc_a": [0.6119059262356563], "train_sc_v": [0.41460125965751965], "val_sc_a": 0, "val_sc_v": 0, "total_sc_a": 0, "total_sc_v": 0}