{"c1": 0.021102038586724305, "c2": 0.10171261312650329, "ch1": -0.30466310109594136, "ch2": 0.08118866658544477, "di": 21.86477632292596, "dj": 21.60441325968938, "dk": 5.156748257847464, "vw_i": 5.085340686840343, "vw_j": -2.1686712444727125, "kt": 0.6410090119697995, "train_sc_a": [1.0426473277812582], "train_sc_v": [2.133376658563693], "val_sc_a": 0, "val_sc_v": 0, "total_sc_a": 0, "total_sc_v": 0}