{"c1": 0.019616115113387896, "c2": 0.1125292628430294, "ch1": -0.28775649948814047, "ch2": 0.0782939170301227, "di": 17.731563928016357, "dj": 13.861606950878826, "dk": 11.992831985764886, "vw_i": -6.383171579164535, "vw_j": -2.432905988336384, "kt": 1.198720923668367, "train_sc_a": [3.9667829884174863], "train_sc_v": [8.573067754693493], "val_sc_a": 0, "val_sc_v": 0, "total_sc_a": 0, "total_sc_v": 0}