{"c1": 0.01925781467229027, "c2": 0.11071363148548373, "ch1": -0.05290234886734805, "ch2": 0.09211393934328123, "di": 9.132558551924511, "dj": 21.457912555383775, "dk": 16.626554136276724, "vw_i": -1.0141679386377616, "vw_j": 0.6016589663322445, "kt": 5.03823716834072, "train_sc_a": [0.5940739580120552], "train_sc_v": [0.4162588505233629], "val_sc_a": 0, "val_sc_v": 0, "total_sc_a": 0, "total_sc_v": 0}