{"c1": 0.019215798062909985, "c2": 0.10803719196666572, "ch1": -0.051656230475358174, "ch2": 0.09010389490991644, "di": 4.609364346461261, "dj": 3.3085175129822364, "dk": 11.160246828416605, "vw_i": 0.6251007252281425, "vw_j": 0.18686028630801282, "kt": 5.012344572984437, "train_sc_a": [1.849844633774436], "train_sc_v": [2.106453547040993], "val_sc_a": 0, "val_sc_v": 0, "total_sc_a": 0, "total_sc_v": 0}