{"c1": 0.01928006777496185, "c2": 0.11126602939158473, "ch1": -0.09368735208886166, "ch2": 0.09199469597744463, "di": 16.163677275871592, "dj": 13.793685237969589, "dk": 10.069294944681147, "vw_i": -1.4053177886435153, "vw_j": -0.7745132055452635, "kt": 2.2487934524342648, "train_sc_a": [1.0043795699525535], "train_sc_v": [0.8648711081954048], "val_sc_a": 0, "val_sc_v": 0, "total_sc_a": 0, "total_sc_v": 0}