{"c1": 0.02013162042605195, "c2": 0.1094561467581557, "ch1": -0.2981025565769768, "ch2": 0.08165511483472696, "di": 21.95008610381435, "dj": 22.284832749151995, "dk": 8.459768982725885, "vw_i": 5.39616752530126, "vw_j": -2.275426886102338, "kt": 0.5168647360396771, "train_sc_a": [0.6355574501169676], "train_sc_v": [1.287571307830067], "val_sc_a": 0, "val_sc_v": 0, "total_sc_a": 0, "total_sc_v": 0}