{"c1": 0.0186756485494995, "c2": 0.11803669894365205, "ch1": -0.0985537336634001, "ch2": 0.0920996216202485, "di": 13.706771497481043, "dj": 17.684286665294547, "dk": 8.987353424359402, "vw_i": -1.7362952740521906, "vw_j": -1.9383831809215981, "kt": 0.8586941348149938, "train_sc_a": [1.069383696417772], "train_sc_v": [0.8343228546607109], "val_sc_a": 0, "val_sc_v": 0, "total_sc_a": 0, "total_sc_v": 0}