{"c1": 0.020799811054083666, "c2": 0.10556513688041097, "ch1": -0.2631970498168589, "ch2": 0.08526601582300107, "di": 24.62043380878931, "dj": 24.136108603038636, "dk": 14.410344656419152, "vw_i": 4.465715451325228, "vw_j": -3.1771796912925208, "kt": 1.0392231631399687, "train_sc_a": [1.570152415455571], "train_sc_v": [2.457642455341513], "val_sc_a": 0, "val_sc_v": 0, "total_sc_a": 0, "total_sc_v": 0}