{"c1": 0.020422091177769428, "c2": 0.1047163845492679, "ch1": -0.08573614266407857, "ch2": 0.09254039766915213, "di": 12.954571684205494, "dj": 12.845133873538995, "dk": 11.275202613553096, "vw_i": -0.5952639619453233, "vw_j": -0.45481266541532395, "kt": 0.5939139509438645, "train_sc_a": [0.922013303554837], "train_sc_v": [0.532410297697561], "val_sc_a": 0, "val_sc_v": 0, "total_sc_a": 0, "total_sc_v": 0}