{"c1": 0.01929768671433701, "c2": 0.11641621945591747, "ch1": -0.3092253590750142, "ch2": 0.08146825530531418, "di": 21.57592549006519, "dj": 21.875808832227662, "dk": 12.867173075106209, "vw_i": 4.827750089775481, "vw_j": -2.3009485685455857, "kt": 0.8359163708615456, "train_sc_a": [0.4600095388830962], "train_sc_v": [0.5008451957600706], "val_sc_a": 0, "val_sc_v": 0, "total_sc_a": 0, "total_sc_v": 0}