{"c1": 0.019488453058952922, "c2": 0.11313817245289676, "ch1": 0.007329392275593907, "ch2": 0.1015829623312261, "di": 19.9851377248605, "dj": 26.4116913549222, "dk": 11.836170770564177, "vw_i": 0.34766463365297684, "vw_j": -0.373853101720999, "kt": 1.26243119018306, "train_sc_a": [0.9317088028992887], "train_sc_v": [0.7505629669824271], "val_sc_a": 0, "val_sc_v": 0, "total_sc_a": 0, "total_sc_v": 0}