{"c1": 0.019674335895545528, "c2": 0.11054409454824299, "ch1": -0.040524639972924686, "ch2": 0.09677124493822685, "di": 13.33506235918906, "dj": 21.029190247062683, "dk": 8.686694520658754, "vw_i": -3.712798792900456, "vw_j": -2.342951437855037, "kt": 0.9416741581088575, "train_sc_a": [1.7569006796490638], "train_sc_v": [3.057478307223067], "val_sc_a": 0, "val_sc_v": 0, "total_sc_a": 0, "total_sc_v": 0}