{"c1": 0.020334912662706518, "c2": 0.1038884684257291, "ch1": -0.05459987987220652, "ch2": 0.0948011813709954, "di": 13.977234221087281, "dj": 13.954770538216641, "dk": 7.364949724643136, "vw_i": -1.6506877370556436, "vw_j": -1.0365722340097097, "kt": 0.8297593340521066, "train_sc_a": [1.4019895613173743], "train_sc_v": [0.7999504596358868], "val_sc_a": 0, "val_sc_v": 0, "total_sc_a": 0, "total_sc_v": 0}