{"c1": 0.019010659686289427, "c2": 0.11450030648747914, "ch1": -0.06515777171382321, "ch2": 0.09484084015052359, "di": 17.834919695588795, "dj": 12.85964746809575, "dk": 13.595691015985235, "vw_i": -0.26713169858129815, "vw_j": -0.46749283380744383, "kt": 1.6710428528506884, "train_sc_a": [0.7925890608234258], "train_sc_v": [0.4500503669681868], "val_sc_a": 0, "val_sc_v": 0, "total_sc_a": 0, "total_sc_v": 0}