{"c1": 0.01868772438234887, "c2": 0.1121947385881914, "ch1": 0.0009355937528840491, "ch2": 0.09407917095921055, "di": 4.469323043008551, "dj": 4.0731875733468845, "dk": 14.86508232377029, "vw_i": -0.9492342111462754, "vw_j": -0.3551739269949275, "kt": 5.062007935380277, "train_sc_a": [1.193242335096576], "train_sc_v": [0.550811245698803], "val_sc_a": 0, "val_sc_v": 0, "total_sc_a": 0, "total_sc_v": 0}