{"c1": 0.01917602361651225, "c2": 0.11133881586570425, "ch1": -0.060438286291134666, "ch2": 0.09154519833003126, "di": 7.667218418438765, "dj": 22.464014193845294, "dk": 16.620643511273624, "vw_i": -1.5426508703752118, "vw_j": 0.23666834311796314, "kt": 5.016044765722347, "train_sc_a": [0.7032632565489103], "train_sc_v": [0.5637218837992545], "val_sc_a": 0, "val_sc_v": 0, "total_sc_a": 0, "total_sc_v": 0}