{"c1": 0.019862571336422875, "c2": 0.10922283449932113, "ch1": -0.0569354762309705, "ch2": 0.09512382009536298, "di": 12.402616262460281, "dj": 15.390114511072117, "dk": 11.93915342425762, "vw_i": -0.8701500102495843, "vw_j": -0.4950610168242905, "kt": 0.6232313711780527, "train_sc_a": [0.6518495771347468], "train_sc_v": [0.26956814470716106], "val_sc_a": 0, "val_sc_v": 0, "total_sc_a": 0, "total_sc_v": 0}