{"c1": 0.019542351610504122, "c2": 0.10847140945044896, "ch1": -0.044943316665787894, "ch2": 0.09548603725565821, "di": 16.894562729501597, "dj": 14.7077056815891, "dk": 8.63279119600651, "vw_i": 0.6802546391780495, "vw_j": 0.8165862782728205, "kt": 2.3348264301529875, "train_sc_a": [0.7281753572146612], "train_sc_v": [1.2409299007437802], "val_sc_a": 0, "val_sc_v": 0, "total_sc_a": 0, "total_sc_v": 0}