{"c1": 0.01906421452812927, "c2": 0.10880864572277729, "ch1": -0.015193630188690533, "ch2": 0.09228452742346978, "di": 4.486867502752214, "dj": 4.4055339950919095, "dk": 13.937410532154457, "vw_i": -1.4514566353567206, "vw_j": 0.21546410468922494, "kt": 5.229222470834176, "train_sc_a": [0.33184380279325765], "train_sc_v": [0.2261056083021419], "val_sc_a": 0, "val_sc_v": 0, "total_sc_a": 0, "total_sc_v": 0}