{"c1": 0.018699282716907458, "c2": 0.112104657533237, "ch1": -0.014177616193949565, "ch2": 0.09301029930303954, "di": 3.867131558360657, "dj": 3.9355545315294553, "dk": 14.836875206086125, "vw_i": -0.7794803213867162, "vw_j": -0.40454852868574026, "kt": 5.04900778082016, "train_sc_a": [0.5399536556271046], "train_sc_v": [0.15924709140320162], "val_sc_a": 0, "val_sc_v": 0, "total_sc_a": 0, "total_sc_v": 0}