{"c1": 0.01935588441842347, "c2": 0.11599846850772451, "ch1": -0.2719427378676628, "ch2": 0.08414131528495765, "di": 24.179823657780364, "dj": 23.72458509540024, "dk": 12.985249718165923, "vw_i": 5.581845886607067, "vw_j": -2.531287893969668, "kt": 0.8287692164379754, "train_sc_a": [1.3770440341423646], "train_sc_v": [2.0176922860250137], "val_sc_a": 0, "val_sc_v": 0, "total_sc_a": 0, "total_sc_v": 0}