{"c1": 0.020043676065710305, "c2": 0.10692232325861524, "ch1": -0.06837236592888164, "ch2": 0.0934328988873348, "di": 15.207581165204182, "dj": 12.314299144076875, "dk": 9.225891761452779, "vw_i": -1.5754892998769492, "vw_j": -0.7231455605052238, "kt": 0.7857102329257395, "train_sc_a": [1.345346205945286], "train_sc_v": [1.0691636616994675], "val_sc_a": 0, "val_sc_v": 0, "total_sc_a": 0, "total_sc_v": 0}