{"c1": 0.01978816362812516, "c2": 0.11215629123123981, "ch1": -0.31052666300047366, "ch2": 0.08070068137484344, "di": 26.645719559550685, "dj": 17.950235510016423, "dk": 10.081036028884457, "vw_i": 6.1507837954182065, "vw_j": -1.2975648338368213, "kt": 0.402174424821563, "train_sc_a": [3.3000840125795974], "train_sc_v": [4.676815231629224], "val_sc_a": 0, "val_sc_v": 0, "total_sc_a": 0, "total_sc_v": 0}