{"c1": 0.020090832778336485, "c2": 0.10731675764724707, "ch1": -0.21790613373535925, "ch2": 0.08217450337825452, "di": 14.454128791815751, "dj": 2.8980045799233882, "dk": 7.4433617829739145, "vw_i": -1.8626913168033257, "vw_j": -1.521301233401916, "kt": 0.933324271935348, "train_sc_a": [11.588766057139628], "train_sc_v": [26.68855122947601], "val_sc_a": 0, "val_sc_v": 0, "total_sc_a": 0, "total_sc_v": 0}