{"c1": 0.01903090664959138, "c2": 0.11413231374963576, "ch1": -0.08362067600237645, "ch2": 0.09258372582299745, "di": 14.820201128905142, "dj": 11.416652797402723, "dk": 11.018025760222171, "vw_i": -2.530212843825525, "vw_j": -1.4355985338617427, "kt": 1.0498734917818033, "train_sc_a": [0.4242570043717329], "train_sc_v": [0.12782157968116403], "val_sc_a": 0, "val_sc_v": 0, "total_sc_a": 0, "total_sc_v": 0}