{"c1": 0.021033373344119623, "c2": 0.1017462641299189, "ch1": -0.5576089707269541, "ch2": 0.058679335856171466, "di": 23.515919971591728, "dj": 0.0, "dk": 7.1722355895650045, "vw_i": 2.13243452031523, "vw_j": 1.2260080464648144, "kt": 2.5919882918029327, "train_sc_a": [NaN], "train_sc_v": [NaN], "val_sc_a": 0, "val_sc_v": 0, "total_sc_a": 0, "total_sc_v": 0}