{"c1": 0.02028203315044808, "c2": 0.10089503643947549, "ch1": -0.061752364158710785, "ch2": 0.09269604777631815, "di": 16.964516328618124, "dj": 15.825765512158682, "dk": 5.712401430129658, "vw_i": -1.5493431934473194, "vw_j": -0.4627656279145599, "kt": 3.678579948637517, "train_sc_a": [2.798325364970152], "train_sc_v": [5.152911463008238], "val_sc_a": 0, "val_sc_v": 0, "total_sc_a": 0, "total_sc_v": 0}