{"c1": 0.01904061261941807, "c2": 0.11404926592647546, "ch1": -0.11448185545073716, "ch2": 0.09031641105451298, "di": 14.816404710974169, "dj": 8.853778027666694, "dk": 10.907369317738846, "vw_i": -2.225553111556028, "vw_j": -1.2194110131548652, "kt": 1.025782494453553, "train_sc_a": [1.484016165022975], "train_sc_v": [1.1735271622944021], "val_sc_a": 0, "val_sc_v": 0, "total_sc_a": 0, "total_sc_v": 0}