{"c1": 0.020048769182391166, "c2": 0.11010871618027254, "ch1": -0.2938932329438373, "ch2": 0.08198693850120772, "di": 22.98529858116037, "dj": 21.793408134575166, "dk": 8.6933555135499, "vw_i": 5.496227573049611, "vw_j": -2.303730222026993, "kt": 0.5085372053428311, "train_sc_a": [1.149662592640939], "train_sc_v": [0.8776004336298034], "val_sc_a": 0, "val_sc_v": 0, "total_sc_a": 0, "total_sc_v": 0}