{"c1": 0.019262349064892534, "c2": 0.11069201666932729, "ch1": -0.05444649803837946, "ch2": 0.09199223767340176, "di": 8.587073529486492, "dj": 21.860831738710278, "dk": 16.629147661544312, "vw_i": -1.2096164098102704, "vw_j": 0.43126206392663535, "kt": 5.026158314303363, "train_sc_a": [0.621160132562929], "train_sc_v": [0.4068845246870344], "val_sc_a": 0, "val_sc_v": 0, "total_sc_a": 0, "total_sc_v": 0}