{"c1": 0.020079607129131274, "c2": 0.10987342650267058, "ch1": -0.2942501939729676, "ch2": 0.0819625067421695, "di": 24.44697638086526, "dj": 20.346184290504002, "dk": 8.708146737076861, "vw_i": 5.5856862977209865, "vw_j": -2.322327262727862, "kt": 0.4981828364901126, "train_sc_a": [1.904633271821025], "train_sc_v": [1.9512841493723863], "val_sc_a": 0, "val_sc_v": 0, "total_sc_a": 0, "total_sc_v": 0}