{"c1": 0.01905949432198253, "c2": 0.11390726764473597, "ch1": -0.10261746684683212, "ch2": 0.09122775058809418, "di": 14.814739368807265, "dj": 9.629486928663042, "dk": 10.857600157601434, "vw_i": -2.332564444479283, "vw_j": -1.2771621052156372, "kt": 1.017850980538024, "train_sc_a": [1.2483145247565848], "train_sc_v": [0.7266500240152708], "val_sc_a": 0, "val_sc_v": 0, "total_sc_a": 0, "total_sc_v": 0}