{"c1": 0.020836888504975372, "c2": 0.10525708208027025, "ch1": -0.2736906908769399, "ch2": 0.08438829657808139, "di": 23.85755851985823, "dj": 23.75921482217236, "dk": 14.272291748579088, "vw_i": 4.407617024525908, "vw_j": -2.9828689558307038, "kt": 1.0384214241524639, "train_sc_a": [1.6451736397623316], "train_sc_v": [2.4756725111830415], "val_sc_a": 0, "val_sc_v": 0, "total_sc_a": 0, "total_sc_v": 0}