{"c1": 0.020317545319807957, "c2": 0.10046006028669777, "ch1": -0.1395453669107578, "ch2": 0.08492003621526455, "di": 16.963797795427443, "dj": 12.418515028995929, "dk": 4.483786319313147, "vw_i": 0.19739660967889616, "vw_j": 0.026082524277450322, "kt": 3.6875230116288957, "train_sc_a": [2.5150586514256674], "train_sc_v": [2.280771287298772], "val_sc_a": 0, "val_sc_v": 0, "total_sc_a": 0, "total_sc_v": 0}