{"c1": 0.01968551981800665, "c2": 0.11195931728295981, "ch1": -0.16890463383277093, "ch2": 0.08768641827384989, "di": 18.787367111509383, "dj": 19.81885447784449, "dk": 11.87157612365774, "vw_i": -3.164089388645471, "vw_j": -1.4738979221318877, "kt": 1.1384367178604955, "train_sc_a": [1.6866403622173594], "train_sc_v": [1.3293180954433372], "val_sc_a": 0, "val_sc_v": 0, "total_sc_a": 0, "total_sc_v": 0}