{"c1": 0.020286623535019168, "c2": 0.1085227659598173, "ch1": -0.2779167268805209, "ch2": 0.08340672230244973, "di": 22.414093970721876, "dj": 26.35592030090991, "dk": 10.71401098257336, "vw_i": 8.13250210954245, "vw_j": -1.3530630407508442, "kt": 0.4576303696799371, "train_sc_a": [2.4769853758967], "train_sc_v": [1.7565594086599565], "val_sc_a": 0, "val_sc_v": 0, "total_sc_a": 0, "total_sc_v": 0}