{"c1": 0.018675649045032536, "c2": 0.11803669546299851, "ch1": -0.0985527520790188, "ch2": 0.0920996921115038, "di": 13.706767869854646, "dj": 17.684354607074745, "dk": 8.987353523852102, "vw_i": -1.7363068422567427, "vw_j": -1.9383889154559595, "kt": 0.8586940839126956, "train_sc_a": [1.0693843196281323], "train_sc_v": [0.8343291278532782], "val_sc_a": 0, "val_sc_v": 0, "total_sc_a": 0, "total_sc_v": 0}