{"c1": 0.02004367606571031, "c2": 0.10692232325861523, "ch1": -0.06837236592888091, "ch2": 0.09343289888733487, "di": 15.207581165204159, "dj": 12.314299144076942, "dk": 9.225891761452772, "vw_i": -1.575489299876953, "vw_j": -0.7231455605052257, "kt": 0.7857102329257404, "train_sc_a": [1.3453462059452796], "train_sc_v": [1.069163661699463], "val_sc_a": 0, "val_sc_v": 0, "total_sc_a": 0, "total_sc_v": 0}