{"c1": 0.020079607126378456, "c2": 0.10987342652428059, "ch1": -0.29425019396270186, "ch2": 0.08196250674368975, "di": 24.44697638170088, "dj": 20.346184309879728, "dk": 8.708146750725026, "vw_i": 5.585686305993125, "vw_j": -2.3223272532401866, "kt": 0.49818283535748203, "train_sc_a": [1.9046332734355969], "train_sc_v": [1.9512841481823666], "val_sc_a": 0, "val_sc_v": 0, "total_sc_a": 0, "total_sc_v": 0}