{"c1": 0.018675602304478258, "c2": 0.11803703091140434, "ch1": -0.09856118525304532, "ch2": 0.09209908522838425, "di": 13.70637089365466, "dj": 17.68426371290787, "dk": 8.98735988649581, "vw_i": -1.7362433510115214, "vw_j": -1.9383024357657685, "kt": 0.8587138996746393, "train_sc_a": [1.0693879514635913], "train_sc_v": [0.8343114388027002], "val_sc_a": 0, "val_sc_v": 0, "total_sc_a": 0, "total_sc_v": 0}