{"c1": 0.01941876696097687, "c2": 0.10639702587629832, "ch1": -0.05665693965391027, "ch2": 0.08974380665350318, "di": 5.6615986048043325, "dj": 2.975775221170947, "dk": 9.285894429650718, "vw_i": 1.140189824332504, "vw_j": 0.3960469475641436, "kt": 4.990415764004403, "train_sc_a": [2.185130427290595], "train_sc_v": [2.0153585483205645], "val_sc_a": 0, "val_sc_v": 0, "total_sc_a": 0, "total_sc_v": 0}