{"c1": 0.020083401752437547, "c2": 0.10984154685718064, "ch1": -0.2982648598099601, "ch2": 0.08163544555178422, "di": 24.098252809830218, "dj": 20.09436606360104, "dk": 8.664034621088172, "vw_i": 5.4863203738180735, "vw_j": -2.32016496412278, "kt": 0.503521438893931, "train_sc_a": [1.9284481447638027], "train_sc_v": [1.9162940774346042], "val_sc_a": 0, "val_sc_v": 0, "total_sc_a": 0, "total_sc_v": 0}