{"c1": 0.019681741549380512, "c2": 0.1135227862572784, "ch1": -0.2966222497914804, "ch2": 0.08218579574358471, "di": 22.59806002001659, "dj": 22.290119127031215, "dk": 12.47586864434657, "vw_i": 5.1928428806554425, "vw_j": -2.486347618014139, "kt": 0.8351568127006284, "train_sc_a": [1.3751638101955495], "train_sc_v": [1.5814384491198419], "val_sc_a": 0, "val_sc_v": 0, "total_sc_a": 0, "total_sc_v": 0}