{"c1": 0.020710009564687524, "c2": 0.10098979725028714, "ch1": -0.3768793174699121, "ch2": 0.06869407838397239, "di": 15.019388145218793, "dj": 0.0, "dk": 1.7885313606138222, "vw_i": 2.5711963487372835, "vw_j": 0.4345201138317678, "kt": 1.8247404265019227, "train_sc_a": [NaN], "train_sc_v": [NaN], "val_sc_a": 0, "val_sc_v": 0, "total_sc_a": 0, "total_sc_v": 0}