{"c1": 0.0197257329600756, "c2": 0.11264370076595326, "ch1": -0.31317913020056154, "ch2": 0.08049618324417827, "di": 23.397483400023123, "dj": 21.10261460521542, "dk": 10.346591582183947, "vw_i": 6.275627689852088, "vw_j": -1.047197633825839, "kt": 0.3773039092666596, "train_sc_a": [2.3495763828648877], "train_sc_v": [2.105810066265153], "val_sc_a": 0, "val_sc_v": 0, "total_sc_a": 0, "total_sc_v": 0}