{"c1": 0.020002052515051175, "c2": 0.10726536861937513, "ch1": -0.08762112579781658, "ch2": 0.09188060480722995, "di": 15.266463567543429, "dj": 11.333240834832448, "dk": 9.301349301099695, "vw_i": -1.372078903935576, "vw_j": -0.5533264043847437, "kt": 0.7809602191648956, "train_sc_a": [1.5579590226654505], "train_sc_v": [1.5216453718486298], "val_sc_a": 0, "val_sc_v": 0, "total_sc_a": 0, "total_sc_v": 0}