{"c1": 0.01967360502520343, "c2": 0.11370056403017824, "ch1": -0.2961582738313612, "ch2": 0.0823673631996597, "di": 20.816147184733865, "dj": 24.13864842217432, "dk": 13.570678794604099, "vw_i": 4.463682664727897, "vw_j": -3.000420075721931, "kt": 0.999037325224651, "train_sc_a": [1.7307622771216573], "train_sc_v": [2.31053660714642], "val_sc_a": 0, "val_sc_v": 0, "total_sc_a": 0, "total_sc_v": 0}