{"c1": 0.018699397741287205, "c2": 0.1121037486452883, "ch1": -0.014056562391583698, "ch2": 0.0930194951896948, "di": 3.8655150176585664, "dj": 3.943907312330309, "dk": 14.836515264153615, "vw_i": -0.779407185921483, "vw_j": -0.4052827909835863, "kt": 5.048659886128964, "train_sc_a": [0.5393343245368062], "train_sc_v": [0.1593711325631703], "val_sc_a": 0, "val_sc_v": 0, "total_sc_a": 0, "total_sc_v": 0}