{"c1": 0.018486658263670807, "c2": 0.11247344722800795, "ch1": -0.007868861877619785, "ch2": 0.09282164076906968, "di": 4.264163280023147, "dj": 5.1600929430283555, "dk": 12.93158085674055, "vw_i": -1.1292632263436395, "vw_j": 0.04277623843971887, "kt": 5.286515245040224, "train_sc_a": [0.6336438252308944], "train_sc_v": [0.9137457502602729], "val_sc_a": 0, "val_sc_v": 0, "total_sc_a": 0, "total_sc_v": 0}