{"c1": 0.020629854134009227, "c2": 0.10697205985211827, "ch1": -0.23610297338262973, "ch2": 0.08754179369942065, "di": 25.059052220600996, "dj": 26.354156354680907, "dk": 14.967142249513051, "vw_i": 4.526778465189739, "vw_j": -3.7302107681173697, "kt": 1.0419721448151877, "train_sc_a": [1.5689525866676177], "train_sc_v": [2.266807569602965], "val_sc_a": 0, "val_sc_v": 0, "total_sc_a": 0, "total_sc_v": 0}