{"c1": 0.018991062448007877, "c2": 0.1097015731374576, "ch1": 0.2136079844552052, "ch2": 0.11113445335189982, "di": 6.691976492817892, "dj": 30.2597635689686, "dk": 7.426239683248356, "vw_i": 1.550976645672502, "vw_j": 0.4712273146568582, "kt": 4.939209743628437, "train_sc_a": [1.0874425646540034], "train_sc_v": [1.1657317227455228], "val_sc_a": 0, "val_sc_v": 0, "total_sc_a": 0, "total_sc_v": 0}