{"c1": 0.019277541423957583, "c2": 0.1165605858327991, "ch1": -0.30819712005445155, "ch2": 0.08154251170956715, "di": 21.794330113033382, "dj": 21.796524956716844, "dk": 12.820840221067648, "vw_i": 4.843228605677399, "vw_j": -2.3058611025246836, "kt": 0.8361610001459239, "train_sc_a": [0.4304061359848454], "train_sc_v": [0.3788269149917219], "val_sc_a": 0, "val_sc_v": 0, "total_sc_a": 0, "total_sc_v": 0}