{"c1": 0.0186758329650899, "c2": 0.1180352177662034, "ch1": -0.09861782277914367, "ch2": 0.09209466929809591, "di": 13.706251927379196, "dj": 17.68186069879774, "dk": 8.986138645228968, "vw_i": -1.7349166422213471, "vw_j": -1.9378425686182186, "kt": 0.8587952413824682, "train_sc_a": [2.7252244540325963], "train_sc_v": [5.607700589453515], "val_sc_a": 0, "val_sc_v": 0, "total_sc_a": 0, "total_sc_v": 0}