{"c1": 0.01869928271691503, "c2": 0.11210465753317674, "ch1": -0.01417761619306749, "ch2": 0.09301029930313238, "di": 3.867131558176088, "dj": 3.9355545317729232, "dk": 14.836875206060371, "vw_i": -0.7794803213378354, "vw_j": -0.4045485287314252, "kt": 5.049007780798938, "train_sc_a": [0.539953655620008], "train_sc_v": [0.15924709140351087], "val_sc_a": 0, "val_sc_v": 0, "total_sc_a": 0, "total_sc_v": 0}