{"c1": 0.02083935327262907, "c2": 0.10523660377098272, "ch1": -0.27438826814917333, "ch2": 0.08432994914717992, "di": 23.80684547754432, "dj": 23.734160359753346, "dk": 14.263114517308875, "vw_i": 4.403754862493141, "vw_j": -2.9699519185475474, "kt": 1.0383681275995567, "train_sc_a": [1.6530305266673315], "train_sc_v": [2.4831659686628362], "val_sc_a": 0, "val_sc_v": 0, "total_sc_a": 0, "total_sc_v": 0}