{"c1": 0.020083405334534198, "c2": 0.10984151689399396, "ch1": -0.2982666344619323, "ch2": 0.08163529939087613, "di": 24.09818258674232, "dj": 20.094121404206476, "dk": 8.663996084425914, "vw_i": 5.4862661241020145, "vw_j": -2.3201833775144722, "kt": 0.5035261313241254, "train_sc_a": [1.9284825372543997], "train_sc_v": [1.9163313368741366], "val_sc_a": 0, "val_sc_v": 0, "total_sc_a": 0, "total_sc_v": 0}