{"c1": 0.020236206052932956, "c2": 0.10113677879830879, "ch1": -0.13910493028856166, "ch2": 0.08510789135805959, "di": 17.141375405752445, "dj": 10.231890494282933, "dk": 3.9534571459815453, "vw_i": 0.2619812095019935, "vw_j": 0.20981364566176067, "kt": 3.466330425229821, "train_sc_a": [2.444141455825836], "train_sc_v": [2.0160523835482005], "val_sc_a": 0, "val_sc_v": 0, "total_sc_a": 0, "total_sc_v": 0}