{"c1": 0.01926767336925222, "c2": 0.10729444929185941, "ch1": -0.015468974318408758, "ch2": 0.0922595259925331, "di": 4.489696822471778, "dj": 4.405312459806997, "dk": 13.875466287945507, "vw_i": -1.4833363778760473, "vw_j": 0.26093436398984177, "kt": 5.228610951560168, "train_sc_a": [0.334549575669189], "train_sc_v": [0.2817069428196228], "val_sc_a": 0, "val_sc_v": 0, "total_sc_a": 0, "total_sc_v": 0}