{"c1": 0.02040343592572438, "c2": 0.10736662229881835, "ch1": -0.06147302516955473, "ch2": 0.09656173195749802, "di": 24.951344737834113, "dj": 20.371307051984285, "dk": 13.586211104872248, "vw_i": -1.6047344880266898, "vw_j": -0.7006854758429705, "kt": 0.22645052360389037, "train_sc_a": [0.8457297355987022], "train_sc_v": [0.4472998881794494], "val_sc_a": 0, "val_sc_v": 0, "total_sc_a": 0, "total_sc_v": 0}