{"c1": 0.018699285241756635, "c2": 0.1121046375826405, "ch1": -0.0141749589955891, "ch2": 0.09301050115787157, "di": 3.8670960743922205, "dj": 3.935737879718563, "dk": 14.836867305160304, "vw_i": -0.7794787160225372, "vw_j": -0.40456464615198784, "kt": 5.0490001443379935, "train_sc_a": [0.539939899433226], "train_sc_v": [0.15924649809763178], "val_sc_a": 0, "val_sc_v": 0, "total_sc_a": 0, "total_sc_v": 0}