{"c1": 0.019640723354550856, "c2": 0.10904497459863438, "ch1": -0.09201268558294962, "ch2": 0.09207683884911763, "di": 17.74743799818408, "dj": 12.494642774337025, "dk": 11.451754588700943, "vw_i": -0.7032143339378851, "vw_j": -0.7070278267959486, "kt": 1.9471232735090767, "train_sc_a": [1.0873110104813803], "train_sc_v": [0.791954718356271], "val_sc_a": 0, "val_sc_v": 0, "total_sc_a": 0, "total_sc_v": 0}