{"c1": 0.02010400827789433, "c2": 0.1095921367383443, "ch1": -0.26120269066967433, "ch2": 0.08449633511627298, "di": 23.561640296139057, "dj": 27.028027952146683, "dk": 9.209681791771631, "vw_i": 7.300784317961943, "vw_j": -1.1269224558303286, "kt": 0.3379221848211768, "train_sc_a": [2.7034239209649327], "train_sc_v": [1.7392308970530983], "val_sc_a": 0, "val_sc_v": 0, "total_sc_a": 0, "total_sc_v": 0}