{"c1": 0.01908671683215934, "c2": 0.11369839124323555, "ch1": -0.10242412013191227, "ch2": 0.0912826470826319, "di": 14.812435234434899, "dj": 9.592739396988446, "dk": 10.754982068884045, "vw_i": -2.310176032133377, "vw_j": -1.2378285023231963, "kt": 1.0007037809188466, "train_sc_a": [1.2396756191391722], "train_sc_v": [0.7067450983020201], "val_sc_a": 0, "val_sc_v": 0, "total_sc_a": 0, "total_sc_v": 0}