{"c1": 0.0191203466119064, "c2": 0.11361503151581515, "ch1": -0.050865912493104334, "ch2": 0.0951229265806716, "di": 14.03492769210885, "dj": 14.027950191126312, "dk": 8.633816058747245, "vw_i": -1.85634468285478, "vw_j": -1.102754727701659, "kt": 0.7452450067658914, "train_sc_a": [0.2964619435282093], "train_sc_v": [0.2841018960465206], "val_sc_a": 0, "val_sc_v": 0, "total_sc_a": 0, "total_sc_v": 0}