{"c1": 0.020006891854955952, "c2": 0.11042970158002141, "ch1": -0.2949705288155298, "ch2": 0.08191760517030053, "di": 22.813227274233725, "dj": 21.82509419312674, "dk": 8.709503521037814, "vw_i": 5.450122253508746, "vw_j": -2.307336136864607, "kt": 0.5129803364078905, "train_sc_a": [1.114123286857661], "train_sc_v": [0.910746276591859], "val_sc_a": 0, "val_sc_v": 0, "total_sc_a": 0, "total_sc_v": 0}