{"c1": 0.019979632927579757, "c2": 0.10744432469828667, "ch1": -0.0879898671556905, "ch2": 0.09185669289789879, "di": 15.644097429810447, "dj": 10.778646727751829, "dk": 9.358941044570505, "vw_i": -1.4412903023658301, "vw_j": -0.6297935861225251, "kt": 0.7709566273109145, "train_sc_a": [1.5940647794143235], "train_sc_v": [1.5340702992731146], "val_sc_a": 0, "val_sc_v": 0, "total_sc_a": 0, "total_sc_v": 0}