{"c1": 0.019010659686091242, "c2": 0.11450030648884778, "ch1": -0.06515777172650233, "ch2": 0.09484084014959215, "di": 17.834919695458243, "dj": 12.859647467148136, "dk": 13.59569101563069, "vw_i": -0.2671316986395475, "vw_j": -0.4674928337663292, "kt": 1.6710428528458412, "train_sc_a": [0.7925890607400229], "train_sc_v": [0.4500503670190177], "val_sc_a": 0, "val_sc_v": 0, "total_sc_a": 0, "total_sc_v": 0}