{"c1": 0.01869928272217131, "c2": 0.11210465749132817, "ch1": -0.014177615580450761, "ch2": 0.09301029936761207, "di": 3.867131429989576, "dj": 3.935554700865731, "dk": 14.836875188174625, "vw_i": -0.7794802873893026, "vw_j": -0.4045485604604237, "kt": 5.049007766059536, "train_sc_a": [0.5399536506915676], "train_sc_v": [0.1592470916181346], "val_sc_a": 0, "val_sc_v": 0, "total_sc_a": 0, "total_sc_v": 0}