{"c1": 0.018863449786528066, "c2": 0.11424063187118234, "ch1": -0.11300086806821015, "ch2": 0.0904469079515462, "di": 14.848236781265623, "dj": 11.019337809123542, "dk": 9.726509659881167, "vw_i": -2.360115586239105, "vw_j": -1.0903542514407267, "kt": 2.254088193193947, "train_sc_a": [1.5474215328820577], "train_sc_v": [1.118899730622011], "val_sc_a": 0, "val_sc_v": 0, "total_sc_a": 0, "total_sc_v": 0}