{"c1": 0.018450749819275105, "c2": 0.1129359742916347, "ch1": -0.036767806834530146, "ch2": 0.09082435256945191, "di": 3.576981111845517, "dj": 4.199809283471605, "dk": 13.318800374819501, "vw_i": 0.15404316917492092, "vw_j": 0.5243329873161666, "kt": 5.3774910073459505, "train_sc_a": [0.4181786481792087], "train_sc_v": [0.23549706751200636], "val_sc_a": 0, "val_sc_v": 0, "total_sc_a": 0, "total_sc_v": 0}