{"c1": 0.019273746701006476, "c2": 0.11776607682904044, "ch1": -0.22899759995456415, "ch2": 0.08873018131696199, "di": 20.673988178297794, "dj": 32.127462928773944, "dk": 17.886194780114202, "vw_i": 3.6135669671049424, "vw_j": -4.5192190005022645, "kt": 1.0730516116592412, "train_sc_a": [1.235158936515145], "train_sc_v": [0.5356370735977038], "val_sc_a": 0, "val_sc_v": 0, "total_sc_a": 0, "total_sc_v": 0}