{"c1": 0.02027048189422626, "c2": 0.10086945651414003, "ch1": -0.1549372218855425, "ch2": 0.08342106648965661, "di": 17.016099497026275, "dj": 10.080267929636141, "dk": 4.603024730178924, "vw_i": 0.3600930166923949, "vw_j": 0.1249561523508342, "kt": 3.612777723480508, "train_sc_a": [2.664315919677471], "train_sc_v": [2.4237493301943736], "val_sc_a": 0, "val_sc_v": 0, "total_sc_a": 0, "total_sc_v": 0}