{"c1": 0.018905213710797755, "c2": 0.11394531676762852, "ch1": -0.10438280639543468, "ch2": 0.09115913923089891, "di": 15.018736552983986, "dj": 15.864558816768287, "dk": 9.669638779255015, "vw_i": -1.422361317196104, "vw_j": -0.9173230792819281, "kt": 2.2203533807672655, "train_sc_a": [1.1304917453936707], "train_sc_v": [0.9810877176091855], "val_sc_a": 0, "val_sc_v": 0, "total_sc_a": 0, "total_sc_v": 0}