{"c1": 0.02085988117155294, "c2": 0.10309297016127379, "ch1": -0.21013551104538705, "ch2": 0.08494381132190086, "di": 23.831524643544423, "dj": 13.820133838831014, "dk": 6.5657009066512355, "vw_i": -2.643617018703028, "vw_j": -1.9776306481511785, "kt": 0.9538686024164453, "train_sc_a": [6.251012638976123], "train_sc_v": [4.206076338852017], "val_sc_a": 0, "val_sc_v": 0, "total_sc_a": 0, "total_sc_v": 0}