{"c1": 0.020338697269869536, "c2": 0.10773468410349203, "ch1": -0.11432416650728461, "ch2": 0.09224879254150915, "di": 24.56593642897315, "dj": 17.649998714290042, "dk": 11.549583250655061, "vw_i": -4.0764423165289525, "vw_j": -1.2138917150126363, "kt": 0.44926009487545554, "train_sc_a": [1.5047426987209926], "train_sc_v": [2.00562539731745], "val_sc_a": 0, "val_sc_v": 0, "total_sc_a": 0, "total_sc_v": 0}