{"c1": 0.019030914378346208, "c2": 0.11413225732593862, "ch1": -0.08362219325910658, "ch2": 0.09258361360727166, "di": 14.820205335759074, "dj": 11.416544354937535, "dk": 11.018026483057977, "vw_i": -2.530203596435533, "vw_j": -1.43558538696875, "kt": 1.0498770228848098, "train_sc_a": [0.4242587826805664], "train_sc_v": [0.12782871044401584], "val_sc_a": 0, "val_sc_v": 0, "total_sc_a": 0, "total_sc_v": 0}