{"c1": 0.01925758371362967, "c2": 0.11071539685879639, "ch1": -0.05292362857815781, "ch2": 0.09211233335273128, "di": 9.128420776817716, "dj": 21.46075354923865, "dk": 16.62653744606505, "vw_i": -1.0156602498557086, "vw_j": 0.6006283188529069, "kt": 5.038174502227225, "train_sc_a": [0.594328430172375], "train_sc_v": [0.41605974455081546], "val_sc_a": 0, "val_sc_v": 0, "total_sc_a": 0, "total_sc_v": 0}