{"c1": 0.019324572251134882, "c2": 0.10831181813960454, "ch1": 0.17168560958813192, "ch2": 0.10826839018553269, "di": 6.476412474313863, "dj": 28.765444662363958, "dk": 11.71315641335553, "vw_i": -5.348020763815059, "vw_j": -2.4032488810579937, "kt": 5.025502213546667, "train_sc_a": [1.8813240733903172], "train_sc_v": [1.2084663289774924], "val_sc_a": 0, "val_sc_v": 0, "total_sc_a": 0, "total_sc_v": 0}