{"c1": 0.0189220927717681, "c2": 0.11422037962129471, "ch1": -0.0659199534311301, "ch2": 0.09395303107816448, "di": 18.001458301881204, "dj": 14.600064301844082, "dk": 11.046732069353661, "vw_i": -1.4126096859791613, "vw_j": -1.1314124464493789, "kt": 2.1592896984590984, "train_sc_a": [1.5928989038272674], "train_sc_v": [0.6210007121757557], "val_sc_a": 0, "val_sc_v": 0, "total_sc_a": 0, "total_sc_v": 0}