{"c1": 0.01871246262812187, "c2": 0.10889796644319345, "ch1": -0.009784553124032234, "ch2": 0.0923151683800238, "di": 2.7623200070694924, "dj": 0.0, "dk": 7.952329729725692, "vw_i": 1.2688113457125119, "vw_j": 1.020165317258255, "kt": 5.118341474840155, "train_sc_a": [0.5692561341983241], "train_sc_v": [0.22176995925063853], "val_sc_a": 0, "val_sc_v": 0, "total_sc_a": 0, "total_sc_v": 0}