{"c1": 0.01923879269913448, "c2": 0.1125358823143921, "ch1": -0.08407626136850087, "ch2": 0.09284376463103795, "di": 14.750530286547587, "dj": 10.852801086900438, "dk": 10.243068133146366, "vw_i": -2.3091237331967354, "vw_j": -1.1430967205141613, "kt": 0.9136065517269463, "train_sc_a": [0.8072211850412935], "train_sc_v": [0.7866839990026705], "val_sc_a": 0, "val_sc_v": 0, "total_sc_a": 0, "total_sc_v": 0}