{"c1": 0.018675332370247485, "c2": 0.11321854851597023, "ch1": 0.0787718256947455, "ch2": 0.10103930307561822, "di": 6.339254690673969, "dj": 25.87632016091327, "dk": 11.731724960596242, "vw_i": -8.37394003665355, "vw_j": -1.7027961895045585, "kt": 5.053615316349308, "train_sc_a": [5.020264698472674], "train_sc_v": [4.849172063175239], "val_sc_a": 0, "val_sc_v": 0, "total_sc_a": 0, "total_sc_v": 0}