{"c1": 0.019953852256799253, "c2": 0.109921281983554, "ch1": -0.0739708644037601, "ch2": 0.09556677515238175, "di": 18.20526931009531, "dj": 25.989925541208247, "dk": 12.08990812458595, "vw_i": -0.1923604837930673, "vw_j": -0.35107524522546146, "kt": 1.1898675140919057, "train_sc_a": [5.607976340426668], "train_sc_v": [5.513251196136491], "val_sc_a": 0, "val_sc_v": 0, "total_sc_a": 0, "total_sc_v": 0}