{"c1": 0.019870447806985637, "c2": 0.11210410266899931, "ch1": -0.29446297686555056, "ch2": 0.08236174639873214, "di": 23.42538344748778, "dj": 21.776664458950588, "dk": 12.507071133519615, "vw_i": 5.296057321969311, "vw_j": -2.5186279257182465, "kt": 0.8564002415446449, "train_sc_a": [1.2393456611432832], "train_sc_v": [1.6753411038087074], "val_sc_a": 0, "val_sc_v": 0, "total_sc_a": 0, "total_sc_v": 0}