{"c1": 0.01921918113962174, "c2": 0.10418810280037044, "ch1": 0.028050245732428078, "ch2": 0.0950177408507778, "di": 0.7766787905353775, "dj": 0.499873153212257, "dk": 2.2856607420471136, "vw_i": 2.1899674194883394, "vw_j": 1.1856790126980494, "kt": 5.111777267035714, "train_sc_a": [1.846552815659777], "train_sc_v": [1.7329304944972124], "val_sc_a": 0, "val_sc_v": 0, "total_sc_a": 0, "total_sc_v": 0}