{"c1": 0.020242223502177935, "c2": 0.10859704800105037, "ch1": -0.2910290647006395, "ch2": 0.08219423867456657, "di": 24.352487240037842, "dj": 19.790016849614435, "dk": 7.918576874253001, "vw_i": 5.136177475301413, "vw_j": -2.8837971536571883, "kt": 0.5579640697371626, "train_sc_a": [1.7052192337724454], "train_sc_v": [3.4875798139141345], "val_sc_a": 0, "val_sc_v": 0, "total_sc_a": 0, "total_sc_v": 0}