{"c1": 0.019938942661792445, "c2": 0.10488576007754125, "ch1": -0.07635395151103877, "ch2": 0.0907911502464239, "di": 15.827447565634579, "dj": 17.293150848690384, "dk": 11.197112447248964, "vw_i": -2.044352208582007, "vw_j": 0.05205400178066587, "kt": 4.383557714503918, "train_sc_a": [0.5463071515840642], "train_sc_v": [0.5563744114224002], "val_sc_a": 0, "val_sc_v": 0, "total_sc_a": 0, "total_sc_v": 0}