{"c1": 0.019393594471425184, "c2": 0.11073069827492635, "ch1": -0.06434512991242637, "ch2": 0.09404126678737956, "di": 16.56855589710612, "dj": 16.114729159073306, "dk": 11.044538165653316, "vw_i": -1.4884286961804571, "vw_j": -0.9849873472434256, "kt": 2.2745541943184278, "train_sc_a": [1.6033342832763895], "train_sc_v": [0.8193678080554399], "val_sc_a": 0, "val_sc_v": 0, "total_sc_a": 0, "total_sc_v": 0}