{"c1": 0.02008340175243756, "c2": 0.10984154685718053, "ch1": -0.29826485980996703, "ch2": 0.08163544555178365, "di": 24.098252809829944, "dj": 20.094366063600084, "dk": 8.664034621088021, "vw_i": 5.486320373817861, "vw_j": -2.320164964122852, "kt": 0.5035214388939494, "train_sc_a": [1.9284481447639372], "train_sc_v": [1.9162940774347483], "val_sc_a": 0, "val_sc_v": 0, "total_sc_a": 0, "total_sc_v": 0}