{"c1": 0.020338697522638016, "c2": 0.10773468183278373, "ch1": -0.1143243957866359, "ch2": 0.09224877302900343, "di": 24.56593636256566, "dj": 17.64997761123659, "dk": 11.549580101308312, "vw_i": -4.076446374535912, "vw_j": -1.2138943706851069, "kt": 0.4492605635238193, "train_sc_a": [1.5047443930840105], "train_sc_v": [2.005616352508654], "val_sc_a": 0, "val_sc_v": 0, "total_sc_a": 0, "total_sc_v": 0}