{"c1": 0.01952711173127955, "c2": 0.1136353467179732, "ch1": -0.14163966099062036, "ch2": 0.09072046293142529, "di": 23.84090712210652, "dj": 25.31883347380624, "dk": 7.907806096389127, "vw_i": -3.268105166887227, "vw_j": -2.3279694670720468, "kt": 0.8154321870775881, "train_sc_a": [0.7085184812176009], "train_sc_v": [0.46517483355849704], "val_sc_a": 0, "val_sc_v": 0, "total_sc_a": 0, "total_sc_v": 0}