{"c1": 0.020083401752446443, "c2": 0.10984154685710623, "ch1": -0.2982648598143671, "ch2": 0.08163544555142126, "di": 24.09825280965583, "dj": 20.094366062993473, "dk": 8.664034620992473, "vw_i": 5.486320373683354, "vw_j": -2.320164964168506, "kt": 0.5035214389055839, "train_sc_a": [1.9284481448492095], "train_sc_v": [1.9162940775270938], "val_sc_a": 0, "val_sc_v": 0, "total_sc_a": 0, "total_sc_v": 0}