{"c1": 0.020223418468644557, "c2": 0.10127885274158233, "ch1": -0.17032907686032714, "ch2": 0.08192209676404867, "di": 17.068401198625107, "dj": 7.7420208302763545, "dk": 4.722263141044702, "vw_i": 0.5227894237058937, "vw_j": 0.22382978042421808, "kt": 3.5380324353321195, "train_sc_a": [3.545384700893122], "train_sc_v": [4.495394171257416], "val_sc_a": 0, "val_sc_v": 0, "total_sc_a": 0, "total_sc_v": 0}