{"c1": 0.018861395235558662, "c2": 0.11540446351895724, "ch1": -0.07335769567606856, "ch2": 0.09321265156967232, "di": 16.82135878071979, "dj": 11.0032233893984, "dk": 11.399483552561984, "vw_i": -3.0560624313185065, "vw_j": -1.6042681529966707, "kt": 1.3059301556219336, "train_sc_a": [1.1990079320010636], "train_sc_v": [0.7711522744406069], "val_sc_a": 0, "val_sc_v": 0, "total_sc_a": 0, "total_sc_v": 0}