{"c1": 0.01970238953193845, "c2": 0.10738518119640286, "ch1": -0.07255822267332768, "ch2": 0.09082287636307097, "di": 12.807180000044651, "dj": 16.176801379983587, "dk": 16.57789750946164, "vw_i": 1.724589505205012, "vw_j": 1.539825870465246, "kt": 5.020235120952534, "train_sc_a": [1.5580440468257124], "train_sc_v": [1.4977587511276518], "val_sc_a": 0, "val_sc_v": 0, "total_sc_a": 0, "total_sc_v": 0}