{"c1": 0.019685508563587174, "c2": 0.11275798587447901, "ch1": -0.09058598186104559, "ch2": 0.09449829114246515, "di": 25.135697952236786, "dj": 19.502720893353807, "dk": 13.382741372013127, "vw_i": -2.164849571085172, "vw_j": -1.8835997919798482, "kt": 0.8974053778060909, "train_sc_a": [1.8729545362497995], "train_sc_v": [0.9720455823198599], "val_sc_a": 0, "val_sc_v": 0, "total_sc_a": 0, "total_sc_v": 0}