{"c1": 0.01885841379174859, "c2": 0.11619335174929762, "ch1": -0.08237597294789423, "ch2": 0.09234661290789213, "di": 13.374292354192177, "dj": 13.055267560047279, "dk": 10.69943049784359, "vw_i": -1.078921871250449, "vw_j": -1.3826111078902559, "kt": 0.6404891487400414, "train_sc_a": [0.7913204486970021], "train_sc_v": [0.38969775521736516], "val_sc_a": 0, "val_sc_v": 0, "total_sc_a": 0, "total_sc_v": 0}