{"c1": 0.019381351308082845, "c2": 0.10598942190123346, "ch1": -0.041231768109858444, "ch2": 0.0904067911918125, "di": 2.868486910551899, "dj": 4.355065193264975, "dk": 13.540559512835634, "vw_i": 0.14344202189055258, "vw_j": 0.7044544351979277, "kt": 5.400047224921239, "train_sc_a": [0.5737609704645504], "train_sc_v": [0.8467623957989104], "val_sc_a": 0, "val_sc_v": 0, "total_sc_a": 0, "total_sc_v": 0}