{"c1": 0.018856807798566123, "c2": 0.11428923670178995, "ch1": -0.11168851196291046, "ch2": 0.09055218862328412, "di": 14.869114316586163, "dj": 11.168609545823951, "dk": 9.73737007100694, "vw_i": -2.3240287766261636, "vw_j": -1.0802234639770618, "kt": 2.258766333523241, "train_sc_a": [1.576245481830124], "train_sc_v": [1.1079293720218428], "val_sc_a": 0, "val_sc_v": 0, "total_sc_a": 0, "total_sc_v": 0}