{"c1": 0.020043676065709618, "c2": 0.10692232325862089, "ch1": -0.06837236592909351, "ch2": 0.09343289888731779, "di": 15.20758116520889, "dj": 12.3142991440603, "dk": 9.225891761454214, "vw_i": -1.5754892998754986, "vw_j": -0.7231455605042141, "kt": 0.7857102329255804, "train_sc_a": [1.345346205946918], "train_sc_v": [1.0691636617002673], "val_sc_a": 0, "val_sc_v": 0, "total_sc_a": 0, "total_sc_v": 0}