{"c1": 0.02013369148574481, "c2": 0.10944891752634911, "ch1": -0.2931788829602374, "ch2": 0.08203957815156356, "di": 24.41555036652376, "dj": 20.161209330324446, "dk": 8.445544778850921, "vw_i": 5.436184775055921, "vw_j": -2.5090657641573837, "kt": 0.5180653948331768, "train_sc_a": [1.8341085351246256], "train_sc_v": [2.07795924271626], "val_sc_a": 0, "val_sc_v": 0, "total_sc_a": 0, "total_sc_v": 0}