{"c1": 0.019702389531938713, "c2": 0.10738518119640082, "ch1": -0.07255822267331975, "ch2": 0.09082287636307163, "di": 12.807180000045209, "dj": 16.17680137998293, "dk": 16.577897509461526, "vw_i": 1.7245895052054203, "vw_j": 1.539825870465473, "kt": 5.020235120952527, "train_sc_a": [1.558044046825536], "train_sc_v": [1.497758751127713], "val_sc_a": 0, "val_sc_v": 0, "total_sc_a": 0, "total_sc_v": 0}