{"c1": 0.021099994801961643, "c2": 0.10173080113941689, "ch1": -0.3044131947776465, "ch2": 0.08121092997703919, "di": 21.90436551478542, "dj": 21.598520238893627, "dk": 5.176312633346247, "vw_i": 5.089077894795069, "vw_j": -2.1717833361780814, "kt": 0.6414869885168566, "train_sc_a": [1.0347417945779436], "train_sc_v": [2.108672687483098], "val_sc_a": 0, "val_sc_v": 0, "total_sc_a": 0, "total_sc_v": 0}