{"c1": 0.019772708965935658, "c2": 0.11292015797809972, "ch1": -0.2950524515653289, "ch2": 0.08245591995271553, "di": 22.87623897053196, "dj": 22.430214346452235, "dk": 13.122903997363133, "vw_i": 4.198159234610751, "vw_j": -3.10300833306639, "kt": 0.9034158922058901, "train_sc_a": [1.609418721001523], "train_sc_v": [1.897817453671018], "val_sc_a": 0, "val_sc_v": 0, "total_sc_a": 0, "total_sc_v": 0}