{"c1": 0.02004231467797977, "c2": 0.10693332588412024, "ch1": -0.06847185212730424, "ch2": 0.09342485730036909, "di": 15.20546296638533, "dj": 12.310216670740335, "dk": 9.22857748835396, "vw_i": -1.5744974303973978, "vw_j": -0.7233023758102973, "kt": 0.7856683946242452, "train_sc_a": [0.865488545186349], "train_sc_v": [1.158967961400716], "val_sc_a": 0, "val_sc_v": 0, "total_sc_a": 0, "total_sc_v": 0}