{"c1": 0.02083760805697305, "c2": 0.10525110374461061, "ch1": -0.2738943381128226, "ch2": 0.08437126291959378, "di": 23.842753606766145, "dj": 23.751900547150438, "dk": 14.269612593372022, "vw_i": 4.406489524170304, "vw_j": -2.9790980202752975, "kt": 1.0384058650221515, "train_sc_a": [1.6474319417649663], "train_sc_v": [2.4777793167779927], "val_sc_a": 0, "val_sc_v": 0, "total_sc_a": 0, "total_sc_v": 0}