{"c1": 0.020025074447108805, "c2": 0.1103014543922722, "ch1": -0.29533038535222533, "ch2": 0.08188479647004164, "di": 24.478662895629387, "dj": 20.532692597140166, "dk": 8.97292550146853, "vw_i": 5.7364270956120675, "vw_j": -2.13404081622873, "kt": 0.4781354639611933, "train_sc_a": [1.9808353521783741], "train_sc_v": [2.0112313125317534], "val_sc_a": 0, "val_sc_v": 0, "total_sc_a": 0, "total_sc_v": 0}