{"c1": 0.020473819428047765, "c2": 0.10310359654838695, "ch1": -0.04514503039081184, "ch2": 0.0956455150687947, "di": 13.956977355972361, "dj": 14.38268073726813, "dk": 9.336836298453429, "vw_i": -1.8089164143595293, "vw_j": -1.1445990376562722, "kt": 0.7956278545761207, "train_sc_a": [1.4112238591337491], "train_sc_v": [0.8234939978129596], "val_sc_a": 0, "val_sc_v": 0, "total_sc_a": 0, "total_sc_v": 0}