{"c1": 0.020282092186385058, "c2": 0.10089431368917778, "ch1": -0.061881432846185254, "ch2": 0.09268314627865604, "di": 16.964515023388206, "dj": 15.820116029887615, "dk": 5.71036221688718, "vw_i": -1.5464447310012985, "vw_j": -0.4619545700279729, "kt": 3.678594951336226, "train_sc_a": [2.7975534980204833], "train_sc_v": [5.148145640391374], "val_sc_a": 0, "val_sc_v": 0, "total_sc_a": 0, "total_sc_v": 0}