{"c1": 0.019010659686327865, "c2": 0.1145003064872035, "ch1": -0.06515777170144618, "ch2": 0.09484084015144968, "di": 17.834919695667494, "dj": 12.859647468791833, "dk": 13.595691016056938, "vw_i": -0.2671316985714113, "vw_j": -0.46749283386037144, "kt": 1.6710428528526426, "train_sc_a": [0.792589060895484], "train_sc_v": [0.45005036688519495], "val_sc_a": 0, "val_sc_v": 0, "total_sc_a": 0, "total_sc_v": 0}