{"c1": 0.01886047657055097, "c2": 0.11565010492703712, "ch1": -0.06800764320536716, "ch2": 0.09377727552292188, "di": 14.0231695210633, "dj": 13.283143707594153, "dk": 9.037313627780952, "vw_i": -1.6256677529055894, "vw_j": -1.0676686594450406, "kt": 0.7751817610237921, "train_sc_a": [0.6296463028687144], "train_sc_v": [0.3480532935467953], "val_sc_a": 0, "val_sc_v": 0, "total_sc_a": 0, "total_sc_v": 0}