{"c1": 0.018699285901029913, "c2": 0.11210463237326194, "ch1": -0.014174265164096436, "ch2": 0.09301055386497899, "di": 3.8670868090339554, "dj": 3.9357857544838137, "dk": 14.836865242118552, "vw_i": -0.7794782968395952, "vw_j": -0.4045688546468568, "kt": 5.048998150346164, "train_sc_a": [0.5399363086960252], "train_sc_v": [0.1592463677887257], "val_sc_a": 0, "val_sc_v": 0, "total_sc_a": 0, "total_sc_v": 0}