{"c1": 0.020658262365095457, "c2": 0.10477682116881742, "ch1": -0.11950897045975552, "ch2": 0.09249563812291181, "di": 23.831045026024135, "dj": 27.204916948068103, "dk": 7.21244192598232, "vw_i": -3.497313082279409, "vw_j": -2.5039257794128584, "kt": 0.9125125370603692, "train_sc_a": [0.9087944424366862], "train_sc_v": [1.6163170842454635], "val_sc_a": 0, "val_sc_v": 0, "total_sc_a": 0, "total_sc_v": 0}