{"c1": 0.019051388827118373, "c2": 0.11398439382338565, "ch1": -0.08110919449016411, "ch2": 0.09276780832104602, "di": 15.797725739727841, "dj": 10.626879538301539, "dk": 11.032433512029296, "vw_i": -2.782855748539508, "vw_j": -1.1927400936113624, "kt": 1.0593475201086566, "train_sc_a": [0.46209439325646134], "train_sc_v": [0.36206599774145126], "val_sc_a": 0, "val_sc_v": 0, "total_sc_a": 0, "total_sc_v": 0}