{"c1": 0.01958286430458738, "c2": 0.11064656663337556, "ch1": -0.10204712975590877, "ch2": 0.09071092793901801, "di": 14.49059884913411, "dj": 10.932435854301772, "dk": 10.134974835634772, "vw_i": -1.2397545849055276, "vw_j": -0.7762254695420288, "kt": 0.7715485206068126, "train_sc_a": [1.053410933523078], "train_sc_v": [1.3952300792455476], "val_sc_a": 0, "val_sc_v": 0, "total_sc_a": 0, "total_sc_v": 0}