{"c1": 0.01869928592785176, "c2": 0.11210463216132381, "ch1": -0.01417423693628656, "ch2": 0.09301055600931263, "di": 3.8670864320825276, "dj": 3.935787702218654, "dk": 14.836865158185851, "vw_i": -0.7794782797855748, "vw_j": -0.40456902586507665, "kt": 5.048998069222688, "train_sc_a": [0.5399361626211197], "train_sc_v": [0.1592463627029718], "val_sc_a": 0, "val_sc_v": 0, "total_sc_a": 0, "total_sc_v": 0}