{"c1": 0.01987148672531443, "c2": 0.11150577004829061, "ch1": -0.3069865473936879, "ch2": 0.08097361482484136, "di": 30.9809782660433, "dj": 13.742912443760554, "dk": 9.726612283824412, "vw_i": 5.984160879559864, "vw_j": -1.6317174417019356, "kt": 0.43536786082778217, "train_sc_a": [4.490379486627248], "train_sc_v": [6.850058216529015], "val_sc_a": 0, "val_sc_v": 0, "total_sc_a": 0, "total_sc_v": 0}