{"c1": 0.019713095656152462, "c2": 0.11338046654376582, "ch1": -0.23949063952363653, "ch2": 0.08673591253253778, "di": 30.003413037305638, "dj": 22.154468715351054, "dk": 13.274229792961265, "vw_i": 4.792950384365209, "vw_j": -3.921933757358049, "kt": 0.8945577285014501, "train_sc_a": [1.7177799471122488], "train_sc_v": [3.377171741623829], "val_sc_a": 0, "val_sc_v": 0, "total_sc_a": 0, "total_sc_v": 0}