{"c1": 0.020079688958024804, "c2": 0.10987278413581547, "ch1": -0.29425049912585594, "ch2": 0.08196246155180255, "di": 24.446951541728517, "dj": 20.345608338184444, "dk": 8.707741039084196, "vw_i": 5.5854404046060555, "vw_j": -2.3226092882475204, "kt": 0.4982165044542439, "train_sc_a": [1.904585273934881], "train_sc_v": [1.951319730781078], "val_sc_a": 0, "val_sc_v": 0, "total_sc_a": 0, "total_sc_v": 0}