{"c1": 0.020049043214431652, "c2": 0.11010656060146473, "ch1": -0.2939047256988699, "ch2": 0.08198603230286197, "di": 22.97971505513887, "dj": 21.7975121070793, "dk": 8.692596873868851, "vw_i": 5.49590173957929, "vw_j": -2.3036643259469525, "kt": 0.508559652745848, "train_sc_a": [0.8227031640823727], "train_sc_v": [1.9360096053808753], "val_sc_a": 0, "val_sc_v": 0, "total_sc_a": 0, "total_sc_v": 0}