{"c1": 0.019105317374652916, "c2": 0.11711639337629348, "ch1": -0.11198246118058773, "ch2": 0.09290139511539348, "di": 25.181739902073613, "dj": 17.957027133404594, "dk": 13.679029573425924, "vw_i": -2.175511380884793, "vw_j": -1.0262223430776054, "kt": 0.6879472228281818, "train_sc_a": [0.6923434223523962], "train_sc_v": [1.6694958941882367], "val_sc_a": 0, "val_sc_v": 0, "total_sc_a": 0, "total_sc_v": 0}