{"c1": 0.019819430797144606, "c2": 0.10955692574309234, "ch1": -0.057295669301355115, "ch2": 0.09510220087719269, "di": 12.342669613962897, "dj": 15.428590845323692, "dk": 11.949186241379909, "vw_i": -0.8776954869568652, "vw_j": -0.4951879445201734, "kt": 0.6235770179066596, "train_sc_a": [1.6503642978834823], "train_sc_v": [5.161182879444865], "val_sc_a": 0, "val_sc_v": 0, "total_sc_a": 0, "total_sc_v": 0}