{"c1": 0.018884261921626868, "c2": 0.11437583226744862, "ch1": -0.07393620361749713, "ch2": 0.09338658860928775, "di": 19.339443392040113, "dj": 12.892641324133642, "dk": 10.529211883776583, "vw_i": -1.3700666725911135, "vw_j": -1.2090795116538875, "kt": 1.9509533396984253, "train_sc_a": [1.6459160727001076], "train_sc_v": [0.6187434903143617], "val_sc_a": 0, "val_sc_v": 0, "total_sc_a": 0, "total_sc_v": 0}