{"c1": 0.020048769182391558, "c2": 0.11010871618026954, "ch1": -0.29389323294382724, "ch2": 0.08198693850120838, "di": 22.985298581161974, "dj": 21.793408134574875, "dk": 8.69335551354975, "vw_i": 5.49622757305004, "vw_j": -2.3037302220269593, "kt": 0.5085372053427897, "train_sc_a": [1.149662592641303], "train_sc_v": [0.8776004336297552], "val_sc_a": 0, "val_sc_v": 0, "total_sc_a": 0, "total_sc_v": 0}