{"c1": 0.01981258949128358, "c2": 0.1087899462587479, "ch1": -0.08525949094160651, "ch2": 0.09206789261969356, "di": 14.848030907759721, "dj": 11.621326262521055, "dk": 9.681776161994367, "vw_i": -1.4071260076514627, "vw_j": -0.749763922676163, "kt": 0.7786084576155289, "train_sc_a": [0.893781036302057], "train_sc_v": [0.8722596757779624], "val_sc_a": 0, "val_sc_v": 0, "total_sc_a": 0, "total_sc_v": 0}