{"c1": 0.01943943845656802, "c2": 0.10602652904549588, "ch1": -0.020027410369247274, "ch2": 0.09196101160912744, "di": 4.4044066864151565, "dj": 3.76723152786744, "dk": 13.990995392924738, "vw_i": -1.2246730455510557, "vw_j": 0.2900529450785041, "kt": 5.204006298960704, "train_sc_a": [0.7397935363060514], "train_sc_v": [0.8432718008903809], "val_sc_a": 0, "val_sc_v": 0, "total_sc_a": 0, "total_sc_v": 0}