{"c1": 0.018699283333490004, "c2": 0.11210465266118774, "ch1": -0.014176967290981795, "ch2": 0.09301034859713875, "di": 3.8671228929735504, "dj": 3.93559930620108, "dk": 14.836873276635057, "vw_i": -0.7794799293476455, "vw_j": -0.4045524646627577, "kt": 5.049005915947739, "train_sc_a": [0.5399502956155283], "train_sc_v": [0.1592469327187129], "val_sc_a": 0, "val_sc_v": 0, "total_sc_a": 0, "total_sc_v": 0}