{"c1": 0.0186167569127843, "c2": 0.11259256264023054, "ch1": 0.21769802467965663, "ch2": 0.11147323658388221, "di": 6.702268020287189, "dj": 30.869737467671737, "dk": 7.693181073255937, "vw_i": 1.4438165584759644, "vw_j": 1.1911770190684683, "kt": 4.948246848628407, "train_sc_a": [0.8929784873073187], "train_sc_v": [0.6708853764515599], "val_sc_a": 0, "val_sc_v": 0, "total_sc_a": 0, "total_sc_v": 0}