{"c1": 0.01867560247050491, "c2": 0.11803702971986144, "ch1": -0.09856115529765196, "ch2": 0.09209908738408773, "di": 13.70637230374983, "dj": 17.68426403577217, "dk": 8.987359863895126, "vw_i": -1.736243576538143, "vw_j": -1.9383027429494113, "kt": 0.8587138292872702, "train_sc_a": [1.069387938535327], "train_sc_v": [0.8343115014546817], "val_sc_a": 0, "val_sc_v": 0, "total_sc_a": 0, "total_sc_v": 0}