{"c1": 0.019695134550695607, "c2": 0.11202888630406554, "ch1": -0.26277224584457254, "ch2": 0.08154347943811024, "di": 23.745300044408328, "dj": 19.933481379236103, "dk": 3.965586586901488, "vw_i": 0.7473893312767559, "vw_j": -0.8808196566766668, "kt": 0.5343005396963257, "train_sc_a": [2.7436945244479594], "train_sc_v": [2.7479386078766637], "val_sc_a": 0, "val_sc_v": 0, "total_sc_a": 0, "total_sc_v": 0}