{"c1": 0.01946623380746967, "c2": 0.11126695761157016, "ch1": -0.08309094126577367, "ch2": 0.0927183821384252, "di": 17.55649446974924, "dj": 10.270442003269427, "dk": 13.247472395959187, "vw_i": -3.60876196343824, "vw_j": -1.264422490829453, "kt": 1.5830687851857064, "train_sc_a": [1.3910873754479842], "train_sc_v": [1.1056882389326634], "val_sc_a": 0, "val_sc_v": 0, "total_sc_a": 0, "total_sc_v": 0}