{"c1": 0.019702389532103647, "c2": 0.10738518119512491, "ch1": -0.07255822267574268, "ch2": 0.09082287636290469, "di": 12.807180000074696, "dj": 16.17680137937875, "dk": 16.57789750937312, "vw_i": 1.724589505370814, "vw_j": 1.5398258705677819, "kt": 5.020235120947202, "train_sc_a": [1.5580440467043841], "train_sc_v": [1.4977587512049497], "val_sc_a": 0, "val_sc_v": 0, "total_sc_a": 0, "total_sc_v": 0}