{"c1": 0.0208339378526584, "c2": 0.10273639749141006, "ch1": -0.25007841441312983, "ch2": 0.08452451850654796, "di": 24.992562314400068, "dj": 24.156565872650855, "dk": 0.006402195391499893, "vw_i": 3.8599864943888424, "vw_j": -0.989048939594436, "kt": 0.00023736206089365158, "train_sc_a": [2.1124566244076344], "train_sc_v": [2.083165296229546], "val_sc_a": 0, "val_sc_v": 0, "total_sc_a": 0, "total_sc_v": 0}