{"c1": 0.018843048089463858, "c2": 0.11562415374341264, "ch1": -0.05641168328316719, "ch2": 0.09446710004068473, "di": 16.81341270482051, "dj": 12.014046924055224, "dk": 11.76780351375359, "vw_i": -3.286836712393708, "vw_j": -1.762984261692272, "kt": 1.432940059948763, "train_sc_a": [0.3702683629053306], "train_sc_v": [0.13756641581282988], "val_sc_a": 0, "val_sc_v": 0, "total_sc_a": 0, "total_sc_v": 0}