{"c1": 0.019843977235947507, "c2": 0.1117398964337165, "ch1": -0.3079917707816385, "ch2": 0.08089609265719121, "di": 23.111756614070785, "dj": 22.163644570036986, "dk": 10.226020914325987, "vw_i": 6.488255331013145, "vw_j": -0.9515941246416451, "kt": 0.359424834877682, "train_sc_a": [1.1482487147274707], "train_sc_v": [1.3758727489502525], "val_sc_a": 0, "val_sc_v": 0, "total_sc_a": 0, "total_sc_v": 0}