{"c1": 0.018858919128409563, "c2": 0.11427371330014424, "ch1": -0.11185436520084753, "ch2": 0.09053656413837101, "di": 14.862410680175053, "dj": 11.140046863688001, "dk": 9.733566573847146, "vw_i": -2.331456543570985, "vw_j": -1.0811604273432993, "kt": 2.2571625750719737, "train_sc_a": [1.570650064962119], "train_sc_v": [1.1079736851987938], "val_sc_a": 0, "val_sc_v": 0, "total_sc_a": 0, "total_sc_v": 0}