{"c1": 0.018970653658542964, "c2": 0.11997547715117528, "ch1": -0.22767279263234314, "ch2": 0.08894876484308255, "di": 20.451050714154096, "dj": 32.131503219751764, "dk": 17.888771417966943, "vw_i": 3.2619505465032295, "vw_j": -4.336031234115935, "kt": 1.0970958919834166, "train_sc_a": [1.230473221510404], "train_sc_v": [0.3949025664256687], "val_sc_a": 0, "val_sc_v": 0, "total_sc_a": 0, "total_sc_v": 0}