{"c1": 0.020313461560661075, "c2": 0.10469084080898497, "ch1": -0.11867241607076882, "ch2": 0.0903865204559933, "di": 20.89620016257752, "dj": 9.324646307821304, "dk": 0.005565072183020478, "vw_i": 1.9303812353630132, "vw_j": -0.8980196362682813, "kt": 0.28483150283157554, "train_sc_a": [1.17206914979617], "train_sc_v": [2.0804312157815468], "val_sc_a": 0, "val_sc_v": 0, "total_sc_a": 0, "total_sc_v": 0}