{"c1": 0.020342339877845776, "c2": 0.10189918942823645, "ch1": -0.09466886063689015, "ch2": 0.08909824432950571, "di": 13.117838158999847, "dj": 14.935055247845778, "dk": 13.569563753179704, "vw_i": 1.1469170003511069, "vw_j": 0.9335016363964983, "kt": 4.642263526363691, "train_sc_a": [1.5926099438856585], "train_sc_v": [4.169087741461501], "val_sc_a": 0, "val_sc_v": 0, "total_sc_a": 0, "total_sc_v": 0}