{"c1": 0.019092969556596066, "c2": 0.11363055089930954, "ch1": -0.20768522512446813, "ch2": 0.08346785525249512, "di": 14.810780253153505, "dj": 1.1223360894879617, "dk": 10.578285313944884, "vw_i": -1.3187124600721545, "vw_j": -0.5468906640787838, "kt": 0.9646531398058606, "train_sc_a": [33.61031846530218], "train_sc_v": [62.40987080139509], "val_sc_a": 0, "val_sc_v": 0, "total_sc_a": 0, "total_sc_v": 0}