{"c1": 0.01927381287127819, "c2": 0.11776559402573826, "ch1": -0.22896839181675363, "ch2": 0.08873230075716712, "di": 20.677127846024803, "dj": 32.12745242211008, "dk": 17.886204009997872, "vw_i": 3.613944625557592, "vw_j": -4.5196258033817625, "kt": 1.0730506093443302, "train_sc_a": [1.234936845073752], "train_sc_v": [0.5367318091233898], "val_sc_a": 0, "val_sc_v": 0, "total_sc_a": 0, "total_sc_v": 0}