{"c1": 0.019263651377733844, "c2": 0.11783973612175119, "ch1": -0.23345376411647656, "ch2": 0.08840682713578663, "di": 20.194982125389906, "dj": 32.129065886800994, "dk": 17.884786615133315, "vw_i": 3.555949186982926, "vw_j": -4.457154776334847, "kt": 1.0732045306784037, "train_sc_a": [1.282857418829059], "train_sc_v": [0.4405584215795486], "val_sc_a": 0, "val_sc_v": 0, "total_sc_a": 0, "total_sc_v": 0}