{"c1": 0.019149952015847058, "c2": 0.11354217008058919, "ch1": -0.025590080322156296, "ch2": 0.09678391431452346, "di": 17.1463731519672, "dj": 13.626903096420673, "dk": 12.554565800491499, "vw_i": -4.053369568150012, "vw_j": -1.6487250798762076, "kt": 1.4834961500745159, "train_sc_a": [0.8324866520519264], "train_sc_v": [1.4330996998233805], "val_sc_a": 0, "val_sc_v": 0, "total_sc_a": 0, "total_sc_v": 0}