{"c1": 0.01875436252744157, "c2": 0.11752737551913624, "ch1": -0.11395143711064269, "ch2": 0.09095573448096869, "di": 13.332866015121212, "dj": 14.269065020008181, "dk": 9.293969404697485, "vw_i": -3.148790702721755, "vw_j": -1.948620594595225, "kt": 0.940879622224328, "train_sc_a": [1.0012742135071135], "train_sc_v": [2.2862639372460847], "val_sc_a": 0, "val_sc_v": 0, "total_sc_a": 0, "total_sc_v": 0}