{"c1": 0.020079607126378546, "c2": 0.10987342652427985, "ch1": -0.2942501939627022, "ch2": 0.0819625067436897, "di": 24.44697638170085, "dj": 20.346184309879074, "dk": 8.708146750724568, "vw_i": 5.585686305992846, "vw_j": -2.3223272532405055, "kt": 0.4981828353575201, "train_sc_a": [1.9046332734355442], "train_sc_v": [1.9512841481824055], "val_sc_a": 0, "val_sc_v": 0, "total_sc_a": 0, "total_sc_v": 0}