{"c1": 0.02004946067965801, "c2": 0.11010327675482637, "ch1": -0.2939222339639017, "ch2": 0.08198465178437345, "di": 22.97120901345758, "dj": 21.803764170925184, "dk": 8.691441148844895, "vw_i": 5.495405359143009, "vw_j": -2.3035639387004605, "kt": 0.5085938495142087, "train_sc_a": [0.8187180880119584], "train_sc_v": [1.922720430545173], "val_sc_a": 0, "val_sc_v": 0, "total_sc_a": 0, "total_sc_v": 0}