{"c1": 0.019052269842019746, "c2": 0.11326905947950468, "ch1": -0.05674789565222481, "ch2": 0.0945683205509828, "di": 18.78924384729409, "dj": 14.123514502533954, "dk": 10.987301334156665, "vw_i": -1.446155413036094, "vw_j": -1.2965180797026885, "kt": 2.032141724120354, "train_sc_a": [0.4206305977481289], "train_sc_v": [0.39146120695594966], "val_sc_a": 0, "val_sc_v": 0, "total_sc_a": 0, "total_sc_v": 0}