{"c1": 0.02065560292729462, "c2": 0.09920200423430298, "ch1": -0.16624574334524975, "ch2": 0.08291765462626001, "di": 12.903683110637232, "dj": 13.347893380376025, "dk": 11.311028309570744, "vw_i": -0.5595516531094463, "vw_j": 0.16941285876165377, "kt": 4.641940966214008, "train_sc_a": [1.805210055068138], "train_sc_v": [1.8147978818893022], "val_sc_a": 0, "val_sc_v": 0, "total_sc_a": 0, "total_sc_v": 0}