{"c1": 0.018352774018687346, "c2": 0.11366423476186144, "ch1": -0.02322281653930259, "ch2": 0.09174220154983223, "di": 4.2682418297894245, "dj": 4.406020848234605, "dk": 13.357830156464281, "vw_i": -1.3160115586929169, "vw_j": 0.028276524763987038, "kt": 5.259318058071555, "train_sc_a": [0.4174539686590999], "train_sc_v": [0.6176055494731582], "val_sc_a": 0, "val_sc_v": 0, "total_sc_a": 0, "total_sc_v": 0}