{"c1": 0.019478992837892943, "c2": 0.11170062459135649, "ch1": -0.1313552360466439, "ch2": 0.08885021642290657, "di": 13.198511968191044, "dj": 8.996916073610725, "dk": 11.147239773076594, "vw_i": -0.5539401441135008, "vw_j": -0.5576001027685661, "kt": 0.6716729493951977, "train_sc_a": [1.7859523519020202], "train_sc_v": [2.907199039847732], "val_sc_a": 0, "val_sc_v": 0, "total_sc_a": 0, "total_sc_v": 0}