{"c1": 0.019702506152803605, "c2": 0.10738428360985222, "ch1": -0.07255678817239353, "ch2": 0.09082300251165398, "di": 12.807337133965163, "dj": 16.176456430681284, "dk": 16.577843042741215, "vw_i": 1.7247446525062649, "vw_j": 1.5399149755938082, "kt": 5.020231696526946, "train_sc_a": [1.5579630857456923], "train_sc_v": [1.4977970747176523], "val_sc_a": 0, "val_sc_v": 0, "total_sc_a": 0, "total_sc_v": 0}