{"c1": 0.01908653612614549, "c2": 0.11450093131214499, "ch1": -0.08674636845570198, "ch2": 0.09193020857816851, "di": 13.408938932922931, "dj": 13.006642114889253, "dk": 10.773042776439615, "vw_i": -1.3393727103584954, "vw_j": -1.0145144757634554, "kt": 0.7420752883624592, "train_sc_a": [0.8360267923862279], "train_sc_v": [0.35689642617125084], "val_sc_a": 0, "val_sc_v": 0, "total_sc_a": 0, "total_sc_v": 0}