{"c1": 0.018703665304980136, "c2": 0.11783558195651522, "ch1": -0.09403931547519735, "ch2": 0.09242458546061622, "di": 13.949470476651008, "dj": 17.698191976348802, "dk": 8.983438449498756, "vw_i": -1.7677519605237755, "vw_j": -1.9873012530970708, "kt": 0.8467199325146455, "train_sc_a": [1.0690761735349283], "train_sc_v": [0.855224182588571], "val_sc_a": 0, "val_sc_v": 0, "total_sc_a": 0, "total_sc_v": 0}