{"c1": 0.02064397736031733, "c2": 0.10258649968490977, "ch1": -0.11429656123021253, "ch2": 0.0907572987361113, "di": 12.069054821853623, "dj": 14.641900493369366, "dk": 5.314439210415946, "vw_i": -3.308476357476078, "vw_j": -1.8631162910927412, "kt": 0.9060457861778896, "train_sc_a": [0.4328988188646938], "train_sc_v": [0.48402454846755744], "val_sc_a": 0, "val_sc_v": 0, "total_sc_a": 0, "total_sc_v": 0}