{"c1": 0.01945146341906914, "c2": 0.1113994397804305, "ch1": -0.01053976859642613, "ch2": 0.09872489999317077, "di": 18.022155489109544, "dj": 15.152584219837593, "dk": 13.98833642591585, "vw_i": -0.9233038676893714, "vw_j": -0.6338828712945703, "kt": 1.7150988163898955, "train_sc_a": [0.7240116031385335], "train_sc_v": [0.2714043228805932], "val_sc_a": 0, "val_sc_v": 0, "total_sc_a": 0, "total_sc_v": 0}