{"c1": 0.019592665968710697, "c2": 0.11262823730329895, "ch1": -0.18325176166910284, "ch2": 0.08637032678400386, "di": 19.567692725209472, "dj": 16.78921685326939, "dk": 11.518236287135359, "vw_i": -2.8318226752472544, "vw_j": -1.4293803923505246, "kt": 1.0360447126160726, "train_sc_a": [1.5294477442058203], "train_sc_v": [1.4476005304298072], "val_sc_a": 0, "val_sc_v": 0, "total_sc_a": 0, "total_sc_v": 0}