{"c1": 0.019007229643531652, "c2": 0.10991586194489218, "ch1": -0.2815521212044007, "ch2": 0.07421370812027539, "di": 4.429957783369452, "dj": 0.0, "dk": 15.1293829527649, "vw_i": 1.3023645301905737, "vw_j": 0.3760393580172394, "kt": 5.0458486207600695, "train_sc_a": [NaN], "train_sc_v": [NaN], "val_sc_a": 0, "val_sc_v": 0, "total_sc_a": 0, "total_sc_v": 0}