{"c1": 0.020838571616265775, "c2": 0.10524309809540314, "ch1": -0.2741670441677115, "ch2": 0.08434845297677111, "di": 23.822928199243105, "dj": 23.742105928151773, "dk": 14.266024909778935, "vw_i": 4.404979677142283, "vw_j": -2.9740483226739634, "kt": 1.0383850296347887, "train_sc_a": [1.6505018244548073], "train_sc_v": [2.4807049621433976], "val_sc_a": 0, "val_sc_v": 0, "total_sc_a": 0, "total_sc_v": 0}