{"c1": 0.019180842858728366, "c2": 0.10832084112036995, "ch1": -0.0719396126179568, "ch2": 0.0884954456635184, "di": 3.877263231842011, "dj": 1.967776956750697, "dk": 11.598192946066616, "vw_i": 0.5784679159312432, "vw_j": 0.16958498313058845, "kt": 5.019153422437611, "train_sc_a": [3.6429556236965412], "train_sc_v": [3.5616566071085827], "val_sc_a": 0, "val_sc_v": 0, "total_sc_a": 0, "total_sc_v": 0}