{"c1": 0.020185973874999565, "c2": 0.10666742526211548, "ch1": -0.028750366431723136, "ch2": 0.09736117862687846, "di": 12.979151747780984, "dj": 16.151447555408584, "dk": 11.723361549070809, "vw_i": -1.2238942771758952, "vw_j": -0.5587350925698635, "kt": 0.606996352223344, "train_sc_a": [0.8624685002183382], "train_sc_v": [0.9445433801720508], "val_sc_a": 0, "val_sc_v": 0, "total_sc_a": 0, "total_sc_v": 0}