{"c1": 0.018690921099091228, "c2": 0.11213666062626478, "ch1": -0.0009045977193968765, "ch2": 0.0939479535790299, "di": 4.496825157301494, "dj": 3.982276218824074, "dk": 14.763512798980367, "vw_i": -0.9421103690433201, "vw_j": -0.35078866781271756, "kt": 5.026669500617225, "train_sc_a": [1.1942977363355591], "train_sc_v": [0.557015551962981], "val_sc_a": 0, "val_sc_v": 0, "total_sc_a": 0, "total_sc_v": 0}