{"c1": 0.01995295245507769, "c2": 0.10992823018487843, "ch1": -0.07454043362718436, "ch2": 0.09552075667979762, "di": 18.204007260816386, "dj": 25.957613187769674, "dk": 12.089649493640145, "vw_i": -0.2088540871474987, "vw_j": -0.356621673633462, "kt": 1.1898911014092441, "train_sc_a": [5.581368317924154], "train_sc_v": [5.487154628860633], "val_sc_a": 0, "val_sc_v": 0, "total_sc_a": 0, "total_sc_v": 0}