{"c1": 0.020342768423539225, "c2": 0.10189548877035957, "ch1": -0.0948810181663031, "ch2": 0.08907995174349388, "di": 13.117530260891838, "dj": 14.926280367208495, "dk": 13.56678024208601, "vw_i": 1.1431494405470213, "vw_j": 0.9316254256640504, "kt": 4.642270129661458, "train_sc_a": [1.591142197244954], "train_sc_v": [4.159991497441299], "val_sc_a": 0, "val_sc_v": 0, "total_sc_a": 0, "total_sc_v": 0}