{"c1": 0.01935588457491481, "c2": 0.11599846738555486, "ch1": -0.27194249408799254, "ch2": 0.08414133276052264, "di": 24.179841765212046, "dj": 23.72459439828865, "dk": 12.985249995284748, "vw_i": 5.581850955326052, "vw_j": -2.5312892528460003, "kt": 0.8287691742875207, "train_sc_a": [1.3770523186078591], "train_sc_v": [2.01770590349207], "val_sc_a": 0, "val_sc_v": 0, "total_sc_a": 0, "total_sc_v": 0}