{"c1": 0.019698238903140982, "c2": 0.10968459347945232, "ch1": -0.04338451073569874, "ch2": 0.09546593759239484, "di": 14.713375109421891, "dj": 13.971330807573882, "dk": 9.708199116077523, "vw_i": -1.931522204865217, "vw_j": -1.07153288393756, "kt": 0.838304816822965, "train_sc_a": [0.4992953703326704], "train_sc_v": [0.7556115520750579], "val_sc_a": 0, "val_sc_v": 0, "total_sc_a": 0, "total_sc_v": 0}