{"c1": 0.019639751372908718, "c2": 0.11002657185053595, "ch1": -0.007656108459227301, "ch2": 0.09892993121159141, "di": 18.08079271126378, "dj": 15.191291132542784, "dk": 14.067562498773873, "vw_i": -0.9939718225646379, "vw_j": -0.5547085659117992, "kt": 1.7225822764915422, "train_sc_a": [0.7199644460782807], "train_sc_v": [0.19300161729520288], "val_sc_a": 0, "val_sc_v": 0, "total_sc_a": 0, "total_sc_v": 0}