{"c1": 0.018899991218367485, "c2": 0.11431021958377946, "ch1": -0.07048964197116456, "ch2": 0.09363107505247752, "di": 18.798060824701842, "dj": 13.590205787758014, "dk": 10.741375815188034, "vw_i": -1.3875485593926462, "vw_j": -1.179095916744854, "kt": 2.0366332620871828, "train_sc_a": [0.48354178608833526], "train_sc_v": [0.6354218309724959], "val_sc_a": 0, "val_sc_v": 0, "total_sc_a": 0, "total_sc_v": 0}