{"c1": 0.01983691365500507, "c2": 0.1071280747580188, "ch1": -0.06052936516152994, "ch2": 0.09435893438144399, "di": 16.252276364273207, "dj": 16.597272030092842, "dk": 10.273034858833247, "vw_i": -1.5356946664982427, "vw_j": -0.8827197419530519, "kt": 2.282992042106949, "train_sc_a": 0.0, "train_sc_v": 0.0, "val_sc_a": [1.7968493768178702], "val_sc_v": [1.710364701427879], "total_sc_a": 0, "total_sc_v": 0}