{"c1": 0.018700187791234425, "c2": 0.11209750590894418, "ch1": -0.013225099093275072, "ch2": 0.09308265753651755, "di": 3.8544117376479567, "dj": 4.00127874998035, "dk": 14.8340429873597, "vw_i": -0.7789048518026078, "vw_j": -0.41032610346167814, "kt": 5.046270356335157, "train_sc_a": [0.5354794452552517], "train_sc_v": [0.16806989928981175], "val_sc_a": 0, "val_sc_v": 0, "total_sc_a": 0, "total_sc_v": 0}