{"c1": 0.020972701054857042, "c2": 0.10217367255498543, "ch1": -0.3912074854175037, "ch2": 0.07117072100482424, "di": 23.616744812887696, "dj": 0.0, "dk": 6.723211502730095, "vw_i": -0.7339803540677342, "vw_j": 0.1339235602230801, "kt": 2.140753448991175, "train_sc_a": [NaN], "train_sc_v": [NaN], "val_sc_a": 0, "val_sc_v": 0, "total_sc_a": 0, "total_sc_v": 0}