{"c1": 0.01970254020241647, "c2": 0.10738401562195857, "ch1": -0.07256042531813496, "ch2": 0.09082272469638641, "di": 12.807207402664192, "dj": 16.17624972637376, "dk": 16.577816775603907, "vw_i": 1.7247407282166884, "vw_j": 1.5399193902129111, "kt": 5.020230258127045, "train_sc_a": [1.557933394377398], "train_sc_v": [1.4978292806883675], "val_sc_a": 0, "val_sc_v": 0, "total_sc_a": 0, "total_sc_v": 0}