{"c1": 0.019767687384050738, "c2": 0.11232738947611474, "ch1": -0.3150627892081958, "ch2": 0.08035191806705785, "di": 22.458218321639794, "dj": 21.88873901862959, "dk": 10.351618502506414, "vw_i": 6.309847513335514, "vw_j": -0.9506978158715611, "kt": 0.36348516149281646, "train_sc_a": [1.0995854289127767], "train_sc_v": [1.004333520573279], "val_sc_a": 0, "val_sc_v": 0, "total_sc_a": 0, "total_sc_v": 0}