{"c1": 0.019643014908380663, "c2": 0.10802351427056966, "ch1": -0.03262174821069498, "ch2": 0.09643956253290645, "di": 13.45394976619799, "dj": 17.929907658870317, "dk": 9.105198774864103, "vw_i": 0.08090052864248731, "vw_j": -0.43568118614753654, "kt": 2.2967238048807017, "train_sc_a": [0.5208560441856428], "train_sc_v": [1.157447990068287], "val_sc_a": 0, "val_sc_v": 0, "total_sc_a": 0, "total_sc_v": 0}