{"c1": 0.019193870760255374, "c2": 0.11834888187068585, "ch1": -0.26425554018704916, "ch2": 0.08617174720646632, "di": 16.884009584426416, "dj": 32.140145809444284, "dk": 17.87505313565731, "vw_i": 3.1576851427246972, "vw_j": -4.02815614312961, "kt": 1.0742615333412404, "train_sc_a": [2.2159321976290176], "train_sc_v": [2.412129191585329], "val_sc_a": 0, "val_sc_v": 0, "total_sc_a": 0, "total_sc_v": 0}