{"c1": 0.020987445639819687, "c2": 0.1027323966360929, "ch1": -0.29065110629750335, "ch2": 0.08243695246050849, "di": 24.08450231542632, "dj": 21.273997537107455, "dk": 6.253703027115021, "vw_i": 5.294882161340086, "vw_j": -2.3431630823959186, "kt": 0.6678086740865359, "train_sc_a": [1.2255004416939064], "train_sc_v": [2.4068754139951536], "val_sc_a": 0, "val_sc_v": 0, "total_sc_a": 0, "total_sc_v": 0}