{"c1": 0.02091533253475641, "c2": 0.10210081152284825, "ch1": -0.24954884911909664, "ch2": 0.08471216714520613, "di": 25.0923351861561, "dj": 24.71882534508988, "dk": 0.3050329539409824, "vw_i": 4.23725525402942, "vw_j": -0.9524817735787108, "kt": 0.011309128534883313, "train_sc_a": [2.064933166860829], "train_sc_v": [2.0757768815796473], "val_sc_a": 0, "val_sc_v": 0, "total_sc_a": 0, "total_sc_v": 0}