{"c1": 0.020455606035335607, "c2": 0.10420347080826342, "ch1": -0.1347013216508403, "ch2": 0.0890551774698269, "di": 11.57543278704934, "dj": 12.873319692043102, "dk": 6.187782867164371, "vw_i": -3.2499292367515284, "vw_j": -1.7304960282861392, "kt": 0.8602599199049819, "train_sc_a": [1.6689701296029777], "train_sc_v": [1.3593677849307402], "val_sc_a": 0, "val_sc_v": 0, "total_sc_a": 0, "total_sc_v": 0}