{"c1": 0.01999381958663095, "c2": 0.11056428651957212, "ch1": -0.09939486200420858, "ch2": 0.09382715851967625, "di": 24.147802302098086, "dj": 21.11691224818834, "dk": 13.74321294562692, "vw_i": -1.404178075742188, "vw_j": -0.8006649672058161, "kt": 0.5697691558358763, "train_sc_a": [0.5951640433560705], "train_sc_v": [0.28340020244368863], "val_sc_a": 0, "val_sc_v": 0, "total_sc_a": 0, "total_sc_v": 0}