{"c1": 0.018675602304480336, "c2": 0.11803703091138942, "ch1": -0.0985611852526697, "ch2": 0.09209908522841129, "di": 13.706370893672313, "dj": 17.684263712911953, "dk": 8.987359886495526, "vw_i": -1.7362433510143518, "vw_j": -1.938302435769618, "kt": 0.8587138996737581, "train_sc_a": [1.0693879514634295], "train_sc_v": [0.8343114388034845], "val_sc_a": 0, "val_sc_v": 0, "total_sc_a": 0, "total_sc_v": 0}