{"c1": 0.019824139240144742, "c2": 0.11245339593517754, "ch1": -0.29275772478338363, "ch2": 0.08249037249415714, "di": 22.747800602158318, "dj": 22.665820812825576, "dk": 12.504182923918753, "vw_i": 5.291327408365777, "vw_j": -2.5196180858084425, "kt": 0.8503959212723354, "train_sc_a": [1.2306601551120369], "train_sc_v": [0.9137127064123701], "val_sc_a": 0, "val_sc_v": 0, "total_sc_a": 0, "total_sc_v": 0}