{"c1": 0.019044624992731116, "c2": 0.11751405686429267, "ch1": -0.058566282543821506, "ch2": 0.09666092651219181, "di": 25.19389492227098, "dj": 21.401541051174608, "dk": 13.467209691992041, "vw_i": -2.586944954666328, "vw_j": -1.2430978844898628, "kt": 0.6303026921134873, "train_sc_a": [0.8537473006400476], "train_sc_v": [2.200025924319857], "val_sc_a": 0, "val_sc_v": 0, "total_sc_a": 0, "total_sc_v": 0}