{"c1": 0.018689507073935876, "c2": 0.11217942498942038, "ch1": -0.012296242977796528, "ch2": 0.09312800666514942, "di": 4.27352597060755, "dj": 3.640913208997353, "dk": 14.854701273504661, "vw_i": -0.8263234910595672, "vw_j": -0.35414099928678666, "kt": 5.060210909658324, "train_sc_a": [0.5347954502318794], "train_sc_v": [0.2022804902554507], "val_sc_a": 0, "val_sc_v": 0, "total_sc_a": 0, "total_sc_v": 0}