{"c1": 0.019325521394891163, "c2": 0.11189575159444776, "ch1": -0.07179653168534343, "ch2": 0.093760139101985, "di": 14.550821069544687, "dj": 11.633711167812466, "dk": 10.256864082435426, "vw_i": -2.3581276951402566, "vw_j": -1.2957247631281135, "kt": 0.9099343384362555, "train_sc_a": [0.5271769826107329], "train_sc_v": [0.5568559460232896], "val_sc_a": 0, "val_sc_v": 0, "total_sc_a": 0, "total_sc_v": 0}