{"c1": 0.02010513074524421, "c2": 0.10648826048558496, "ch1": -0.05010360893659032, "ch2": 0.09487019350267367, "di": 15.012947354746437, "dj": 13.41490510310576, "dk": 9.366729868208603, "vw_i": -1.7661263783583823, "vw_j": -0.9342060047123634, "kt": 0.8322999033584806, "train_sc_a": [0.4898659083886455], "train_sc_v": [0.5703050922273833], "val_sc_a": 0, "val_sc_v": 0, "total_sc_a": 0, "total_sc_v": 0}