{"c1": 0.0203542243578051, "c2": 0.10762872530647818, "ch1": -0.11684695668742484, "ch2": 0.09205049195716108, "di": 24.49366394521152, "dj": 17.761957589771388, "dk": 11.828883519406666, "vw_i": -4.019464540176301, "vw_j": -1.21464876431916, "kt": 0.47246411491302126, "train_sc_a": [1.0405070937380494], "train_sc_v": [0.7147045610059537], "val_sc_a": 0, "val_sc_v": 0, "total_sc_a": 0, "total_sc_v": 0}