{"c1": 0.018687724382349342, "c2": 0.11219473858819468, "ch1": 0.0009355937533554389, "ch2": 0.09407917095924397, "di": 4.469323043001064, "dj": 4.073187573370452, "dk": 14.865082323792208, "vw_i": -0.9492342111480143, "vw_j": -0.35517392699557826, "kt": 5.062007935389496, "train_sc_a": [1.1932423350964285], "train_sc_v": [0.5508112456974446], "val_sc_a": 0, "val_sc_v": 0, "total_sc_a": 0, "total_sc_v": 0}