{"c1": 0.019953340686849758, "c2": 0.10765638721449862, "ch1": -0.09219403096696976, "ch2": 0.09152228676737745, "di": 15.956480212958857, "dj": 10.138125778321584, "dk": 9.420087966779432, "vw_i": -1.4550227276042158, "vw_j": -0.656123028977173, "kt": 0.7620333862882737, "train_sc_a": [1.6830633842818026], "train_sc_v": [1.7524552866295993], "val_sc_a": 0, "val_sc_v": 0, "total_sc_a": 0, "total_sc_v": 0}