{"c1": 0.019419183441124813, "c2": 0.10639343037965066, "ch1": -0.05665387032513911, "ch2": 0.08974371507905952, "di": 5.6633252101373195, "dj": 2.9734967513208352, "dk": 9.279521003493144, "vw_i": 1.1411389603157658, "vw_j": 0.3963924821793777, "kt": 4.990324107279289, "train_sc_a": [2.1860705310041895], "train_sc_v": [2.0152557759732552], "val_sc_a": 0, "val_sc_v": 0, "total_sc_a": 0, "total_sc_v": 0}