{"c1": 0.02031414732680001, "c2": 0.10468508787005565, "ch1": -0.11864458828024854, "ch2": 0.0903887673090074, "di": 20.896522146369698, "dj": 9.327958464969116, "dk": 0.0012003442401121254, "vw_i": 1.9307694544626042, "vw_j": -0.8990611379306114, "kt": 0.28500846841162025, "train_sc_a": [1.1728278831629746], "train_sc_v": [2.0826186452848616], "val_sc_a": 0, "val_sc_v": 0, "total_sc_a": 0, "total_sc_v": 0}