{"c1": 0.019030912198228327, "c2": 0.11413227319090263, "ch1": -0.08362202002938857, "ch2": 0.09258362648341344, "di": 14.820174564755098, "dj": 11.41658610640836, "dk": 11.018025884214651, "vw_i": -2.5301969733616265, "vw_j": -1.4355955603340504, "kt": 1.049876016537308, "train_sc_a": [0.4242578434206403], "train_sc_v": [0.12782923812662053], "val_sc_a": 0, "val_sc_v": 0, "total_sc_a": 0, "total_sc_v": 0}