{"c1": 0.01857368975996953, "c2": 0.10994998815059565, "ch1": 0.08462020686702124, "ch2": 0.09926935234683987, "di": 2.7577834804134236, "dj": 6.428580052393687, "dk": 8.075687351472439, "vw_i": 1.2555413474424384, "vw_j": 1.0220758925923203, "kt": 5.126807282882751, "train_sc_a": [1.0314650750956516], "train_sc_v": [0.8152056184291859], "val_sc_a": 0, "val_sc_v": 0, "total_sc_a": 0, "total_sc_v": 0}