{"c1": 0.018406446841791095, "c2": 0.12047932606723484, "ch1": 0.04959705093716976, "ch2": 0.104458318517639, "di": 20.799079469271376, "dj": 26.696517949443, "dk": 10.806584838527062, "vw_i": 1.3939715931393897, "vw_j": 1.3713003308730816, "kt": 1.234498302620017, "train_sc_a": [1.2204814381439315], "train_sc_v": [0.7408615396008938], "val_sc_a": 0, "val_sc_v": 0, "total_sc_a": 0, "total_sc_v": 0}