{"c1": 0.02052892170420501, "c2": 0.10342065535861669, "ch1": -0.3163403350184775, "ch2": 0.07597777240588122, "di": 15.093765561031839, "dj": 0.0, "dk": 10.651183738718274, "vw_i": 3.3769395831363225, "vw_j": 0.8038133517545981, "kt": 1.4202499572710374, "train_sc_a": [NaN], "train_sc_v": [NaN], "val_sc_a": 0, "val_sc_v": 0, "total_sc_a": 0, "total_sc_v": 0}