{"c1": 0.01953313844151557, "c2": 0.11081959964094418, "ch1": -0.18122782740143317, "ch2": 0.0853447662409055, "di": 17.777707623052095, "dj": 5.091782785190375, "dk": 13.775098863470337, "vw_i": -5.095799148747078, "vw_j": -2.394679187596329, "kt": 1.7065262176043317, "train_sc_a": [5.324495160344586], "train_sc_v": [12.819801356585812], "val_sc_a": 0, "val_sc_v": 0, "total_sc_a": 0, "total_sc_v": 0}