{"c1": 0.018680283171512026, "c2": 0.11800255206699445, "ch1": -0.08961613618607843, "ch2": 0.09273833758844947, "di": 13.720063129077714, "dj": 18.179518531592226, "dk": 8.984480816979556, "vw_i": -1.8748516489107567, "vw_j": -1.9925229082583766, "kt": 0.854861056663855, "train_sc_a": [1.0868567361583095], "train_sc_v": [0.9752829758709232], "val_sc_a": 0, "val_sc_v": 0, "total_sc_a": 0, "total_sc_v": 0}