{"c1": 0.02004367606571031, "c2": 0.10692232325861523, "ch1": -0.06837236592888103, "ch2": 0.09343289888733486, "di": 15.207581165204163, "dj": 12.31429914407693, "dk": 9.225891761452774, "vw_i": -1.5754892998769523, "vw_j": -0.7231455605052256, "kt": 0.7857102329257402, "train_sc_a": [1.3453462059452808], "train_sc_v": [1.069163661699464], "val_sc_a": 0, "val_sc_v": 0, "total_sc_a": 0, "total_sc_v": 0}