{"c1": 0.02038862688222025, "c2": 0.10729289635605531, "ch1": -0.13361812601819137, "ch2": 0.09061931660042401, "di": 24.555689962582957, "dj": 16.026995923170187, "dk": 10.96176005044163, "vw_i": -4.52639509056358, "vw_j": -1.4862122428922953, "kt": 0.5193812344110635, "train_sc_a": [1.6939179905616981], "train_sc_v": [1.380913661674956], "val_sc_a": 0, "val_sc_v": 0, "total_sc_a": 0, "total_sc_v": 0}