{"c1": 0.01977201643748377, "c2": 0.11127496456423858, "ch1": -0.18692180747478593, "ch2": 0.08616158110055001, "di": 19.568167249698128, "dj": 16.20925873812039, "dk": 11.414348984095918, "vw_i": -2.649912583164543, "vw_j": -1.3013437119118834, "kt": 1.0174453145301048, "train_sc_a": [1.586946921698672], "train_sc_v": [1.2981089755871709], "val_sc_a": 0, "val_sc_v": 0, "total_sc_a": 0, "total_sc_v": 0}