{"c1": 0.02035422314837779, "c2": 0.10762873358815986, "ch1": -0.11684675039080342, "ch2": 0.09205050825037678, "di": 24.49366951685802, "dj": 17.76195006198697, "dk": 11.82886216474583, "vw_i": -4.0194687188519165, "vw_j": -1.2146485678143544, "kt": 0.47246230278843854, "train_sc_a": [1.0405062442588284], "train_sc_v": [0.7147042939201527], "val_sc_a": 0, "val_sc_v": 0, "total_sc_a": 0, "total_sc_v": 0}