{"c1": 0.01998999191945758, "c2": 0.10947021932418222, "ch1": -0.05360875778641565, "ch2": 0.09705658830352305, "di": 18.748187153184094, "dj": 26.01579522301928, "dk": 11.874928338896028, "vw_i": 0.17701774491882166, "vw_j": -0.3962908505882028, "kt": 1.209834391332188, "train_sc_a": [0.6129205211882467], "train_sc_v": [0.36374583788352577], "val_sc_a": 0, "val_sc_v": 0, "total_sc_a": 0, "total_sc_v": 0}