{"c1": 0.019336342430424393, "c2": 0.11016489366189944, "ch1": -0.05341321276889376, "ch2": 0.09205499579219739, "di": 8.065001803410832, "dj": 22.302984266468563, "dk": 16.641174996996636, "vw_i": -1.3941198512509023, "vw_j": 0.1994326519299364, "kt": 5.006996641085248, "train_sc_a": [0.6291701298697964], "train_sc_v": [0.4580797627026876], "val_sc_a": 0, "val_sc_v": 0, "total_sc_a": 0, "total_sc_v": 0}