{"c1": 0.02104317518679422, "c2": 0.1015811969084012, "ch1": -0.1636939840339564, "ch2": 0.08840033937544449, "di": 19.570984075363, "dj": 18.357217109735892, "dk": 10.27359225267747, "vw_i": -1.9200106567461863, "vw_j": -0.7598910404045234, "kt": 0.881308231759405, "train_sc_a": [1.1715655762532342], "train_sc_v": [1.8411722256009766], "val_sc_a": 0, "val_sc_v": 0, "total_sc_a": 0, "total_sc_v": 0}