{"c1": 0.0185268771541268, "c2": 0.1190877591265081, "ch1": -0.06972607895466104, "ch2": 0.09412244314210133, "di": 12.566960860342755, "dj": 19.91668664693425, "dk": 8.966957335742332, "vw_i": -2.6669506817205244, "vw_j": -1.9884406459005262, "kt": 0.8866676557741513, "train_sc_a": [0.5061060118960342], "train_sc_v": [0.2815038307907684], "val_sc_a": 0, "val_sc_v": 0, "total_sc_a": 0, "total_sc_v": 0}