{"c1": 0.019946761360484948, "c2": 0.10150744573980819, "ch1": 0.0010198177827971584, "ch2": 0.09398723614432368, "di": 2.6550653790316474, "dj": 5.104008685042991, "dk": 13.592796880586796, "vw_i": 0.46708737405450795, "vw_j": 0.9131164502789046, "kt": 5.410577673136714, "train_sc_a": [1.8298128346236244], "train_sc_v": [5.929250475141572], "val_sc_a": 0, "val_sc_v": 0, "total_sc_a": 0, "total_sc_v": 0}