{"c1": 0.01891582070322803, "c2": 0.11424418897860189, "ch1": -0.06702112737059314, "ch2": 0.0938771187577302, "di": 18.253229908560893, "dj": 14.292213404391092, "dk": 10.954891129674953, "vw_i": -1.4051417974770932, "vw_j": -1.1489213406335388, "kt": 2.122858924726195, "train_sc_a": [1.6003316197311142], "train_sc_v": [0.606740176473963], "val_sc_a": 0, "val_sc_v": 0, "total_sc_a": 0, "total_sc_v": 0}