{"c1": 0.019434532200016983, "c2": 0.1050358917745961, "ch1": -0.19906280725257744, "ch2": 0.07814104143807019, "di": 2.842408725402793, "dj": 0.0, "dk": 8.640719125454934, "vw_i": 4.816842622143912, "vw_j": 2.2014584135566055, "kt": 5.261499707991856, "train_sc_a": [NaN], "train_sc_v": [NaN], "val_sc_a": 0, "val_sc_v": 0, "total_sc_a": 0, "total_sc_v": 0}