{"c1": 0.020698319757077345, "c2": 0.10211130367479576, "ch1": -0.11310903601836789, "ch2": 0.09086218566555372, "di": 12.226015974724223, "dj": 14.589588223388821, "dk": 5.038557542138, "vw_i": -3.2806902790711594, "vw_j": -1.890865015987584, "kt": 0.9273485673063483, "train_sc_a": [1.8607875197835848], "train_sc_v": [2.488739762393102], "val_sc_a": 0, "val_sc_v": 0, "total_sc_a": 0, "total_sc_v": 0}