{"c1": 0.01968070817909291, "c2": 0.11353071423527415, "ch1": -0.2959548487738438, "ch2": 0.08223709594178363, "di": 22.6567688599494, "dj": 22.314984741570377, "dk": 12.478266724906263, "vw_i": 5.203355492812345, "vw_j": -2.4917547386249495, "kt": 0.8351359276998496, "train_sc_a": [1.363781017726441], "train_sc_v": [1.548745630990989], "val_sc_a": 0, "val_sc_v": 0, "total_sc_a": 0, "total_sc_v": 0}