{"c1": 0.01977465841314445, "c2": 0.11282541250425226, "ch1": -0.2949772937205799, "ch2": 0.08231766424435882, "di": 22.818497910063716, "dj": 22.302040050259, "dk": 12.496521207449401, "vw_i": 5.244421775020421, "vw_j": -2.501198297813173, "kt": 0.8453509442659333, "train_sc_a": [1.2068829335981546], "train_sc_v": [0.8189134627867523], "val_sc_a": 0, "val_sc_v": 0, "total_sc_a": 0, "total_sc_v": 0}