{"c1": 0.020049043180281105, "c2": 0.11010656087009828, "ch1": -0.29390472426661446, "ch2": 0.08198603241579464, "di": 22.979715750971632, "dj": 21.79751159563214, "dk": 8.692596968412397, "vw_i": 5.495901780185459, "vw_j": -2.3036643341590843, "kt": 0.5085596499483974, "train_sc_a": [0.8227034904206697], "train_sc_v": [1.936010693805557], "val_sc_a": 0, "val_sc_v": 0, "total_sc_a": 0, "total_sc_v": 0}