{"c1": 0.019746528279837656, "c2": 0.1124813472713311, "ch1": -0.31229560764173836, "ch2": 0.08056430047166892, "di": 24.479453395065374, "dj": 20.05257408276158, "dk": 10.258136455593458, "vw_i": 6.234042860052859, "vw_j": -1.1305936016220872, "kt": 0.38558814423913945, "train_sc_a": [2.704658272406529], "train_sc_v": [3.117442971166504], "val_sc_a": 0, "val_sc_v": 0, "total_sc_a": 0, "total_sc_v": 0}