{"c1": 0.01902930339557747, "c2": 0.11414401826218049, "ch1": -0.0833076541222919, "ch2": 0.0926068771284134, "di": 14.819331508381186, "dj": 11.439024963806737, "dk": 11.017875593184424, "vw_i": -2.5321159252573007, "vw_j": -1.4383190114795028, "kt": 1.0491407904286147, "train_sc_a": [0.42395662670723466], "train_sc_v": [0.12775895605902168], "val_sc_a": 0, "val_sc_v": 0, "total_sc_a": 0, "total_sc_v": 0}