{"c1": 0.02054652691676076, "c2": 0.10341199104961551, "ch1": -0.139294698717457, "ch2": 0.088691393506534, "di": 12.782754777180735, "dj": 11.668210891616255, "dk": 5.639446250696753, "vw_i": -2.9263747174524757, "vw_j": -1.7985220716942063, "kt": 0.9288417173001291, "train_sc_a": [1.0636587314778143], "train_sc_v": [1.4065441184736602], "val_sc_a": 0, "val_sc_v": 0, "total_sc_a": 0, "total_sc_v": 0}