{"c1": 0.018915720515108102, "c2": 0.11424460690011032, "ch1": -0.06704308032483199, "ch2": 0.09387556149566727, "di": 18.256678257363575, "dj": 14.287770251382383, "dk": 10.953539746599485, "vw_i": -1.4050304461941787, "vw_j": -1.1491123218358203, "kt": 2.1223131844759404, "train_sc_a": [1.6004457851982024], "train_sc_v": [0.6066250280657246], "val_sc_a": 0, "val_sc_v": 0, "total_sc_a": 0, "total_sc_v": 0}