{"c1": 0.020167299464980505, "c2": 0.10922264380515992, "ch1": -0.07804671450496266, "ch2": 0.09545556481823433, "di": 24.153447711372834, "dj": 21.97945319880025, "dk": 13.687682678399945, "vw_i": -1.6939828570082698, "vw_j": -0.9639115619443149, "kt": 0.6394375835549604, "train_sc_a": [0.8036199710666009], "train_sc_v": [0.23691594983183648], "val_sc_a": 0, "val_sc_v": 0, "total_sc_a": 0, "total_sc_v": 0}