{"c1": 0.018919374617489486, "c2": 0.11496685156609428, "ch1": -0.049020792906949245, "ch2": 0.09524685595241138, "di": 14.070848590172133, "dj": 14.05754964745034, "dk": 8.236421890221937, "vw_i": -1.8273948513917737, "vw_j": -1.0838929297388535, "kt": 0.7271312539594014, "train_sc_a": [0.8418835060612119], "train_sc_v": [0.3246785986791055], "val_sc_a": 0, "val_sc_v": 0, "total_sc_a": 0, "total_sc_v": 0}