{"c1": 0.019030914378346208, "c2": 0.11413225732593862, "ch1": -0.08362219325910661, "ch2": 0.09258361360727166, "di": 14.820205335759079, "dj": 11.416544354937527, "dk": 11.018026483057977, "vw_i": -2.530203596435534, "vw_j": -1.4355853869687483, "kt": 1.04987702288481, "train_sc_a": [0.42425878268056655], "train_sc_v": [0.1278287104440157], "val_sc_a": 0, "val_sc_v": 0, "total_sc_a": 0, "total_sc_v": 0}