{"c1": 0.019215005548009735, "c2": 0.10804359617971454, "ch1": -0.05163670464369845, "ch2": 0.09010530091503018, "di": 4.605255779403787, "dj": 3.3098167427002627, "dk": 11.167565448256823, "vw_i": 0.6230895018836596, "vw_j": 0.18604349345177826, "kt": 5.012430196486496, "train_sc_a": [1.8488379722092767], "train_sc_v": [2.107541658341652], "val_sc_a": 0, "val_sc_v": 0, "total_sc_a": 0, "total_sc_v": 0}