{"c1": 0.020413654616763525, "c2": 0.1048116272801464, "ch1": -0.0825730511040866, "ch2": 0.09295604810107032, "di": 12.898146231139101, "dj": 12.920142762154851, "dk": 11.331687477530181, "vw_i": -0.6382902760125009, "vw_j": -0.4550872971482891, "kt": 0.586438941161935, "train_sc_a": [0.7815418703726195], "train_sc_v": [1.2853306997405463], "val_sc_a": 0, "val_sc_v": 0, "total_sc_a": 0, "total_sc_v": 0}