{"c1": 0.019679837299742958, "c2": 0.10950425137578948, "ch1": -0.09596239286447078, "ch2": 0.0917813392979515, "di": 13.970536276223008, "dj": 10.725745236586901, "dk": 11.199485448935354, "vw_i": -2.121848950195267, "vw_j": -1.3997993956247068, "kt": 0.9766573280885686, "train_sc_a": [1.008787802346326], "train_sc_v": [0.9915744976648324], "val_sc_a": 0, "val_sc_v": 0, "total_sc_a": 0, "total_sc_v": 0}