{"c1": 0.020832675556510274, "c2": 0.10274625437271041, "ch1": -0.2500866270900961, "ch2": 0.08452160838824939, "di": 24.99101500309595, "dj": 24.147846163352714, "dk": 0.0017709289928394478, "vw_i": 3.8541356833797074, "vw_j": -0.9896160355228174, "kt": 6.565737684213524e-05, "train_sc_a": [2.113350694638216], "train_sc_v": [2.0836739698647446], "val_sc_a": 0, "val_sc_v": 0, "total_sc_a": 0, "total_sc_v": 0}