{"c1": 0.01880616900230452, "c2": 0.11464644676407508, "ch1": -0.018777181054923653, "ch2": 0.0971559411159762, "di": 14.897721153788845, "dj": 19.53120797123751, "dk": 9.632750851289469, "vw_i": -3.0524232707240495, "vw_j": -1.469049574331525, "kt": 2.2514641267678126, "train_sc_a": [1.1991316159155703], "train_sc_v": [1.895029393960303], "val_sc_a": 0, "val_sc_v": 0, "total_sc_a": 0, "total_sc_v": 0}