{"c1": 0.018670921437444428, "c2": 0.11807150975581465, "ch1": -0.10750623432002121, "ch2": 0.0914598328683184, "di": 13.692678658231122, "dj": 17.18900889422349, "dk": 8.990238956012071, "vw_i": -1.597635053112223, "vw_j": -1.884081963273063, "kt": 0.8625667426854475, "train_sc_a": [1.0732805268925611], "train_sc_v": [0.8563615108601412], "val_sc_a": 0, "val_sc_v": 0, "total_sc_a": 0, "total_sc_v": 0}