{"c1": 0.02057268664785724, "c2": 0.10587290015840022, "ch1": -0.21344470731975018, "ch2": 0.08399877268852468, "di": 24.096707466892965, "dj": 12.049422568749266, "dk": 12.270248015158604, "vw_i": -5.633583659938397, "vw_j": -2.633091647527379, "kt": 0.6385746678032627, "train_sc_a": [2.679593167982946], "train_sc_v": [7.309531232184341], "val_sc_a": 0, "val_sc_v": 0, "total_sc_a": 0, "total_sc_v": 0}