{"c1": 0.018895148847430623, "c2": 0.11511728596530944, "ch1": -0.045760963060597994, "ch2": 0.09546841766790543, "di": 14.067237671392995, "dj": 14.189232812646695, "dk": 8.177644684616219, "vw_i": -1.8579073873979326, "vw_j": -1.1067613932693492, "kt": 0.7310194060484045, "train_sc_a": [0.844318956266893], "train_sc_v": [0.33565732953947314], "val_sc_a": 0, "val_sc_v": 0, "total_sc_a": 0, "total_sc_v": 0}