{"c1": 0.018699282855921432, "c2": 0.11210465642645868, "ch1": -0.014177599991945893, "ch2": 0.09301030100834737, "di": 3.867128168184976, "dj": 3.9355590035625636, "dk": 14.836874733058039, "vw_i": -0.7794794235427193, "vw_j": -0.40454936782924716, "kt": 5.049007391004117, "train_sc_a": [0.5399535252840797], "train_sc_v": [0.1592470970891222], "val_sc_a": 0, "val_sc_v": 0, "total_sc_a": 0, "total_sc_v": 0}