{"c1": 0.020314335919410068, "c2": 0.10468350575378223, "ch1": -0.11863693535697292, "ch2": 0.0903893852162651, "di": 20.896610695162522, "dj": 9.32886934161635, "dk": 0.0, "vw_i": 1.9308762186335193, "vw_j": -0.8993475614002521, "kt": 0.28505713573235214, "train_sc_a": [1.1730370503409002], "train_sc_v": [2.083221327580989], "val_sc_a": 0, "val_sc_v": 0, "total_sc_a": 0, "total_sc_v": 0}