{"c1": 0.02018141215928046, "c2": 0.10911456120230947, "ch1": -0.07797447795348844, "ch2": 0.09545854048707982, "di": 24.18003868073222, "dj": 21.929034135837572, "dk": 13.68889141721368, "vw_i": -1.6890242656616816, "vw_j": -0.9526120647763845, "kt": 0.6358859123506553, "train_sc_a": [0.8035591927137032], "train_sc_v": [0.23452302471232672], "val_sc_a": 0, "val_sc_v": 0, "total_sc_a": 0, "total_sc_v": 0}