{"c1": 0.019742902125866765, "c2": 0.1131503136907929, "ch1": -0.2672713729523879, "ch2": 0.08459592953760135, "di": 26.439848143115796, "dj": 22.292340674350815, "dk": 13.19856736522671, "vw_i": 4.4955566570924175, "vw_j": -3.5124735890467216, "kt": 0.8989867828374863, "train_sc_a": [1.2932043362998067], "train_sc_v": [1.5511013121175532], "val_sc_a": 0, "val_sc_v": 0, "total_sc_a": 0, "total_sc_v": 0}