{"c1": 0.018699285218701244, "c2": 0.11210463776481726, "ch1": -0.01417498325951652, "ch2": 0.09301049931465541, "di": 3.8670963984103466, "dj": 3.9357362054938534, "dk": 14.836867377306776, "vw_i": -0.7794787306817513, "vw_j": -0.4045644989770396, "kt": 5.049000214069728, "train_sc_a": [0.5399400250135854], "train_sc_v": [0.15924650283907532], "val_sc_a": 0, "val_sc_v": 0, "total_sc_a": 0, "total_sc_v": 0}