{"c1": 0.020297042053359273, "c2": 0.10785253166721916, "ch1": -0.14385122536931802, "ch2": 0.09019625242557483, "di": 19.499020251768375, "dj": 21.069373053412985, "dk": 12.32104850900509, "vw_i": -2.2206139748083094, "vw_j": -1.1384830747186856, "kt": 0.8883518683839504, "train_sc_a": [0.8621392893725947], "train_sc_v": [0.7394186491256166], "val_sc_a": 0, "val_sc_v": 0, "total_sc_a": 0, "total_sc_v": 0}