{"c1": 0.02004367606571031, "c2": 0.10692232325861523, "ch1": -0.06837236592888093, "ch2": 0.09343289888733486, "di": 15.207581165204159, "dj": 12.31429914407694, "dk": 9.225891761452774, "vw_i": -1.575489299876953, "vw_j": -0.7231455605052259, "kt": 0.7857102329257402, "train_sc_a": [1.34534620594528], "train_sc_v": [1.0691636616994638], "val_sc_a": 0, "val_sc_v": 0, "total_sc_a": 0, "total_sc_v": 0}