{"c1": 0.020083401758081283, "c2": 0.10984154680997248, "ch1": -0.2982648626059939, "ch2": 0.08163544532150196, "di": 24.098252699190986, "dj": 20.094365678130565, "dk": 8.664034560372148, "vw_i": 5.486320288345517, "vw_j": -2.320164993133801, "kt": 0.5035214462870389, "train_sc_a": [1.928448198950222], "train_sc_v": [1.9162941361148487], "val_sc_a": 0, "val_sc_v": 0, "total_sc_a": 0, "total_sc_v": 0}