{"c1": 0.02003124882437633, "c2": 0.11027607855662983, "ch1": -0.2642346253934081, "ch2": 0.08430866138945571, "di": 23.212915138948272, "dj": 27.01548930933767, "dk": 9.831066312795901, "vw_i": 7.610112496295242, "vw_j": -1.1814275971912962, "kt": 0.35836692446159085, "train_sc_a": [2.6243713462978886], "train_sc_v": [1.7306896145703539], "val_sc_a": 0, "val_sc_v": 0, "total_sc_a": 0, "total_sc_v": 0}