{"c1": 0.020025159469311687, "c2": 0.11030078705164786, "ch1": -0.29532870121983534, "ch2": 0.08188491762856054, "di": 24.478613493009675, "dj": 20.532401811034457, "dk": 8.972512683448844, "vw_i": 5.73619207481043, "vw_j": -2.134334374657579, "kt": 0.4781667199291911, "train_sc_a": [1.9807185806609917], "train_sc_v": [2.011065826967138], "val_sc_a": 0, "val_sc_v": 0, "total_sc_a": 0, "total_sc_v": 0}