{"c1": 0.019087480373063785, "c2": 0.1145174428217508, "ch1": -0.09467177751614166, "ch2": 0.09141394131711564, "di": 13.309918882900766, "dj": 12.247623640389623, "dk": 10.832857738498806, "vw_i": -1.1045985238682117, "vw_j": -1.0300729491103258, "kt": 0.6983288161346066, "train_sc_a": [1.0643749887814782], "train_sc_v": [1.1577206868941756], "val_sc_a": 0, "val_sc_v": 0, "total_sc_a": 0, "total_sc_v": 0}