{"c1": 0.01931002776696941, "c2": 0.1163276141389103, "ch1": -0.30712665832833497, "ch2": 0.08161864313419286, "di": 21.83029174254926, "dj": 21.914052411757385, "dk": 12.893944126679111, "vw_i": 4.867938204845207, "vw_j": -2.315452880029353, "kt": 0.8352717878290936, "train_sc_a": [0.44029854919658623], "train_sc_v": [0.38542881990734107], "val_sc_a": 0, "val_sc_v": 0, "total_sc_a": 0, "total_sc_v": 0}