{"c1": 0.02090023053965214, "c2": 0.1028039300840413, "ch1": -0.31585443002163854, "ch2": 0.07700077955260046, "di": 23.763420789298966, "dj": 10.541340736748616, "dk": 6.838222104870327, "vw_i": -0.8691060736744455, "vw_j": -1.2482394898117706, "kt": 1.2673554754447784, "train_sc_a": [4.293701369254208], "train_sc_v": [6.816285321164928], "val_sc_a": 0, "val_sc_v": 0, "total_sc_a": 0, "total_sc_v": 0}