{"c1": 0.017537813978150574, "c2": 0.12193818374054395, "ch1": -0.0062170736740194965, "ch2": 0.09510933991067216, "di": 6.334850719443401, "dj": 23.63493397553166, "dk": 13.046442472726167, "vw_i": -3.591472179694944, "vw_j": -0.45084565365009555, "kt": 5.067606681853339, "train_sc_a": [1.3648240911234135], "train_sc_v": [3.6846112490477583], "val_sc_a": 0, "val_sc_v": 0, "total_sc_a": 0, "total_sc_v": 0}