{"c1": 0.02083760540414038, "c2": 0.10525112578544182, "ch1": -0.2738935873094866, "ch2": 0.08437132571901043, "di": 23.84280818928032, "dj": 23.751927513301304, "dk": 14.269622470838113, "vw_i": 4.406493681020382, "vw_j": -2.979111922899522, "kt": 1.0384059223853015, "train_sc_a": [1.647423562147734], "train_sc_v": [2.477771426936386], "val_sc_a": 0, "val_sc_v": 0, "total_sc_a": 0, "total_sc_v": 0}