{"c1": 0.019262349478989277, "c2": 0.11069201365225301, "ch1": -0.054446494396672755, "ch2": 0.09199223792083847, "di": 8.58707134972127, "dj": 21.860833233904234, "dk": 16.629147650882295, "vw_i": -1.2096168919314758, "vw_j": 0.43126115107405244, "kt": 5.026158224000985, "train_sc_a": [0.6211601771052069], "train_sc_v": [0.4068845697672412], "val_sc_a": 0, "val_sc_v": 0, "total_sc_a": 0, "total_sc_v": 0}