{"c1": 0.01950826598170922, "c2": 0.11505655572674998, "ch1": -0.27426685601015094, "ch2": 0.08419412879345006, "di": 23.934738895023557, "dj": 23.728420229168684, "dk": 14.165147011737425, "vw_i": 4.18688570557085, "vw_j": -3.3735589423362145, "kt": 0.9310171188171399, "train_sc_a": [0.9492764818295485], "train_sc_v": [0.9594336563085815], "val_sc_a": 0, "val_sc_v": 0, "total_sc_a": 0, "total_sc_v": 0}