{"c1": 0.0210416983381226, "c2": 0.10159387644828738, "ch1": -0.16330391113210024, "ch2": 0.0884337957381102, "di": 19.570708255089215, "dj": 18.390669892806223, "dk": 10.279530791866023, "vw_i": -1.9252736768125043, "vw_j": -0.7635448247801204, "kt": 0.8813333626058297, "train_sc_a": [1.1659852187819066], "train_sc_v": [1.823821203523944], "val_sc_a": 0, "val_sc_v": 0, "total_sc_a": 0, "total_sc_v": 0}