{"c1": 0.01957674732356876, "c2": 0.10168374346230638, "ch1": -0.017149093733657087, "ch2": 0.0919392061739984, "di": 0.6597690037783448, "dj": 0.0, "dk": 4.055850342137704, "vw_i": 2.4499077098254616, "vw_j": 1.3487253397968282, "kt": 5.177179940640865, "train_sc_a": [2.7986423990531857], "train_sc_v": [6.879071961936188], "val_sc_a": 0, "val_sc_v": 0, "total_sc_a": 0, "total_sc_v": 0}