{"c1": 0.019378967951866825, "c2": 0.1098423412037753, "ch1": -0.053420912136411154, "ch2": 0.09206192137331609, "di": 7.973202984102712, "dj": 22.281911734770617, "dk": 16.626144998818194, "vw_i": -1.3453925037220076, "vw_j": 0.17418239883993564, "kt": 5.000727149176555, "train_sc_a": [0.631405162227244], "train_sc_v": [0.4572671795012742], "val_sc_a": 0, "val_sc_v": 0, "total_sc_a": 0, "total_sc_v": 0}