{"c1": 0.019941276868231626, "c2": 0.10843125847938831, "ch1": -0.1297214152766198, "ch2": 0.08967767562493124, "di": 13.335219101530626, "dj": 11.6264690510087, "dk": 7.953094795301273, "vw_i": -2.978547288302553, "vw_j": -1.8307536382628988, "kt": 0.9385275854449476, "train_sc_a": [1.213278506785171], "train_sc_v": [1.876134019438156], "val_sc_a": 0, "val_sc_v": 0, "total_sc_a": 0, "total_sc_v": 0}