{"c1": 0.01931002760757784, "c2": 0.11632761528259994, "ch1": -0.30712666920394005, "ch2": 0.08161864235700146, "di": 21.830291468356844, "dj": 21.914051130003678, "dk": 12.893943772663588, "vw_i": 4.867937983984537, "vw_j": -2.315452794591855, "kt": 0.8352717928522432, "train_sc_a": [0.4402984117105526], "train_sc_v": [0.3854285890561635], "val_sc_a": 0, "val_sc_v": 0, "total_sc_a": 0, "total_sc_v": 0}