{"c1": 0.018347063324429157, "c2": 0.12083615508420709, "ch1": 0.0526884341875865, "ch2": 0.10461959748908614, "di": 20.79450332229114, "dj": 26.439128625219567, "dk": 10.61763468561715, "vw_i": 1.3313998325353054, "vw_j": 0.7174342339637528, "kt": 1.1929084465017261, "train_sc_a": [1.1585816566876503], "train_sc_v": [1.0764754053286079], "val_sc_a": 0, "val_sc_v": 0, "total_sc_a": 0, "total_sc_v": 0}