{"c1": 0.01902316557750116, "c2": 0.1141887954525318, "ch1": -0.08342344781380465, "ch2": 0.09259857358327078, "di": 14.818278964065474, "dj": 11.430147060007693, "dk": 11.017030858651005, "vw_i": -2.527742042215107, "vw_j": -1.443516764039794, "kt": 1.0461527924575507, "train_sc_a": [1.132320289343428], "train_sc_v": [1.6916464983865946], "val_sc_a": 0, "val_sc_v": 0, "total_sc_a": 0, "total_sc_v": 0}