{"c1": 0.019339000390466623, "c2": 0.11611954066222685, "ch1": -0.29824440269680924, "ch2": 0.08225585677845641, "di": 22.226192337770687, "dj": 22.720885924450457, "dk": 12.955351054044737, "vw_i": 5.034976052422998, "vw_j": -2.384677186859561, "kt": 0.833316876735606, "train_sc_a": [0.6184069673178586], "train_sc_v": [0.8241609245923178], "val_sc_a": 0, "val_sc_v": 0, "total_sc_a": 0, "total_sc_v": 0}