{"c1": 0.022127858458564697, "c2": 0.09263257055396039, "ch1": -0.24165998425945837, "ch2": 0.0875075443501491, "di": 26.57863859540488, "dj": 33.09473110043355, "dk": 4.753696270197541, "vw_i": 9.857378578012316, "vw_j": -0.407745488462705, "kt": 0.1762437842891587, "train_sc_a": [5.308884427175004], "train_sc_v": [5.970256209172387], "val_sc_a": 0, "val_sc_v": 0, "total_sc_a": 0, "total_sc_v": 0}