{"c1": 0.019275140994112795, "c2": 0.11227040229267174, "ch1": -0.0191627699050117, "ch2": 0.09762067345731004, "di": 14.643592533668079, "dj": 17.50246063083147, "dk": 10.272346170099462, "vw_i": -2.67291534939883, "vw_j": -1.4669642269103425, "kt": 0.9127775180488582, "train_sc_a": [1.033534283853503], "train_sc_v": [1.9918727901882007], "val_sc_a": 0, "val_sc_v": 0, "total_sc_a": 0, "total_sc_v": 0}