{"c1": 0.01964996592859437, "c2": 0.10997571267466531, "ch1": -0.008840058260777666, "ch2": 0.09881803752777024, "di": 18.063030058970593, "dj": 15.078178963710934, "dk": 14.146064777906172, "vw_i": -0.9870958092467326, "vw_j": -0.4738960013047454, "kt": 1.694490807143278, "train_sc_a": [0.720603289772662], "train_sc_v": [0.18128924911480923], "val_sc_a": 0, "val_sc_v": 0, "total_sc_a": 0, "total_sc_v": 0}