{"c1": 0.019961713797729288, "c2": 0.10835042479712415, "ch1": -0.13878323798450573, "ch2": 0.08829186077893018, "di": 12.190089921205761, "dj": 12.26319832003563, "dk": 10.952089999364878, "vw_i": -2.4413339655995037, "vw_j": -1.3458136483250227, "kt": 0.7112430279885746, "train_sc_a": [1.8783887615184187], "train_sc_v": [1.9871369371393905], "val_sc_a": 0, "val_sc_v": 0, "total_sc_a": 0, "total_sc_v": 0}