{"c1": 0.019619700426768808, "c2": 0.10978642441856677, "ch1": -0.0468887190057876, "ch2": 0.09543921514322963, "di": 14.011236767329368, "dj": 14.231465815675989, "dk": 8.439151905591864, "vw_i": -1.8663473585626753, "vw_j": -1.1404254710012494, "kt": 0.792938112635507, "train_sc_a": [0.8820409041417209], "train_sc_v": [0.7408235555079589], "val_sc_a": 0, "val_sc_v": 0, "total_sc_a": 0, "total_sc_v": 0}