{"c1": 0.01970484047511917, "c2": 0.112806812849962, "ch1": -0.31406678097872204, "ch2": 0.0804277477420121, "di": 22.310457948942656, "dj": 22.157561394685825, "dk": 10.43546001136689, "vw_i": 6.31740682289438, "vw_j": -0.9634120021286088, "kt": 0.36898096657963064, "train_sc_a": [2.079432831872878], "train_sc_v": [2.176717141772422], "val_sc_a": 0, "val_sc_v": 0, "total_sc_a": 0, "total_sc_v": 0}