{"c1": 0.01885804701688881, "c2": 0.11428012543771648, "ch1": -0.11178585742125616, "ch2": 0.09054301802966654, "di": 14.86517970206106, "dj": 11.151845041140831, "dk": 9.735137656500342, "vw_i": -2.328388410400712, "vw_j": -1.0807734027631477, "kt": 2.25782502780346, "train_sc_a": [1.572949905094502], "train_sc_v": [1.107895497579234], "val_sc_a": 0, "val_sc_v": 0, "total_sc_a": 0, "total_sc_v": 0}