{"c1": 0.020833220443596936, "c2": 0.10274199951750602, "ch1": -0.25008308197777634, "ch2": 0.08452286457989974, "di": 24.99168292080283, "dj": 24.15161014298861, "dk": 0.0037700773379214206, "vw_i": 3.856661264536015, "vw_j": -0.989371240948475, "kt": 0.0001397760099364651, "train_sc_a": [2.112964241532306], "train_sc_v": [2.0834530189690423], "val_sc_a": 0, "val_sc_v": 0, "total_sc_a": 0, "total_sc_v": 0}