{"c1": 0.020113430407628245, "c2": 0.10964233222579785, "ch1": -0.08549119222305708, "ch2": 0.09488812821495196, "di": 24.119002338436246, "dj": 21.761178776182238, "dk": 13.709646129841992, "vw_i": -1.5876480757387432, "vw_j": -0.9181726018619941, "kt": 0.6132903174463594, "train_sc_a": [0.5166093500355864], "train_sc_v": [0.23225503765291422], "val_sc_a": 0, "val_sc_v": 0, "total_sc_a": 0, "total_sc_v": 0}