{"c1": 0.019322602871623688, "c2": 0.11623732941763538, "ch1": -0.30501198774434973, "ch2": 0.08177017219798605, "di": 22.085060621670102, "dj": 21.954178130073327, "dk": 12.921235017864118, "vw_i": 4.908450633728728, "vw_j": -2.3300826487109942, "kt": 0.8346198287579363, "train_sc_a": [0.45765231903873127], "train_sc_v": [0.4770124425394373], "val_sc_a": 0, "val_sc_v": 0, "total_sc_a": 0, "total_sc_v": 0}