{"c1": 0.01935697245533628, "c2": 0.11201531354063404, "ch1": -0.0815125980130939, "ch2": 0.09292710427347008, "di": 13.708703964488949, "dj": 11.907861090154471, "dk": 11.58704157162441, "vw_i": -2.2705747098316125, "vw_j": -1.489022488763141, "kt": 0.9372206611155219, "train_sc_a": [0.941569274793366], "train_sc_v": [0.2103668418293555], "val_sc_a": 0, "val_sc_v": 0, "total_sc_a": 0, "total_sc_v": 0}