{"c1": 0.019473359586348923, "c2": 0.1112344683423687, "ch1": -0.3052217473902842, "ch2": 0.07799600070253006, "di": 17.65629982632568, "dj": 0.0, "dk": 13.840815468309078, "vw_i": 2.748033817928546, "vw_j": 1.0499231833914595, "kt": 1.8049403696437438, "train_sc_a": [NaN], "train_sc_v": [NaN], "val_sc_a": 0, "val_sc_v": 0, "total_sc_a": 0, "total_sc_v": 0}