{"c1": 0.02012492686039688, "c2": 0.10950964799658554, "ch1": -0.29708724462802827, "ch2": 0.0817350921775102, "di": 21.433551650960965, "dj": 22.93396460534905, "dk": 8.48251799061258, "vw_i": 5.4056734884276505, "vw_j": -2.2854166976625163, "kt": 0.5147756805718909, "train_sc_a": [0.8493284078286143], "train_sc_v": [2.0618605378952917], "val_sc_a": 0, "val_sc_v": 0, "total_sc_a": 0, "total_sc_v": 0}