{"c1": 0.01944250304069292, "c2": 0.10619133382288543, "ch1": -0.05643316942201988, "ch2": 0.08974067375054129, "di": 5.757702060337479, "dj": 2.841845397192415, "dk": 8.912020693771417, "vw_i": 1.194066277892004, "vw_j": 0.4155220562034385, "kt": 4.985005392795226, "train_sc_a": [2.2387200318852694], "train_sc_v": [2.0121503606390996], "val_sc_a": 0, "val_sc_v": 0, "total_sc_a": 0, "total_sc_v": 0}