{"c1": 0.020836892732572224, "c2": 0.10525704695564671, "ch1": -0.2736918873692247, "ch2": 0.08438819649991988, "di": 23.857471536284823, "dj": 23.75917184848016, "dk": 14.27227600769009, "vw_i": 4.407610400102695, "vw_j": -2.982846800384897, "kt": 1.0384213327376244, "train_sc_a": [1.6451868224549848], "train_sc_v": [2.475684694452343], "val_sc_a": 0, "val_sc_v": 0, "total_sc_a": 0, "total_sc_v": 0}