{"c1": 0.018717640485198413, "c2": 0.11513796563989152, "ch1": -0.028284375521428574, "ch2": 0.09677664067169606, "di": 14.308102909132112, "dj": 17.14073637892631, "dk": 9.657457316122205, "vw_i": 0.18109151935320048, "vw_j": -0.143310848955815, "kt": 2.2877740385881378, "train_sc_a": [0.37812149447267285], "train_sc_v": [0.4227239486629072], "val_sc_a": 0, "val_sc_v": 0, "total_sc_a": 0, "total_sc_v": 0}