{"c1": 0.020139003816605695, "c2": 0.10937441906431107, "ch1": -0.35709113269605786, "ch2": 0.07684306888645683, "di": 18.988460667431145, "dj": 16.404512552279442, "dk": 8.017666461362792, "vw_i": 4.030326858018208, "vw_j": -2.2884812787256608, "kt": 0.5817471643750008, "train_sc_a": [4.031543895775965], "train_sc_v": [8.860116016156132], "val_sc_a": 0, "val_sc_v": 0, "total_sc_a": 0, "total_sc_v": 0}