{"c1": 0.01884969168655075, "c2": 0.11434131537962773, "ch1": -0.1102972480022203, "ch2": 0.09066393581684434, "di": 14.891486097817532, "dj": 11.327426558136287, "dk": 9.749026374152011, "vw_i": -2.285603651417188, "vw_j": -1.0695037255522153, "kt": 2.263785271680298, "train_sc_a": [1.6104255038182207], "train_sc_v": [1.114936349667352], "val_sc_a": 0, "val_sc_v": 0, "total_sc_a": 0, "total_sc_v": 0}