{"c1": 0.01826242556477199, "c2": 0.11635060161368088, "ch1": 0.09352660836175716, "ch2": 0.10225058351858973, "di": 6.34326757016214, "dj": 26.38951420433811, "dk": 12.231622499893698, "vw_i": -3.727126182986008, "vw_j": -0.6200056559680382, "kt": 5.0533759598436525, "train_sc_a": [1.8996421189084642], "train_sc_v": [1.6590050465802078], "val_sc_a": 0, "val_sc_v": 0, "total_sc_a": 0, "total_sc_v": 0}