{"c1": 0.018339250523495883, "c2": 0.11351297329543208, "ch1": -0.018634078093646738, "ch2": 0.09206119025384397, "di": 4.253656332684316, "dj": 4.681029595571225, "dk": 12.811325774552396, "vw_i": -1.2342407494386276, "vw_j": 0.008241880383157124, "kt": 5.281818246052746, "train_sc_a": [0.5348675201351679], "train_sc_v": [0.5204215784105869], "val_sc_a": 0, "val_sc_v": 0, "total_sc_a": 0, "total_sc_v": 0}