{"c1": 0.01994663673665076, "c2": 0.10150853003161392, "ch1": 0.0010838045902081504, "ch2": 0.09399269744585688, "di": 2.655122994837822, "dj": 5.104569485314796, "dk": 13.593808550508085, "vw_i": 0.4677663817952687, "vw_j": 0.9135228747756938, "kt": 5.410573786144937, "train_sc_a": [0.6101886305821811], "train_sc_v": [0.35315418716351377], "val_sc_a": 0, "val_sc_v": 0, "total_sc_a": 0, "total_sc_v": 0}