{"c1": 0.02003124882427549, "c2": 0.11027607855732219, "ch1": -0.26423462538800524, "ch2": 0.08430866138981187, "di": 23.212915139263714, "dj": 27.015489309598124, "dk": 9.83106631244724, "vw_i": 7.610112496088959, "vw_j": -1.18142759712352, "kt": 0.3583669244223932, "train_sc_a": [2.6243713463656286], "train_sc_v": [1.7306896145669959], "val_sc_a": 0, "val_sc_v": 0, "total_sc_a": 0, "total_sc_v": 0}