{"c1": 0.019262457157252295, "c2": 0.11069122911742652, "ch1": -0.054445547437639234, "ch2": 0.09199230226221541, "di": 8.586504541755943, "dj": 21.86122203166885, "dk": 16.62914487841966, "vw_i": -1.209742258708085, "vw_j": 0.4310237805030248, "kt": 5.026134742524199, "train_sc_a": [0.6211717565062989], "train_sc_v": [0.40689631950103783], "val_sc_a": 0, "val_sc_v": 0, "total_sc_a": 0, "total_sc_v": 0}