{"c1": 0.019832019821207098, "c2": 0.11239409957914342, "ch1": -0.2931841856420342, "ch2": 0.08245842342528824, "di": 22.194307062630237, "dj": 23.166001961151533, "dk": 12.504410680899127, "vw_i": 5.286863710432933, "vw_j": -2.512063375053615, "kt": 0.8511695246458242, "train_sc_a": [1.3703446024605355], "train_sc_v": [1.5796629482227027], "val_sc_a": 0, "val_sc_v": 0, "total_sc_a": 0, "total_sc_v": 0}