{"c1": 0.01977292237550958, "c2": 0.11291851012034398, "ch1": -0.29525135719021867, "ch2": 0.08244059801544729, "di": 22.850724413692344, "dj": 22.43120148771076, "dk": 13.122362266436271, "vw_i": 4.196029942908888, "vw_j": -3.100076663502866, "kt": 0.90344760352923, "train_sc_a": [1.6159674356524232], "train_sc_v": [1.9128100907714602], "val_sc_a": 0, "val_sc_v": 0, "total_sc_a": 0, "total_sc_v": 0}