{"c1": 0.01973447206649079, "c2": 0.11322269210195379, "ch1": -0.29347911643875724, "ch2": 0.08256764641603971, "di": 22.878669127437036, "dj": 22.580260163546853, "dk": 13.3060850889505, "vw_i": 4.30136942489089, "vw_j": -3.095440214057496, "kt": 0.9423643742966439, "train_sc_a": [1.4875031059224677], "train_sc_v": [0.6382556789463091], "val_sc_a": 0, "val_sc_v": 0, "total_sc_a": 0, "total_sc_v": 0}