{"c1": 0.018579350172379435, "c2": 0.1120076427553979, "ch1": 0.03427378603600186, "ch2": 0.09582193097417617, "di": 4.366917986749752, "dj": 6.630731736796356, "dk": 13.255504765098925, "vw_i": 0.03224108688062903, "vw_j": 0.39483992709062987, "kt": 5.3602343293834736, "train_sc_a": [0.4109605853614814], "train_sc_v": [0.24050813636254884], "val_sc_a": 0, "val_sc_v": 0, "total_sc_a": 0, "total_sc_v": 0}