{"c1": 0.020317209148877784, "c2": 0.10046298457682089, "ch1": -0.13965530991086947, "ch2": 0.08490932917384687, "di": 16.964171383016083, "dj": 12.401813084914002, "dk": 4.48463803138038, "vw_i": 0.19855873933277826, "vw_j": 0.026788772050712187, "kt": 3.686989110988804, "train_sc_a": [2.514798884321125], "train_sc_v": [2.2765231353470083], "val_sc_a": 0, "val_sc_v": 0, "total_sc_a": 0, "total_sc_v": 0}