{"c1": 0.02091595282284848, "c2": 0.10209712686495764, "ch1": -0.2495567647863951, "ch2": 0.08471364890258129, "di": 25.09349946549814, "dj": 24.729522048243112, "dk": 0.32319056240947414, "vw_i": 4.2442764975287615, "vw_j": -0.9513174177944423, "kt": 0.012122883530353316, "train_sc_a": [2.0638051168852094], "train_sc_v": [2.073129782952695], "val_sc_a": 0, "val_sc_v": 0, "total_sc_a": 0, "total_sc_v": 0}