{"c1": 0.020754750027716016, "c2": 0.10411961974252062, "ch1": -0.14492837274901388, "ch2": 0.08977927052629307, "di": 24.158028034578894, "dj": 15.053619987980177, "dk": 8.119386220607213, "vw_i": -4.196784501992037, "vw_j": -1.9866617240425044, "kt": 0.6066726083923655, "train_sc_a": [1.5093754062896136], "train_sc_v": [1.1962013732498349], "val_sc_a": 0, "val_sc_v": 0, "total_sc_a": 0, "total_sc_v": 0}