{"c1": 0.018857166174039108, "c2": 0.11428660177176023, "ch1": -0.11171666376153955, "ch2": 0.0905495365354598, "di": 14.867976446595346, "dj": 11.163761338542626, "dk": 9.736724468379817, "vw_i": -2.325289559966274, "vw_j": -1.0803825034045536, "kt": 2.25849411282058, "train_sc_a": [1.5752890970555509], "train_sc_v": [1.1079021302575933], "val_sc_a": 0, "val_sc_v": 0, "total_sc_a": 0, "total_sc_v": 0}