{"c1": 0.018592859414711622, "c2": 0.1150967524789993, "ch1": -0.07416628121548408, "ch2": 0.09333054021311553, "di": 17.9289180116111, "dj": 12.601526825645164, "dk": 7.172112080065336, "vw_i": 0.5685312575319772, "vw_j": 0.8999515375171141, "kt": 2.3457880132592104, "train_sc_a": [0.3249322052005399], "train_sc_v": [0.4443200801548525], "val_sc_a": 0, "val_sc_v": 0, "total_sc_a": 0, "total_sc_v": 0}