{"c1": 0.02035657543017869, "c2": 0.10171150099206538, "ch1": 0.18520276229913268, "ch2": 0.11290208958718179, "di": 32.300569887205334, "dj": 35.55903607714929, "dk": 12.271240767854563, "vw_i": -4.640104909722863, "vw_j": 0.8458924270350489, "kt": 4.614978774851125, "train_sc_a": [3.459024645005004], "train_sc_v": [4.404320988334238], "val_sc_a": 0, "val_sc_v": 0, "total_sc_a": 0, "total_sc_v": 0}