{"c1": 0.01885674734102495, "c2": 0.11428968121153674, "ch1": -0.11168376278599149, "ch2": 0.09055263602753166, "di": 14.869306273980017, "dj": 11.16942743296581, "dk": 9.737478983447524, "vw_i": -2.323816083887857, "vw_j": -1.0801966342036537, "kt": 2.2588122568510887, "train_sc_a": [1.576407088459548], "train_sc_v": [1.1079353642408993], "val_sc_a": 0, "val_sc_v": 0, "total_sc_a": 0, "total_sc_v": 0}