{"c1": 0.01885687492186201, "c2": 0.11428874318255842, "ch1": -0.11169378476099942, "ch2": 0.09055169189041828, "di": 14.868901194902817, "dj": 11.167701482420094, "dk": 9.73724915040988, "vw_i": -2.324264919832284, "vw_j": -1.0802532518709154, "kt": 2.258715346912415, "train_sc_a": [1.5760661469976882], "train_sc_v": [1.1079231912235952], "val_sc_a": 0, "val_sc_v": 0, "total_sc_a": 0, "total_sc_v": 0}