{"c1": 0.020835323543608238, "c2": 0.10272557705816086, "ch1": -0.2500693989121613, "ch2": 0.08452771310125165, "di": 24.994260881946108, "dj": 24.16613797051202, "dk": 0.011486187721213558, "vw_i": 3.866409246986631, "vw_j": -0.988426407634077, "kt": 0.00042585160598790687, "train_sc_a": [2.1114800129568567], "train_sc_v": [2.0826198330928407], "val_sc_a": 0, "val_sc_v": 0, "total_sc_a": 0, "total_sc_v": 0}