{"c1": 0.0203423443718353, "c2": 0.1018991506208981, "ch1": -0.09467108544915373, "ch2": 0.08909805250237704, "di": 13.117834930193927, "dj": 14.934963229136342, "dk": 13.56953456359763, "vw_i": 1.1468774914386535, "vw_j": 0.9334819613151653, "kt": 4.642263595609868, "train_sc_a": [1.5925944905613518], "train_sc_v": [4.168992368052105], "val_sc_a": 0, "val_sc_v": 0, "total_sc_a": 0, "total_sc_v": 0}