{"c1": 0.019407126076441475, "c2": 0.1095945581125841, "ch1": -0.03776713994719343, "ch2": 0.0932438436269563, "di": 10.478629290542706, "dj": 20.782528529598075, "dk": 16.638271446373555, "vw_i": -0.6785468409697848, "vw_j": 0.8818259522504189, "kt": 5.05424694864998, "train_sc_a": [0.5145098159460841], "train_sc_v": [0.4983043207404623], "val_sc_a": 0, "val_sc_v": 0, "total_sc_a": 0, "total_sc_v": 0}