{"c1": 0.01935730047637219, "c2": 0.1111347881334972, "ch1": -0.049376143713424844, "ch2": 0.09507541720062279, "di": 18.356980815821817, "dj": 14.790164020319164, "dk": 11.317597941891622, "vw_i": -1.5270595230968653, "vw_j": -1.277425157008806, "kt": 1.9993234946160257, "train_sc_a": [0.39333402981877225], "train_sc_v": [0.274171555202898], "val_sc_a": 0, "val_sc_v": 0, "total_sc_a": 0, "total_sc_v": 0}