{"c1": 0.01916297402861777, "c2": 0.1175628659499495, "ch1": -0.2642199173557637, "ch2": 0.08490764925507097, "di": 25.198096246033874, "dj": 23.477198719985136, "dk": 13.966481720644063, "vw_i": 4.372113743801194, "vw_j": -3.5108716617174736, "kt": 0.8972282321703307, "train_sc_a": [0.917359087736634], "train_sc_v": [1.438725049208885], "val_sc_a": 0, "val_sc_v": 0, "total_sc_a": 0, "total_sc_v": 0}