{"c1": 0.019273408832346888, "c2": 0.11676471579375335, "ch1": -0.2717693298462014, "ch2": 0.08437005060668404, "di": 23.907161911431942, "dj": 24.0320453688789, "dk": 14.04251054262586, "vw_i": 4.1938969877781, "vw_j": -3.451399721864899, "kt": 0.9093728592126975, "train_sc_a": [0.9410821168832845], "train_sc_v": [1.1030896762739133], "val_sc_a": 0, "val_sc_v": 0, "total_sc_a": 0, "total_sc_v": 0}