{"c1": 0.0210999952338763, "c2": 0.1017307972957297, "ch1": -0.30441324759054683, "ch2": 0.081210925272099, "di": 21.904357148370124, "dj": 21.598521484270382, "dk": 5.176308498791265, "vw_i": 5.0890771050079495, "vw_j": -2.1717826784972742, "kt": 0.641486887505694, "train_sc_a": [1.0347434440788026], "train_sc_v": [2.108677873842824], "val_sc_a": 0, "val_sc_v": 0, "total_sc_a": 0, "total_sc_v": 0}