{"c1": 0.018514009035171888, "c2": 0.1198284694454, "ch1": 0.037171399525052246, "ch2": 0.10361703471737428, "di": 20.803109074819687, "dj": 26.51710511744717, "dk": 10.992397603404719, "vw_i": 1.2477407810598158, "vw_j": 1.507757281055261, "kt": 1.3085780678623071, "train_sc_a": [1.144038674604307], "train_sc_v": [0.6768435462969994], "val_sc_a": 0, "val_sc_v": 0, "total_sc_a": 0, "total_sc_v": 0}