{"c1": 0.01903245519811402, "c2": 0.11490389860575118, "ch1": -0.08640978428541728, "ch2": 0.09196649990016412, "di": 13.32585059086962, "dj": 13.075301787161484, "dk": 10.771556545860934, "vw_i": -1.2998648851425911, "vw_j": -1.0706885325477566, "kt": 0.7269593880110674, "train_sc_a": [0.8305132119377034], "train_sc_v": [0.35687417663925813], "val_sc_a": 0, "val_sc_v": 0, "total_sc_a": 0, "total_sc_v": 0}