{"c1": 0.02022175420957042, "c2": 0.10847115952945632, "ch1": -0.13635079293929744, "ch2": 0.0907915940151856, "di": 19.509797197576052, "dj": 21.668847219331298, "dk": 12.478257035279785, "vw_i": -2.3159817632100546, "vw_j": -1.2344458391260167, "kt": 0.8889714495908783, "train_sc_a": [0.8149063028610745], "train_sc_v": [0.6021109296412485], "val_sc_a": 0, "val_sc_v": 0, "total_sc_a": 0, "total_sc_v": 0}