{"c1": 0.02027100791090018, "c2": 0.10841724879516329, "ch1": -0.07368652374788603, "ch2": 0.09574238501706624, "di": 24.433023852611626, "dj": 21.44568196799902, "dk": 13.667600571905458, "vw_i": -1.6728842790626168, "vw_j": -0.8682648743036234, "kt": 0.5341427244635415, "train_sc_a": [1.385650070938653], "train_sc_v": [2.6575795349185176], "val_sc_a": 0, "val_sc_v": 0, "total_sc_a": 0, "total_sc_v": 0}