{"c1": 0.018687724382350425, "c2": 0.11219473858817504, "ch1": 0.0009355937527334881, "ch2": 0.09407917095919961, "di": 4.469323043010359, "dj": 4.073187573339726, "dk": 14.865082323757878, "vw_i": -0.9492342111456065, "vw_j": -0.3551739269940958, "kt": 5.062007935377552, "train_sc_a": [1.193242335096701], "train_sc_v": [0.5508112456989083], "val_sc_a": 0, "val_sc_v": 0, "total_sc_a": 0, "total_sc_v": 0}