{"c1": 0.019587182035401364, "c2": 0.109020886738388, "ch1": -0.04213509480739097, "ch2": 0.09572038886838242, "di": 16.216855171927087, "dj": 17.292271028287235, "dk": 10.274036254794035, "vw_i": -1.7956772821036784, "vw_j": -0.9760332489999956, "kt": 2.263607109989779, "train_sc_a": [0.5291665932850801], "train_sc_v": [0.6918674827958949], "val_sc_a": 0, "val_sc_v": 0, "total_sc_a": 0, "total_sc_v": 0}