{"c1": 0.019010659686327938, "c2": 0.11450030648720298, "ch1": -0.06515777170142292, "ch2": 0.09484084015145143, "di": 17.834919695667644, "dj": 12.85964746879314, "dk": 13.59569101605707, "vw_i": -0.2671316985713929, "vw_j": -0.46749283386047086, "kt": 1.6710428528526464, "train_sc_a": [0.7925890608956198], "train_sc_v": [0.45005036688503886], "val_sc_a": 0, "val_sc_v": 0, "total_sc_a": 0, "total_sc_v": 0}