{"c1": 0.01921691907881593, "c2": 0.11102622417690705, "ch1": -0.05667032362204096, "ch2": 0.0918295683806031, "di": 8.399887310177617, "dj": 21.960964181371576, "dk": 16.623598819035653, "vw_i": -1.2784098282781118, "vw_j": 0.41916336205213317, "kt": 5.027140949236237, "train_sc_a": [0.6425035027084632], "train_sc_v": [0.4282616141933433], "val_sc_a": 0, "val_sc_v": 0, "total_sc_a": 0, "total_sc_v": 0}