{"c1": 0.019656488814482006, "c2": 0.11307703899506175, "ch1": -0.0953481451499511, "ch2": 0.09409707129001363, "di": 24.797607936718748, "dj": 20.887960227914498, "dk": 13.703045719774606, "vw_i": -1.8804022324090643, "vw_j": -0.4311670774375065, "kt": 0.5821320695870587, "train_sc_a": [0.6498146762914393], "train_sc_v": [0.5956646807578722], "val_sc_a": 0, "val_sc_v": 0, "total_sc_a": 0, "total_sc_v": 0}