{"c1": 0.01986622952008382, "c2": 0.10848681161333823, "ch1": -0.15663733084273226, "ch2": 0.08773212595745747, "di": 17.78771781085441, "dj": 11.648567084505816, "dk": 0.0, "vw_i": 1.5863232658388273, "vw_j": -1.288265659186674, "kt": 0.44290742158199614, "train_sc_a": [2.565212885243675], "train_sc_v": [1.908772487446932], "val_sc_a": 0, "val_sc_v": 0, "total_sc_a": 0, "total_sc_v": 0}