{"c1": 0.018700865099089737, "c2": 0.1120922241045689, "ch1": -0.014367419182229429, "ch2": 0.09299546372315175, "di": 3.867164850525447, "dj": 3.9290885143021064, "dk": 14.82623306057356, "vw_i": -0.7750181724076511, "vw_j": -0.4026619551086339, "kt": 5.048909680913908, "train_sc_a": [1.591469481172458], "train_sc_v": [2.7689462539821905], "val_sc_a": 0, "val_sc_v": 0, "total_sc_a": 0, "total_sc_v": 0}