{"c1": 0.020844113252846987, "c2": 0.10113227413941911, "ch1": -0.25183798812059044, "ch2": 0.07850237053407587, "di": 12.155945205330212, "dj": 0.0, "dk": 8.531818561576792, "vw_i": -3.517204482023538, "vw_j": -1.7518928638674789, "kt": 0.7202009610827635, "train_sc_a": [NaN], "train_sc_v": [NaN], "val_sc_a": 0, "val_sc_v": 0, "total_sc_a": 0, "total_sc_v": 0}