{"c1": 0.020809920465978352, "c2": 0.10358381409799566, "ch1": -0.10208554197174827, "ch2": 0.09368446542238033, "di": 19.527420789433076, "dj": 23.640777792369864, "dk": 11.211530124780449, "vw_i": -2.7512564707595466, "vw_j": -1.3369728165048826, "kt": 0.8852774187718, "train_sc_a": [0.9304098464411357], "train_sc_v": [1.6675956880317988], "val_sc_a": 0, "val_sc_v": 0, "total_sc_a": 0, "total_sc_v": 0}