{"c1": 0.019325010353786466, "c2": 0.11550600022207541, "ch1": -0.10713979665437509, "ch2": 0.09322632155692602, "di": 24.99607836441993, "dj": 20.06137193319313, "dk": 13.584469172244829, "vw_i": -1.8449793696473284, "vw_j": -0.173398209395393, "kt": 0.6049448037020948, "train_sc_a": [0.6164319568879995], "train_sc_v": [0.38940392370052085], "val_sc_a": 0, "val_sc_v": 0, "total_sc_a": 0, "total_sc_v": 0}