{"c1": 0.01995481102897704, "c2": 0.10534719383324714, "ch1": -0.10145946557252286, "ch2": 0.0886194319970609, "di": 12.895272436091314, "dj": 14.693615725313519, "dk": 15.950345400860371, "vw_i": 1.3288417346379422, "vw_j": 1.1903716864689646, "kt": 4.936131750975154, "train_sc_a": [0.9512458995262764], "train_sc_v": [0.5317325832781721], "val_sc_a": 0, "val_sc_v": 0, "total_sc_a": 0, "total_sc_v": 0}