{"c1": 0.02007667439692967, "c2": 0.10899130797058072, "ch1": -0.32053447504709126, "ch2": 0.07625728175178087, "di": 19.566564517917932, "dj": 2.873938676959811, "dk": 11.218735553929028, "vw_i": -0.37665182539001585, "vw_j": 0.2151120998024439, "kt": 0.988165086784839, "train_sc_a": [22.17412408957179], "train_sc_v": [37.0268225976054], "val_sc_a": 0, "val_sc_v": 0, "total_sc_a": 0, "total_sc_v": 0}