{"c1": 0.019799258419240733, "c2": 0.1126405625929978, "ch1": -0.2946035717068928, "ch2": 0.08234769380610499, "di": 22.944065074416347, "dj": 22.22965583029812, "dk": 12.501052791957951, "vw_i": 5.258984214656186, "vw_j": -2.5041582237200313, "kt": 0.84809503146629, "train_sc_a": [1.1960966716349366], "train_sc_v": [0.8933974722968409], "val_sc_a": 0, "val_sc_v": 0, "total_sc_a": 0, "total_sc_v": 0}