{"c1": 0.019419180461310075, "c2": 0.10639345610455966, "ch1": -0.05665389228544421, "ch2": 0.08974371573425252, "di": 5.663312856693711, "dj": 2.9735130532216054, "dk": 9.279566603816003, "vw_i": 1.1411321694773369, "vw_j": 0.3963900099627671, "kt": 4.990324763060991, "train_sc_a": [2.1860638038803293], "train_sc_v": [2.015256501172647], "val_sc_a": 0, "val_sc_v": 0, "total_sc_a": 0, "total_sc_v": 0}