{"c1": 0.019259178505726886, "c2": 0.11238593692231424, "ch1": -0.0772746248508283, "ch2": 0.09334756159275227, "di": 14.701487799200862, "dj": 11.257304188227822, "dk": 10.24863015077662, "vw_i": -2.3563798817181656, "vw_j": -1.1992015871048023, "kt": 0.912852540617101, "train_sc_a": [0.7533840562356178], "train_sc_v": [0.502596711368296], "val_sc_a": 0, "val_sc_v": 0, "total_sc_a": 0, "total_sc_v": 0}