{"c1": 0.019023165563209772, "c2": 0.11418879556682454, "ch1": -0.08342342237295017, "ch2": 0.09259857545265718, "di": 14.81827896560073, "dj": 11.430149170387285, "dk": 11.017030948477995, "vw_i": -2.527742289746941, "vw_j": -1.4435169476114007, "kt": 1.0461528091434604, "train_sc_a": [1.1323203207027248], "train_sc_v": [1.6916479239044566], "val_sc_a": 0, "val_sc_v": 0, "total_sc_a": 0, "total_sc_v": 0}