{"c1": 0.02004876862212508, "c2": 0.11010872047465436, "ch1": -0.29389324735670413, "ch2": 0.08198693757361478, "di": 22.98529627906222, "dj": 21.793408558494868, "dk": 8.693355729589976, "vw_i": 5.496226956218294, "vw_j": -2.3037302702696083, "kt": 0.5085372647863489, "train_sc_a": [1.1496620709491698], "train_sc_v": [0.877600508213641], "val_sc_a": 0, "val_sc_v": 0, "total_sc_a": 0, "total_sc_v": 0}