{"c1": 0.018607926980169706, "c2": 0.11518934040014613, "ch1": -0.032559749197129485, "ch2": 0.09373629459423932, "di": 10.586453738401493, "dj": 20.312186709634563, "dk": 15.909505131555884, "vw_i": -0.0567367851773367, "vw_j": 1.3897308341278953, "kt": 5.063171704155488, "train_sc_a": [0.5848663831785814], "train_sc_v": [0.8763361845906997], "val_sc_a": 0, "val_sc_v": 0, "total_sc_a": 0, "total_sc_v": 0}