{"c1": 0.019763141887340543, "c2": 0.11215132703429143, "ch1": -0.06376836628508983, "ch2": 0.0966332208334607, "di": 25.75857167271835, "dj": 20.05537264912508, "dk": 13.322136981269978, "vw_i": -2.323668941691332, "vw_j": -2.3406865804776498, "kt": 0.8999867914584085, "train_sc_a": [1.983420121459769], "train_sc_v": [1.8244186049801698], "val_sc_a": 0, "val_sc_v": 0, "total_sc_a": 0, "total_sc_v": 0}