{"c1": 0.019338911095869465, "c2": 0.11612018210149229, "ch1": -0.2982817165053776, "ch2": 0.08225317886928533, "di": 22.225446127050326, "dj": 22.716628354807884, "dk": 12.955165439664796, "vw_i": 5.034278587075091, "vw_j": -2.3843758059311044, "kt": 0.833324023910108, "train_sc_a": [0.61717018077621], "train_sc_v": [0.8206533745239807], "val_sc_a": 0, "val_sc_v": 0, "total_sc_a": 0, "total_sc_v": 0}