{"c1": 0.020087537741763733, "c2": 0.1098037500700318, "ch1": -0.2955248527998988, "ch2": 0.0818582866563326, "di": 22.20042695350462, "dj": 22.368213776289377, "dk": 8.585994646477664, "vw_i": 5.450118451378208, "vw_j": -2.2943427202657616, "kt": 0.5117248707763433, "train_sc_a": [0.626408794860878], "train_sc_v": [1.27440804690484], "val_sc_a": 0, "val_sc_v": 0, "total_sc_a": 0, "total_sc_v": 0}