{"c1": 0.01928825408311139, "c2": 0.11648343278442881, "ch1": -0.3772961770000221, "ch2": 0.0765889592158033, "di": 16.35439588745812, "dj": 19.704187139576646, "dk": 12.865488208349262, "vw_i": 3.3913146725833587, "vw_j": -1.944026885664207, "kt": 0.8469852364303728, "train_sc_a": [3.072864599729621], "train_sc_v": [6.122236095882824], "val_sc_a": 0, "val_sc_v": 0, "total_sc_a": 0, "total_sc_v": 0}