{"c1": 0.019202868175918326, "c2": 0.11828403136342094, "ch1": -0.23310329489441955, "ch2": 0.08845500513519518, "di": 20.16079239691162, "dj": 32.1371271395336, "dk": 17.88920605604447, "vw_i": 3.4576508411709255, "vw_j": -4.45380745317239, "kt": 1.0776676687062257, "train_sc_a": [1.2833648374499051], "train_sc_v": [0.4241773730770782], "val_sc_a": 0, "val_sc_v": 0, "total_sc_a": 0, "total_sc_v": 0}