{"c1": 0.019908600487104397, "c2": 0.10705138313340118, "ch1": -0.28461483197989373, "ch2": 0.07774001759144218, "di": 17.456050587261572, "dj": 0.0, "dk": 11.781912725852605, "vw_i": 0.9048328991015026, "vw_j": 0.028311506597569133, "kt": 2.1760416355224126, "train_sc_a": [NaN], "train_sc_v": [NaN], "val_sc_a": 0, "val_sc_v": 0, "total_sc_a": 0, "total_sc_v": 0}