{"c1": 0.020745172306280348, "c2": 0.10176517878376973, "ch1": -0.002615178069597268, "ch2": 0.10018562776190415, "di": 12.185452121099875, "dj": 25.002159676552616, "dk": 4.840619234498635, "vw_i": -4.366943133970109, "vw_j": -2.310113782215422, "kt": 0.8960776759295013, "train_sc_a": [2.1051546625290043], "train_sc_v": [3.830860742712079], "val_sc_a": 0, "val_sc_v": 0, "total_sc_a": 0, "total_sc_v": 0}