{"c1": 0.019702389532219908, "c2": 0.1073851811942366, "ch1": -0.07255822266986092, "ch2": 0.0908228763633758, "di": 12.80718000042409, "dj": 16.176801379151197, "dk": 16.577897509330196, "vw_i": 1.724589505579508, "vw_j": 1.5398258706803212, "kt": 5.02023512094427, "train_sc_a": [1.5580440466303154], "train_sc_v": [1.4977587512200872], "val_sc_a": 0, "val_sc_v": 0, "total_sc_a": 0, "total_sc_v": 0}