{"c1": 0.020925932888760303, "c2": 0.10261329933814414, "ch1": -0.1360761296290705, "ch2": 0.09053617601432219, "di": 23.929261794840798, "dj": 16.103349186327325, "dk": 6.910369335543567, "vw_i": -3.9534730043148825, "vw_j": -2.380543497674613, "kt": 0.6080632008960323, "train_sc_a": [1.4727584355187036], "train_sc_v": [0.8772313562268257], "val_sc_a": 0, "val_sc_v": 0, "total_sc_a": 0, "total_sc_v": 0}