{"c1": 0.018967340288791826, "c2": 0.11391027060111354, "ch1": -0.061055928070410166, "ch2": 0.0943102472867685, "di": 17.741976227789323, "dj": 15.052856087310598, "dk": 11.135232774054456, "vw_i": -1.4410327891332195, "vw_j": -1.1582798970243988, "kt": 2.2019704398929796, "train_sc_a": [1.5887728810269393], "train_sc_v": [0.617371222357192], "val_sc_a": 0, "val_sc_v": 0, "total_sc_a": 0, "total_sc_v": 0}