{"c1": 0.020031248824277096, "c2": 0.11027607855731113, "ch1": -0.26423462538809156, "ch2": 0.0843086613898062, "di": 23.212915139258676, "dj": 27.015489309593967, "dk": 9.831066312452808, "vw_i": 7.610112496092253, "vw_j": -1.1814275971246024, "kt": 0.35836692442301926, "train_sc_a": [2.6243713463645486], "train_sc_v": [1.7306896145670425], "val_sc_a": 0, "val_sc_v": 0, "total_sc_a": 0, "total_sc_v": 0}