{"c1": 0.01812122212453762, "c2": 0.11803560451324108, "ch1": -0.05287903291345043, "ch2": 0.09465637130594676, "di": 17.930221478177806, "dj": 13.618838335569128, "dk": 5.266637019123877, "vw_i": 0.7417007246204909, "vw_j": 0.9691540258661901, "kt": 2.3357844226079565, "train_sc_a": [0.9122214544823399], "train_sc_v": [1.2767348509143057], "val_sc_a": 0, "val_sc_v": 0, "total_sc_a": 0, "total_sc_v": 0}