{"c1": 0.01870543986302295, "c2": 0.11525726365558034, "ch1": -0.02281255634327136, "ch2": 0.09718139609122038, "di": 14.92575795359057, "dj": 16.557440977734835, "dk": 9.71068905819887, "vw_i": 0.30302516883692865, "vw_j": 0.0626960846426581, "kt": 2.28405905477968, "train_sc_a": [0.36416692283820473], "train_sc_v": [0.29478335706791414], "val_sc_a": 0, "val_sc_v": 0, "total_sc_a": 0, "total_sc_v": 0}