{"c1": 0.01903091132858679, "c2": 0.11413227959067668, "ch1": -0.08362159455102186, "ch2": 0.09258365788749197, "di": 14.820203675738458, "dj": 11.416587146232732, "dk": 11.018026197827643, "vw_i": -2.5302072454469644, "vw_j": -1.435590574720411, "kt": 1.0498756295148706, "train_sc_a": [0.42425808058700565], "train_sc_v": [0.12782588880110624], "val_sc_a": 0, "val_sc_v": 0, "total_sc_a": 0, "total_sc_v": 0}