{"c1": 0.02049849892983943, "c2": 0.10384809800615068, "ch1": -0.1357431874271209, "ch2": 0.08895471139755912, "di": 11.580916140749622, "dj": 12.907400666230712, "dk": 5.975491835700188, "vw_i": -3.2867316373572555, "vw_j": -1.7542849778207514, "kt": 0.842680644536724, "train_sc_a": [1.680419055018451], "train_sc_v": [1.3613462228306012], "val_sc_a": 0, "val_sc_v": 0, "total_sc_a": 0, "total_sc_v": 0}