{"c1": 0.019443208616808635, "c2": 0.1061860196805876, "ch1": -0.056476812274899355, "ch2": 0.08973843249330411, "di": 5.762926587697527, "dj": 2.842060382241671, "dk": 8.91186198324999, "vw_i": 1.1958910508014826, "vw_j": 0.4163250765103117, "kt": 4.985036775015384, "train_sc_a": [2.2406366828763296], "train_sc_v": [2.014311338544768], "val_sc_a": 0, "val_sc_v": 0, "total_sc_a": 0, "total_sc_v": 0}