{"c1": 0.019482288496289885, "c2": 0.11428930236450761, "ch1": -0.11641512860055803, "ch2": 0.09249072966524416, "di": 24.983315144323175, "dj": 18.197939361662545, "dk": 13.465287377458573, "vw_i": -1.9996964553533503, "vw_j": -1.6927145301475126, "kt": 0.8612355053602874, "train_sc_a": [1.8539741348632452], "train_sc_v": [0.6020410802425689], "val_sc_a": 0, "val_sc_v": 0, "total_sc_a": 0, "total_sc_v": 0}