{"c1": 0.019221268219260474, "c2": 0.11266438192922167, "ch1": -0.09791963330477757, "ch2": 0.09182305895144441, "di": 14.797094593428906, "dj": 9.786874201862327, "dk": 10.235117031761117, "vw_i": -2.2162689746396875, "vw_j": -1.057505766428609, "kt": 0.9141618253115192, "train_sc_a": [1.009369980344741], "train_sc_v": [1.6332813408080977], "val_sc_a": 0, "val_sc_v": 0, "total_sc_a": 0, "total_sc_v": 0}