{"c1": 0.019792743262357308, "c2": 0.11209902778966106, "ch1": -0.107279034002919, "ch2": 0.09659354458975648, "di": 8.300787452885134, "dj": 62.02520620137708, "dk": 9.109768974792159, "vw_i": 7.440250255473506, "vw_j": -1.296074601653363, "kt": 0.5825240288486434, "train_sc_a": [7.052082016092087], "train_sc_v": [4.896540790422861], "val_sc_a": 0, "val_sc_v": 0, "total_sc_a": 0, "total_sc_v": 0}