{"c1": 0.019371983835649597, "c2": 0.11103584829160672, "ch1": -0.04659478039154648, "ch2": 0.09526007000450483, "di": 17.808572731960602, "dj": 15.425695159950495, "dk": 11.327681374182568, "vw_i": -1.5502874949704426, "vw_j": -1.136893030768342, "kt": 1.9517727077696365, "train_sc_a": [4.221285999696451], "train_sc_v": [4.176424548415534], "val_sc_a": 0, "val_sc_v": 0, "total_sc_a": 0, "total_sc_v": 0}