{"c1": 0.020833223390764037, "c2": 0.10274197650398709, "ch1": -0.25008306280309106, "ch2": 0.08452287137434725, "di": 24.991686533413848, "dj": 24.151630501476127, "dk": 0.0037808902648150716, "vw_i": 3.856674924815141, "vw_j": -0.9893699169117456, "kt": 0.00014017690032715467, "train_sc_a": [2.1129621534249474], "train_sc_v": [2.083451829572513], "val_sc_a": 0, "val_sc_v": 0, "total_sc_a": 0, "total_sc_v": 0}