{"c1": 0.019418914107570226, "c2": 0.10639575555144432, "ch1": -0.056655855229418975, "ch2": 0.08974377429933819, "di": 5.662208631702555, "dj": 2.9749702150303996, "dk": 9.283642634573019, "vw_i": 1.1405251635491727, "vw_j": 0.39616902839265283, "kt": 4.9903833807685505, "train_sc_a": [2.185462546002646], "train_sc_v": [2.0153219127018183], "val_sc_a": 0, "val_sc_v": 0, "total_sc_a": 0, "total_sc_v": 0}