{"c1": 0.019725732960075595, "c2": 0.1126437007659533, "ch1": -0.31317913020056193, "ch2": 0.08049618324417825, "di": 23.397483400023084, "dj": 21.10261460521545, "dk": 10.346591582183976, "vw_i": 6.275627689852099, "vw_j": -1.0471976338258173, "kt": 0.3773039092666576, "train_sc_a": [2.349576382864887], "train_sc_v": [2.1058100662651387], "val_sc_a": 0, "val_sc_v": 0, "total_sc_a": 0, "total_sc_v": 0}