{"c1": 0.020499511481763225, "c2": 0.10380251981808619, "ch1": -0.13125724777305803, "ch2": 0.08937811137701004, "di": 12.768766027680028, "dj": 12.496627322307166, "dk": 5.853233543580514, "vw_i": -3.007549309011117, "vw_j": -1.830794711027518, "kt": 0.9293475547331447, "train_sc_a": [1.2274115599214563], "train_sc_v": [1.2911399283584957], "val_sc_a": 0, "val_sc_v": 0, "total_sc_a": 0, "total_sc_v": 0}