{"c1": 0.018849617766565404, "c2": 0.11434185633539057, "ch1": -0.11028272190079826, "ch2": 0.09066510187150653, "di": 14.891718469209717, "dj": 11.329081867797376, "dk": 9.749147352716752, "vw_i": -2.285203311171163, "vw_j": -1.0693916991408237, "kt": 2.263837372471886, "train_sc_a": [1.6107998146363425], "train_sc_v": [1.115106228505014], "val_sc_a": 0, "val_sc_v": 0, "total_sc_a": 0, "total_sc_v": 0}