{"c1": 0.019268328400023925, "c2": 0.1117701805371143, "ch1": -0.05187236423612995, "ch2": 0.09490510252787457, "di": 18.69719668370329, "dj": 14.368696699337107, "dk": 11.253168445665773, "vw_i": -1.4983141286628134, "vw_j": -1.3543037210928444, "kt": 2.0228116111706655, "train_sc_a": [0.399566691230678], "train_sc_v": [0.3067738701560123], "val_sc_a": 0, "val_sc_v": 0, "total_sc_a": 0, "total_sc_v": 0}