{"c1": 0.018966974820754937, "c2": 0.11391277537800037, "ch1": -0.06109521521624482, "ch2": 0.09430736202112099, "di": 17.744072086533947, "dj": 15.049198849613605, "dk": 11.134517946348144, "vw_i": -1.4408032133156867, "vw_j": -1.1580628863448348, "kt": 2.2016257039204694, "train_sc_a": [1.5887887643216094], "train_sc_v": [0.6172554338168889], "val_sc_a": 0, "val_sc_v": 0, "total_sc_a": 0, "total_sc_v": 0}