{"c1": 0.019441567614696956, "c2": 0.10620018654453178, "ch1": -0.0564889059485589, "ch2": 0.08973879331207579, "di": 5.75612347112292, "dj": 2.8510379382041684, "dk": 8.93697435855733, "vw_i": 1.1921512947518977, "vw_j": 0.4149636117777007, "kt": 4.98539791798992, "train_sc_a": [2.2368946221012114], "train_sc_v": [2.014054070049225], "val_sc_a": 0, "val_sc_v": 0, "total_sc_a": 0, "total_sc_v": 0}