{"c1": 0.018967463078499232, "c2": 0.11390942904784485, "ch1": -0.06104272840134248, "ch2": 0.09431121667639736, "di": 17.74127206256546, "dj": 15.054084843594023, "dk": 11.1354729413907, "vw_i": -1.4411099218633527, "vw_j": -1.1583528081278538, "kt": 2.2020862640552137, "train_sc_a": [1.5887676037966671], "train_sc_v": [0.6174106407028618], "val_sc_a": 0, "val_sc_v": 0, "total_sc_a": 0, "total_sc_v": 0}