{"c1": 0.019514690502122595, "c2": 0.10956005289280567, "ch1": -0.024436582048792635, "ch2": 0.09702439605806874, "di": 16.24625508428431, "dj": 17.877788608734285, "dk": 10.267819557975926, "vw_i": -2.139914373553081, "vw_j": -1.111116969951692, "kt": 2.257622374176519, "train_sc_a": [0.7275724314098019], "train_sc_v": [1.287281718620095], "val_sc_a": 0, "val_sc_v": 0, "total_sc_a": 0, "total_sc_v": 0}