{"c1": 0.01942236282793751, "c2": 0.11505421887878078, "ch1": -0.4538709672348764, "ch2": 0.06948716815036296, "di": 16.44662940018948, "dj": 12.773687358058059, "dk": 11.153240020098165, "vw_i": 3.077405006854879, "vw_j": 0.037445658758921696, "kt": 0.35542908977703136, "train_sc_a": [7.4886508423237395], "train_sc_v": [13.089056241772274], "val_sc_a": 0, "val_sc_v": 0, "total_sc_a": 0, "total_sc_v": 0}