{"c1": 0.02110045354356089, "c2": 0.10172671871435751, "ch1": -0.30446928797601586, "ch2": 0.08120593280510052, "di": 21.89547944736861, "dj": 21.5998429680937, "dk": 5.171921274202896, "vw_i": 5.0882390526698185, "vw_j": -2.171084805710489, "kt": 0.6413797033811589, "train_sc_a": [1.0364988963101094], "train_sc_v": [2.114189623979431], "val_sc_a": 0, "val_sc_v": 0, "total_sc_a": 0, "total_sc_v": 0}