{"c1": 0.01884969141988097, "c2": 0.11434131733115074, "ch1": -0.11029719559863542, "ch2": 0.09066394002344064, "di": 14.891486936108114, "dj": 11.327432529742694, "dk": 9.749026810587797, "vw_i": -2.285602207171175, "vw_j": -1.0695033214117382, "kt": 2.263785459636321, "train_sc_a": [1.610426853515254], "train_sc_v": [1.1149369590206297], "val_sc_a": 0, "val_sc_v": 0, "total_sc_a": 0, "total_sc_v": 0}