{"c1": 0.01901183936897198, "c2": 0.11319661996732233, "ch1": -0.13971567659729425, "ch2": 0.08866698369032702, "di": 15.008674314882974, "dj": 13.840338642545536, "dk": 9.764431655693802, "vw_i": -0.7791731334054544, "vw_j": -0.76937934338989, "kt": 2.2235277377545786, "train_sc_a": [1.0395448536571879], "train_sc_v": [2.304426557562139], "val_sc_a": 0, "val_sc_v": 0, "total_sc_a": 0, "total_sc_v": 0}