{"c1": 0.020591910492656962, "c2": 0.10532246555150854, "ch1": 0.062442522372515324, "ch2": 0.1076583986052679, "di": 23.83563716639267, "dj": 52.532969512777406, "dk": 7.891246852060181, "vw_i": -5.302975045416417, "vw_j": -3.6695811261326683, "kt": 0.8646622258776873, "train_sc_a": [3.616708211894455], "train_sc_v": [4.7851098127637925], "val_sc_a": 0, "val_sc_v": 0, "total_sc_a": 0, "total_sc_v": 0}