{"c1": 0.019231719345440785, "c2": 0.11347220314329409, "ch1": -0.09593974045268118, "ch2": 0.09134833465726536, "di": 13.27323559176207, "dj": 12.099718860714942, "dk": 10.935414346426398, "vw_i": -1.032812699257068, "vw_j": -0.9564604415075146, "kt": 0.6877667360795726, "train_sc_a": [1.0573654522580962], "train_sc_v": [1.06936944554545], "val_sc_a": 0, "val_sc_v": 0, "total_sc_a": 0, "total_sc_v": 0}