{"c1": 0.019220536331027393, "c2": 0.11696902391018493, "ch1": -0.4827857925614454, "ch2": 0.06902684121681557, "di": 8.518853223702532, "dj": 15.678592548108794, "dk": 12.745571898699959, "vw_i": 1.1979520491539803, "vw_j": -1.3560068028786132, "kt": 0.8652248018577816, "train_sc_a": [10.932233909909284], "train_sc_v": [21.586866356117564], "val_sc_a": 0, "val_sc_v": 0, "total_sc_a": 0, "total_sc_v": 0}