{"c1": 0.020079623503171093, "c2": 0.10987328893847124, "ch1": -0.2942675203998978, "ch2": 0.08196109521769572, "di": 24.44547136551855, "dj": 20.34509751630962, "dk": 8.70795637222958, "vw_i": 5.585257463930362, "vw_j": -2.3223179212638714, "kt": 0.4982058756259393, "train_sc_a": [1.904722807774936], "train_sc_v": [1.9509716646053552], "val_sc_a": 0, "val_sc_v": 0, "total_sc_a": 0, "total_sc_v": 0}