{"c1": 0.021100656971828863, "c2": 0.10172490836914283, "ch1": -0.30449416241994703, "ch2": 0.08120371681676652, "di": 21.89153893421989, "dj": 21.60042953035579, "dk": 5.169973932636209, "vw_i": 5.087867069398795, "vw_j": -2.1707750434317195, "kt": 0.6413321279500881, "train_sc_a": [1.0372813510235637], "train_sc_v": [2.116641440321911], "val_sc_a": 0, "val_sc_v": 0, "total_sc_a": 0, "total_sc_v": 0}