{"c1": 0.01940150421783024, "c2": 0.11494776766879883, "ch1": -0.1098946214096639, "ch2": 0.09302728174235492, "di": 25.018132819391948, "dj": 19.89491412301293, "dk": 13.608037647360542, "vw_i": -1.7874529368966745, "vw_j": -0.15126829128754687, "kt": 0.5962232544978142, "train_sc_a": [0.630619579676894], "train_sc_v": [0.3785187958835859], "val_sc_a": 0, "val_sc_v": 0, "total_sc_a": 0, "total_sc_v": 0}