{"c1": 0.0195929383441795, "c2": 0.10489339448470102, "ch1": -0.05537335089171912, "ch2": 0.08970551035631828, "di": 6.383662406828126, "dj": 2.0229224925614915, "dk": 6.620537016851466, "vw_i": 1.537117091738716, "vw_j": 0.5405490136936212, "kt": 4.952085056833912, "train_sc_a": [2.557327899725967], "train_sc_v": [2.290778694248101], "val_sc_a": 0, "val_sc_v": 0, "total_sc_a": 0, "total_sc_v": 0}