{"c1": 0.01902850300755661, "c2": 0.11414980514346132, "ch1": -0.08343058844473626, "ch2": 0.09259785556750906, "di": 14.786170341230779, "dj": 11.462724553742682, "dk": 11.017364118279145, "vw_i": -2.522877989368869, "vw_j": -1.446837877547341, "kt": 1.0487639285010082, "train_sc_a": [0.42330637656715864], "train_sc_v": [0.130369419724192], "val_sc_a": 0, "val_sc_v": 0, "total_sc_a": 0, "total_sc_v": 0}