{"c1": 0.01913680646494636, "c2": 0.11365874572709676, "ch1": -0.0853367950706327, "ch2": 0.09245507169648301, "di": 13.783830658187565, "dj": 12.773917537667199, "dk": 9.173338140125544, "vw_i": -1.5288288085541617, "vw_j": -0.8485093933951625, "kt": 0.7847523995349107, "train_sc_a": [0.7115439545751866], "train_sc_v": [0.8599986775426788], "val_sc_a": 0, "val_sc_v": 0, "total_sc_a": 0, "total_sc_v": 0}