{"c1": 0.019582061588899406, "c2": 0.10948425564384456, "ch1": -0.09230454111753561, "ch2": 0.0920187285111818, "di": 17.73902688669774, "dj": 12.486871439430782, "dk": 11.439461499330497, "vw_i": -0.7273966805948405, "vw_j": -0.7260747611205147, "kt": 1.9565968690854925, "train_sc_a": [1.092741829411161], "train_sc_v": [0.8199007783996759], "val_sc_a": 0, "val_sc_v": 0, "total_sc_a": 0, "total_sc_v": 0}