{"c1": 0.019290662539994827, "c2": 0.1121536789352241, "ch1": -0.0731310963442283, "ch2": 0.09365738226123152, "di": 14.629736747761637, "dj": 11.506241112961494, "dk": 10.253853271735231, "vw_i": -2.3734038327647737, "vw_j": -1.2528884690589017, "kt": 0.9115552852482154, "train_sc_a": [0.7309938910107668], "train_sc_v": [0.3912305962340212], "val_sc_a": 0, "val_sc_v": 0, "total_sc_a": 0, "total_sc_v": 0}