{"c1": 0.01980053259469121, "c2": 0.10740779008000918, "ch1": -0.058754804611884114, "ch2": 0.09449188740127705, "di": 16.23388287168148, "dj": 16.690577156015465, "dk": 10.28077411464751, "vw_i": -1.5613175899486678, "vw_j": -0.8921861325704314, "kt": 2.2799636437772284, "train_sc_a": [0.43977729239429836], "train_sc_v": [0.2250083636500615], "val_sc_a": 0, "val_sc_v": 0, "total_sc_a": 0, "total_sc_v": 0}