{"c1": 0.0192623490664765, "c2": 0.11069201665778663, "ch1": -0.054446498024449515, "ch2": 0.09199223767434823, "di": 8.587073521148639, "dj": 21.860831744429564, "dk": 16.62914766150353, "vw_i": -1.2096164116544394, "vw_j": 0.43126206043486925, "kt": 5.0261583139579455, "train_sc_a": [0.6211601327333084], "train_sc_v": [0.4068845248594697], "val_sc_a": 0, "val_sc_v": 0, "total_sc_a": 0, "total_sc_v": 0}