{"c1": 0.01904303686981682, "c2": 0.11296352653725175, "ch1": -0.1040160593569816, "ch2": 0.09120130631913158, "di": 15.581258688762137, "dj": 14.865330805493638, "dk": 9.816890126204765, "vw_i": -1.3844164628758935, "vw_j": -0.8499311645020496, "kt": 2.228660156698683, "train_sc_a": [1.038374611544514], "train_sc_v": [0.9102440374166922], "val_sc_a": 0, "val_sc_v": 0, "total_sc_a": 0, "total_sc_v": 0}