{"c1": 0.019271181153082594, "c2": 0.11263069423743988, "ch1": -0.06628348585625861, "ch2": 0.09392350123859033, "di": 13.782806450986568, "dj": 13.604464291818777, "dk": 9.071176978106747, "vw_i": -1.7442113275937787, "vw_j": -1.0098916472342774, "kt": 0.7748650588044277, "train_sc_a": [0.6301189164193769], "train_sc_v": [0.5547692414445605], "val_sc_a": 0, "val_sc_v": 0, "total_sc_a": 0, "total_sc_v": 0}