{"c1": 0.01965519442252425, "c2": 0.11382180283341642, "ch1": -0.26579570392029545, "ch2": 0.08471999548171587, "di": 25.57146261405448, "dj": 23.29367634870633, "dk": 13.326775262190377, "vw_i": 4.437282999018203, "vw_j": -3.5239225343974296, "kt": 0.8987399011742571, "train_sc_a": [1.0636843120103876], "train_sc_v": [0.7710380935263228], "val_sc_a": 0, "val_sc_v": 0, "total_sc_a": 0, "total_sc_v": 0}