{"c1": 0.018938030942032353, "c2": 0.1119418310759388, "ch1": 0.16594473018304012, "ch2": 0.11224415288966226, "di": 17.984526201928194, "dj": 25.476577407154426, "dk": 5.682365001925847, "vw_i": -0.5165067305449037, "vw_j": 0.10706974518669962, "kt": 2.393483359199439, "train_sc_a": [2.7336935804332825], "train_sc_v": [2.123137928968252], "val_sc_a": 0, "val_sc_v": 0, "total_sc_a": 0, "total_sc_v": 0}