{"c1": 0.018844732676097705, "c2": 0.11199772688746663, "ch1": 0.14400680335399163, "ch2": 0.10614592723587234, "di": 6.3660788112886415, "dj": 27.878611415313614, "dk": 11.888863054199742, "vw_i": 0.3965431883142566, "vw_j": -0.024903746718607303, "kt": 5.026019609023679, "train_sc_a": [0.587073631251456], "train_sc_v": [0.21961001527435917], "val_sc_a": 0, "val_sc_v": 0, "total_sc_a": 0, "total_sc_v": 0}