{"c1": 0.01883787079827668, "c2": 0.11442297381514276, "ch1": -0.07742677054080174, "ch2": 0.09302333873621893, "di": 14.91506994384534, "dj": 14.782806308834653, "dk": 9.750937178227852, "vw_i": -1.809909012390173, "vw_j": -0.803192296095992, "kt": 2.263309240605112, "train_sc_a": [2.6362326837584997], "train_sc_v": [2.724123546298579], "val_sc_a": 0, "val_sc_v": 0, "total_sc_a": 0, "total_sc_v": 0}