{"c1": 0.01902771806528764, "c2": 0.11415559197738456, "ch1": -0.0829947147570918, "ch2": 0.09263002167660259, "di": 14.818465544228761, "dj": 11.46139195011589, "dk": 11.017727546220671, "vw_i": -2.5340279580636422, "vw_j": -1.4410224317078852, "kt": 1.048416695716, "train_sc_a": [0.42378973285788035], "train_sc_v": [0.13045045629946292], "val_sc_a": 0, "val_sc_v": 0, "total_sc_a": 0, "total_sc_v": 0}