{"c1": 0.020228888818137773, "c2": 0.10457823410733579, "ch1": -0.08107956452340662, "ch2": 0.0937194624149286, "di": 17.928898004694723, "dj": 12.556556557582077, "dk": 11.15452918349921, "vw_i": -0.32660089824736915, "vw_j": -0.322330660004692, "kt": 1.7089783545009902, "train_sc_a": [0.9745179051154924], "train_sc_v": [0.5519338604794839], "val_sc_a": 0, "val_sc_v": 0, "total_sc_a": 0, "total_sc_v": 0}