{"c1": 0.018699282717107055, "c2": 0.11210465753164789, "ch1": -0.014177616170686807, "ch2": 0.09301029930548801, "di": 3.867131553493059, "dj": 3.9355545379503782, "dk": 14.836875205406951, "vw_i": -0.7794803200975962, "vw_j": -0.40454852989057843, "kt": 5.049007780260465, "train_sc_a": [0.5399536554399582], "train_sc_v": [0.15924709141135102], "val_sc_a": 0, "val_sc_v": 0, "total_sc_a": 0, "total_sc_v": 0}