{"c1": 0.02031720855471806, "c2": 0.10046298974530887, "ch1": -0.13965550422779804, "ch2": 0.08490931024986445, "di": 16.964172043307258, "dj": 12.401783565340473, "dk": 4.48463953672472, "vw_i": 0.19856079331952364, "vw_j": 0.026790020296603156, "kt": 3.68698816735499, "train_sc_a": [2.514798436689343], "train_sc_v": [2.276515668505028], "val_sc_a": 0, "val_sc_v": 0, "total_sc_a": 0, "total_sc_v": 0}