{"c1": 0.020025522367684814, "c2": 0.11029793865653821, "ch1": -0.29532151287510017, "ch2": 0.08188543476676574, "di": 24.47840262890931, "dj": 20.53116065518208, "dk": 8.970750661498517, "vw_i": 5.735188940762201, "vw_j": -2.135587363555032, "kt": 0.4783001290805955, "train_sc_a": [1.9802200204491174], "train_sc_v": [2.010361077228605], "val_sc_a": 0, "val_sc_v": 0, "total_sc_a": 0, "total_sc_v": 0}