{"c1": 0.020338540486365655, "c2": 0.10773609254494106, "ch1": -0.11418195249488235, "ch2": 0.09226089547060232, "di": 24.56597761922993, "dj": 17.663088204855498, "dk": 11.55153668098025, "vw_i": -4.073925275858818, "vw_j": -1.2122444936840506, "kt": 0.4489694085844909, "train_sc_a": [1.503694778294504], "train_sc_v": [2.0112404504262655], "val_sc_a": 0, "val_sc_v": 0, "total_sc_a": 0, "total_sc_v": 0}