{"c1": 0.01875722950735806, "c2": 0.11264652038266143, "ch1": 0.1430895175277522, "ch2": 0.10607779131502815, "di": 6.353802926954468, "dj": 27.877807996045217, "dk": 11.89760780549682, "vw_i": 0.3964740320855038, "vw_j": -0.029420570366869334, "kt": 5.024803594905839, "train_sc_a": [1.889977457408969], "train_sc_v": [4.482513626444579], "val_sc_a": 0, "val_sc_v": 0, "total_sc_a": 0, "total_sc_v": 0}