{"c1": 0.019022726924538432, "c2": 0.11419193082841811, "ch1": -0.08902820253973401, "ch2": 0.09218487471668124, "di": 14.635900884166531, "dj": 11.213021842528034, "dk": 11.01609884583571, "vw_i": -2.4469396400272743, "vw_j": -1.4567272135758067, "kt": 1.047041754709573, "train_sc_a": [0.44087860351882935], "train_sc_v": [0.33371582279252215], "val_sc_a": 0, "val_sc_v": 0, "total_sc_a": 0, "total_sc_v": 0}