{"c1": 0.019773214090457524, "c2": 0.11291625762187073, "ch1": -0.2955232463231401, "ch2": 0.0824196540716003, "di": 22.8158479201802, "dj": 22.432550836081376, "dk": 13.12162176072125, "vw_i": 4.193119360189686, "vw_j": -3.0960692901765445, "kt": 0.9034909505397103, "train_sc_a": [1.6249582829400648], "train_sc_v": [1.9333400459944572], "val_sc_a": 0, "val_sc_v": 0, "total_sc_a": 0, "total_sc_v": 0}