{"c1": 0.019176429370733092, "c2": 0.10538536831286881, "ch1": 0.005092050196298084, "ch2": 0.09349564327055487, "di": 0.7679734276269472, "dj": 0.0, "dk": 7.775221004234502, "vw_i": 1.4209456689039677, "vw_j": 0.9031741066364573, "kt": 5.148468418115952, "train_sc_a": [0.6077338060278137], "train_sc_v": [0.7645349676250274], "val_sc_a": 0, "val_sc_v": 0, "total_sc_a": 0, "total_sc_v": 0}