{"c1": 0.02020072489731633, "c2": 0.10891340880582433, "ch1": -0.3002661731602674, "ch2": 0.08148443515327206, "di": 19.889132569580998, "dj": 24.069135001095766, "dk": 8.27267611036934, "vw_i": 5.315547029360261, "vw_j": -2.2671896556588953, "kt": 0.5209846957115513, "train_sc_a": [1.3130738705724936], "train_sc_v": [3.4332682458287302], "val_sc_a": 0, "val_sc_v": 0, "total_sc_a": 0, "total_sc_v": 0}