{"c1": 0.02039158580273214, "c2": 0.1000076805385257, "ch1": -0.06168692032188472, "ch2": 0.09271698637845084, "di": 16.81765046153398, "dj": 16.00680523922313, "dk": 5.908249177054599, "vw_i": -1.339891772703571, "vw_j": -0.8112502577221713, "kt": 3.602804407865242, "train_sc_a": [0.3112781691788862], "train_sc_v": [0.26588893681620196], "val_sc_a": 0, "val_sc_v": 0, "total_sc_a": 0, "total_sc_v": 0}