{"c1": 0.01987061857299253, "c2": 0.11210281398281517, "ch1": -0.29446865954879475, "ch2": 0.08236131678605667, "di": 23.430854095875027, "dj": 21.770490530948035, "dk": 12.507082956019842, "vw_i": 5.2960981764741515, "vw_j": -2.518657097221289, "kt": 0.8564234857667895, "train_sc_a": [1.2406446652978171], "train_sc_v": [1.6866913203250435], "val_sc_a": 0, "val_sc_v": 0, "total_sc_a": 0, "total_sc_v": 0}