{"c1": 0.02065591105362521, "c2": 0.10533284344406257, "ch1": -0.31935643352292403, "ch2": 0.07997917707467522, "di": 10.614509980997159, "dj": 30.886116946745506, "dk": 7.0125231726085, "vw_i": 4.774315116874043, "vw_j": -2.1577317128453433, "kt": 0.5582713834774772, "train_sc_a": [4.662921003593241], "train_sc_v": [9.400676885114114], "val_sc_a": 0, "val_sc_v": 0, "total_sc_a": 0, "total_sc_v": 0}