{"c1": 0.019237818259453886, "c2": 0.11086677222808042, "ch1": -0.0547890601008437, "ch2": 0.09197143165666426, "di": 8.76015445159685, "dj": 21.714246196165217, "dk": 16.62516027397663, "vw_i": -1.1484485200757142, "vw_j": 0.5081197951463331, "kt": 5.0325109281382545, "train_sc_a": [0.6175223012121729], "train_sc_v": [0.40839562661562023], "val_sc_a": 0, "val_sc_v": 0, "total_sc_a": 0, "total_sc_v": 0}