{"c1": 0.01968070894121556, "c2": 0.11353070838829782, "ch1": -0.29595534098988596, "ch2": 0.08223705810728854, "di": 22.656725561494547, "dj": 22.314966402889358, "dk": 12.478264956293854, "vw_i": 5.203347739638149, "vw_j": -2.491750750810373, "kt": 0.8351359431027815, "train_sc_a": [1.3637892187269403], "train_sc_v": [1.5487692275264733], "val_sc_a": 0, "val_sc_v": 0, "total_sc_a": 0, "total_sc_v": 0}