{"c1": 0.019702389531938275, "c2": 0.1073851811964042, "ch1": -0.07255822267332512, "ch2": 0.09082287636307115, "di": 12.807180000044621, "dj": 16.17680137998422, "dk": 16.57789750946173, "vw_i": 1.7245895052048388, "vw_j": 1.539825870465139, "kt": 5.02023512095254, "train_sc_a": [1.5580440468258394], "train_sc_v": [1.4977587511275712], "val_sc_a": 0, "val_sc_v": 0, "total_sc_a": 0, "total_sc_v": 0}