{"c1": 0.020262431756873273, "c2": 0.10755341103438774, "ch1": -0.17648547181580743, "ch2": 0.08714219001739175, "di": 19.569579206338176, "dj": 17.191118362830156, "dk": 11.051947982900336, "vw_i": -2.3981521509337695, "vw_j": -1.1124419114444148, "kt": 0.9666078743606704, "train_sc_a": [1.4128022573789982], "train_sc_v": [1.0590970122859915], "val_sc_a": 0, "val_sc_v": 0, "total_sc_a": 0, "total_sc_v": 0}