{"c1": 0.01875017556465922, "c2": 0.10861697941423427, "ch1": -0.004322410072955235, "ch2": 0.09273471211234842, "di": 1.734293978628037, "dj": 0.0, "dk": 7.954008330009614, "vw_i": 1.320954686694169, "vw_j": 0.9566936986137166, "kt": 5.120601464578189, "train_sc_a": [0.5765295094060012], "train_sc_v": [0.35774523659441015], "val_sc_a": 0, "val_sc_v": 0, "total_sc_a": 0, "total_sc_v": 0}