{"c1": 0.019653268936795344, "c2": 0.11384242296718768, "ch1": -0.1837299218570544, "ch2": 0.09103122704962827, "di": 37.156101660918935, "dj": 21.877735942991343, "dk": 13.426097319486255, "vw_i": 5.38987082582153, "vw_j": -4.743790851213231, "kt": 0.8856678534736703, "train_sc_a": [2.962330773206968], "train_sc_v": [5.195886917378505], "val_sc_a": 0, "val_sc_v": 0, "total_sc_a": 0, "total_sc_v": 0}