{"c1": 0.01942031666746535, "c2": 0.1063836471726273, "ch1": -0.05664551880051443, "ch2": 0.0897434659085476, "di": 5.668023236328278, "dj": 2.967297123168051, "dk": 9.262179157940857, "vw_i": 1.1437215225394268, "vw_j": 0.39733266847513316, "kt": 4.9900747128826985, "train_sc_a": [2.1886297989680057], "train_sc_v": [2.0149905715483523], "val_sc_a": 0, "val_sc_v": 0, "total_sc_a": 0, "total_sc_v": 0}