{"c1": 0.01885695249560922, "c2": 0.1142881728271311, "ch1": -0.11169987848301725, "ch2": 0.09055111782102467, "di": 14.86865489222398, "dj": 11.166652042281418, "dk": 9.737109403639327, "vw_i": -2.3245378282634848, "vw_j": -1.08028767745323, "kt": 2.258656422176863, "train_sc_a": [1.5758590091646774], "train_sc_v": [1.1079166671267664], "val_sc_a": 0, "val_sc_v": 0, "total_sc_a": 0, "total_sc_v": 0}