{"c1": 0.01908696207867336, "c2": 0.11449775745874402, "ch1": -0.08674901946195115, "ch2": 0.0919299227402418, "di": 13.4095933538181, "dj": 13.006101337169056, "dk": 10.773054482297761, "vw_i": -1.3396838821270616, "vw_j": -1.014072037322423, "kt": 0.7421943443069489, "train_sc_a": [0.8360722736323304], "train_sc_v": [0.35693347567205036], "val_sc_a": 0, "val_sc_v": 0, "total_sc_a": 0, "total_sc_v": 0}