{"c1": 0.01925379425838663, "c2": 0.11791165738862625, "ch1": -0.23780478297823276, "ch2": 0.08809110264938935, "di": 19.727278446761705, "dj": 32.130631022275566, "dk": 17.8834116764709, "vw_i": 3.4996909256230433, "vw_j": -4.396554986878975, "kt": 1.073353841501013, "train_sc_a": [1.3549421573574425], "train_sc_v": [0.529263981390725], "val_sc_a": 0, "val_sc_v": 0, "total_sc_a": 0, "total_sc_v": 0}