{"c1": 0.01823980362504416, "c2": 0.11290749809114634, "ch1": 0.0406541381428242, "ch2": 0.09638726906091387, "di": 2.7604525791988554, "dj": 6.66572279427858, "dk": 9.153819590554898, "vw_i": 1.1590094938063065, "vw_j": 1.4858816910269925, "kt": 5.292831554804915, "train_sc_a": [0.7230271065795039], "train_sc_v": [0.48441730316180437], "val_sc_a": 0, "val_sc_v": 0, "total_sc_a": 0, "total_sc_v": 0}