{"c1": 0.02027067553740244, "c2": 0.10842005202241223, "ch1": -0.07353254565589419, "ch2": 0.09575532350104783, "di": 24.433394388018247, "dj": 21.45603426406627, "dk": 13.669140100218069, "vw_i": -1.6685205923143063, "vw_j": -0.8663204825528721, "kt": 0.534027666933689, "train_sc_a": [1.3866575648012738], "train_sc_v": [2.663407536109215], "val_sc_a": 0, "val_sc_v": 0, "total_sc_a": 0, "total_sc_v": 0}