{"c1": 0.020543432318156526, "c2": 0.10345945658440639, "ch1": -0.10860481479841091, "ch2": 0.09124241751715648, "di": 11.774949726486513, "dj": 15.387298455792003, "dk": 5.786465070449427, "vw_i": -3.4374586785781847, "vw_j": -1.8506920620592162, "kt": 0.8745839936238656, "train_sc_a": [0.4752663494060991], "train_sc_v": [0.7260617054909377], "val_sc_a": 0, "val_sc_v": 0, "total_sc_a": 0, "total_sc_v": 0}