{"c1": 0.018675602305069643, "c2": 0.11803703090716006, "ch1": -0.0985611851463433, "ch2": 0.09209908523606294, "di": 13.70637089867743, "dj": 17.684263714057955, "dk": 8.987359886415305, "vw_i": -1.7362433518148566, "vw_j": -1.9383024368599635, "kt": 0.8587138994239187, "train_sc_a": [1.0693879514175413], "train_sc_v": [0.8343114390258675], "val_sc_a": 0, "val_sc_v": 0, "total_sc_a": 0, "total_sc_v": 0}