{"c1": 0.01903091436982402, "c2": 0.11413225738795552, "ch1": -0.08362219258194335, "ch2": 0.09258361365760512, "di": 14.820205215473752, "dj": 11.416544518146027, "dk": 11.018026480717069, "vw_i": -2.530203570545621, "vw_j": -1.4355854267369204, "kt": 1.0498770189509492, "train_sc_a": [0.4242587790086784], "train_sc_v": [0.12782871250039138], "val_sc_a": 0, "val_sc_v": 0, "total_sc_a": 0, "total_sc_v": 0}