{"c1": 0.020725096230815875, "c2": 0.09859195577070065, "ch1": -0.1343135916246895, "ch2": 0.08565498396105148, "di": 14.651255173077221, "dj": 15.598660599694025, "dk": 10.574435809055634, "vw_i": -1.1609203643065074, "vw_j": 0.17339194556621945, "kt": 4.6372911997395665, "train_sc_a": [1.249908056007936], "train_sc_v": [2.6458463416284386], "val_sc_a": 0, "val_sc_v": 0, "total_sc_a": 0, "total_sc_v": 0}