{"c1": 0.020220064936045837, "c2": 0.10612827476594296, "ch1": -0.13335525190132316, "ch2": 0.08929731031541178, "di": 13.096029708880602, "dj": 11.748320147723113, "dk": 6.937864206733829, "vw_i": -2.9675525758443415, "vw_j": -1.8169133208817305, "kt": 0.9334731688737734, "train_sc_a": [1.1158062103859223], "train_sc_v": [1.1469471364816253], "val_sc_a": 0, "val_sc_v": 0, "total_sc_a": 0, "total_sc_v": 0}