{"c1": 0.02103370509549619, "c2": 0.10139765053114698, "ch1": -0.25105943399097214, "ch2": 0.08499493803366218, "di": 25.31452021420359, "dj": 26.76012866835251, "dk": 3.7701367320175914, "vw_i": 5.577152929352662, "vw_j": -0.730282157693438, "kt": 0.16660190919621468, "train_sc_a": [2.076904555937586], "train_sc_v": [1.9900510566607992], "val_sc_a": 0, "val_sc_v": 0, "total_sc_a": 0, "total_sc_v": 0}