{"c1": 0.019641770679246377, "c2": 0.10953647786413985, "ch1": -0.08336729508801968, "ch2": 0.09348970667556844, "di": 17.85103189941538, "dj": 12.320533747968424, "dk": 12.803289628971829, "vw_i": -0.25194005438092093, "vw_j": -0.3442925923205058, "kt": 1.6878413646014803, "train_sc_a": [0.8789250085299972], "train_sc_v": [1.1721325440202444], "val_sc_a": 0, "val_sc_v": 0, "total_sc_a": 0, "total_sc_v": 0}