{"c1": 0.020354538658364927, "c2": 0.10762657310007864, "ch1": -0.11690056813086361, "ch2": 0.09204625774912824, "di": 24.49221601063472, "dj": 17.76391387672235, "dk": 11.83443307316902, "vw_i": -4.018378604643847, "vw_j": -1.2146998311092507, "kt": 0.47293504174595785, "train_sc_a": [1.0407281717775578], "train_sc_v": [0.7147749475070179], "val_sc_a": 0, "val_sc_v": 0, "total_sc_a": 0, "total_sc_v": 0}