{"c1": 0.02029384522447216, "c2": 0.10066622312972445, "ch1": -0.14729636305667027, "ch2": 0.08416518836976053, "di": 16.990135770166766, "dj": 11.241025747488308, "dk": 4.543832133451822, "vw_i": 0.27932690500595925, "vw_j": 0.07587308632371867, "kt": 3.6498829454177484, "train_sc_a": [2.5352658161259254], "train_sc_v": [2.1341131417079624], "val_sc_a": 0, "val_sc_v": 0, "total_sc_a": 0, "total_sc_v": 0}