{"c1": 0.018449137531847522, "c2": 0.12021287734438663, "ch1": 0.04601564237376967, "ch2": 0.1042176710061319, "di": 20.800973669268913, "dj": 26.650517138917916, "dk": 10.866965478212173, "vw_i": 1.3158593941513628, "vw_j": 1.465112796457245, "kt": 1.2562991130838874, "train_sc_a": [1.198432284756134], "train_sc_v": [0.7111913248613877], "val_sc_a": 0, "val_sc_v": 0, "total_sc_a": 0, "total_sc_v": 0}