{"c1": 0.018856203667336223, "c2": 0.11544517770051921, "ch1": -0.055212924127244406, "ch2": 0.09454355316058395, "di": 16.84996055122736, "dj": 12.01861630859405, "dk": 11.417940159843026, "vw_i": -3.2866745362537193, "vw_j": -1.66057138554346, "kt": 1.3125685203346906, "train_sc_a": [1.3543195589878203], "train_sc_v": [1.6079733765105242], "val_sc_a": 0, "val_sc_v": 0, "total_sc_a": 0, "total_sc_v": 0}