{"c1": 0.019055614443542094, "c2": 0.11685300095595047, "ch1": 0.009402739224741179, "ch2": 0.09567576274047518, "di": 1.124927158745358, "dj": 0.14760682868418806, "dk": 0.0, "vw_i": -1.137906669645451, "vw_j": -0.15519061836770925, "kt": 9.792591986229736, "train_sc_a": [0.9335233668539246], "train_sc_v": [0.009959419427714196], "val_sc_a": 0, "val_sc_v": 0, "total_sc_a": 0, "total_sc_v": 0}