{"c1": 0.016834332875220317, "c2": 0.18249036720094203, "ch1": -0.3170849635728361, "ch2": 0.07122723654490862, "di": 3.2964386706487407, "dj": 0.1844152197794312, "dk": 2.2778025867180975, "vw_i": -1.0047126744612502, "vw_j": 0.7323241924320817, "kt": 9.859100399567787, "train_sc_a": [10.27294618665993], "train_sc_v": [0.04159297195555509], "val_sc_a": 0, "val_sc_v": 0, "total_sc_a": 0, "total_sc_v": 0}