{"c1": 0.018812241316207085, "c2": 0.10979399639659189, "ch1": 0.0035787362755175522, "ch2": 0.09360587309902953, "di": 0.3301293693365139, "dj": 0.4446765447321247, "dk": 0.866574805377975, "vw_i": -0.5847202405308228, "vw_j": -0.008514277788688785, "kt": 8.77729195690549, "train_sc_a": [1.0627142249599975], "train_sc_v": [0.00919413436284675], "val_sc_a": 0, "val_sc_v": 0, "total_sc_a": 0, "total_sc_v": 0}