{"c1": 0.019294049405239683, "c2": 0.10212140563400557, "ch1": 0.007686332294719103, "ch2": 0.09256113519810721, "di": 0.14356905490418362, "dj": 0.007927546784416168, "dk": 0.0, "vw_i": -1.266811964445731, "vw_j": -0.27287972799439614, "kt": 6.128804856053482, "train_sc_a": [0.4301650812971581], "train_sc_v": [0.0024745716463406794], "val_sc_a": 0, "val_sc_v": 0, "total_sc_a": 0, "total_sc_v": 0}