{"c1": 0.019630718857950553, "c2": 0.10996874122579095, "ch1": 0.009278632290563296, "ch2": 0.09453571684160167, "di": 1.0300612513385015, "dj": 0.12710704685651414, "dk": 1.6935988929755392, "vw_i": -1.3960139114786096, "vw_j": -0.3996211429170916, "kt": 9.430504608455253, "train_sc_a": [1.0648796695354454], "train_sc_v": [0.009859603798847679], "val_sc_a": 0, "val_sc_v": 0, "total_sc_a": 0, "total_sc_v": 0}