{"c1": 0.019469142731420058, "c2": 0.11103884364984076, "ch1": 0.016729195910538536, "ch2": 0.09656286213498452, "di": 0.8038641482217618, "dj": 0.5538747021000463, "dk": 0.0, "vw_i": -1.3570287521422741, "vw_j": -0.37666051125642525, "kt": 9.950159367712724, "train_sc_a": [0.5258492738137548], "train_sc_v": [0.005154240679014658], "val_sc_a": 0, "val_sc_v": 0, "total_sc_a": 0, "total_sc_v": 0}