{"c1": 0.01962250494136357, "c2": 0.1064970669138115, "ch1": -0.0008433993066791179, "ch2": 0.09365558291966446, "di": 0.5795259556313156, "dj": 0.05073088952732798, "dk": 0.0, "vw_i": -0.9553550711205837, "vw_j": -0.0579701796623051, "kt": 9.166160938089764, "train_sc_a": [0.412366928796469], "train_sc_v": [0.0026426920230315973], "val_sc_a": 0, "val_sc_v": 0, "total_sc_a": 0, "total_sc_v": 0}