{"c1": 0.019697203331357466, "c2": 0.1074664254136458, "ch1": 0.0008666341530494739, "ch2": 0.09551620626970342, "di": 0.6985597105051926, "dj": 0.24856122775855177, "dk": 0.0, "vw_i": -1.6462546306310932, "vw_j": -0.6723551027604789, "kt": 10.083506252910531, "train_sc_a": [0.40014721954646887], "train_sc_v": [0.0027125960232696686], "val_sc_a": 0, "val_sc_v": 0, "total_sc_a": 0, "total_sc_v": 0}