{"c1": 0.01911399608529204, "c2": 0.10939205919768034, "ch1": 0.00866493855452528, "ch2": 0.09321452427154582, "di": 0.24884217199980888, "dj": 0.1759824205478062, "dk": 1.2417928778981286, "vw_i": -1.2421003922456217, "vw_j": -0.2900431358629699, "kt": 8.804147829332292, "train_sc_a": [1.0187662880201558], "train_sc_v": [0.009432749050552348], "val_sc_a": 0, "val_sc_v": 0, "total_sc_a": 0, "total_sc_v": 0}