{"c1": 0.026670847551940494, "c2": 0.055770116227747725, "ch1": 0.10127369976435595, "ch2": 0.10322737418442257, "di": 0.7274154055227016, "dj": 9.332194912798501, "dk": 0.0, "vw_i": -1.5643708915493748, "vw_j": -0.6385678380768558, "kt": 10.066675210736182, "train_sc_a": [9.570899916863466], "train_sc_v": [0.038999650274073365], "val_sc_a": 0, "val_sc_v": 0, "total_sc_a": 0, "total_sc_v": 0}