{"c1": 0.018755057808260988, "c2": 0.11606921349136515, "ch1": 0.0009520538086219849, "ch2": 0.0940735926470501, "di": 2.3625712829548227, "dj": 0.6365277722538442, "dk": 0.056429562855366225, "vw_i": -1.5078077177602367, "vw_j": -0.2891248510108885, "kt": 9.380707967049176, "train_sc_a": [0.40367739709038925], "train_sc_v": [0.005200359723414828], "val_sc_a": 0, "val_sc_v": 0, "total_sc_a": 0, "total_sc_v": 0}