{"c1": 0.019545352183302483, "c2": 0.10909490960062532, "ch1": 0.00904484184678878, "ch2": 0.09521751538866213, "di": 0.23640619809850127, "dj": 0.0, "dk": 0.08070786638701277, "vw_i": -1.4357403191663234, "vw_j": -0.4318784657958148, "kt": 9.607165003937393, "train_sc_a": [0.5009046310786641], "train_sc_v": [0.00597045886854023], "val_sc_a": 0, "val_sc_v": 0, "total_sc_a": 0, "total_sc_v": 0}