{"c1": 0.019435346703709534, "c2": 0.11145091682156072, "ch1": 0.009534116511899764, "ch2": 0.09539349176515056, "di": 0.4257935963174668, "dj": 0.18542312021334736, "dk": 1.2794173263246393, "vw_i": -1.3754269142196383, "vw_j": -0.4170679241226334, "kt": 9.67869541970208, "train_sc_a": [0.6805703227382812], "train_sc_v": [0.007630865507508711], "val_sc_a": 0, "val_sc_v": 0, "total_sc_a": 0, "total_sc_v": 0}