{"c1": 0.02222703058512037, "c2": 0.08697130072661607, "ch1": -0.13746497935795754, "ch2": 0.08481941252407105, "di": 1.7990264533609877, "dj": 0.3872001756412107, "dk": 43.21121772807299, "vw_i": -0.685635632703928, "vw_j": 0.19465346939787753, "kt": 10.025027689061638, "train_sc_a": [18.663565190652374], "train_sc_v": [0.07389334762127726], "val_sc_a": 0, "val_sc_v": 0, "total_sc_a": 0, "total_sc_v": 0}