{"c1": 0.019052213624621048, "c2": 0.1126372291454461, "ch1": 0.015012900830916503, "ch2": 0.09560380887143367, "di": 0.12018499051156542, "dj": 0.0, "dk": 0.22221785632400326, "vw_i": -1.4934220941358283, "vw_j": -0.46420953152093486, "kt": 9.613351252378534, "train_sc_a": [1.0050860640900154], "train_sc_v": [0.01010339729676252], "val_sc_a": 0, "val_sc_v": 0, "total_sc_a": 0, "total_sc_v": 0}