{"c1": 0.019577918139781183, "c2": 0.11045554778081482, "ch1": 0.010668245312015667, "ch2": 0.09473119697577251, "di": 0.7631762002954684, "dj": 0.498849629076339, "dk": 1.8402140931301898, "vw_i": -1.3861528421910791, "vw_j": -0.39064202167914946, "kt": 9.44223786602698, "train_sc_a": [1.168920155060557], "train_sc_v": [0.01060631245754894], "val_sc_a": 0, "val_sc_v": 0, "total_sc_a": 0, "total_sc_v": 0}