{"c1": 0.018799281482559875, "c2": 0.11161484096864444, "ch1": 0.010633989266211544, "ch2": 0.09310203958541595, "di": 1.0739082496893102, "dj": 0.20389695511748795, "dk": 0.0, "vw_i": -1.4111956117770965, "vw_j": -0.1702859226671803, "kt": 8.42503757980036, "train_sc_a": [0.7639877672535658], "train_sc_v": [0.0075254895836884], "val_sc_a": 0, "val_sc_v": 0, "total_sc_a": 0, "total_sc_v": 0}