{"c1": 0.018616391217194144, "c2": 0.11310601300931736, "ch1": 0.007709664209062154, "ch2": 0.09265235769213871, "di": 1.1069757213082942, "dj": 0.20626972528405302, "dk": 0.0, "vw_i": -1.4912349459559182, "vw_j": -0.21334959024042566, "kt": 8.408053272738714, "train_sc_a": [0.9622415014859523], "train_sc_v": [0.009843728150342134], "val_sc_a": 0, "val_sc_v": 0, "total_sc_a": 0, "total_sc_v": 0}