{"c1": 0.018882232806201067, "c2": 0.11100400524651542, "ch1": 0.009633810995788127, "ch2": 0.09304450276888025, "di": 0.9910232818040295, "dj": 0.26210192382126624, "dk": 0.0, "vw_i": -1.3967557785489606, "vw_j": -0.1839327330038688, "kt": 8.451539771129736, "train_sc_a": [0.7335779463779502], "train_sc_v": [0.0075191488810108864], "val_sc_a": 0, "val_sc_v": 0, "total_sc_a": 0, "total_sc_v": 0}