{"c1": 0.019017664901183787, "c2": 0.09874121702841976, "ch1": 0.0017320299639904408, "ch2": 0.09206158917045476, "di": 0.0, "dj": 0.137745526453456, "dk": 0.0, "vw_i": -1.4780467419548182, "vw_j": -0.362586523444825, "kt": 8.346837302822976, "train_sc_a": [0.39636276042287366], "train_sc_v": [0.002592554554360328], "val_sc_a": 0, "val_sc_v": 0, "total_sc_a": 0, "total_sc_v": 0}