{"c1": 0.01891718133835703, "c2": 0.10488782946728299, "ch1": 0.013194096051849347, "ch2": 0.09294798802359502, "di": 0.2935759177700035, "dj": 0.7349019283934712, "dk": 0.268701393518654, "vw_i": -1.5158456728021819, "vw_j": -0.3471900521394812, "kt": 8.359444359619328, "train_sc_a": [0.8993742010801681], "train_sc_v": [0.006396552016019611], "val_sc_a": 0, "val_sc_v": 0, "total_sc_a": 0, "total_sc_v": 0}