{"c1": 0.019682775419182376, "c2": 0.10722978268890218, "ch1": -0.0007696698853614745, "ch2": 0.09362656289710017, "di": 0.4867487357712392, "dj": 0.1131960511780928, "dk": 0.0, "vw_i": -0.787261082192541, "vw_j": -0.007257690322310783, "kt": 9.034328345448843, "train_sc_a": [0.4174620596252696], "train_sc_v": [0.0026408840620804888], "val_sc_a": 0, "val_sc_v": 0, "total_sc_a": 0, "total_sc_v": 0}