{"c1": 0.019098378943955142, "c2": 0.11198281948139616, "ch1": 0.01032167112562326, "ch2": 0.0944201714904864, "di": 0.25615333758766207, "dj": 0.387374232060945, "dk": 0.49682318635823014, "vw_i": -0.5682207684751286, "vw_j": 0.08594806187052738, "kt": 8.873708325216018, "train_sc_a": [0.5304561423653109], "train_sc_v": [0.007279017476550102], "val_sc_a": 0, "val_sc_v": 0, "total_sc_a": 0, "total_sc_v": 0}