{"c1": 0.015127021591460421, "c2": 0.11670659462045421, "ch1": -0.16114916082384026, "ch2": 0.08509133779447457, "di": 0.43639279345741544, "dj": 0.08932281105169469, "dk": 1.0759788131916592, "vw_i": 6.647300100080046, "vw_j": 2.81045628344092, "kt": 7.747884276126035, "train_sc_a": [15.618818862105266], "train_sc_v": [0.06360256460684421], "val_sc_a": 0, "val_sc_v": 0, "total_sc_a": 0, "total_sc_v": 0}