{"c1": 0.018967050567041586, "c2": 0.1179392843649306, "ch1": 0.0014355888371092862, "ch2": 0.09489225817956866, "di": 0.6977750387185709, "dj": 0.7678823878611709, "dk": 0.7134386551071381, "vw_i": -1.3320338275719017, "vw_j": -0.35565921364988823, "kt": 9.774027214845697, "train_sc_a": [0.43176863850075786], "train_sc_v": [0.00529912322743914], "val_sc_a": 0, "val_sc_v": 0, "total_sc_a": 0, "total_sc_v": 0}