{"c1": 0.018963129102374, "c2": 0.105741969860078, "ch1": 0.015146006913128927, "ch2": 0.0929659463783308, "di": 0.894541224358495, "dj": 0.06699488648862091, "dk": 0.3921398205402886, "vw_i": 0.13774633548422371, "vw_j": 0.13642788288578298, "kt": 5.060312582803575, "train_sc_a": [0.6706526131409025], "train_sc_v": [0.006077148409695858], "val_sc_a": 0, "val_sc_v": 0, "total_sc_a": 0, "total_sc_v": 0}