{"c1": 0.019113332981602178, "c2": 0.10939995251062268, "ch1": 0.008762484110934131, "ch2": 0.09323391638778401, "di": 0.24817370366380262, "dj": 0.20532060045773728, "dk": 1.3010547048030117, "vw_i": -1.240920251619424, "vw_j": -0.2887445713714177, "kt": 8.8069000298383, "train_sc_a": [1.017563906660635], "train_sc_v": [0.00947667583505552], "val_sc_a": 0, "val_sc_v": 0, "total_sc_a": 0, "total_sc_v": 0}