{"c1": 0.01922196652034381, "c2": 0.11474157234633953, "ch1": -0.0016302303805881338, "ch2": 0.09466360557067056, "di": 0.3631756857501753, "dj": 0.2105710518330047, "dk": 0.6789828500241876, "vw_i": -1.3172414649142028, "vw_j": -0.40230614658652863, "kt": 9.768037224133792, "train_sc_a": [0.601628235227547], "train_sc_v": [0.005732337656293847], "val_sc_a": 0, "val_sc_v": 0, "total_sc_a": 0, "total_sc_v": 0}