{"c1": 0.01964390979687434, "c2": 0.10833144556730814, "ch1": 0.011298870225763334, "ch2": 0.09544040760402885, "di": 0.5597749875358465, "dj": 0.0, "dk": 0.0, "vw_i": -1.4486356032717072, "vw_j": -0.4082971443578962, "kt": 9.608625378431611, "train_sc_a": [0.8406186680036306], "train_sc_v": [0.008105271544754641], "val_sc_a": 0, "val_sc_v": 0, "total_sc_a": 0, "total_sc_v": 0}