{"c1": 0.019371058746976907, "c2": 0.1112687837665318, "ch1": 0.004482596843222863, "ch2": 0.09405046292498823, "di": 1.9340875602792291, "dj": 1.469728808535543, "dk": 0.0, "vw_i": -1.3805809569016367, "vw_j": -0.32402720706100585, "kt": 9.405168631475362, "train_sc_a": [0.6020824832788136], "train_sc_v": [0.00599832184805523], "val_sc_a": 0, "val_sc_v": 0, "total_sc_a": 0, "total_sc_v": 0}