{"c1": 0.019917990256999914, "c2": 0.110186575406412, "ch1": 0.009109716507579826, "ch2": 0.09570907268640744, "di": 1.0976573854234568, "dj": 0.1420206098732725, "dk": 0.0, "vw_i": -1.1411517815247498, "vw_j": -0.16644917219656402, "kt": 9.803229803620264, "train_sc_a": [0.4077598944278459], "train_sc_v": [0.0027073204048572467], "val_sc_a": 0, "val_sc_v": 0, "total_sc_a": 0, "total_sc_v": 0}