{"c1": 0.018879679897284743, "c2": 0.11504781102946349, "ch1": -0.007295984379713511, "ch2": 0.09332055126701126, "di": 2.2599124373425425, "dj": 0.8449003727124331, "dk": 0.0, "vw_i": -1.4385836809996912, "vw_j": -0.31221398528511557, "kt": 9.38920446073013, "train_sc_a": [0.5668850076186837], "train_sc_v": [0.007315993258891476], "val_sc_a": 0, "val_sc_v": 0, "total_sc_a": 0, "total_sc_v": 0}