{"c1": 0.019274544698722237, "c2": 0.10735621027161167, "ch1": 0.22359479942382746, "ch2": 0.11131577580523358, "di": 1.153405960979939, "dj": 44.71576371866514, "dk": 0.3972946969067142, "vw_i": -1.3185825008551808, "vw_j": -0.11126549026745412, "kt": 8.396206100451439, "train_sc_a": [73.03479068795465], "train_sc_v": [0.29660616645213134], "val_sc_a": 0, "val_sc_v": 0, "total_sc_a": 0, "total_sc_v": 0}