{"c1": 0.019070407791163358, "c2": 0.10940126828815773, "ch1": 0.007835196734660427, "ch2": 0.09340045499677513, "di": 0.22425860690504731, "dj": 0.11629165536898586, "dk": 1.4008443739595098, "vw_i": -1.12535513362702, "vw_j": -0.23344380129013378, "kt": 8.829699160037519, "train_sc_a": [1.1453931058921085], "train_sc_v": [0.010115481478087343], "val_sc_a": 0, "val_sc_v": 0, "total_sc_a": 0, "total_sc_v": 0}