{"c1": 0.018758117005523472, "c2": 0.11191805697580448, "ch1": 0.010494393997873481, "ch2": 0.09308097085299093, "di": 1.0951744106347643, "dj": 0.08204842440789233, "dk": 0.0, "vw_i": -1.4183368549426523, "vw_j": -0.16373430775609352, "kt": 8.412097814149243, "train_sc_a": [0.943264217335916], "train_sc_v": [0.009934063009192725], "val_sc_a": 0, "val_sc_v": 0, "total_sc_a": 0, "total_sc_v": 0}