{"c1": 0.018942482580692695, "c2": 0.11353906180887106, "ch1": 0.013124022388189428, "ch2": 0.09550468961540261, "di": 0.11085251224820154, "dj": 0.0, "dk": 0.08127271019840634, "vw_i": -1.4731871240183136, "vw_j": -0.4478912466872904, "kt": 9.605672313692063, "train_sc_a": 0.0, "train_sc_v": 0.0, "val_sc_a": [0.6472260498935983], "val_sc_v": [5.8448898703697513e-05], "total_sc_a": [0.827753463379455], "total_sc_v": [0.007271309837702756]}