{"c1": 0.019853351529704286, "c2": 0.10980482972120882, "ch1": 0.007257540871484098, "ch2": 0.09556974303993167, "di": 0.9948338157833864, "dj": 0.19397575928054314, "dk": 0.0, "vw_i": -1.1957400431570862, "vw_j": -0.2329305746173918, "kt": 9.860836698901736, "train_sc_a": [0.40532197403304127], "train_sc_v": [0.0027025983264156632], "val_sc_a": 0, "val_sc_v": 0, "total_sc_a": 0, "total_sc_v": 0}