{"c1": 0.0179254339839715, "c2": 0.17403784398655842, "ch1": -0.35212526313220466, "ch2": 0.06733954801016383, "di": 2.722067678635714, "dj": 0.9465663231582335, "dk": 2.720704799404033, "vw_i": -0.7946256384031802, "vw_j": 0.4957899619648928, "kt": 9.44134895376567, "train_sc_a": [10.200685966609715], "train_sc_v": [0.04135794821413058], "val_sc_a": 0, "val_sc_v": 0, "total_sc_a": 0, "total_sc_v": 0}