{"c1": 0.019622901417663947, "c2": 0.11004081564649904, "ch1": 0.009484372234892279, "ch2": 0.09456465876377775, "di": 0.9905474336812355, "dj": 0.1821456057861669, "dk": 1.7153060896208854, "vw_i": -1.3945539252702763, "vw_j": -0.39829173402763934, "kt": 9.432241782562246, "train_sc_a": [1.0614665083640569], "train_sc_v": [0.009939957256290894], "val_sc_a": 0, "val_sc_v": 0, "total_sc_a": 0, "total_sc_v": 0}