{"c1": 0.019111005782099007, "c2": 0.10935916946164742, "ch1": 0.007702326265484578, "ch2": 0.09299896649983536, "di": 0.4821990636489735, "dj": 0.3264338692658253, "dk": 0.5875102090244659, "vw_i": -1.3099069926787263, "vw_j": -0.251673818351885, "kt": 8.633160234718394, "train_sc_a": [0.6869499904486411], "train_sc_v": [0.007503601929727609], "val_sc_a": 0, "val_sc_v": 0, "total_sc_a": 0, "total_sc_v": 0}