{"c1": 0.019126162032835778, "c2": 0.10929798067969132, "ch1": 0.01022441103755703, "ch2": 0.09351793487450469, "di": 0.22125931134913296, "dj": 0.11667295899676784, "dk": 1.405437541371685, "vw_i": -1.235250151865191, "vw_j": -0.276480504356037, "kt": 8.844994585194447, "train_sc_a": [1.1585779712078226], "train_sc_v": [0.010161056090679105], "val_sc_a": 0, "val_sc_v": 0, "total_sc_a": 0, "total_sc_v": 0}