{"c1": 0.019405614426436433, "c2": 0.11170546030808898, "ch1": 0.009642656220444358, "ch2": 0.09496981269957135, "di": 0.008918689823211694, "dj": 0.14351084633155525, "dk": 1.5320548123752054, "vw_i": -1.3649435825712675, "vw_j": -0.3637242797144977, "kt": 9.486691111559137, "train_sc_a": [0.6068508042329845], "train_sc_v": [0.003217735117518688], "val_sc_a": 0, "val_sc_v": 0, "total_sc_a": 0, "total_sc_v": 0}