{"c1": 0.019170869245551975, "c2": 0.113324292401855, "ch1": 0.012477588845940815, "ch2": 0.09617722188202948, "di": 0.8378197216907395, "dj": 0.0, "dk": 0.21317282752432026, "vw_i": -1.366447170944104, "vw_j": -0.38476390633246227, "kt": 9.954644354087039, "train_sc_a": [0.9798167007807405], "train_sc_v": [0.010127209607786382], "val_sc_a": 0, "val_sc_v": 0, "total_sc_a": 0, "total_sc_v": 0}