{"c1": 0.019735934634937474, "c2": 0.10804588378754527, "ch1": 0.00647288539776249, "ch2": 0.09471087627554134, "di": 0.0, "dj": 0.07352324682024362, "dk": 0.0, "vw_i": -1.3385533285425488, "vw_j": -0.33060025518455494, "kt": 9.55601273497736, "train_sc_a": [0.40214814871921983], "train_sc_v": [0.0026910705835661063], "val_sc_a": 0, "val_sc_v": 0, "total_sc_a": 0, "total_sc_v": 0}