{"c1": 0.019111291896716027, "c2": 0.109424248743617, "ch1": 0.009062736943095907, "ch2": 0.09329360683434543, "di": 0.2461161059783161, "dj": 0.29562580689386775, "dk": 1.4834672310352925, "vw_i": -1.2372876867091391, "vw_j": -0.28474748856531773, "kt": 8.81537151769513, "train_sc_a": [1.028789345761023], "train_sc_v": [0.009636061437241588], "val_sc_a": 0, "val_sc_v": 0, "total_sc_a": 0, "total_sc_v": 0}