{"c1": 0.019613912635023992, "c2": 0.11016150784605445, "ch1": 0.009385622112531116, "ch2": 0.0945726233901744, "di": 0.9530086875928675, "dj": 0.18070654054207305, "dk": 1.8272400770354364, "vw_i": -1.3917338340433358, "vw_j": -0.3960736700731545, "kt": 9.434668957932843, "train_sc_a": [1.057301742488923], "train_sc_v": [0.009902780744874553], "val_sc_a": 0, "val_sc_v": 0, "total_sc_a": 0, "total_sc_v": 0}