{"c1": 0.018855477968968932, "c2": 0.13604613096700977, "ch1": -0.0066226384393792415, "ch2": 0.0952881174709129, "di": 0.9893828836245363, "dj": 0.16045412349994687, "dk": 47.74302764318979, "vw_i": -0.6953324930484321, "vw_j": 0.06303967131031672, "kt": 9.805708132629999, "train_sc_a": [19.422167869636436], "train_sc_v": [0.07745892051039935], "val_sc_a": 0, "val_sc_v": 0, "total_sc_a": 0, "total_sc_v": 0}