{"c1": 0.019574134510417056, "c2": 0.10918324967002885, "ch1": 0.0107329129228484, "ch2": 0.09507173880327985, "di": 0.030035685113924827, "dj": 0.43230934889428413, "dk": 0.0, "vw_i": -1.3935176736405588, "vw_j": -0.3731699100292649, "kt": 9.574156351738129, "train_sc_a": [0.47968236328966746], "train_sc_v": [0.005241200084506701], "val_sc_a": 0, "val_sc_v": 0, "total_sc_a": 0, "total_sc_v": 0}