{"c1": 0.019703362281715032, "c2": 0.10915041230831071, "ch1": 0.00854049628927534, "ch2": 0.09593666643784099, "di": 0.7719739649214503, "dj": 0.0, "dk": 0.0, "vw_i": -1.358873899834072, "vw_j": -0.39848181590632914, "kt": 9.959353658017838, "train_sc_a": [0.5089441440856534], "train_sc_v": [0.005456617880016669], "val_sc_a": 0, "val_sc_v": 0, "total_sc_a": 0, "total_sc_v": 0}