{"c1": 0.026907555585919587, "c2": 0.05359316851307261, "ch1": -0.019521875840662208, "ch2": 0.09228044039079782, "di": 0.4243116824843834, "dj": 0.28302300161575217, "dk": 0.0, "vw_i": -0.9755279564027435, "vw_j": -0.14064452243086478, "kt": 9.03452174948531, "train_sc_a": [8.52655188161318], "train_sc_v": [0.03440641941392337], "val_sc_a": 0, "val_sc_v": 0, "total_sc_a": 0, "total_sc_v": 0}