{"c1": 0.018815219888502693, "c2": 0.11599983081696948, "ch1": -0.004988847219330029, "ch2": 0.09361136559278405, "di": 1.5853754581379442, "dj": 1.55158451488694, "dk": 0.27181466007858573, "vw_i": -1.4906601659086038, "vw_j": -0.3606543822960048, "kt": 9.364626105697708, "train_sc_a": [0.4334893729145016], "train_sc_v": [0.005301386079476279], "val_sc_a": 0, "val_sc_v": 0, "total_sc_a": 0, "total_sc_v": 0}