{"c1": 0.01895107164971954, "c2": 0.11444669089453995, "ch1": -0.00849618058743311, "ch2": 0.09316430047646672, "di": 2.0326717890850277, "dj": 1.0737062605920593, "dk": 0.0, "vw_i": -1.4038505022474304, "vw_j": -0.3229605046038319, "kt": 9.396091430351401, "train_sc_a": [0.5371105657784325], "train_sc_v": [0.007248411436646597], "val_sc_a": 0, "val_sc_v": 0, "total_sc_a": 0, "total_sc_v": 0}