{"c1": 0.01890768631921799, "c2": 0.11481374128572847, "ch1": -0.007704891542792714, "ch2": 0.09327124783082123, "di": 2.1681129179293515, "dj": 0.9781108778024177, "dk": 0.0, "vw_i": -1.425259177333288, "vw_j": -0.31681550675440234, "kt": 9.391696650504468, "train_sc_a": [0.5498157100678637], "train_sc_v": [0.007239307858011738], "val_sc_a": 0, "val_sc_v": 0, "total_sc_a": 0, "total_sc_v": 0}