{"c1": 0.019359524872999946, "c2": 0.1027415071365335, "ch1": 0.013240543612616121, "ch2": 0.09299908057750896, "di": 0.25409043963802763, "dj": 0.0, "dk": 0.8021228265849232, "vw_i": -1.2571021999468304, "vw_j": -0.2512463947879494, "kt": 5.678462506548697, "train_sc_a": [0.45356754752596823], "train_sc_v": [0.002500018910428235], "val_sc_a": 0, "val_sc_v": 0, "total_sc_a": 0, "total_sc_v": 0}