{"c1": 0.019810483313133082, "c2": 0.11115117535964258, "ch1": 0.009510434915702049, "ch2": 0.0957391381946022, "di": 1.1143055346274422, "dj": 0.13498756813887408, "dk": 0.0, "vw_i": -1.1330089649746529, "vw_j": -0.15434779601629184, "kt": 9.794371897470006, "train_sc_a": [0.42199400654858554], "train_sc_v": [0.0027269984634058385], "val_sc_a": 0, "val_sc_v": 0, "total_sc_a": 0, "total_sc_v": 0}