{"c1": 0.01927940911075446, "c2": 0.11113687943777745, "ch1": 0.008050262190423589, "ch2": 0.09494370554678247, "di": 0.11615002885690448, "dj": 0.2542985873106803, "dk": 0.5437760853546606, "vw_i": -1.5174675709162455, "vw_j": -0.48008967915363, "kt": 9.624582152287626, "train_sc_a": [1.0592697548787633], "train_sc_v": [0.010363609066127448], "val_sc_a": 0, "val_sc_v": 0, "total_sc_a": 0, "total_sc_v": 0}