{"c1": 0.018854524463003616, "c2": 0.11564617476008915, "ch1": -0.006333300512789015, "ch2": 0.09350614420279262, "di": 1.346319936354615, "dj": 1.7861248566049939, "dk": 0.3079916277379642, "vw_i": -1.490078829428121, "vw_j": -0.37853136039436913, "kt": 9.360576630751561, "train_sc_a": [0.451632807188298], "train_sc_v": [0.0053579351324625915], "val_sc_a": 0, "val_sc_v": 0, "total_sc_a": 0, "total_sc_v": 0}