{"c1": 0.01928640697364666, "c2": 0.10288898162340682, "ch1": 0.004217599404097589, "ch2": 0.09551064380031239, "di": 1.0401826032508346, "dj": 0.4302022340979812, "dk": 0.1354959844237584, "vw_i": -1.789898301825443, "vw_j": -0.29119275135638745, "kt": 10.534071806776572, "train_sc_a": [1.3184378977648397], "train_sc_v": [0.010826794832310407], "val_sc_a": 0, "val_sc_v": 0, "total_sc_a": 0, "total_sc_v": 0}