{"c1": 0.019687007356225465, "c2": 0.10885987765506991, "ch1": 0.004627078302037454, "ch2": 0.09404291895541891, "di": 1.7786487655821286, "dj": 0.8396083360558135, "dk": 0.0, "vw_i": -1.3595307403911252, "vw_j": -0.3367539775415239, "kt": 9.408490526785448, "train_sc_a": [0.49086616143424266], "train_sc_v": [0.006039560720353887], "val_sc_a": 0, "val_sc_v": 0, "total_sc_a": 0, "total_sc_v": 0}