{"c1": 0.01888744665066562, "c2": 0.11498793679726896, "ch1": -0.009999877599188077, "ch2": 0.09307560025969448, "di": 2.3552841293331173, "dj": 0.6345644555512495, "dk": 0.05625551058600213, "vw_i": -1.4320587376811593, "vw_j": -0.3139983353932551, "kt": 9.389385978937787, "train_sc_a": [0.6523731012232507], "train_sc_v": [0.007755901735982867], "val_sc_a": 0, "val_sc_v": 0, "total_sc_a": 0, "total_sc_v": 0}