{"c1": 0.019817752665639704, "c2": 0.10658161779224949, "ch1": -0.0017784067165047025, "ch2": 0.09531278125975523, "di": 0.6938486603862882, "dj": 0.3104659525069885, "dk": 0.0, "vw_i": -1.6347130654858426, "vw_j": -0.6669366171267089, "kt": 10.080787472785582, "train_sc_a": [0.41951876038856417], "train_sc_v": [0.002757577466487688], "val_sc_a": 0, "val_sc_v": 0, "total_sc_a": 0, "total_sc_v": 0}