{"c1": 0.019788004363364226, "c2": 0.10906256737049953, "ch1": 0.005428117319744805, "ch2": 0.09543209450547717, "di": 0.8634305270359882, "dj": 0.27268464112968904, "dk": 0.0, "vw_i": -1.2714163208916598, "vw_j": -0.31490700048474085, "kt": 9.941842145809336, "train_sc_a": [0.403003157293573], "train_sc_v": [0.0027026882259189172], "val_sc_a": 0, "val_sc_v": 0, "total_sc_a": 0, "total_sc_v": 0}