{"c1": 0.019769127278080504, "c2": 0.1080597271980321, "ch1": 0.006401768367834186, "ch2": 0.09470872525772181, "di": 0.0, "dj": 0.0764023619952193, "dk": 0.0, "vw_i": -1.3331067268827532, "vw_j": -0.33494897914065147, "kt": 9.53485543679874, "train_sc_a": [0.40292810758400177], "train_sc_v": [0.0026938305565832312], "val_sc_a": 0, "val_sc_v": 0, "total_sc_a": 0, "total_sc_v": 0}