{"c1": 0.01969566831016006, "c2": 0.1087987189040639, "ch1": 0.004090934016451835, "ch2": 0.09399618569328445, "di": 1.8457489619732246, "dj": 0.9181671042014881, "dk": 0.0, "vw_i": -1.3532095318030413, "vw_j": -0.3293372968076385, "kt": 9.407750044933683, "train_sc_a": [0.49232906766370693], "train_sc_v": [0.006049623531819846], "val_sc_a": 0, "val_sc_v": 0, "total_sc_a": 0, "total_sc_v": 0}