{"c1": 0.019554006132669034, "c2": 0.109234598232803, "ch1": 0.010912481768579988, "ch2": 0.09509777516616068, "di": 0.04353489098292284, "dj": 0.42111272220182805, "dk": 0.0, "vw_i": -1.4211676967022209, "vw_j": -0.3957117763104183, "kt": 9.584708845257499, "train_sc_a": [0.47766369310102363], "train_sc_v": [0.005223590349259255], "val_sc_a": 0, "val_sc_v": 0, "total_sc_a": 0, "total_sc_v": 0}