{"c1": 0.019672919023122765, "c2": 0.10855178146495686, "ch1": 0.012718134291174415, "ch2": 0.09521261547571182, "di": 0.018197601417577185, "dj": 0.6389053296192376, "dk": 0.0, "vw_i": -1.359217950409899, "vw_j": -0.3436510068368315, "kt": 9.561049659261716, "train_sc_a": [0.4982407597781849], "train_sc_v": [0.0052501111302753955], "val_sc_a": 0, "val_sc_v": 0, "total_sc_a": 0, "total_sc_v": 0}