{"c1": 0.01953954560592056, "c2": 0.11075393665397684, "ch1": 0.008982040541318476, "ch2": 0.09465792982109157, "di": 0.5703220957648129, "dj": 0.1873353249392424, "dk": 1.8116188518569498, "vw_i": -1.381796100174615, "vw_j": -0.38547803207445763, "kt": 9.45092487256364, "train_sc_a": [1.032085973225087], "train_sc_v": [0.009755401792282467], "val_sc_a": 0, "val_sc_v": 0, "total_sc_a": 0, "total_sc_v": 0}