{"c1": 0.019062251920541503, "c2": 0.11681229158525837, "ch1": 0.008548626811698837, "ch2": 0.09558244725921149, "di": 1.1191041455024742, "dj": 0.1886837227441944, "dk": 0.04025807854227396, "vw_i": -1.1460920793396443, "vw_j": -0.1628057364573182, "kt": 9.79612302015506, "train_sc_a": [0.9352637290590334], "train_sc_v": [0.009965642074371424], "val_sc_a": 0, "val_sc_v": 0, "total_sc_a": 0, "total_sc_v": 0}