{"c1": 0.019279806022415222, "c2": 0.1033839131171533, "ch1": 0.017771060368590767, "ch2": 0.09318433803685876, "di": 0.7673579649495634, "dj": 0.24926866701669684, "dk": 0.41858187132743685, "vw_i": -0.1062371069328129, "vw_j": 0.050681343566341144, "kt": 5.120628495513957, "train_sc_a": [0.5726242588015354], "train_sc_v": [0.00609401963487713], "val_sc_a": 0, "val_sc_v": 0, "total_sc_a": 0, "total_sc_v": 0}