{"c1": 0.019262477006683484, "c2": 0.10850307419740815, "ch1": 0.014935931367831496, "ch2": 0.09474182533352683, "di": 0.23923472755453032, "dj": 0.008833643554121012, "dk": 0.11157221402800031, "vw_i": -0.5809185421702816, "vw_j": 0.10466965957511788, "kt": 8.850264572459572, "train_sc_a": [0.7098267401245087], "train_sc_v": [0.008085980985530724], "val_sc_a": 0, "val_sc_v": 0, "total_sc_a": 0, "total_sc_v": 0}