{"c1": 0.019589370434334476, "c2": 0.10876249634709063, "ch1": 0.011421106605278073, "ch2": 0.09540452095885534, "di": 0.31337672458401966, "dj": 0.13107315837432418, "dk": 0.06061481642352781, "vw_i": -1.4394923362703584, "vw_j": -0.42956759939935196, "kt": 9.607340408766992, "train_sc_a": [0.48774878828307866], "train_sc_v": [0.005971372106296203], "val_sc_a": 0, "val_sc_v": 0, "total_sc_a": 0, "total_sc_v": 0}