{"c1": 0.014819011769357982, "c2": 0.1474583075811593, "ch1": 0.387658618756027, "ch2": 0.13033479819481772, "di": 4.483219093210884, "dj": 0.4253027997099866, "dk": 4.261143758107979, "vw_i": 1.183185861309748, "vw_j": 1.661187396213975, "kt": 8.919526623443597, "train_sc_a": [25.065895113349555], "train_sc_v": [0.10094756591856034], "val_sc_a": 0, "val_sc_v": 0, "total_sc_a": 0, "total_sc_v": 0}