{"c1": 0.019362443584753596, "c2": 0.10726883017899483, "ch1": 0.005640461190104534, "ch2": 0.09442684399235451, "di": 0.8057148352984727, "dj": 1.0224487199454841, "dk": 0.0, "vw_i": -1.5034415037463815, "vw_j": -0.46141992032492174, "kt": 9.346170569295783, "train_sc_a": 0.0, "train_sc_v": 0.0, "val_sc_a": [0.7254722865434007], "val_sc_v": [0.007555120525110062], "total_sc_a": 0, "total_sc_v": 0}