{"c1": 0.019506598594583972, "c2": 0.10742823149428614, "ch1": 0.008727693368110228, "ch2": 0.0944317922387592, "di": 0.6089966869804947, "dj": 0.9546277847125993, "dk": 0.0, "vw_i": -1.001934445076494, "vw_j": -0.0902012795243067, "kt": 9.179498209794492, "train_sc_a": [0.5181730347234863], "train_sc_v": [0.0053706154713691855], "val_sc_a": 0, "val_sc_v": 0, "total_sc_a": 0, "total_sc_v": 0}