{"c1": 0.018588567602789964, "c2": 0.11370209336774817, "ch1": 0.01132495842403041, "ch2": 0.09426740901847035, "di": 0.986910497852691, "dj": 0.0, "dk": 0.7478941703016505, "vw_i": -0.651044879638887, "vw_j": 0.18858701031989097, "kt": 8.862409108413221, "train_sc_a": [1.0907227557917774], "train_sc_v": [0.008035141861836865], "val_sc_a": 0, "val_sc_v": 0, "total_sc_a": 0, "total_sc_v": 0}