{"c1": 0.018777729915660235, "c2": 0.11141740958291205, "ch1": 0.013160709865518035, "ch2": 0.09436624591761061, "di": 0.5037119232448671, "dj": 0.6368751820735898, "dk": 0.8613861205255171, "vw_i": -0.6268153126432024, "vw_j": 0.0058056600807787065, "kt": 8.803582410101408, "train_sc_a": [0.4938367584825147], "train_sc_v": [0.0054898890917975994], "val_sc_a": 0, "val_sc_v": 0, "total_sc_a": 0, "total_sc_v": 0}