{"c1": 0.019804647747619527, "c2": 0.10797611993135225, "ch1": 0.006458639135578344, "ch2": 0.09471548726630034, "di": 0.0, "dj": 0.08217305650900546, "dk": 0.0, "vw_i": -1.3304957707221707, "vw_j": -0.33865651680716, "kt": 9.520134500938388, "train_sc_a": [0.4052225497064671], "train_sc_v": [0.00270228151472734], "val_sc_a": 0, "val_sc_v": 0, "total_sc_a": 0, "total_sc_v": 0}