{"c1": 0.019505163181933138, "c2": 0.10909221661889833, "ch1": 0.011556712499051039, "ch2": 0.09520427396809801, "di": 0.10920521154043046, "dj": 0.3208290557801756, "dk": 0.0, "vw_i": -1.5476865670572022, "vw_j": -0.49989803326849924, "kt": 9.635778491582215, "train_sc_a": [0.47111745635097546], "train_sc_v": [0.005178423926042919], "val_sc_a": 0, "val_sc_v": 0, "total_sc_a": 0, "total_sc_v": 0}