{"c1": 0.019637339214050788, "c2": 0.10863951894230023, "ch1": 0.0062683405241981335, "ch2": 0.09413005528535631, "di": 0.4311272733937144, "dj": 0.3069689144877746, "dk": 0.0, "vw_i": -0.5851241937934217, "vw_j": 0.06475131070858253, "kt": 8.915249305808542, "train_sc_a": [0.4400657437280248], "train_sc_v": [0.002668814429323123], "val_sc_a": 0, "val_sc_v": 0, "total_sc_a": 0, "total_sc_v": 0}