{"c1": 0.019139886582102746, "c2": 0.11634796727155727, "ch1": -0.0011722020602241976, "ch2": 0.09471950771056199, "di": 1.1069423770232325, "dj": 0.6770956506261666, "dk": 0.0, "vw_i": -1.2297127248120892, "vw_j": -0.2165962644219362, "kt": 9.811300248087147, "train_sc_a": [0.48159959909281963], "train_sc_v": [0.007261687350229548], "val_sc_a": 0, "val_sc_v": 0, "total_sc_a": 0, "total_sc_v": 0}