{"c1": 0.019026741679768, "c2": 0.10947916086176274, "ch1": 0.006551973988670872, "ch2": 0.09335998627721111, "di": 0.22713023176115263, "dj": 0.21565694033510355, "dk": 1.2358996423458808, "vw_i": -1.0387220046049748, "vw_j": -0.1995174229399009, "kt": 8.81756492713517, "train_sc_a": [1.0900881466000087], "train_sc_v": [0.010096954399278943], "val_sc_a": 0, "val_sc_v": 0, "total_sc_a": 0, "total_sc_v": 0}