{"c1": 0.019184820978683785, "c2": 0.1126503617899384, "ch1": 0.004073477619155266, "ch2": 0.09402036361249105, "di": 1.9161060423171832, "dj": 1.6127184635298608, "dk": 0.0, "vw_i": -1.394109493838061, "vw_j": -0.3266510971273864, "kt": 9.404400382803816, "train_sc_a": [0.72000430769016], "train_sc_v": [0.00609110768540718], "val_sc_a": 0, "val_sc_v": 0, "total_sc_a": 0, "total_sc_v": 0}