{"c1": 0.018957059743640405, "c2": 0.11379024626630607, "ch1": 0.008681549957461064, "ch2": 0.0943031251056442, "di": 0.43176501322664074, "dj": 0.3092095510924985, "dk": 0.0, "vw_i": -0.5485938278057281, "vw_j": 0.08397034924136365, "kt": 8.904088895902044, "train_sc_a": [0.8795223805923756], "train_sc_v": [0.004000516636330079], "val_sc_a": 0, "val_sc_v": 0, "total_sc_a": 0, "total_sc_v": 0}