{"c1": 0.018928958089779978, "c2": 0.10601391521849864, "ch1": 0.013201494206698193, "ch2": 0.09273629422458413, "di": 1.0403505966440303, "dj": 0.22029989805623373, "dk": 0.4629524148700711, "vw_i": 0.16775926797375437, "vw_j": 0.16371940007944158, "kt": 5.050734617568009, "train_sc_a": [0.7625200778137499], "train_sc_v": [0.008052041789384054], "val_sc_a": 0, "val_sc_v": 0, "total_sc_a": 0, "total_sc_v": 0}