{"c1": 0.019114934850080277, "c2": 0.10938887860944241, "ch1": 0.008945639665707194, "ch2": 0.0932811142546207, "di": 0.24412742379309127, "dj": 0.18762037239219692, "dk": 1.353537104066332, "vw_i": -1.2392952787932092, "vw_j": -0.28606582302003297, "kt": 8.814387459618615, "train_sc_a": [1.0168730533901245], "train_sc_v": [0.009458414081628822], "val_sc_a": 0, "val_sc_v": 0, "total_sc_a": 0, "total_sc_v": 0}