{"c1": 0.019278921131533656, "c2": 0.10346491094142068, "ch1": 0.014746284085604074, "ch2": 0.09311630655309489, "di": 0.25595155673954023, "dj": 0.0, "dk": 0.8079980752255155, "vw_i": -1.2680715049468696, "vw_j": -0.24884504428121507, "kt": 5.6419432241054475, "train_sc_a": [0.46500553065977507], "train_sc_v": [0.0025271410057525717], "val_sc_a": 0, "val_sc_v": 0, "total_sc_a": 0, "total_sc_v": 0}