{"c1": 0.01960052545435032, "c2": 0.10969707344582945, "ch1": 0.012103999491527784, "ch2": 0.09624777000850376, "di": 0.7620130006539583, "dj": 0.32766465344512696, "dk": 0.0, "vw_i": -1.424131437473499, "vw_j": -0.45770205840122485, "kt": 9.976642163446492, "train_sc_a": [0.4747104499011869], "train_sc_v": [0.0052335718324921805], "val_sc_a": 0, "val_sc_v": 0, "total_sc_a": 0, "total_sc_v": 0}