{"c1": 0.01913189949101637, "c2": 0.11579540005810657, "ch1": 0.00017242043493648348, "ch2": 0.09479845419572636, "di": 0.4527985631335926, "dj": 0.4532522900593876, "dk": 0.6981515292093889, "vw_i": -1.3212063098248648, "vw_j": -0.38955051296793863, "kt": 9.769692164778556, "train_sc_a": [0.5055558151588184], "train_sc_v": [0.005519005827615736], "val_sc_a": 0, "val_sc_v": 0, "total_sc_a": 0, "total_sc_v": 0}