{"c1": 0.019014745760662845, "c2": 0.11452606548745983, "ch1": 0.011394796986566784, "ch2": 0.09614235974529886, "di": 0.8086877390195502, "dj": 0.0, "dk": 0.0, "vw_i": -1.3439463442395716, "vw_j": -0.3601352719009856, "kt": 9.942807713148346, "train_sc_a": [0.7815942069133194], "train_sc_v": [0.005654035393002201], "val_sc_a": 0, "val_sc_v": 0, "total_sc_a": 0, "total_sc_v": 0}