{"c1": 0.02332414867247823, "c2": 0.07875148055443149, "ch1": -0.37702821123528335, "ch2": 0.05963022252007211, "di": 2.111072240933472, "dj": 0.5687684940061167, "dk": 0.050422556378059626, "vw_i": 1.1064909388837718, "vw_j": -1.1475749151436716, "kt": 9.680209225007362, "train_sc_a": [13.074181235030306], "train_sc_v": [0.05590857763666263], "val_sc_a": 0, "val_sc_v": 0, "total_sc_a": 0, "total_sc_v": 0}