{"c1": 0.019599508503221463, "c2": 0.10924222963973013, "ch1": 0.011737592128511306, "ch2": 0.09549545671314619, "di": 0.5477378392548898, "dj": 0.1886891330321308, "dk": 0.5155530911140492, "vw_i": -1.4300697941155296, "vw_j": -0.40895363276514307, "kt": 9.62379524469658, "train_sc_a": [0.772792648682824], "train_sc_v": [0.00805138170328851], "val_sc_a": 0, "val_sc_v": 0, "total_sc_a": 0, "total_sc_v": 0}