{"c1": 0.018802359436116446, "c2": 0.10987019414854023, "ch1": 0.0033264800706500077, "ch2": 0.09357941473530443, "di": 0.32330263032129763, "dj": 0.4828757133438556, "dk": 0.9056750396666985, "vw_i": -0.5828486206124391, "vw_j": -0.008119805952581601, "kt": 8.774419742230492, "train_sc_a": [1.0672144792826643], "train_sc_v": [0.009225246807790551], "val_sc_a": 0, "val_sc_v": 0, "total_sc_a": 0, "total_sc_v": 0}