{"c1": 0.019733461102595162, "c2": 0.10777031838526041, "ch1": 0.004021630336487433, "ch2": 0.09396396375910102, "di": 0.4327245098638702, "dj": 0.26224415233292325, "dk": 0.0, "vw_i": -0.6238732027756657, "vw_j": 0.047487996900407795, "kt": 8.929594549999884, "train_sc_a": [0.4253404548717955], "train_sc_v": [0.0026479569567267355], "val_sc_a": 0, "val_sc_v": 0, "total_sc_a": 0, "total_sc_v": 0}