{"c1": 0.018871090977281662, "c2": 0.10648656605651706, "ch1": 0.0014075042602889531, "ch2": 0.09166832980252602, "di": 1.0206955136767983, "dj": 0.8735819172106271, "dk": 0.9113094392926485, "vw_i": 0.20115676904494928, "vw_j": 0.1969856665053726, "kt": 5.046191569567577, "train_sc_a": [0.8124654000574393], "train_sc_v": [0.008145916844318637], "val_sc_a": 0, "val_sc_v": 0, "total_sc_a": 0, "total_sc_v": 0}