{"c1": 0.018585997025777817, "c2": 0.11336215694616406, "ch1": 0.007018490452620154, "ch2": 0.09257243657341262, "di": 1.1064356964597453, "dj": 0.23847961459631176, "dk": 0.3193842271125826, "vw_i": -1.5027546510110552, "vw_j": -0.22026535577343895, "kt": 8.40781854724179, "train_sc_a": [1.008957835130809], "train_sc_v": [0.009761917987537942], "val_sc_a": 0, "val_sc_v": 0, "total_sc_a": 0, "total_sc_v": 0}