{"c1": 0.018165053175919904, "c2": 0.1191467338289189, "ch1": -0.10250793525338571, "ch2": 0.0896227921959224, "di": 0.21970431595131537, "dj": 0.1553759839628074, "dk": 48.64854934225369, "vw_i": -0.40535149141378357, "vw_j": 0.47339999492508394, "kt": 10.1114751406619, "train_sc_a": [22.362271635821493], "train_sc_v": [0.08862073664943122], "val_sc_a": 0, "val_sc_v": 0, "total_sc_a": 0, "total_sc_v": 0}