{"c1": 0.019171079289264672, "c2": 0.11603138863365972, "ch1": -0.0003763851112272308, "ch2": 0.09475091663110154, "di": 1.0322211221517799, "dj": 0.6342334520315345, "dk": 0.0, "vw_i": -1.2094167254724395, "vw_j": -0.21257300835201293, "kt": 9.819783134109434, "train_sc_a": [0.47631853531428936], "train_sc_v": [0.007295115439810143], "val_sc_a": 0, "val_sc_v": 0, "total_sc_a": 0, "total_sc_v": 0}