{"c1": 0.019128411154590685, "c2": 0.13024154007313468, "ch1": -0.4412576798479665, "ch2": 0.056573835486339034, "di": 0.8591256505236536, "dj": 0.5583697147211474, "dk": 18.33064967515834, "vw_i": -0.7657203486612173, "vw_j": -0.05732019471828741, "kt": 9.906323466528026, "train_sc_a": [29.83878156061639], "train_sc_v": [0.12038302244891753], "val_sc_a": 0, "val_sc_v": 0, "total_sc_a": 0, "total_sc_v": 0}