{"c1": 0.018718513087876004, "c2": 0.10976504701874482, "ch1": 0.008557991250095496, "ch2": 0.09261552795183563, "di": 0.4942552050980835, "dj": 0.22131258086746258, "dk": 0.47553855619249674, "vw_i": -1.5041931915219706, "vw_j": -0.3110974708814549, "kt": 8.370442603977466, "train_sc_a": [0.5163971864854429], "train_sc_v": [0.005474472880138245], "val_sc_a": 0, "val_sc_v": 0, "total_sc_a": 0, "total_sc_v": 0}