{"c1": 0.019584506280744075, "c2": 0.11049781878900221, "ch1": -0.0004308346446923756, "ch2": 0.09495895270886301, "di": 0.8796105208451052, "dj": 0.571683403109472, "dk": 0.38588582355181755, "vw_i": -1.3927204216487457, "vw_j": -0.42254792689292675, "kt": 9.978516126952847, "train_sc_a": [1.1698938883184873], "train_sc_v": [0.010956525013414643], "val_sc_a": 0, "val_sc_v": 0, "total_sc_a": 0, "total_sc_v": 0}