{"c1": 0.01762362640661696, "c2": 0.16297466221020088, "ch1": 0.11713576433962863, "ch2": 0.10515071923578569, "di": 0.5022047725789368, "dj": 22.83826534129719, "dk": 31.400330641285834, "vw_i": -0.3397187348522597, "vw_j": -0.4357055087529128, "kt": 10.507675388946447, "train_sc_a": [27.40436690831771], "train_sc_v": [0.11199991690288019], "val_sc_a": 0, "val_sc_v": 0, "total_sc_a": 0, "total_sc_v": 0}