{"c1": 0.019659230549561115, "c2": 0.10900967094856816, "ch1": 0.009863446809136662, "ch2": 0.0945080451655905, "di": 1.031557314164864, "dj": 0.12588061313909207, "dk": 0.0, "vw_i": -1.421783466211172, "vw_j": -0.41663681203752684, "kt": 9.416705430258501, "train_sc_a": [1.268999543031539], "train_sc_v": [0.01045764378618472], "val_sc_a": 0, "val_sc_v": 0, "total_sc_a": 0, "total_sc_v": 0}