{"c1": 0.018871771883269654, "c2": 0.10934698856097494, "ch1": 0.004752580343567819, "ch2": 0.09373951384322622, "di": 0.36742893023832, "dj": 0.3360122741253488, "dk": 0.8246281875405277, "vw_i": -0.5940723848521972, "vw_j": -0.009613434993283175, "kt": 8.79567028044715, "train_sc_a": [0.5924671303863174], "train_sc_v": [0.005743528513872128], "val_sc_a": 0, "val_sc_v": 0, "total_sc_a": 0, "total_sc_v": 0}