{"c1": 0.01886480641553021, "c2": 0.1065387234157917, "ch1": -0.007694090285008864, "ch2": 0.09089031827945233, "di": 0.9986022066316524, "dj": 0.9986022066316524, "dk": 0.9986022066316524, "vw_i": 0.20966900525213275, "vw_j": 0.20966900525213275, "kt": 5.048503520820486, "train_sc_a": [0.8800316252976875], "train_sc_v": [0.008370156770465858], "val_sc_a": 0, "val_sc_v": 0, "total_sc_a": 0, "total_sc_v": 0}