{"c1": 0.019057638218561802, "c2": 0.11682304569859991, "ch1": 0.009844311119340804, "ch2": 0.09576318839261144, "di": 1.1225617431829427, "dj": 0.12925454594434643, "dk": 0.0, "vw_i": -1.127819564712146, "vw_j": -0.14308207682208804, "kt": 9.78708748212541, "train_sc_a": [0.9327994868104794], "train_sc_v": [0.009956371527905575], "val_sc_a": 0, "val_sc_v": 0, "total_sc_a": 0, "total_sc_v": 0}