{"c1": 0.018654153364652516, "c2": 0.11282810830468917, "ch1": 0.01103568288710115, "ch2": 0.09421472739304448, "di": 0.574101895421263, "dj": 0.38459123933974737, "dk": 0.8809171565577907, "vw_i": -0.6254704052262596, "vw_j": 0.03566201341161329, "kt": 8.810707719893156, "train_sc_a": [0.417575130140251], "train_sc_v": [0.005304959687214032], "val_sc_a": 0, "val_sc_v": 0, "total_sc_a": 0, "total_sc_v": 0}