{"c1": 0.018947490072249364, "c2": 0.11400506807675173, "ch1": 0.00820274363917245, "ch2": 0.09426726489088867, "di": 0.406860349356298, "dj": 0.34187618895186306, "dk": 0.0, "vw_i": -0.5503862388485457, "vw_j": 0.08255446212613438, "kt": 8.900399417476839, "train_sc_a": [0.4506982751841963], "train_sc_v": [0.007268186694629247], "val_sc_a": 0, "val_sc_v": 0, "total_sc_a": 0, "total_sc_v": 0}