{"c1": 0.018962940411623445, "c2": 0.11783663099530182, "ch1": 0.005576179499463924, "ch2": 0.09526461244370021, "di": 1.7425685306251757, "dj": 0.3862065369518442, "dk": 0.0, "vw_i": -1.3176971298550701, "vw_j": -0.19973937580761492, "kt": 9.796541679727891, "train_sc_a": [0.5950595236911591], "train_sc_v": [0.006988827573858303], "val_sc_a": 0, "val_sc_v": 0, "total_sc_a": 0, "total_sc_v": 0}