{"c1": 0.01915832124838855, "c2": 0.1161235163211804, "ch1": 0.0007611354851470442, "ch2": 0.09485523041149316, "di": 1.0423376869745464, "dj": 0.6336209739873861, "dk": 0.012491498809776711, "vw_i": -1.2024028357607417, "vw_j": -0.20708009912572684, "kt": 9.817144041469088, "train_sc_a": [0.9740814976592462], "train_sc_v": [0.010275536143933598], "val_sc_a": 0, "val_sc_v": 0, "total_sc_a": 0, "total_sc_v": 0}