{"c1": 0.01918193585975123, "c2": 0.11150103541671014, "ch1": -0.007940737698042252, "ch2": 0.09339692130974274, "di": 0.980092576888199, "dj": 1.2796141961318637, "dk": 0.16919494410518612, "vw_i": -1.4751920303148487, "vw_j": -0.41127283483485294, "kt": 9.352431963873086, "train_sc_a": [0.6816645877036648], "train_sc_v": [0.005950851001232841], "val_sc_a": 0, "val_sc_v": 0, "total_sc_a": 0, "total_sc_v": 0}