{"c1": 0.018940903591661288, "c2": 0.11802056940224133, "ch1": 0.006905806890261219, "ch2": 0.09536962750613769, "di": 1.8420152462724215, "dj": 0.36834324920853373, "dk": 0.26563791662862385, "vw_i": -1.3313818358660203, "vw_j": -0.19648590249925407, "kt": 9.795504830769964, "train_sc_a": [0.6816846485466433], "train_sc_v": [0.006923013074491358], "val_sc_a": 0, "val_sc_v": 0, "total_sc_a": 0, "total_sc_v": 0}