{"c1": 0.019255675684650447, "c2": 0.11271425890479292, "ch1": 0.012892865523832717, "ch2": 0.09617943559441323, "di": 0.853893971822487, "dj": 0.06542000076650883, "dk": 0.5667967234690263, "vw_i": -1.3809103888195713, "vw_j": -0.39871207499921224, "kt": 9.961504834558697, "train_sc_a": [1.0354779859334817], "train_sc_v": [0.010183554089890018], "val_sc_a": 0, "val_sc_v": 0, "total_sc_a": 0, "total_sc_v": 0}