{"c1": 0.019113253763356996, "c2": 0.1094018987726963, "ch1": 0.00874851549537874, "ch2": 0.09324183683002249, "di": 0.24737875308103438, "dj": 0.20070811319845183, "dk": 1.3326916120468566, "vw_i": -1.2402083338704841, "vw_j": -0.28785206285141357, "kt": 8.809017251079082, "train_sc_a": [1.0173273309224138], "train_sc_v": [0.00946522225952074], "val_sc_a": 0, "val_sc_v": 0, "total_sc_a": 0, "total_sc_v": 0}