{"c1": 0.016047142016377122, "c2": 0.1360993378999094, "ch1": 0.32706481603783005, "ch2": 0.12132298685787976, "di": 1.4889718645392944, "dj": 29.74481487396585, "dk": 0.0, "vw_i": -2.524575208864073, "vw_j": -1.1616756248254003, "kt": 10.174820244860625, "train_sc_a": [20.934238332584535], "train_sc_v": [0.0840680018838133], "val_sc_a": 0, "val_sc_v": 0, "total_sc_a": 0, "total_sc_v": 0}