{"c1": 0.018911422972815072, "c2": 0.11826524321302534, "ch1": 0.006898952202422268, "ch2": 0.09533489601301932, "di": 1.8431991924076943, "dj": 0.0, "dk": 0.26580865407795323, "vw_i": -1.3470774475026865, "vw_j": -0.19133365624227217, "kt": 9.794247940307203, "train_sc_a": [0.7179400681478205], "train_sc_v": [0.007273313860869592], "val_sc_a": 0, "val_sc_v": 0, "total_sc_a": 0, "total_sc_v": 0}