{"c1": 0.019085850692909495, "c2": 0.10986394710716457, "ch1": 0.013622811616286333, "ch2": 0.09454576034209775, "di": 0.5315772499316098, "dj": 0.0, "dk": 0.0, "vw_i": -0.5890527228612481, "vw_j": 0.14725724493525477, "kt": 8.854641320229149, "train_sc_a": [0.7390154142846456], "train_sc_v": [0.008021161862140483], "val_sc_a": 0, "val_sc_v": 0, "total_sc_a": 0, "total_sc_v": 0}