{"c1": 0.019288449266862726, "c2": 0.10280629066479244, "ch1": 0.002037675748773324, "ch2": 0.09532731946806201, "di": 1.0402927511844022, "dj": 0.019768016233336322, "dk": 0.0, "vw_i": -1.7919830655834326, "vw_j": -0.2919387977811778, "kt": 10.53349524955125, "train_sc_a": [1.4780388467663286], "train_sc_v": [0.010429036814732178], "val_sc_a": 0, "val_sc_v": 0, "total_sc_a": 0, "total_sc_v": 0}