{"c1": 0.01907852005045547, "c2": 0.11130617109786872, "ch1": 0.22611405282769442, "ch2": 0.11417139783784679, "di": 1.0289705427959097, "dj": 42.20868245078484, "dk": 13.927758077335698, "vw_i": -1.577688262728861, "vw_j": -0.215251992905511, "kt": 10.592760102204979, "train_sc_a": [68.08699058004642], "train_sc_v": [0.27695661405509336], "val_sc_a": 0, "val_sc_v": 0, "total_sc_a": 0, "total_sc_v": 0}