{"c1": 0.027229645097757178, "c2": 0.04962371516531555, "ch1": -0.010372505025965746, "ch2": 0.09341017628063834, "di": 0.007563069632848536, "dj": 0.12169753017419359, "dk": 1.2991860303492189, "vw_i": -1.1054738268689648, "vw_j": -0.25318493101879425, "kt": 9.615482982124389, "train_sc_a": [9.070379682917881], "train_sc_v": [0.03659472410634279], "val_sc_a": 0, "val_sc_v": 0, "total_sc_a": 0, "total_sc_v": 0}