{"c1": 0.026407965658987037, "c2": 0.039483043070848926, "ch1": -0.11842980282357651, "ch2": 0.08274818735014491, "di": 0.09134397840476648, "dj": 0.0, "dk": 0.28835831152845104, "vw_i": -0.2978849806252684, "vw_j": -0.46123387855997394, "kt": 8.871912279046331, "train_sc_a": [9.32822680756109], "train_sc_v": [0.03762886999604204], "val_sc_a": 0, "val_sc_v": 0, "total_sc_a": 0, "total_sc_v": 0}