{"c1": 0.01980522606205346, "c2": 0.10837692014822527, "ch1": 0.007917288807032765, "ch2": 0.09483365399168416, "di": 0.004140668307631719, "dj": 0.12306332706751104, "dk": 1.0809193615275248, "vw_i": -1.3441397731409435, "vw_j": -0.35220340688098567, "kt": 9.499870086440291, "train_sc_a": [0.42665824009919706], "train_sc_v": [0.002756087131249777], "val_sc_a": 0, "val_sc_v": 0, "total_sc_a": 0, "total_sc_v": 0}