{"c1": 0.01930414933697593, "c2": 0.11240964558866691, "ch1": 0.009227783178829552, "ch2": 0.09547028997223304, "di": 0.26221220062168743, "dj": 0.21147134068339413, "dk": 0.6239511622621677, "vw_i": -1.3279987669527762, "vw_j": -0.44136034457341594, "kt": 9.764902811840718, "train_sc_a": [0.6614158661439348], "train_sc_v": [0.0075582345123013225], "val_sc_a": 0, "val_sc_v": 0, "total_sc_a": 0, "total_sc_v": 0}