{"c1": 0.025679887982284568, "c2": 0.057526310296121264, "ch1": -0.27308650423881237, "ch2": 0.074224548503761, "di": 0.4836668226559889, "dj": 0.21641906854489015, "dk": 0.0, "vw_i": -0.2910497690775937, "vw_j": 0.559943502619183, "kt": 10.325552260737625, "train_sc_a": [7.870714797748308], "train_sc_v": [0.03184646673857821], "val_sc_a": 0, "val_sc_v": 0, "total_sc_a": 0, "total_sc_v": 0}