{"c1": 0.019140653657129428, "c2": 0.11625091756225708, "ch1": 0.0021403857675770617, "ch2": 0.09498322677830584, "di": 1.0563470565926756, "dj": 0.5454730977329111, "dk": 0.02709214383389053, "vw_i": -1.1923469336963664, "vw_j": -0.19930654957209926, "kt": 9.813449833841533, "train_sc_a": [0.960963733725501], "train_sc_v": [0.010203623958182247], "val_sc_a": 0, "val_sc_v": 0, "total_sc_a": 0, "total_sc_v": 0}