{"c1": 0.01964729317961156, "c2": 0.10832379046189163, "ch1": 0.011353210328204164, "ch2": 0.09541520708943683, "di": 0.4479744192600531, "dj": 0.0, "dk": 0.024210280903308852, "vw_i": -1.4408244406974358, "vw_j": -0.4188927745488027, "kt": 9.607826716958876, "train_sc_a": [0.48184859394668855], "train_sc_v": [0.006001164542303016], "val_sc_a": 0, "val_sc_v": 0, "total_sc_a": 0, "total_sc_v": 0}