{"c1": 0.019615474259777912, "c2": 0.10981357235501553, "ch1": 0.012389299139349729, "ch2": 0.09624100184589791, "di": 0.7808100918063509, "dj": 0.28890560953076394, "dk": 0.0, "vw_i": -1.3678493856414764, "vw_j": -0.4010507798259371, "kt": 9.959443736756036, "train_sc_a": [0.47926198320368263], "train_sc_v": [0.005260122176093853], "val_sc_a": 0, "val_sc_v": 0, "total_sc_a": 0, "total_sc_v": 0}