{"cd0sa": -35.04962895439958, "cd0fp": -45.06739300560717, "cd1sa": -2.8414088471857406, "cl1sa": -6.913530752553811, "cd1fp": -40.695819461328234, "coeff_drag_shift": 0.5117070041284197, "coeff_lift_shift": 0.1677154321417842, "coeff_lift_gain": 2.5233412947336666, "train_sc_a": [51.10230678843301], "train_sc_v": [0.25373954341305105], "val_sc_a": 0, "val_sc_v": 0, "total_sc_a": 0, "total_sc_v": 0}