{"cost": 5.399554895389073, "X": [1.0000000001052842, 0.1150417012060543, 2.8770996800774524, 142.84270387261623, -0.3201754734627787, 1.2790431833236826, 0.01248623887211509, 21.52961058562179, -7.2702300091340435, -34.627555222306114, 12.254507965854403, -0.4961721196831678, 31.8787188274429, -6.404373366612327, -4.8171138594661524, 0.7110799720538705, -0.33929110116165984, -0.2731432535423357, 0.9448885641441754, 0.18072534863601258, -279.87499250490833, -65.96027415623114, -37.163973716830085, -24.04869516926083, -314.94692169032317, 320.89841839603287, -152.26000103567495, 22.228362886292274]}