{"cd0sa": -1.3536668889059337e+149, "cd0fp": -5.484705587094876e+145, "cd1sa": -4.138740943312041e+148, "cl1sa": -1.211463580939655e+146, "cd1fp": -1.401062378723708e+145, "coeff_drag_shift": 2.809768982160369e+292, "coeff_lift_shift": -2.99140204486673e+287, "coeff_lift_gain": 2.231670151044102e+144, "train_sc_a": [2.7493631827688327e+146], "train_sc_v": [1.3751898240750593e+144], "val_sc_a": [3.230258663642142e+150], "val_sc_v": [1.6257052401983325e+148], "total_sc_a": 0, "total_sc_v": 0}