{"cd0sa": 2.8081916788413615e+151, "cd0fp": 3.0537958942662365e+149, "cd1sa": 1.0354726083006522e+151, "cl1sa": 5.181324969558739e+148, "cd1fp": 1.0642710487846262e+149, "coeff_drag_shift": 3.711510800688247e+297, "coeff_lift_shift": -1.0700404995043564e+292, "coeff_lift_gain": -1.4776394215534808e+146, "train_sc_a": [6.519181677878303e+150], "train_sc_v": [3.259515081390271e+148], "val_sc_a": 0, "val_sc_v": 0, "total_sc_a": 0, "total_sc_v": 0}