{"cd0sa": -2.1862157686837182e+119, "cd0fp": 2.8306449416529054e+114, "cd1sa": -6.655544977672053e+118, "cl1sa": -3.23642099409445e+116, "cd1fp": -6.974897925685038e+115, "coeff_drag_shift": -2.1733107494842777e+233, "coeff_lift_shift": 3.055368174055802e+230, "coeff_lift_gain": -8.963765544506863e+114, "train_sc_a": [1.3258964837665469e+119], "train_sc_v": [6.691531847989185e+116], "val_sc_a": 0, "val_sc_v": 0, "total_sc_a": 0, "total_sc_v": 0}