{"cd0sa": -6.035856031706875e+62, "cd0fp": -4.5796686594205957e+61, "cd1sa": -2.2427615499746325e+62, "cl1sa": -1.1630776563832538e+61, "cd1fp": -8.106517560149399e+60, "coeff_drag_shift": -1.5589501415265177e+120, "coeff_lift_shift": 5.948033532042649e+116, "coeff_lift_gain": 1.0989673741141205e+59, "train_sc_a": [1.7584934577867863e+62], "train_sc_v": [8.788480165990954e+59], "val_sc_a": 0, "val_sc_v": 0, "total_sc_a": 0, "total_sc_v": 0}