{"c1": 0.018868117057515187, "c2": 0.10607866970911949, "ch1": 0.010742278167013298, "ch2": 0.09405524884705276, "di": 0.24997288144749308, "dj": 0.10662963809389477, "dk": 0.43325512514874226, "vw_i": -0.9266766443365304, "vw_j": -0.06657884136401156, "kt": 6.4560886140959965, "train_sc_a": [0.7795217051365388], "train_sc_v": [0.007199775353970804], "val_sc_a": 0, "val_sc_v": 0, "total_sc_a": 0, "total_sc_v": 0}