{"c1": 0.018832706048678177, "c2": 0.1067958697095357, "ch1": -0.0034258295645033104, "ch2": 0.09148424020271757, "di": 0.9988851950139179, "dj": 0.9988851950139179, "dk": 0.9988851950139179, "vw_i": -0.0606289908916509, "vw_j": -0.019304426070868432, "kt": 5.031722101733756, "train_sc_a": [0.886897627020736], "train_sc_v": [0.007275688505445588], "val_sc_a": 0, "val_sc_v": 0, "total_sc_a": 0, "total_sc_v": 0}