{"c1": 0.01889891516044775, "c2": 0.10618871159280668, "ch1": 0.013199760179469597, "ch2": 0.09312427509324796, "di": 0.4442148380984272, "dj": 0.0858654702629485, "dk": 0.5919271463747551, "vw_i": -0.2822987873941838, "vw_j": -0.02802308759534375, "kt": 5.359577774883497, "train_sc_a": [0.8220560038495759], "train_sc_v": [0.007180067960218283], "val_sc_a": 0, "val_sc_v": 0, "total_sc_a": 0, "total_sc_v": 0}