{"c1": 0.018840528452053237, "c2": 0.10625227261311346, "ch1": 0.01269866039142902, "ch2": 0.0943006812337345, "di": 0.09839298956731599, "dj": 0.0, "dk": 0.35117762300849326, "vw_i": -0.9687445918266545, "vw_j": -0.06904934779612586, "kt": 6.538337801503534, "train_sc_a": [0.7795297134741652], "train_sc_v": [0.007185244027198529], "val_sc_a": 0, "val_sc_v": 0, "total_sc_a": 0, "total_sc_v": 0}