{"c1": 0.018934791587752745, "c2": 0.10585672768430204, "ch1": 0.013649101473616707, "ch2": 0.09337887457156159, "di": 0.0, "dj": 0.0, "dk": 0.5681673437625678, "vw_i": -0.45493582746874955, "vw_j": -0.03395871689641178, "kt": 5.598708028302243, "train_sc_a": [0.8077413900693682], "train_sc_v": [0.007188905469359582], "val_sc_a": 0, "val_sc_v": 0, "total_sc_a": 0, "total_sc_v": 0}