{"c1": 0.018920481406143125, "c2": 0.10580838601223104, "ch1": 0.011256335882741783, "ch2": 0.09374323785175598, "di": 0.2172933074365972, "dj": 0.06333385567355886, "dk": 0.6173085303653559, "vw_i": -0.829780747716541, "vw_j": -0.05548604814809662, "kt": 6.166381241851474, "train_sc_a": [0.7870445975079581], "train_sc_v": [0.007186585565095767], "val_sc_a": 0, "val_sc_v": 0, "total_sc_a": 0, "total_sc_v": 0}