{"c1": 0.01875815445905963, "c2": 0.105001098591824, "ch1": 0.010430131672859992, "ch2": 0.09979227009400493, "di": 0.31075727322559427, "dj": 0.25724104819873395, "dk": 0.4342066265869616, "vw_i": -0.9467403028520639, "vw_j": -0.173948909347116, "kt": 10.242578179409842, "train_sc_a": [0.7555069806178498], "train_sc_v": [0.007412050453926934], "val_sc_a": 0, "val_sc_v": 0, "total_sc_a": 0, "total_sc_v": 0}