{"c1": 0.018921419536552308, "c2": 0.10595908745341086, "ch1": 0.016889880860003162, "ch2": 0.09366125679782493, "di": 0.0, "dj": 0.0, "dk": 0.6722571916670155, "vw_i": -0.46156310708921, "vw_j": -0.03619092364304363, "kt": 5.613132600265871, "train_sc_a": [0.823787817231868], "train_sc_v": [0.007210655262827115], "val_sc_a": 0, "val_sc_v": 0, "total_sc_a": 0, "total_sc_v": 0}