{"c1": 0.018868515728652672, "c2": 0.10600291647857761, "ch1": 0.011050454614081207, "ch2": 0.09430652179317019, "di": 0.29966016979680987, "dj": 0.09078228677683327, "dk": 0.43991041601375414, "vw_i": -0.9389223706579637, "vw_j": -0.07122203932077152, "kt": 6.615178267133517, "train_sc_a": [0.7767938794426846], "train_sc_v": [0.007209248825699198], "val_sc_a": 0, "val_sc_v": 0, "total_sc_a": 0, "total_sc_v": 0}