{"c1": 0.01886826018277659, "c2": 0.10604323789508947, "ch1": 0.01101237998474555, "ch2": 0.09418891970948368, "di": 0.2928154440645224, "dj": 0.0911809054307477, "dk": 0.4572204629092049, "vw_i": -0.9339821814706107, "vw_j": -0.06890291980786367, "kt": 6.5352684264502265, "train_sc_a": [0.7781337534239486], "train_sc_v": [0.007200099074536254], "val_sc_a": 0, "val_sc_v": 0, "total_sc_a": 0, "total_sc_v": 0}