{"c1": 0.01893573749348961, "c2": 0.1057416676760677, "ch1": 0.012504170574368175, "ch2": 0.09368952577627819, "di": 0.0900166133551252, "dj": 0.0, "dk": 0.6645551051827104, "vw_i": -0.7383298072017653, "vw_j": -0.049222997498316934, "kt": 6.016379681345444, "train_sc_a": [0.7922075735085846], "train_sc_v": [0.007178557534930724], "val_sc_a": 0, "val_sc_v": 0, "total_sc_a": 0, "total_sc_v": 0}