{"c1": 0.0188657464088599, "c2": 0.10597251543921785, "ch1": 0.011004534223748908, "ch2": 0.09445558539139041, "di": 0.32329542680466544, "dj": 0.09336533903883323, "dk": 0.42736405112601217, "vw_i": -0.9360330118433662, "vw_j": -0.07419624074864692, "kt": 6.716319241030057, "train_sc_a": [0.7751730022909638], "train_sc_v": [0.00721787885507058], "val_sc_a": 0, "val_sc_v": 0, "total_sc_a": 0, "total_sc_v": 0}