{"c1": 0.018938300554669503, "c2": 0.10580100297881699, "ch1": 0.01317702954750726, "ch2": 0.09345135799753564, "di": 0.0, "dj": 0.0, "dk": 0.5972154565571055, "vw_i": -0.5352480276711203, "vw_j": -0.03795995858451595, "kt": 5.714949330215424, "train_sc_a": [0.8023598491810252], "train_sc_v": [0.007185818167963415], "val_sc_a": 0, "val_sc_v": 0, "total_sc_a": 0, "total_sc_v": 0}