{"c1": 0.0188367681709241, "c2": 0.10676072428393545, "ch1": -0.0017431024870411367, "ch2": 0.09162236810891825, "di": 1.0039648526526523, "dj": 0.8879094746935614, "dk": 0.9406792594273291, "vw_i": -0.061556650203775105, "vw_j": -0.01931368771417703, "kt": 5.035545650684449, "train_sc_a": [0.8758097500385889], "train_sc_v": [0.007250536011211031], "val_sc_a": 0, "val_sc_v": 0, "total_sc_a": 0, "total_sc_v": 0}