{"c1": 0.018833901595605624, "c2": 0.10570427026409038, "ch1": 0.010758029845402214, "ch2": 0.09596368010310091, "di": 0.4019225340752714, "dj": 0.104689098181963, "dk": 0.39487575587054863, "vw_i": -0.908316779663302, "vw_j": -0.1037609068468581, "kt": 7.717683806235641, "train_sc_a": [0.7621135063340597], "train_sc_v": [0.007277093009549317], "val_sc_a": 0, "val_sc_v": 0, "total_sc_a": 0, "total_sc_v": 0}