{"c1": 0.018827951718345417, "c2": 0.10684035633832499, "ch1": 0.09997249191646983, "ch2": 0.09999793668409883, "di": 0.9997834197640282, "dj": 0.9980647179164239, "dk": 1.0000003513481892, "vw_i": -5.980209392958899e-05, "vw_j": -8.48414173648398e-05, "kt": 4.999995381788174, "train_sc_a": [0.27209755366562205], "train_sc_v": [1.8719972531089214e-05], "val_sc_a": [0.26560196770943256], "val_sc_v": [1.5853896717907867e-05], "total_sc_a": [0.21319940916747515], "total_sc_v": [0.0015541536863807677]}