{"c1": 0.018827938728121642, "c2": 0.10684045291985705, "ch1": 0.09996785441772864, "ch2": 0.09999759052053454, "di": 0.9997456449839033, "dj": 0.9977563147916493, "dk": 1.0000032916507449, "vw_i": -7.6912971770722e-05, "vw_j": -9.248733772856741e-05, "kt": 4.999995218817452, "train_sc_a": [0.27280635993908287], "train_sc_v": [1.798968892680081e-05], "val_sc_a": [0.26247276703111694], "val_sc_v": [1.8834188501429367e-05], "total_sc_a": [0.21318032113395954], "total_sc_v": [0.0015540291787655323]}