{"c1": 0.01882796927776492, "c2": 0.10684022565760731, "ch1": 0.09998639974117084, "ch2": 0.09999897670981976, "di": 0.9998955574804357, "dj": 0.9989962270799491, "dk": 0.999996860312444, "vw_i": -2.5381653580548595e-05, "vw_j": -3.1961302579699965e-05, "kt": 4.999997241455346, "train_sc_a": [0.2847396310772862], "train_sc_v": [1.8274944772312282e-05], "val_sc_a": [0.21461333486932885], "val_sc_v": [1.7696808707909007e-05], "total_sc_a": [0.21325685288425789], "total_sc_v": [0.001554527963598748]}