{"cd0sa": 0.8640503710456005, "cd0fp": -0.035077393005607166, "cd1sa": 1.9951585911528142, "cl1sa": 4.988086469247446, "cd1fp": 2.4568041805386716, "coeff_drag_shift": 0.5000117070041284, "coeff_lift_shift": 0.05011771543214179, "coeff_lift_gain": 2.5000233412947335, "train_sc_a": [51.10230678843301], "train_sc_v": [0.25373954341305105], "val_sc_a": 0, "val_sc_v": 0, "total_sc_a": 0, "total_sc_v": 0}