{"c1": 0.01882723969137019, "c2": 0.10684563203063385, "ch1": 0.09944594651583674, "ch2": 0.0999585695100752, "di": 0.9958209311566422, "dj": 0.9647054985187707, "dk": 0.9999707393197858, "vw_i": -0.0026613679429179954, "vw_j": -0.0022127280952776588, "kt": 4.999986977651458, "train_sc_a": [0.30252196810998405], "train_sc_v": [2.545359202932805e-05], "val_sc_a": [0.5172106289930088], "val_sc_v": [2.1255310272883865e-05], "total_sc_a": [0.21108261763041658], "total_sc_v": [0.0015403733501990371]}