{"c1": 0.018827092203866583, "c2": 0.10684670380222061, "ch1": 0.0993374614770689, "ch2": 0.09995048934837315, "di": 0.9950127155370907, "dj": 0.9578471267824175, "dk": 0.9999089002664641, "vw_i": -0.003446076982958971, "vw_j": -0.002576696681249507, "kt": 4.999990866539658, "train_sc_a": [0.33012780333119857], "train_sc_v": [2.4371581197485352e-05], "val_sc_a": [0.40084359899575445], "val_sc_v": [2.5361381674172177e-05], "total_sc_a": [0.21064651515899643], "total_sc_v": [0.001537536528528793]}