{"c1": 0.01882691424404603, "c2": 0.10684801701215244, "ch1": 0.09923053404548622, "ch2": 0.09994247774769256, "di": 0.9942183005003361, "dj": 0.9510471083953057, "dk": 0.9999176365579544, "vw_i": -0.0039805793794749755, "vw_j": -0.0028162554662095685, "kt": 5.000014221770257, "train_sc_a": [0.31458875917685836], "train_sc_v": [2.426726373548583e-05], "val_sc_a": [0.4561807850674558], "val_sc_v": [2.5573238498611882e-05], "total_sc_a": [0.2102162663163769], "total_sc_v": [0.0015347367535941785]}