{"c1": 0.01882786064235317, "c2": 0.10684102133228604, "ch1": 0.09989010948785444, "ch2": 0.09999175647354921, "di": 0.9991530642736748, "dj": 0.9927757426862209, "dk": 0.9999777730363437, "vw_i": -0.0003877509714196028, "vw_j": -0.00025849342706104375, "kt": 4.999995793311094, "train_sc_a": [0.3749094789367662], "train_sc_v": [2.444651325162012e-05], "val_sc_a": [0.25761599918257283], "val_sc_v": [2.609866216724114e-05], "total_sc_a": [0.21286623220611603], "total_sc_v": [0.001551984123833506]}