{"c1": 0.018827411819295394, "c2": 0.10684435381426954, "ch1": 0.0995529558587515, "ch2": 0.09996653804553465, "di": 0.9965939279906969, "dj": 0.9708986617635232, "dk": 0.9999446820441613, "vw_i": -0.0020007214425016785, "vw_j": -0.0018339531365183285, "kt": 4.99999031659349, "train_sc_a": [0.35988746393522986], "train_sc_v": [2.481150530599966e-05], "val_sc_a": [0.29594024722611273], "val_sc_v": [2.4017172161175863e-05], "total_sc_a": [0.2114942640028389], "total_sc_v": [0.0015430517011667214]}