{"cd0sa": 0.3965654075405911, "cd0fp": 0.20885880287813685, "cd1sa": -4.4059414490551845, "cl1sa": 0.005826882698883755, "cd1fp": -0.4909884960940066, "coeff_drag_shift": 0.3758327647711235, "coeff_lift_shift": 0.06916005830804893, "coeff_lift_gain": 3.025973434124374, "train_sc_a": [20.576746071485342], "train_sc_v": [0.09982630735150377], "val_sc_a": 0, "val_sc_v": 0, "total_sc_a": 0, "total_sc_v": 0}