{"cd0sa": 0.4393652669424334, "cd0fp": 0.22045101222673516, "cd1sa": -4.6382071152490445, "cl1sa": -0.12742771646365295, "cd1fp": -0.6235519218854654, "coeff_drag_shift": 0.2809666447750206, "coeff_lift_shift": 0.05442842102038777, "coeff_lift_gain": 3.2767136112360133, "train_sc_a": [12.814070131422062], "train_sc_v": [0.0695209157705041], "val_sc_a": 0, "val_sc_v": 0, "total_sc_a": 0, "total_sc_v": 0}