{"cd0sa": 0.5162655854605644, "cd0fp": 0.06683632074834682, "cd1sa": -4.342768241149862, "cl1sa": -0.013734827705178686, "cd1fp": -0.45724181930308316, "coeff_drag_shift": 0.45247106137557075, "coeff_lift_shift": 0.07697061072759141, "coeff_lift_gain": 2.7644711499455017, "train_sc_a": [19.670390725585676], "train_sc_v": [0.10457187523775739], "val_sc_a": 0, "val_sc_v": 0, "total_sc_a": 0, "total_sc_v": 0}