{"cd0sa": 0.4166438670168737, "cd0fp": 0.10681227069533104, "cd1sa": -2.9929593589678625, "cl1sa": 0.035570180464586904, "cd1fp": -0.4842950729883541, "coeff_drag_shift": 0.4644109318776491, "coeff_lift_shift": 0.08069313344318665, "coeff_lift_gain": 2.631918644769985, "train_sc_a": [12.00835520675926], "train_sc_v": [0.07274917309407157], "val_sc_a": 0, "val_sc_v": 0, "total_sc_a": 0, "total_sc_v": 0}