{"cd0sa": 0.4667806849894178, "cd0fp": 0.06745699977077248, "cd1sa": -4.655494503966789, "cl1sa": -0.09176455811917691, "cd1fp": -0.5747689198706367, "coeff_drag_shift": 0.2693433148968404, "coeff_lift_shift": 0.05068391686944829, "coeff_lift_gain": 3.33954817835628, "train_sc_a": [16.200432671243096], "train_sc_v": [0.07944617738074013], "val_sc_a": 0, "val_sc_v": 0, "total_sc_a": 0, "total_sc_v": 0}