{"cd0sa": 0.4612917594062499, "cd0fp": 0.23645669282257128, "cd1sa": -4.5704036143229, "cl1sa": -0.039154381222647604, "cd1fp": -0.4489761828596247, "coeff_drag_shift": 0.31331489861066675, "coeff_lift_shift": 0.05823427505944525, "coeff_lift_gain": 3.209340184485677, "train_sc_a": [16.287251872586268], "train_sc_v": [0.08118227798920795], "val_sc_a": 0, "val_sc_v": 0, "total_sc_a": 0, "total_sc_v": 0}