{"cd0sa": 0.40924346293336683, "cd0fp": 0.1515653737044106, "cd1sa": -4.365982708799555, "cl1sa": -0.16029441860422092, "cd1fp": -0.5089993756362012, "coeff_drag_shift": 0.41033008875354304, "coeff_lift_shift": 0.07463734492419505, "coeff_lift_gain": 2.8980330767446087, "train_sc_a": [18.695302564079906], "train_sc_v": [0.10347016445335752], "val_sc_a": 0, "val_sc_v": 0, "total_sc_a": 0, "total_sc_v": 0}