{"cd0sa": 0.9144238082227761, "cd0fp": 0.011420352006100316, "cd1sa": 2.001291770606835, "cl1sa": 4.994045480903938, "cd1fp": 2.5012825849831493, "coeff_drag_shift": 0.5002068831274717, "coeff_lift_shift": 0.050064647344342086, "coeff_lift_gain": 2.5000979889819934, "train_sc_a": [20.13196734705278], "train_sc_v": [0.11271296418260202], "val_sc_a": 0, "val_sc_v": 0, "total_sc_a": 0, "total_sc_v": 0}