{"cd0sa": 0.4464614203946954, "cd0fp": 0.2085392188863712, "cd1sa": -4.561905162366349, "cl1sa": -0.05996745646973478, "cd1fp": -0.5314316401178587, "coeff_drag_shift": 0.2554307583238424, "coeff_lift_shift": 0.044195876033715484, "coeff_lift_gain": 3.473749611628858, "train_sc_a": [17.831605251707078], "train_sc_v": [0.08544558488679668], "val_sc_a": [17.12485021704953], "val_sc_v": [0.11246572393652923], "total_sc_a": 0, "total_sc_v": 0}