{"cd0sa": 0.3368803216828468, "cd0fp": 0.15906047256997555, "cd1sa": -4.409440752164496, "cl1sa": -0.05509117459894538, "cd1fp": -0.5039013216041662, "coeff_drag_shift": 0.4253887521190272, "coeff_lift_shift": 0.07523212098334486, "coeff_lift_gain": 2.8283946181698134, "train_sc_a": [18.256159891791288], "train_sc_v": [0.08760731722059006], "val_sc_a": [12.01428729771328], "val_sc_v": [0.07101578672211586], "total_sc_a": 0, "total_sc_v": 0}