{"cd0sa": 0.28526546758796073, "cd0fp": 0.0190097447690192, "cd1sa": -1.6437737910215982, "cl1sa": 0.016023331883709118, "cd1fp": -0.4332106312723158, "coeff_drag_shift": 0.4924819073513187, "coeff_lift_shift": 0.08148718989180374, "coeff_lift_gain": 2.5625091264564834, "train_sc_a": [13.465811328595223], "train_sc_v": [0.0861507861868999], "val_sc_a": 0, "val_sc_v": 0, "total_sc_a": 0, "total_sc_v": 0}