{"c1": 0.018383695151435446, "c2": 0.11008928369763948, "ch1": 0.039007700533146145, "ch2": 0.09558185695526726, "di": 0.5183662685304035, "dj": 0.0, "dk": 0.914103138807054, "vw_i": -0.28963615110026325, "vw_j": -0.012151681456963328, "kt": 5.0, "train_sc_a": [0.5092256437330663], "train_sc_v": [7.000714259631421e-05], "val_sc_a": [0.4023055842315349], "val_sc_v": [7.328580338323913e-05], "total_sc_a": [0.07149073521125682], "total_sc_v": [0.0006834462549471686]}