{"c1": 0.01851835943049166, "c2": 0.10911043725250112, "ch1": 0.07123033990621695, "ch2": 0.09788775631479368, "di": 0.7749709656792785, "dj": 0.0, "dk": 0.9756121728151369, "vw_i": -0.15328208276237712, "vw_j": -0.014439037710490049, "kt": 5.0, "train_sc_a": [1.7601257595179056], "train_sc_v": [7.900419671956152e-05], "val_sc_a": [1.100959180821417], "val_sc_v": [8.413045827720234e-05], "total_sc_a": [0.12681598595326435], "total_sc_v": [0.0009996752673817437]}