{"c1": 0.01840084901569086, "c2": 0.10996668739512648, "ch1": 0.030517683476948235, "ch2": 0.09499693795831723, "di": 0.4505494731728172, "dj": 1.6169237584262716e-05, "dk": 0.8814274833317771, "vw_i": -0.3468500302849253, "vw_j": -0.010802116662818545, "kt": 5.0, "train_sc_a": [0.37367465408739714], "train_sc_v": [7.052799824848645e-05], "val_sc_a": [0.3085660867726727], "val_sc_v": [6.516112460314079e-05], "total_sc_a": [0.059308546266128505], "total_sc_v": [0.0006249308903832489]}