{"c1": 0.018455604478405996, "c2": 0.10956768576274106, "ch1": 0.05189256404128718, "ch2": 0.09649605305525309, "di": 0.6219667893745042, "dj": 0.0, "dk": 0.9438984078836249, "vw_i": -0.21919512306779634, "vw_j": -0.010012941668214976, "kt": 5.0, "train_sc_a": [0.8549426072851992], "train_sc_v": [7.283315001872522e-05], "val_sc_a": [0.6069074240482957], "val_sc_v": [7.489417814832571e-05], "total_sc_a": [0.09177910452157553], "total_sc_v": [0.0007944237363747632]}