{"c1": 0.018367824398236258, "c2": 0.1102059346842334, "ch1": 0.025054474547274944, "ch2": 0.09463455250107727, "di": 0.4056673621196852, "dj": 5.251864091796068e-05, "dk": 0.8516322991246232, "vw_i": -0.4064333032918898, "vw_j": -0.01691481178885222, "kt": 5.0, "train_sc_a": [0.2986714127287476], "train_sc_v": [7.202154810552799e-05], "val_sc_a": [0.2533297841806955], "val_sc_v": [5.73191122842138e-05], "total_sc_a": [0.05399264057406489], "total_sc_v": [0.0005984856123638407]}