{"cost": 6.44608762510144, "success": false, "X": [0.00011, 1.0294666710804725, 3.277586690528529, 0.2673120240314223, 0.4939663745136242, -34.96557288935061, 0.04945812648355244, 0.1011740285308711, 0.033185130114505426, 0.5, -0.01044391579684437, 0.055103222577067124, 0.014029238513729501, 9.252318110202438, 0.3335967278148832, 5.671514150002422, -4.736600872494009, 7.138433264983803, -8.038300897723108, -1.0996070648191754, -1.4614033086712475, -0.9398331960159885, 0.5, 0.008114238100601011, 0.32057867181688154, 0.8528416640031586, -31.158367870888117, 8.5]}