{"cost": 22.255225404569895, "success": true, "X": [0.0001266579435606549, 0.007810143667552355, 0.6282433383902497, 0.25617691882712484, 0.02208292627910991, 0.0, 0.09982315393550371, 0.10000404160546533, 0.09999999390182376, 0.5, 0.00863200803492135, 0.0, 0.5826705304508865, 0.0, 0.008392296785379881, 0.5845522380955522, 0.2645965600168731, 0.39123811897441546, 0.7009560504768306, 0.10072101263518343, 0.10439583669637793, 0.1010529148578905, 0.5, 0.009856042545467016, 0.0, 0.9623108396234108, 1.7319818124994422, 12.75], "val_score": 22.21448597329964}