{"cost": 25.13482303641335, "X": [1.0, 1.0453778747654636, 0.9675920930172016, 1.0026677863118463, 0.991711483373865, 0.9908886985783969, 1.0000456771747444, 1.0001799028231135, 0.9999999940879338, 1.0, 0.9887788586807114, 0.9915235978727613, 0.99268536873051, 0.9965410773618457, 0.9850674579022275, 1.0369867418435783, 1.0013345955479613, 1.0001873553907734, 1.0015130024603285, 0.9961742541027963, 1.0005237207321467, 0.999898268843792, 1.0, 0.9603189140713257, 1.0381422131492257, 0.9550797449320901, 1.0437535395898982, 1.0]}