{"cost": 22.272313224572294, "success": true, "X": [0.00012664380735106712, 0.007811115576571646, 0.6281354826529026, 0.2561796899101729, 0.022350064695203353, 0.0, 0.09982327773305066, 0.10000404605740164, 0.10000000309258789, 0.5004569207218771, 0.008632903513286843, 0.0, 0.582977445823144, 0.0, 0.008394889414282805, 0.5844650674086084, 0.2645944353770817, 0.39094123857999263, 0.7071322459027917, 0.10072050738088728, 0.10438820343412239, 0.10105103160634521, 0.5003046141262477, 0.009856136847685834, 0.0, 0.9623384891722994, 1.7324926201906554, 12.75], "val_score": 22.233840379864894}