{"cost": 4.248328778885836, "success": false, "X": [0.002286310536484126, 0.251911577442779, 66.57814824669728, -1.4388811315070476, -11.632007623213577, -96.16202186742524, 0.07211576949139445, 11.691046570844177, 0.1349302557526883, -49.487612065796384, -0.15706390132083553, 1.7295773932876473, 12.337779960199471, -208.44960058928268, 0.08591523546070387, 20.866593274624904, -1.476887847820231, 100.55717212407603, 746.661244401858, -20.62165225475561, -8.820511360084645, -2.3479678188222275, -34.06428841668142, -0.010473131615439491, -1.417828728983512, -16.86686857572965, -183.14243553351005, 553.7917897469529]}