{"cost": 25.13077372093049, "X": [1.0, 1.0451568520799146, 0.9678304768111947, 1.0026451849147826, 0.9917836048373248, 0.9909565219236084, 1.0000455995035609, 1.0001785165588157, 0.9999999881214106, 1.0000021007192006, 0.9888809175763842, 0.9915907115724393, 0.9927584223783126, 0.9965582384674389, 0.9852338656578199, 1.0366641384782216, 1.0013182647180188, 1.0001923547516782, 1.001494608043707, 0.9962292721780069, 1.000520349136808, 0.9998990639986023, 1.0000013085834443, 0.9604427709233839, 1.0380301536979413, 0.9552362278511343, 1.0436060840990617, 1.0]}