{"cost": 196.67738647813778, "X": [1.0, 1.0505753012631134, 0.9687049141517078, 1.002575173851074, 0.9896959689452532, 0.9891110504082936, 1.0000543273964468, 1.0001783756525437, 0.9999998199666027, 1.0, 0.9871639528718793, 0.9898099673337809, 0.9918817945165738, 0.9955969856678897, 0.9852074590357451, 1.0395361820604467, 1.0014020288457945, 1.0000392373918057, 1.0020323205778543, 0.9953278174835024, 1.000489308361365, 0.999878015304864, 1.0, 0.9611947542440775, 1.0370175005116888, 0.9562113068591298, 1.0424323307185623, 1.0469132590630863]}