{"cost": 209881.46207086192, "X": [1019790.278644773, -532868.178152141, 2563512.978749833, -56438.69045778667, 72998.12179629122, -72260.5692972898, 132267.9188484899, -68999.28683026173, 3.0585817720751547, 0.9999999936815253, 546368.1918332751, -540288.2396805333, -530197.2832772081, 537952.6822690326, 206588.31806713543, -1481194.6012443558, 902460.9541534587, -6958.332561098658, 4903.868013051724, -49537.900322727764, -12271.621697136829, 6.980993977553372, 0.9999999996177187, 451713.88371832477, -440265.9065757479, 12523.9159138436, -9908.024414618458, -1092378.3181650196]}