{"cost": 82.22754491942004, "X": [-4.9682848303858036e-05, 31844.06618905978, -116387.78681498412, 1059.7059113052442, 38533.1833120726, -38511.27285020319, 15822.264200679716, -3548.069234100897, -9.30065555967043, 1.0000000000231024, 50733.800492252936, -50739.28856723574, -38952.67195154028, 38878.02689179982, 12424.328018054948, 105744.19522607363, 403.7631972734796, -5616.74428780225, 5678.8769866997545, -521.0657884143059, 364.23025884742634, -20.679899265261376, 0.9999999999999872, 4977.788524762868, -4898.051874009286, -2666.3673980309204, 2695.842765793943, 1.0]}