{"cost": 4.843599978342949, "success": true, "X": [4.69485303012194e-05, 0.07225360231040023, 17.998126405291604, 0.33319222359974476, 0.0, 0.08046741454390578, 0.09967909781153622, 0.10064479616138654, 0.10025924072589715, 0.25220388629232665, 0.019399395071812403, 0.0138686547171287, 0.10356012230540551, 0.00915101143914114, 0.17453292519943295, 0.44669514139417066, 0.6557899028249965, 2.9014379650790496, 2.6317014590293377, 0.139004314407588, 0.0, 0.0, 0.3289720949153826, 0.009435570948042387, 0.09409472667439174, 0.001593766682984411, 0.3711378398616353, 8.5], "val_score": 4.840670063565118}