{"cost": 5.441832043904537, "success": true, "X": [0.00011, 0.0, 1.671827851238908, 0.20029901641230974, 0.0, 0.0, 0.10004017262333675, 0.10009803970347304, 0.0993398474028596, 0.5, 0.011093557595422356, 0.08844231101774384, 0.0, 12.102969653021272, 0.17453292519943295, 2.6647034073844513, 0.273734550303738, 5.180938427502358, 0.0, 0.10232669180516743, 0.0, 0.0, 0.5, 0.01012218404682388, 0.2977910961833077, 0.0, 3.798091191613703, 15.0], "val_score": 7.032850346426436}