{"cost": 4.289757214976924, "success": false, "X": [6.214763579523231e-05, 0.32798215222390137, 9.792889769093492, -0.14033996360270629, -0.2060992708298166, -69.34177624194832, 0.22405720888544703, 0.17397177935195196, 0.006693674329303432, -25.391284682502082, -0.004068693171327941, 0.2796342879189746, 0.11160169594511442, 1.492907655476048, 0.1516455392426683, 5.320888954395443, -0.30923804058587484, 1.8596000943213147, 66.77351521867344, -6.450254980513041, -8.26869401115535, -0.7541309101971616, -17.4933328666817, -0.0003636065965440734, -2.3317471547608006, -0.7630633866727838, 0.6468756898802813, 13.560172114361722]}