{"cost": 5.414757454756544, "success": true, "X": [0.00011, 0.17453292519943295, 1.5707963267948966, 0.017453294625474892, 0.009789397848377327, 0.0, 0.6412886144197826, 0.10091075683251632, 0.10010595601972896, 0.5, 0.0, 0.004851599065787859, 0.0, 0.03851376930144195, 1.0816620587117831e-06, 1.5707963267948966, 1.8858401493013943, 0.008177414901227587, 0.0, -2.621950439969563, -10.311546173389834, -0.7280245389889787, 0.5, 0.3577693405101464, 1.5029461248365664e-07, 0.0, 0.006080791965237315, 12.75], "val_score": 7.416335208185757}