{"cost": 4.247862699022994, "success": false, "X": [0.00011, 0.2855787720413173, 13.65792350453304, -0.12720773204787655, -0.9965787919938728, -32.70783389467931, -0.01846431190957411, 0.5251923856638554, 0.0887940816914655, -8.055326967405392, -0.1007994917439636, -0.19713610107127022, 0.9446425723837183, -53.37152142555088, 0.16650733764237957, 1.1802366392466657, -0.9437420219344976, 4.622998281318798, 459.44038108641234, -0.4678144937045674, -8.863639828261475, -1.1651898113260355, -5.414257497243656, -0.004301427472922887, 2.62668458650336, 0.7858718163326158, -140.37551993140085, 44.663701654747925]}