{"cost": 4.540001362604492, "X": [1.8595923982427842e-05, -0.018459478704725293, 1.0433010087473586, 0.9907543683267743, 0.07371061994340306, 0.224009887025771, 0.9995330557196629, 1.0142617353706544, 1.0000747553108353, 0.9973431095192917, 2.681007163863817, -0.13012733734363655, -0.31781588818900114, 2.0775950505448084, 1.1934804898933489, 1.2143289837380833, 0.9965250283117094, 1.1186028849175285, 1.1062485787766698, 0.9934671850052699, 1.0122070927264015, 0.9740084545826148, 0.9981843782107731, 1.276839773471123, 0.7685258037717881, 0.7053406242113633, 1.2133654780282777, 4.2253073402065935]}