{"cost": 4.7892196711667205, "X": [2.0225025808354308e-05, 0.03018819224606515, 0.9190249664882004, 0.9954550868561052, 0.06597510263359006, 0.2972974453356138, 0.9992960011780632, 1.0134002111735838, 0.9999483495750041, 1.0, 2.5939696271538897, -0.14364801914706843, -0.03987809576378166, 2.0108733191209707, 1.154032140217453, 1.155628078115483, 0.9971084254493287, 1.0557008462644069, 1.0963107843092523, 0.997842331648784, 0.9996521011530035, 0.9900234897880713, 1.0, 1.2636656421857497, 0.7786555311118359, 0.8110218777322896, 1.203860041961933, 4.00697896257643]}