{"cost": 5.364009243568794, "success": true, "X": [0.00011, 0.17453292519943295, 0.8928149530990319, 0.22154212350821925, 0.011565292685277954, 0.015676379388793005, 0.10002881161597017, 0.1005643175104759, 0.09991496549694752, -0.23479763199790232, 0.003509108502091445, 0.004902356160465715, 0.0, 0.002163933040966543, 2.7017654858879145e-13, 0.6517403138506251, 0.3238361209078124, 0.0, 0.0, 0.10970324410742256, 0.13915607278673214, -0.7403584435173323, 0.010188210044400813, 0.008766251612701033, 3.8343740161187166e-08, 0.0, 0.00028994347111591014, 12.75], "val_score": 7.338218643134856}