{"cost": 4.347145475226361, "success": false, "X": [4.1445084515278274e-05, 0.6995234638201094, 1.9873636569753443, -0.26416056354647893, -0.11968464457920047, -9.199761611031928, 0.008154898166395948, 0.022942420929869554, -0.008308080707249966, 0.25, -0.0023141778587703254, 0.05343204192423267, -0.009105503563189479, 3.892252971316366, -0.08753586803401255, 8.333320500978752, -0.7394479001797492, 1.3965206355348483, 22.97690412046139, -0.7696123632014235, -1.5654718082902397, -1.4084354904868608, 0.25, -0.00018047399682018779, -0.3092427451133515, -2.765281132252006, 2.8057386779783573, 72.25]}