{"cost": 8.679168985269117, "success": true, "X": [0.00011, 0.007038317102551182, 0.9420216183362977, 0.25562354216420835, 0.02809589290317916, 0.0, 0.09928145090776894, 0.10001459465557039, 0.09999919054462764, 0.5003158519792701, 0.008252183904866546, 0.0017204552708652017, 0.0, 0.0, 2.2248435047257835e-12, 0.7894661106641325, 0.25709421245485653, 0.0, 0.0, 0.10344515816985206, 0.13841173310540306, 0.102105886323068, 0.5002107554146578, 0.009798190264566903, 0.029444402149786726, 0.0693203032423256, 1.417496942276638, 8.5], "val_score": 11.405350898366219}