{"cost": 8.673306355583048, "success": true, "X": [0.00011, 0.007803076128230676, 0.7092239800528811, 0.25747695370451523, 0.027215263509303384, 0.0, 0.09994677263569941, 0.10000915491374325, 0.09999969464588315, 0.5, 0.009191235109518307, 0.0009059919843364355, 0.0, 0.0, 0.0, 0.6941453756047626, 0.2590119027227746, 0.0, 0.0, 0.10073747345839501, 0.10147633206493763, 0.09706764569883175, 0.5, 0.009911466746483617, 0.038068414323400995, 0.0, 2.0301259897101684, 8.5], "val_score": 11.485870345404175}