{"cost": 4.325510003284355, "X": [1.7676904118632553, -9.604527302092153, 30.45710459425305, 2.479678719178948, 0.1264829602623688, 19.028689460531048, 111.62355903950163, 57.94814018242358, -391.5819958159955, 0.9649065957776525, 1.181938272835406, -0.5395193712360705, 4.749311564609075]}