{"cost": 4.627672026609877, "success": true, "X": [4.9557245934628314e-05, 0.17453292519943295, 1.5707963267948966, 1.3292119524524442, 0.005333038665656467, 0.0, 0.05032257031332149, -2.405340546200172, -0.5362599469000084, 0.0028560144664470893, 0.0008909918613057541, 0.0, 8.5], "val_score": 4.607931786245166}