{"cost": 4.374127827433781, "X": [0.2820225729488256, 10.211281325995413, 17.734716248772184, 52.45221449874728, -0.020870050713143806, -131.10676567018928, 26.138634434817863, 9.462757935677605, -53.80142708184166, 1.045389276606975, -0.03410385452635134, 0.0692637113066992, 0.7522252437494027]}