{"cost": 6.8566740692817545, "success": true, "X": [8.048043092328873e-05, 0.0, 0.7404424481313905, 0.27306841018841166, 0.9146817221993289, 1.976617539037645, 0.10132657022184706, 0.0, 0.0, 0.009992337799663865, 0.03466459273161084, 0.0, 14.999538600219829], "val_score": 6.8818026579772775}