{"cost": 4.609330591020912, "success": true, "X": [7.432956898157942e-05, 0.17453292519943295, 1.5707963267948966, 1.8046433121376562, 0.007995578563707872, 0.0, 0.02516185837397025, -3.6854131509114403, -0.813667289454539, 0.0006206019319994544, 0.001337177928129294, 0.0, 12.75], "val_score": 4.589798189271659}