{"cost": 7.282222616422727, "success": true, "X": [0.00011, 0.0, 1.9242004663909367, 0.29310328873346, 0.974304262713087, 0.8777360849834774, 0.1009805613544542, 0.0, 0.0, 0.009966572553777156, 0.10615446832295584, 0.0002503372454267772, 15.0], "val_score": 8.595059872381805}