{"cost": 6.472080649042374, "X": [0.9999999999999932, -9.796650686142343, 2.772949255878591, 0.8192092028186013, 0.02574938302233834, 2.31415155814739, 0.055772354748860595, -8.631423760165776, -85.63127393029147, 1.009730735873975, 0.5718310851879258, -0.13165671314993757, 1.0]}