{"cost": 4.378209861201479, "X": [0.37530376499939805, -12.407714176884449, 21.19058458900339, 2.362362202874609, 0.027883045379765686, 18.708920169063873, 6.602341593549273, 2.1545067437619787, -72.07089848012677, 0.3874541083211897, 0.26063865819412574, -0.09034132598045608, 1.0]}