{"cost": 4.45037291364971, "X": [1.000000000000023, -11.821574329497663, 9.36222833631684, 1.958187352696619, 0.20351716558769145, -0.2642038829631074, 1.1623215019659516, 0.9146118505030222, -0.8651558203732362, 0.9159748768191303, 1.2929859743575518, -0.46610755269635695, 5.594656121963482]}