{"cd0sa": 0.26230711844838595, "cd0fp": 0.04794864727460336, "cd1sa": 0.059655386911760255, "cl1sa": -0.09224682985986218, "cd1fp": -0.7707404122765407, "coeff_drag_shift": 0.5035559428739972, "coeff_lift_shift": 0.06267935435069086, "coeff_lift_gain": 2.5268810642795003, "train_sc_a": [36.76695541317444], "train_sc_v": [0.19071481502477955], "val_sc_a": 0, "val_sc_v": 0, "total_sc_a": 0, "total_sc_v": 0}