{"cd0sa": -0.9608464858357887, "cd0fp": -0.15065926904638333, "cd1sa": 1.6793609739913262, "cl1sa": 4.254728298242233, "cd1fp": 2.4133997627949078, "coeff_drag_shift": 0.5011195769193777, "coeff_lift_shift": 0.036171841919297426, "coeff_lift_gain": 2.496439611199054, "train_sc_a": [91.76429785542436], "train_sc_v": [0.4551400616994565], "val_sc_a": 0, "val_sc_v": 0, "total_sc_a": 0, "total_sc_v": 0}