{"cd0sa": 0.6367845804044833, "cd0fp": -0.7353707577198113, "cd1sa": -0.6163634361718885, "cl1sa": 0.059691174524318706, "cd1fp": -0.7003660343418944, "coeff_drag_shift": 0.5032900029359183, "coeff_lift_shift": 0.060576458114944935, "coeff_lift_gain": 2.5423227025134474, "train_sc_a": [7.638229740332833], "train_sc_v": [0.0500226350540455], "val_sc_a": 0, "val_sc_v": 0, "total_sc_a": 0, "total_sc_v": 0}