{"cd0sa": 0.022217263085352323, "cd0fp": -0.2955639024330429, "cd1sa": 1.1325764981941218, "cl1sa": 1.4445779387297877, "cd1fp": 0.4497272845825699, "coeff_drag_shift": 0.5043346478881106, "coeff_lift_shift": 0.058478078386886, "coeff_lift_gain": 2.5087702459974452, "train_sc_a": [19.09636028717462], "train_sc_v": [0.09803160588560543], "val_sc_a": 0, "val_sc_v": 0, "total_sc_a": 0, "total_sc_v": 0}