{"cd0sa": 0.9381994782737484, "cd0fp": -0.11602348347684927, "cd1sa": -0.1953815887670569, "cl1sa": -0.19175675344891294, "cd1fp": -0.5659743751542049, "coeff_drag_shift": 0.5035333183370008, "coeff_lift_shift": 0.06265545436368851, "coeff_lift_gain": 2.5327201466313, "train_sc_a": [14.197386691666432], "train_sc_v": [0.04952018433724315], "val_sc_a": 0, "val_sc_v": 0, "total_sc_a": 0, "total_sc_v": 0}