{"cd0sa": -0.8785555075937386, "cd0fp": 0.3718777174784781, "cd1sa": -1.065554737934156, "cl1sa": -0.03689041177961645, "cd1fp": 0.08023312783130264, "coeff_drag_shift": 0.5079835760733616, "coeff_lift_shift": 0.05925616816320113, "coeff_lift_gain": 2.55260964501206, "train_sc_a": [29.912467744053775], "train_sc_v": [0.14348228720891495], "val_sc_a": 0, "val_sc_v": 0, "total_sc_a": 0, "total_sc_v": 0}