{"cd0sa": 0.28585932884099197, "cd0fp": -0.37194864577110026, "cd1sa": -0.7327091601469092, "cl1sa": 0.06830196236061666, "cd1fp": -0.2756044637769079, "coeff_drag_shift": 0.5040208152498824, "coeff_lift_shift": 0.0597093418661519, "coeff_lift_gain": 2.545781712988719, "train_sc_a": [30.64637792295199], "train_sc_v": [0.15134070924075116], "val_sc_a": 0, "val_sc_v": 0, "total_sc_a": 0, "total_sc_v": 0}