{"cd0sa": 0.2663363023717236, "cd0fp": -0.1406817720468038, "cd1sa": -1.2545335551446395, "cl1sa": 0.15409214704893548, "cd1fp": -0.6503994553042454, "coeff_drag_shift": 0.5025916199758396, "coeff_lift_shift": 0.059071863032768054, "coeff_lift_gain": 2.5647678194760553, "train_sc_a": [11.664436884509755], "train_sc_v": [0.05211484701655863], "val_sc_a": 0, "val_sc_v": 0, "total_sc_a": 0, "total_sc_v": 0}