{"cd0sa": -0.18573654888646335, "cd0fp": -0.20672554362556445, "cd1sa": 0.5993114291040145, "cl1sa": 0.40681989151486075, "cd1fp": -0.06683552210109261, "coeff_drag_shift": 0.5024811221499403, "coeff_lift_shift": 0.05939498461163414, "coeff_lift_gain": 2.5086024692572533, "train_sc_a": [26.416343962565215], "train_sc_v": [0.1326013556266219], "val_sc_a": 0, "val_sc_v": 0, "total_sc_a": 0, "total_sc_v": 0}