{"cd0sa": 0.6802565540548907, "cd0fp": 0.31779640982701335, "cd1sa": 0.33517075593826534, "cl1sa": 0.250099176281053, "cd1fp": -0.1857314145446667, "coeff_drag_shift": 0.5043622917511772, "coeff_lift_shift": 0.06223193666148194, "coeff_lift_gain": 2.5198668069306644, "train_sc_a": [11.766846192631498], "train_sc_v": [0.057829055350811426], "val_sc_a": 0, "val_sc_v": 0, "total_sc_a": 0, "total_sc_v": 0}