{"cd0sa": -0.6359594937342806, "cd0fp": -0.33556587678757027, "cd1sa": -1.008162626675392, "cl1sa": -0.10146378604623474, "cd1fp": -0.701290454069452, "coeff_drag_shift": 0.5067392703003429, "coeff_lift_shift": 0.05932849274209849, "coeff_lift_gain": 2.5512048501193982, "train_sc_a": [41.963998039925855], "train_sc_v": [0.20920416570864253], "val_sc_a": 0, "val_sc_v": 0, "total_sc_a": 0, "total_sc_v": 0}