{"cd0sa": 0.0028938082831028167, "cd0fp": -0.34359599802842217, "cd1sa": -0.5359871999996838, "cl1sa": -0.15500988780050945, "cd1fp": -0.45591734486075575, "coeff_drag_shift": 0.5050093382607475, "coeff_lift_shift": 0.06122865243102804, "coeff_lift_gain": 2.5381830761952244, "train_sc_a": [22.566516637776424], "train_sc_v": [0.11431634582765392], "val_sc_a": 0, "val_sc_v": 0, "total_sc_a": 0, "total_sc_v": 0}