{"cd0sa": 0.5405037104560042, "cd0fp": -0.4407739300560717, "cd1sa": 1.9515859115281426, "cl1sa": 4.880864692474462, "cd1fp": 2.068041805386718, "coeff_drag_shift": 0.5001170700412843, "coeff_lift_shift": 0.051177154321417846, "coeff_lift_gain": 2.5002334129473365, "train_sc_a": [51.10230678843301], "train_sc_v": [0.25373954341305105], "val_sc_a": 0, "val_sc_v": 0, "total_sc_a": [41.60181958063228], "total_sc_v": [0.20524319366707747]}