{"cd0sa": 0.3335573771125864, "cd0fp": -0.7165017857942872, "cd1sa": 1.919193788483183, "cl1sa": 4.766210998020118, "cd1fp": 1.7652240475085577, "coeff_drag_shift": 0.5002331983752587, "coeff_lift_shift": 0.0522800835972611, "coeff_lift_gain": 2.500459830435466, "train_sc_a": [41.60181958063228], "train_sc_v": [0.20524319366707747], "val_sc_a": 0, "val_sc_v": 0, "total_sc_a": [36.83578884970073], "total_sc_v": [0.1807735134659357]}