{"cd0sa": 0.13736544305553444, "cd0fp": 0.21062611716445295, "cd1sa": -5.6007861008356015, "cl1sa": -0.10639653164218744, "cd1fp": -0.2317438812649731, "coeff_drag_shift": 0.2950586745210975, "coeff_lift_shift": -0.030348494136930023, "coeff_lift_gain": 6.2823754091872575, "train_sc_a": [24.120107971022534], "train_sc_v": [0.11253948603105016], "val_sc_a": 0, "val_sc_v": 0, "total_sc_a": 0, "total_sc_v": 0}