{"cd0sa": 0.03901602747678856, "cd0fp": 0.15212694046738903, "cd1sa": -5.169565627659729, "cl1sa": 0.033930952769464374, "cd1fp": -0.02295478370017467, "coeff_drag_shift": 0.037790187497465946, "coeff_lift_shift": -0.1508134606622296, "coeff_lift_gain": 8.759197140107373, "train_sc_a": [20.048910305757094], "train_sc_v": [0.09678537978252234], "val_sc_a": [21.74195864939783], "val_sc_v": [0.10451547324636232], "total_sc_a": 0, "total_sc_v": 0}