{"cd0sa": 0.7580759725559665, "cd0fp": 0.18276608568449848, "cd1sa": -4.835703945828476, "cl1sa": -0.1972341747767967, "cd1fp": -0.5774988158973393, "coeff_drag_shift": 0.05716306050669327, "coeff_lift_shift": -0.1476644805646352, "coeff_lift_gain": 8.15363825880594, "train_sc_a": [20.421912955855557], "train_sc_v": [0.09295850270836277], "val_sc_a": 0, "val_sc_v": 0, "total_sc_a": 0, "total_sc_v": 0}