{"cd0sa": -0.3175359603792292, "cd0fp": 0.4145953930108396, "cd1sa": -4.327332352780298, "cl1sa": -0.1077236091402675, "cd1fp": -0.3248917196706778, "coeff_drag_shift": 0.17009744735617963, "coeff_lift_shift": -0.07112943366461895, "coeff_lift_gain": 6.888038007738986, "train_sc_a": [20.023419330354944], "train_sc_v": [0.0970312712173404], "val_sc_a": 0, "val_sc_v": 0, "total_sc_a": 0, "total_sc_v": 0}