{"cd0sa": -0.02073003210655229, "cd0fp": -0.2885226244460791, "cd1sa": -5.187770944598311, "cl1sa": 0.02314401170647725, "cd1fp": -0.39336321233284055, "coeff_drag_shift": 0.03681362405623377, "coeff_lift_shift": -0.15081408850514963, "coeff_lift_gain": 8.759856173397031, "train_sc_a": [18.26485146555466], "train_sc_v": [0.08538593195092775], "val_sc_a": 0, "val_sc_v": 0, "total_sc_a": 0, "total_sc_v": 0}