{"cd0sa": 1.0974105051303147, "cd0fp": 0.4476720776410492, "cd1sa": -4.861674081062577, "cl1sa": 0.051460375510610154, "cd1fp": -0.5712695584315923, "coeff_drag_shift": 0.19350365448517945, "coeff_lift_shift": 0.008037262057000795, "coeff_lift_gain": 5.664519399530038, "train_sc_a": [10.113619060915202], "train_sc_v": [0.0587572237835759], "val_sc_a": 0, "val_sc_v": 0, "total_sc_a": 0, "total_sc_v": 0}