{"cd0sa": 0.9555176481696976, "cd0fp": 0.22332031449802092, "cd1sa": -4.572532281587281, "cl1sa": 0.20674863510553182, "cd1fp": -0.4553664795538013, "coeff_drag_shift": 0.18825250313616343, "coeff_lift_shift": -0.1159766326199827, "coeff_lift_gain": 7.534749815202112, "train_sc_a": [16.078197121632584], "train_sc_v": [0.08245224930415822], "val_sc_a": 0, "val_sc_v": 0, "total_sc_a": 0, "total_sc_v": 0}