{"cd0sa": -1.0731334692853118, "cd0fp": 0.17879755528958483, "cd1sa": -4.9444416292447535, "cl1sa": -0.17086138388100255, "cd1fp": -0.36482468829685977, "coeff_drag_shift": -0.018397719225441058, "coeff_lift_shift": -0.2976863905574171, "coeff_lift_gain": 10.499432978559893, "train_sc_a": [12.645266753895212], "train_sc_v": [0.06217576786738668], "val_sc_a": 0, "val_sc_v": 0, "total_sc_a": 0, "total_sc_v": 0}