{"cd0sa": -0.6401244374492598, "cd0fp": 0.3641884679810416, "cd1sa": -4.869565283330936, "cl1sa": -0.1024827932595831, "cd1fp": -0.029549621937958428, "coeff_drag_shift": 0.12820033404964093, "coeff_lift_shift": 0.1019449094743107, "coeff_lift_gain": 3.791704451400446, "train_sc_a": [20.825497888784444], "train_sc_v": [0.1146593731115712], "val_sc_a": 0, "val_sc_v": 0, "total_sc_a": 0, "total_sc_v": 0}