{"cd0sa": -6.2899257908799155, "cd0fp": -9.005478601121435, "cd1sa": 1.0317182305628518, "cl1sa": 2.6172938494892377, "cd1fp": -6.139163892265648, "coeff_drag_shift": 0.5023414008256839, "coeff_lift_shift": 0.07354308642835684, "coeff_lift_gain": 2.5046682589467335, "train_sc_a": [236.6449024372251], "train_sc_v": [1.1881636797617434], "val_sc_a": 0, "val_sc_v": 0, "total_sc_a": 0, "total_sc_v": 0}