{"cd0sa": 110.092934366116, "cd0fp": 39.89036722247867, "cd1sa": -8.751373206491019, "cl1sa": -218.4693207895378, "cd1fp": -176.48311128522596, "coeff_drag_shift": 0.9804072754327554, "coeff_lift_shift": 2.1259294737930605, "coeff_lift_gain": 2.948287786567821, "train_sc_a": [2908.4536023366113], "train_sc_v": [14.606108811901125], "val_sc_a": 0, "val_sc_v": 0, "total_sc_a": 0, "total_sc_v": 0}