{"c1": 0.018827815153754604, "c2": 0.10684134977938892, "ch1": 0.09991933531916904, "ch2": 0.09999391867666209, "di": 0.9993284799951639, "dj": 0.9937504788655334, "dk": 0.9999676002734086, "vw_i": -0.00029651397335856246, "vw_j": -5.13896567855124e-05, "kt": 4.999991605810183, "train_sc_a": [0.1908477155280979], "train_sc_v": [1.1638542741717148e-05], "val_sc_a": [0.29466375777475096], "val_sc_v": [1.3484292665576442e-05], "total_sc_a": [0.21295571749647885], "total_sc_v": [0.0015525636888967505]}