{"c1": 0.018827854864267107, "c2": 0.10684105810750473, "ch1": 0.09994603840905142, "ch2": 0.09999592949586206, "di": 0.9995626832451918, "dj": 0.9957697046583416, "dk": 0.9999679145819342, "vw_i": -0.00015828085602945734, "vw_j": -2.8193123801646444e-05, "kt": 4.999993168304696, "train_sc_a": [0.2233000686872562], "train_sc_v": [1.1746394021527888e-05], "val_sc_a": [0.16600936365818242], "val_sc_v": [1.3086190573179341e-05], "total_sc_a": [0.213073515201897], "total_sc_v": [0.0015533314789352983]}