{"c1": 0.01882777458254715, "c2": 0.10684164798045703, "ch1": 0.09990590967531525, "ch2": 0.09999289893765764, "di": 0.9991982688676864, "dj": 0.9926019655083758, "dk": 0.9999640726521163, "vw_i": -0.0003134675119380667, "vw_j": -4.367356333883805e-05, "kt": 4.999989371058498, "train_sc_a": [0.24109513975262717], "train_sc_v": [1.2044491006293314e-05], "val_sc_a": [0.09324510697130856], "val_sc_v": [1.1844284350622254e-05], "total_sc_a": [0.21289240698806275], "total_sc_v": [0.00155215031312148]}