{"c1": 0.01882783825542254, "c2": 0.10684117613886251, "ch1": 0.0999327704224801, "ch2": 0.09999492878261354, "di": 0.9994565120775422, "dj": 0.9947160201939284, "dk": 0.9999576092015466, "vw_i": -0.00027222597409670983, "vw_j": -4.9828817354102774e-05, "kt": 4.999992427198565, "train_sc_a": [0.22170333641236042], "train_sc_v": [1.1915478336037485e-05], "val_sc_a": [0.17184527227162152], "val_sc_v": [1.2393735754217859e-05], "total_sc_a": [0.21301324323027113], "total_sc_v": [0.0015529387592654036]}