{"cd0sa": -2.694962895439958, "cd0fp": -4.497739300560717, "cd1sa": 1.515859115281426, "cl1sa": 3.808646924744619, "cd1fp": -1.819581946132823, "coeff_drag_shift": 0.501170700412842, "coeff_lift_shift": 0.06177154321417842, "coeff_lift_gain": 2.5023341294733665, "train_sc_a": [51.10230678843301], "train_sc_v": [0.25373954341305105], "val_sc_a": 0, "val_sc_v": 0, "total_sc_a": [104.0312691584184], "total_sc_v": [0.5209783142529691]}