{"cd0sa": 9.097235881148539, "cd0fp": 8.191149338380535, "cd1sa": 2.6505967356302067, "cl1sa": 3.073268639865235, "cd1fp": 6.478660253412189, "coeff_drag_shift": 0.5226037853685743, "coeff_lift_shift": 0.06933809891484559, "coeff_lift_gain": 2.5039897824519, "train_sc_a": [104.0312691584184], "train_sc_v": [0.5209783142529691], "val_sc_a": 0, "val_sc_v": 0, "total_sc_a": [275.54140369282277], "total_sc_v": [1.3839440199373578]}