{"c1": 0.020172941560161774, "c2": 0.11549384462876425, "ch1": 0.001539017983556168, "ch2": 0.09290009211923368, "di": 1.0651595433815557, "dj": 1.6100363985504782, "dk": 3.5509362282881707, "vw_i": -1.4929034869909112, "vw_j": -0.3283884405412208, "kt": 6.166009915016887, "train_sc_a": [0.22930797368494388], "train_sc_v": [0.0011733380961487917], "val_sc_a": 0, "val_sc_v": 0, "total_sc_a": 0, "total_sc_v": 0}