{"c1": 0.01922806067727261, "c2": 0.10401313397360708, "ch1": 0.002528172691174087, "ch2": 0.09304010594579086, "di": 0.9925469836183054, "dj": 0.9720486082676281, "dk": 1.3939296939318084, "vw_i": -1.7464244039713432, "vw_j": -0.36214232713613964, "kt": 5.181356116299683, "train_sc_a": [0.26441007815074263], "train_sc_v": [0.0010106866788413965], "val_sc_a": 0, "val_sc_v": 0, "total_sc_a": 0, "total_sc_v": 0}