{"c1": 0.020381331570189513, "c2": 0.10570833627003645, "ch1": -0.00502040429216278, "ch2": 0.09237445361949091, "di": 0.9990496451978436, "dj": 1.311389025137553, "dk": 3.5982248106819923, "vw_i": -1.5373631539132537, "vw_j": -0.32387611037965197, "kt": 6.16049052877343, "train_sc_a": [0.4352916028791186], "train_sc_v": [0.004195410094099709], "val_sc_a": 0, "val_sc_v": 0, "total_sc_a": 0, "total_sc_v": 0}