{"c1": 0.027040521933040247, "c2": 0.041137381410660895, "ch1": -0.015866957345237735, "ch2": 0.09149847083565098, "di": 1.096588828624509, "dj": 0.9282259829999528, "dk": 2.6442972666679005, "vw_i": -0.9716882298547279, "vw_j": -0.14572709249524768, "kt": 5.969603904441179, "train_sc_a": [9.825582470814057], "train_sc_v": [0.0411019571670287], "val_sc_a": 0, "val_sc_v": 0, "total_sc_a": 0, "total_sc_v": 0}