{"c1": 0.02035113028247527, "c2": 0.10536037299588374, "ch1": 0.0010671914995694313, "ch2": 0.0928963864860073, "di": 0.9681398550866485, "dj": 1.3269837871115555, "dk": 2.748522467657736, "vw_i": -1.5716088818155318, "vw_j": -0.3572209832070952, "kt": 5.982396112548618, "train_sc_a": [0.8131227379699342], "train_sc_v": [0.0050667784231827615], "val_sc_a": 0, "val_sc_v": 0, "total_sc_a": 0, "total_sc_v": 0}