{"c1": 0.019893283364418743, "c2": 0.11758794222111946, "ch1": 0.004103098673074006, "ch2": 0.093091367287707, "di": 1.0726708775290796, "dj": 1.6178734872731315, "dk": 3.5627596630374354, "vw_i": -1.508723267713798, "vw_j": -0.33328895635198413, "kt": 6.175288426835438, "train_sc_a": [0.3130954361896841], "train_sc_v": [0.0013673783419994433], "val_sc_a": 0, "val_sc_v": 0, "total_sc_a": 0, "total_sc_v": 0}