{"c1": 0.02011991079462599, "c2": 0.11589323457596146, "ch1": 0.0011701064818588668, "ch2": 0.09287241950155227, "di": 1.0647627581150303, "dj": 1.6059459361461237, "dk": 3.5502293207179756, "vw_i": -1.4898914289478435, "vw_j": -0.32733784593978654, "kt": 6.164767081554086, "train_sc_a": [0.18559391414364892], "train_sc_v": [0.0009630260412383194], "val_sc_a": 0, "val_sc_v": 0, "total_sc_a": 0, "total_sc_v": 0}