{"c1": 0.01933784404803649, "c2": 0.10321918171952871, "ch1": 0.014696130888199072, "ch2": 0.09392611148287701, "di": 0.9876731968280437, "dj": 0.9876731968280437, "dk": 1.4163355466480072, "vw_i": -1.8490204757934543, "vw_j": -0.4398645329227175, "kt": 5.196201979831465, "train_sc_a": [0.2954081509365638], "train_sc_v": [0.0014125168985784585], "val_sc_a": 0, "val_sc_v": 0, "total_sc_a": 0, "total_sc_v": 0}