{"c1": 0.015341356304760958, "c2": 0.1798844491804681, "ch1": -0.00785427169675873, "ch2": 0.09216452670271039, "di": 0.9390943202884071, "dj": 0.7811269233324066, "dk": 20.635206179713247, "vw_i": -2.112706606771643, "vw_j": -0.4075743936882039, "kt": 14.629682060579619, "train_sc_a": [4.858920328453851], "train_sc_v": [0.028087752969285625], "val_sc_a": 0, "val_sc_v": 0, "total_sc_a": 0, "total_sc_v": 0}