{"c1": 0.019579307396211738, "c2": 0.11197708117071639, "ch1": 0.0029947821564327813, "ch2": 0.09306149013103399, "di": 0.958040057266499, "dj": 1.3336818496662872, "dk": 2.7623958665645376, "vw_i": -1.6478569831361012, "vw_j": -0.3808722118438328, "kt": 5.943380332376185, "train_sc_a": [0.20239493210714737], "train_sc_v": [0.001574535496784503], "val_sc_a": 0, "val_sc_v": 0, "total_sc_a": 0, "total_sc_v": 0}