{"c1": 0.02076387312301688, "c2": 0.09309178656201379, "ch1": -0.2238980000626891, "ch2": 0.07693750161881333, "di": 0.953195242652707, "dj": 0.953195242652707, "dk": 2.580822210274642, "vw_i": -7.020713602093936, "vw_j": -1.6701615529941725, "kt": 5.744977098195424, "train_sc_a": [14.370919254526731], "train_sc_v": [0.059499250685242505], "val_sc_a": 0, "val_sc_v": 0, "total_sc_a": 0, "total_sc_v": 0}