{"c1": 0.013281727563799786, "c2": 0.18485266114828144, "ch1": -0.022212297192850658, "ch2": 0.09118076615225082, "di": 0.8687829572754145, "dj": 1.048328448213544, "dk": 1.8738859644328172, "vw_i": -1.234653057161665, "vw_j": -0.3408968316426365, "kt": 6.834477204089841, "train_sc_a": [5.7114689143939446], "train_sc_v": [0.023548678709361958], "val_sc_a": 0, "val_sc_v": 0, "total_sc_a": 0, "total_sc_v": 0}