{"c1": 0.027715181669045078, "c2": 0.059096210463952664, "ch1": -0.09712721853507628, "ch2": 0.08553452690100176, "di": 0.7997272811560947, "dj": 1.2062018204613698, "dk": 3.1302830504079004, "vw_i": -0.8587546051308539, "vw_j": -0.1278902524032019, "kt": 5.812151039876837, "train_sc_a": [8.846809269005341], "train_sc_v": [0.03601351897957544], "val_sc_a": 0, "val_sc_v": 0, "total_sc_a": 0, "total_sc_v": 0}