{"c1": 0.025867865231952815, "c2": 0.05906418040652383, "ch1": -0.30714607541760464, "ch2": 0.06672360541873008, "di": 2.5626667356731083, "dj": 0.6710334096267614, "dk": 1.8411996875315337, "vw_i": 0.6812597804896678, "vw_j": 1.342642856656968, "kt": 6.091477962127262, "train_sc_a": [10.020820043394773], "train_sc_v": [0.04027279870347969], "val_sc_a": 0, "val_sc_v": 0, "total_sc_a": 0, "total_sc_v": 0}