{"c1": 0.01917026457920851, "c2": 0.10444369453855712, "ch1": 0.0015257082445924205, "ch2": 0.09296482824935944, "di": 0.9889266157029372, "dj": 0.963143846853161, "dk": 1.3856286509254359, "vw_i": -1.7391907783454337, "vw_j": -0.3612813163524025, "kt": 5.1533320612513585, "train_sc_a": [0.2587973934071578], "train_sc_v": [0.0010279603197334093], "val_sc_a": 0, "val_sc_v": 0, "total_sc_a": 0, "total_sc_v": 0}