{"c1": 0.019711200047963034, "c2": 0.09992618045139948, "ch1": -0.000260909781495204, "ch2": 0.09281487300543284, "di": 0.9715840395598841, "dj": 0.990000241740986, "dk": 1.3820796792867645, "vw_i": -1.6914940949532893, "vw_j": -0.363344400228042, "kt": 5.1484850867026815, "train_sc_a": [0.25746870887326806], "train_sc_v": [0.0009195759890961441], "val_sc_a": 0, "val_sc_v": 0, "total_sc_a": 0, "total_sc_v": 0}