{"c1": 0.011286593125385441, "c2": 0.1644844071070994, "ch1": 0.06483901500463375, "ch2": 0.09748797888822101, "di": 1.1807086876238548, "dj": 2.3267657978726692, "dk": 0.8157960857167169, "vw_i": -1.9738700678266663, "vw_j": -0.1682766482010417, "kt": 4.373849894429971, "train_sc_a": [6.030657588518396], "train_sc_v": [0.024693490890579217], "val_sc_a": 0, "val_sc_v": 0, "total_sc_a": 0, "total_sc_v": 0}