{"c1": 0.018992635022040082, "c2": 0.1057964912967801, "ch1": 0.0029522408834178645, "ch2": 0.09306674082266911, "di": 0.9932477197352007, "dj": 0.9938680550756236, "dk": 1.372789568676633, "vw_i": -1.7444784134924993, "vw_j": -0.3569326656081429, "kt": 5.135769295866707, "train_sc_a": [0.2594673530468579], "train_sc_v": [0.0008364197839480431], "val_sc_a": 0, "val_sc_v": 0, "total_sc_a": 0, "total_sc_v": 0}