{"c1": 0.017123682015371552, "c2": 0.19419512181113402, "ch1": 0.05703135520938904, "ch2": 0.09729071866574389, "di": 0.8311411173901521, "dj": 4.532017261079847, "dk": 2.7113027617273597, "vw_i": -1.7195270071032973, "vw_j": -0.6719903681897197, "kt": 5.96685134070578, "train_sc_a": [4.754726922191235], "train_sc_v": [0.019536802436792643], "val_sc_a": 0, "val_sc_v": 0, "total_sc_a": 0, "total_sc_v": 0}