{"c1": 0.02714249940499009, "c2": 0.047139104371948876, "ch1": -0.015893927302238202, "ch2": 0.09144361821908388, "di": 1.0570092787331324, "dj": 1.2680466708061622, "dk": 2.6264486413475185, "vw_i": -0.900692004154964, "vw_j": -0.1491107720021968, "kt": 6.325700994367608, "train_sc_a": [10.135200634409582], "train_sc_v": [0.042829847598119426], "val_sc_a": 0, "val_sc_v": 0, "total_sc_a": 0, "total_sc_v": 0}