{"c1": 0.01686466947885098, "c2": 0.20172178997456897, "ch1": 0.002987625423405104, "ch2": 0.09300957962044504, "di": 1.0593488850050616, "dj": 1.60898037114127, "dk": 3.020354309996752, "vw_i": -0.9706115284886283, "vw_j": -0.45591084416046934, "kt": 6.228785364894353, "train_sc_a": [4.393136974951837], "train_sc_v": [0.0175152195295156], "val_sc_a": 0, "val_sc_v": 0, "total_sc_a": 0, "total_sc_v": 0}