{"c1": 0.018588052018031775, "c2": 0.10864167028195942, "ch1": -0.06840787670492156, "ch2": 0.08787492280443816, "di": 1.0209599001406997, "dj": 0.8809612978110312, "dk": 1.2633093672260085, "vw_i": -1.1483158387727859, "vw_j": 0.09095803198558843, "kt": 5.094808571365174, "train_sc_a": [0.7668634222569573], "train_sc_v": [0.0032945006533833705], "val_sc_a": 0, "val_sc_v": 0, "total_sc_a": 0, "total_sc_v": 0}