{"c1": 0.018827999905446785, "c2": 0.10684000061086713, "ch1": 0.09999890260371108, "ch2": 0.09999991384070323, "di": 0.9999927768440448, "dj": 0.9998630064188669, "dk": 1.0000003343021626, "vw_i": 6.624916694193632e-07, "vw_j": 1.2732635181033157e-06, "kt": 5.000000076293195, "train_sc_a": [0.0830970170514905], "train_sc_v": [4.209034250450978e-06], "val_sc_a": [0.20722064954252264], "val_sc_v": [6.326902674744804e-06], "total_sc_a": [0.21330939696346587], "total_sc_v": [0.0015548706680384376]}