{"c1": 0.01882800164286454, "c2": 0.10683998678374165, "ch1": 0.09999401399159462, "ch2": 0.09999953146966759, "di": 0.9999613876340411, "dj": 0.999250202054557, "dk": 0.999997139411776, "vw_i": -1.0912660817112352e-05, "vw_j": -2.1697704032761525e-06, "kt": 5.000000198218408, "train_sc_a": [0.13024043579280573], "train_sc_v": [4.670851248130018e-06], "val_sc_a": [0.04210459289409151], "val_sc_v": [4.706794759614653e-06], "total_sc_a": [0.21328012173498015], "total_sc_v": [0.0015546796243457635]}