{"c1": 0.018828000284760775, "c2": 0.1068399973753841, "ch1": 0.09999756065154945, "ch2": 0.09999981045092471, "di": 0.9999841132505546, "dj": 0.9997134281370241, "dk": 0.9999984104904978, "vw_i": -2.9536131642074632e-06, "vw_j": 6.179711166045396e-07, "kt": 5.000000066257303, "train_sc_a": [0.10639715698152168], "train_sc_v": [5.165265914015153e-06], "val_sc_a": [0.12564336768849937], "val_sc_v": [2.9791957245473806e-06], "total_sc_a": [0.213301953874613], "total_sc_v": [0.0015548221240849005]}