{"c1": 0.018828002157303153, "c2": 0.1068399822662992, "ch1": 0.09999203710352625, "ch2": 0.09999937938039093, "di": 0.9999489217143899, "dj": 0.9990722625988635, "dk": 0.9999951690079211, "vw_i": -1.3297347829361974e-05, "vw_j": -1.8877045042552286e-06, "kt": 5.0000001662264895, "train_sc_a": [0.0739797546885753], "train_sc_v": [3.941480250964845e-06], "val_sc_a": [0.23895829370476257], "val_sc_v": [7.25789699783232e-06], "total_sc_a": [0.2132705196164002], "total_sc_v": [0.0015546170506837078]}