{"c1": 0.018817642229369942, "c2": 0.1069166705159995, "ch1": 0.09370511956474954, "ch2": 0.09952921370854059, "di": 0.9531722297012349, "dj": 0.6065506904844367, "dk": 1.0006413533966683, "vw_i": -0.029838232823122843, "vw_j": -0.017889170195503616, "kt": 4.999754193700428, "train_sc_a": [0.29832089380293525], "train_sc_v": [2.327569562229861e-05], "val_sc_a": [0.2231024942861047], "val_sc_v": [2.0521802519133892e-05], "total_sc_a": [0.1883040256217383], "total_sc_v": [0.0013928471614370057]}