{"c1": 0.01881601184488854, "c2": 0.10692878162230313, "ch1": 0.09267856308018464, "ch2": 0.09945253217031592, "di": 0.9454761016362976, "dj": 0.5445568600307663, "dk": 1.0007139428970606, "vw_i": -0.03257367953886371, "vw_j": -0.020005170913169362, "kt": 4.99970968682251, "train_sc_a": [0.2718541877269543], "train_sc_v": [2.3094427439203433e-05], "val_sc_a": [0.2735152146120194], "val_sc_v": [1.9614969430755627e-05], "total_sc_a": [0.18432458044627284], "total_sc_v": [0.0013672469826216944]}