{"c1": 0.018821694847595938, "c2": 0.10688660214296304, "ch1": 0.0967756590669477, "ch2": 0.09975939374082347, "di": 0.9768134802686698, "dj": 0.7975478255445735, "dk": 0.9998548258264174, "vw_i": -0.017695943809809576, "vw_j": -0.010335533910239834, "kt": 5.0000379353456195, "train_sc_a": [0.33507463226311324], "train_sc_v": [2.3101109900173463e-05], "val_sc_a": [0.253626907803403], "val_sc_v": [2.650417116745555e-05], "total_sc_a": [0.2004372145840775], "total_sc_v": [0.0014712185601396168]}