{"c1": 0.01881866176139681, "c2": 0.10690909388959127, "ch1": 0.09468906051011805, "ch2": 0.09960297779491578, "di": 0.9611025149845007, "dj": 0.668494518875609, "dk": 1.0003980520139384, "vw_i": -0.02335533234071348, "vw_j": -0.017133803844649468, "kt": 4.999892960950929, "train_sc_a": [0.3007264099171724], "train_sc_v": [2.219282292549081e-05], "val_sc_a": [0.2678648975048091], "val_sc_v": [2.6504400653048714e-05], "total_sc_a": [0.19221453655946963], "total_sc_v": [0.0014180445966091456]}