{"c1": 0.018828000191195272, "c2": 0.10683999843802339, "ch1": 0.09999928594133445, "ch2": 0.09999994426748311, "di": 0.999995526403499, "dj": 0.9999146522983133, "dk": 0.9999995300382681, "vw_i": -1.394585352632802e-06, "vw_j": -2.917327801970986e-07, "kt": 5.000000008856997, "train_sc_a": [0.12721356428661526], "train_sc_v": [5.21370496049993e-06], "val_sc_a": [0.05281324704144381], "val_sc_v": [2.8105402655572446e-06], "total_sc_a": [0.21331179674426498], "total_sc_v": [0.0015548863533021576]}