{"c1": 0.018828000166357464, "c2": 0.10683999868603851, "ch1": 0.09999975943113235, "ch2": 0.09999998133680978, "di": 0.9999985025283346, "dj": 0.9999726275910616, "dk": 0.999999672723925, "vw_i": -9.037119781056527e-07, "vw_j": -2.910539952715211e-07, "kt": 4.999999996506903, "train_sc_a": [0.11582541119526453], "train_sc_v": [4.030355498677372e-06], "val_sc_a": [0.09268315645884939], "val_sc_v": [6.952613366261243e-06], "total_sc_a": [0.2133145859981516], "total_sc_v": [0.0015549045587777966]}