{"c1": 0.018828000037930722, "c2": 0.10683999967645699, "ch1": 0.09999986580008456, "ch2": 0.09999998966065142, "di": 0.9999991336269514, "dj": 0.9999850415668926, "dk": 0.9999998076192673, "vw_i": -3.616220766262918e-07, "vw_j": -6.55304525807079e-08, "kt": 4.999999998997152, "train_sc_a": [0.10640433063142932], "train_sc_v": [5.165546298018128e-06], "val_sc_a": [0.12565930203545195], "val_sc_v": [2.9795451873116117e-06], "total_sc_a": [0.213315194644988], "total_sc_v": [0.00155490852666586]}