{"cost": 4.386461691646426, "X": [7.807050185407818, 4.585740800292338, 51.88916043299524, -0.6709492043074323, -0.80593408217219, -4.237338492133276, 0.5172501404619564, 1.4671407286309828, 0.9515427691718313, -4.175216880107031, -3.4654276820059366, 0.6976116026412341, 2.457080910670114, -24.17434832538611, 1.6653957178594225, 3.4754352043204295, -3.106371602123039, 4.006759423337833, 38.39070457722013, -0.4450065268948729, -31.7298725869231, -3.547457192622027, -2.5597474577912096, 0.44868858283500923, 4.359894910723568, -9.623846913127679, -19.218622977266328, 19.549323372068216]}