{"cost": 4.326826134451683, "X": [0.47404535225015, 11.265160051902736, 31.00158781103597, 96.17850890690885, -0.03457418793691079, -244.23431883905715, 46.5595718071739, 55.37116010807078, -99.59690437975652, 1.2637436268189135, -0.08114037456260272, 0.11450666382096698, 1.25733869991511]}