{"cd0sa": 0.17587844841764116, "cd0fp": -0.3449739164959613, "cd1sa": 1.5362737196404643, "cl1sa": 1.948732130300915, "cd1fp": 0.029785226610045692, "coeff_drag_shift": 0.5030781118792322, "coeff_lift_shift": 0.07131088415313021, "coeff_lift_gain": 2.506417476358847, "train_sc_a": [21.127268378645844], "train_sc_v": [0.07766824324330045], "val_sc_a": 0, "val_sc_v": 0, "total_sc_a": 0, "total_sc_v": 0}