{"cd0sa": 0.3996061287732884, "cd0fp": -0.6131874237416378, "cd1sa": 1.7324001974390453, "cl1sa": 2.882307977249152, "cd1fp": 0.37276809576214626, "coeff_drag_shift": 0.5029970782956381, "coeff_lift_shift": 0.0650141394503711, "coeff_lift_gain": 2.5042378835184764, "train_sc_a": [9.79223258789234], "train_sc_v": [0.045498136634438704], "val_sc_a": 0, "val_sc_v": 0, "total_sc_a": 0, "total_sc_v": 0}