{"cd0sa": 0.18688628464062287, "cd0fp": -0.6727396132187955, "cd1sa": 1.7249701216998592, "cl1sa": 2.9871705566923668, "cd1fp": 0.40005117194271694, "coeff_drag_shift": 0.5021628935521126, "coeff_lift_shift": 0.06337585376028364, "coeff_lift_gain": 2.503360780140017, "train_sc_a": [24.756846203265304], "train_sc_v": [0.11332817954878681], "val_sc_a": 0, "val_sc_v": 0, "total_sc_a": 0, "total_sc_v": 0}