{"cd0sa": 0.4869514260305748, "cd0fp": -0.7304218830659942, "cd1sa": 1.9605510797367451, "cl1sa": 4.840983637860796, "cd1fp": 1.7316310804330801, "coeff_drag_shift": 0.5014130001983598, "coeff_lift_shift": 0.05028857925787303, "coeff_lift_gain": 2.5003195388070067, "train_sc_a": [23.987484007831974], "train_sc_v": [0.12010248299092266], "val_sc_a": 0, "val_sc_v": 0, "total_sc_a": 0, "total_sc_v": 0}