{"cd0sa": 0.2584275654568947, "cd0fp": -1.0000441518208458, "cd1sa": 1.845384449377237, "cl1sa": 4.10431198293532, "cd1fp": 0.8600133559758251, "coeff_drag_shift": 0.5022423019449802, "coeff_lift_shift": 0.05663172887223792, "coeff_lift_gain": 2.501762699322312, "train_sc_a": [15.893754947683743], "train_sc_v": [0.07282947514327014], "val_sc_a": 0, "val_sc_v": 0, "total_sc_a": 0, "total_sc_v": 0}