{"cd0sa": -0.19421413161745887, "cd0fp": -0.8130434980691341, "cd1sa": 1.744078960052941, "cl1sa": 3.327652058973171, "cd1fp": 0.6554815621589742, "coeff_drag_shift": 0.5007437963473742, "coeff_lift_shift": 0.06089449283925439, "coeff_lift_gain": 2.5025771749077714, "train_sc_a": [25.421132243320937], "train_sc_v": [0.11951511889519667], "val_sc_a": 0, "val_sc_v": 0, "total_sc_a": 0, "total_sc_v": 0}