{"cd0sa": 0.8999081598195608, "cd0fp": -0.029576905056623158, "cd1sa": 1.9999525584943187, "cl1sa": 4.999989224774784, "cd1fp": 2.4622557267974914, "coeff_drag_shift": 0.5000670774725485, "coeff_lift_shift": 0.04999784139328326, "coeff_lift_gain": 2.500007859729365, "train_sc_a": [33.24257649340462], "train_sc_v": [0.16700580911621568], "val_sc_a": 0, "val_sc_v": 0, "total_sc_a": 0, "total_sc_v": 0}