{"cd0sa": 0.4029183198670322, "cd0fp": -0.6118849042393718, "cd1sa": 1.7329364609625666, "cl1sa": 2.8828427334927977, "cd1fp": 0.37344442883397655, "coeff_drag_shift": 0.5030081541117395, "coeff_lift_shift": 0.06501574200718112, "coeff_lift_gain": 2.504242624838687, "train_sc_a": [24.47382618613839], "train_sc_v": [0.11801306319220974], "val_sc_a": [16.3263582530056], "val_sc_v": [0.08074899792080775], "total_sc_a": 0, "total_sc_v": 0}