{"cd0sa": 0.12948487443981127, "cd0fp": -0.6599737115909884, "cd1sa": 1.6470596884118767, "cl1sa": 2.586054424933469, "cd1fp": 0.2101572606715362, "coeff_drag_shift": 0.5022868258580205, "coeff_lift_shift": 0.06911799875235478, "coeff_lift_gain": 2.5057475145100594, "train_sc_a": [10.804559959422582], "train_sc_v": [0.060733818179858026], "val_sc_a": 0, "val_sc_v": 0, "total_sc_a": 0, "total_sc_v": 0}