{"cd0sa": -0.00236318940747611, "cd0fp": -1.0281815732988884, "cd1sa": 1.8483344364901928, "cl1sa": 4.278140990579232, "cd1fp": 1.0246665447234373, "coeff_drag_shift": 0.501636874574223, "coeff_lift_shift": 0.056041953633500154, "coeff_lift_gain": 2.501356787967964, "train_sc_a": [28.80621332310242], "train_sc_v": [0.1316913808407343], "val_sc_a": 0, "val_sc_v": 0, "total_sc_a": 0, "total_sc_v": 0}