{"cd0sa": -0.026956741359845854, "cd0fp": -0.572073876410523, "cd1sa": 1.602938049423903, "cl1sa": 2.397011604212661, "cd1fp": 0.2809783261199119, "coeff_drag_shift": 0.5024818563355532, "coeff_lift_shift": 0.0688390272369415, "coeff_lift_gain": 2.505536116515781, "train_sc_a": [45.95309068797686], "train_sc_v": [0.22355586105966735], "val_sc_a": 0, "val_sc_v": 0, "total_sc_a": 0, "total_sc_v": 0}