{"cd0sa": 0.0006918303656684318, "cd0fp": -0.39929324321882115, "cd1sa": 1.532619913977534, "cl1sa": 2.014783969196874, "cd1fp": 0.08099060510811461, "coeff_drag_shift": 0.5028351971142452, "coeff_lift_shift": 0.07021764598297171, "coeff_lift_gain": 2.506077597369561, "train_sc_a": [10.30056870282901], "train_sc_v": [0.047947248498775095], "val_sc_a": 0, "val_sc_v": 0, "total_sc_a": 0, "total_sc_v": 0}