{"cd0sa": 0.0975877381129504, "cd0fp": -0.9715144356283064, "cd1sa": 1.8227982464859913, "cl1sa": 3.8331396854436752, "cd1fp": 0.7398387812029119, "coeff_drag_shift": 0.5018102936546104, "coeff_lift_shift": 0.058845596658107256, "coeff_lift_gain": 2.5021552599475725, "train_sc_a": [29.295265585445048], "train_sc_v": [0.14283996683989428], "val_sc_a": [35.178167910359775], "val_sc_v": [0.2028323389063636], "total_sc_a": 0, "total_sc_v": 0}