{"cd0sa": 0.09607361458236449, "cd0fp": -0.43271896610391136, "cd1sa": 1.552183324589088, "cl1sa": 2.0960576283821317, "cd1fp": 0.13959299758455693, "coeff_drag_shift": 0.5027022083770312, "coeff_lift_shift": 0.07041785316498374, "coeff_lift_gain": 2.5062542083926997, "train_sc_a": [23.102060556542778], "train_sc_v": [0.1117387340503406], "val_sc_a": [17.746852726334414], "val_sc_v": [0.09734412843087102], "total_sc_a": 0, "total_sc_v": 0}