{"cd0sa": 0.03870717447103362, "cd0fp": -0.48028172673247355, "cd1sa": 1.5663916958914856, "cl1sa": 2.1749102396905773, "cd1fp": 0.2323601972819332, "coeff_drag_shift": 0.5032336534244419, "coeff_lift_shift": 0.069542171722925, "coeff_lift_gain": 2.505465078350683, "train_sc_a": [18.112885441583067], "train_sc_v": [0.0946290350788879], "val_sc_a": 0, "val_sc_v": 0, "total_sc_a": 0, "total_sc_v": 0}