{"cd0sa": 0.09764520118457932, "cd0fp": -0.9448486823582125, "cd1sa": 1.82282860145103, "cl1sa": 3.8331374324859855, "cd1fp": 0.7661334490524817, "coeff_drag_shift": 0.5018067678660861, "coeff_lift_shift": 0.05884778776937964, "coeff_lift_gain": 2.502145938155421, "train_sc_a": [17.182046843974355], "train_sc_v": [0.09739416690655749], "val_sc_a": 0, "val_sc_v": 0, "total_sc_a": 0, "total_sc_v": 0}