{"cost": 6.679279385476413, "success": false, "X": [0.00011, 0.14844886302230811, 2.7996690688738455, 0.20309223027639747, 0.0, 0.27077348428424364, 0.08905190114500966, 0.09790233931239647, 0.051018373164075814, 0.0, 0.018149714991448, 0.09037599871169162, 1.361705673320461, 1.0803645706653697, 0.17453292519943295, 0.6388290547867367, 3.581584693956758, 3.277279119957846, 3.0535109860364784, 0.2174015821974371, 0.0, 0.0, 0.0, 0.01349997482570421, 3.316980887934986e-05, 3.677234243567213, 4.2922751315228265, 8.5]}