{"cost": 4.252977975675718, "success": false, "X": [0.005531786744429765, 0.2493971314020503, 119.35414597798116, -2.8643370051291748, -28.397348639671264, 251.37907838709322, 0.021098103921023677, 11.669729253326018, 0.10095775035211883, 0.5, -0.2655599469776956, 3.521366484956763, 30.649932620728393, -371.880025513458, 0.08561479381404044, 18.89871420307186, -3.6758812931762392, 245.5880629874752, 1261.286189198004, -20.603366575090263, -8.724242760336123, -2.66916585419534, 0.5, -0.024245614710439577, 3.652628392397039, -42.245761831253496, -304.9894021092302, 1340.4457290631913]}