{"cost": 4.4666099132108545, "X": [4.0418175000679846e-05, -0.26846308835213867, 1.7914786431740808, 0.9662522711155113, 0.11844348349814089, 0.6434675835755044, 0.9958176182437858, 1.010979138898225, 1.0000769930032545, 1.0, 2.0213151012777524, -0.11030655071018994, -0.1852063100254931, 1.6719358189336058, 1.1466893699673204, 0.9275889573074798, 0.9992368581369838, 1.2229370641716382, 1.0541528333601957, 0.995418839426731, 1.0076258908168942, 0.9769863858593341, 1.0, 1.1626227409264283, 0.8233455167222646, 0.7614184419293519, 1.1214391317274248, 1.0]}