{"cost": 4.302719973828032, "success": false, "X": [3.9763976513599486e-05, 0.2838701111212189, 0.5476825538716401, 0.7874738436304531, -0.1332127038696864, -0.02215201250250823, 0.09453310404071408, 0.11308188219164424, 0.09469656440158992, -1.813510382273673, 0.049874332796292505, -0.10140942385702376, -0.2608533061567702, -0.7463764758605349, 0.11587409405037909, 2.842390603000057, 0.237382826000139, 1.9813847744121071, 8.845531585387896, 0.06745237227718269, -1.1456330900064697, -0.2822726348145787, -1.0975877018381066, 0.013464618710380169, 1.3494768720790007, -2.226617719674082, -0.7694605039977642, 8.5]}