{"cost": 4.925609790333132, "success": true, "X": [4.6224198424378745e-05, 0.04030945205227932, 0.3878356448492685, 0.18680002891471337, 0.0, 0.3047110363889677, 0.0979821457553432, 0.10057584388378366, 0.10052848985936547, 0.5, 0.0, 3.1932987955526153e-06, 0.0, 0.08883173583842678, 0.17453292519943295, 1.1273383073034604, 0.2762567171285482, 2.8117324613225056, 0.594713177192635, 0.12304861171990403, 0.0, 0.0, 0.5, 0.0080972385050501, 0.22181691869714154, 0.0, 0.5794846859301285, 8.5]}