{"cost": 5.381421119938158, "success": true, "X": [6.0904219011548777e-05, 3.8775186754443855e-06, 0.3749767538697561, 0.2391281412758818, 0.0, 0.014035035588052852, 0.09962005100380776, 0.10009842740001239, 0.09999782588571615, 0.47532989159227884, 0.006177375972367291, 0.0017964155777232458, 0.011138562452834337, 0.08801010997061662, 0.09684572463870021, 0.7756891937482987, 0.2535546095835659, 6.409797993892714, 6.22065576889147, 0.10401178076519944, 0.0, 0.0646541517811198, 0.4830620244738252, 0.009591657614495682, 0.2612623341655418, 0.18789411981450005, 0.8107453245474584, 14.432252769873465]}