{"cost": 4.3317366666344075, "success": false, "X": [4.3663608128060365e-05, 0.5904094398718992, 1.9727506212527615, -0.07678003424212416, -0.2676411603158459, -32.72233837893485, 0.005019541282914962, 0.024269286028020785, -0.0007782483865736009, -5.1213402245003605, -0.003206878363239013, -0.031961050676978256, 0.0284854196610514, 18.814714702347178, -0.3361333204944013, 8.532087406515071, -0.8137091690586791, 2.169608440633307, 9.251208283710788, -0.07250306921146925, -1.4332015883597882, -0.8399086843142665, -3.4751117350386833, -0.0002663861966863657, 0.4413554815346536, -0.11599549637198135, 3.8677465726476483, 72.25]}