{"cost": 4.323428728698775, "success": false, "X": [1.21e-08, 0.5425881222490598, 3.720606788482604, -0.21572901160036734, -4.248146043885084, -15.236089543916387, 0.015237546729443788, 2.3330213884471664, 0.03535331020760178, 0.25, 0.0003057660765695581, 0.1307839601174971, 1.8857405748989897, 5.225496418018897, -0.54434208117918, 2.009980246064727, 0.20323893764043804, 30.651174742887335, 19.27716253851908, 5.592385962352516, -1.465643028369703, -0.21109526172557108, 0.25, 0.00012820003451430634, -0.5888460923567832, -9.66811872195889, 7.353432145401082, 54.54606980933041]}