{"cost": 6.460628621379094, "success": false, "X": [0.00011, 1.0087689265957636, 2.258304802607868, 0.2505403886452432, 0.5727769962378275, -1.1440278882669113, 0.06639661396754806, 0.11160323140634268, 0.05088555569276622, -3.13660859419897, -0.005166883924349547, 0.26799725384801015, -0.2843182504608178, 0.7972453456061253, 0.39904192013836126, 4.139678276028265, -3.6256859447013725, 7.6652069220593635, -4.6238672914865555, -0.6309283334888245, -1.1698201662066843, -0.6869823898557201, -2.0066190742176335, 0.008666775428672646, 0.5697860467364605, -1.495717556514593, -10.363858781769245, 8.5]}