{"cost": 6.155468586848401, "X": [1.000000000006395, 0.5893893611452596, 1.115963896010081, 4.411963873809688, 0.6448872615328534, 0.6582059777195184, -0.2524185684708223, -0.03168409972557801, -28.281182809679496, -20.540018526329415, 0.6290778455925916, -0.09386478146705754, -0.8904061734717896, -1.4880712941162857, 0.9284343597507652, 1.2723360702941966, -0.6336989185917418, 6.906125831753133, 8.12095147225315, -3.2585136477504126, 1.7603010542169728, -4.271816618318781, -29.470527104328646, -14.711824949585566, 0.32289876164768944, 4.60381567603432, 0.7225515570299483, 1.0]}