{"cost": 4.986732546201159, "success": true, "X": [4.979121911145864e-05, 0.05013224044918534, 32.226059384568444, 0.31545562602235167, 0.0, 5.1228594590263015, 0.10274776549450625, 0.10010439223808061, 0.10105072304901504, 0.0, 0.035316545819425456, 0.0, 0.0, 45.28748780704036, 0.17453292519943295, 3.2468644748852107, 0.16235250646985352, 2.7811338563783545, 0.0, 0.1838776121872493, 0.0, 0.0, 0.0, 0.011013918934155964, 0.23783788961726857, 0.0, 0.0, 8.5]}