{"cost": 4.767121818293688, "success": false, "X": [7.540365175206727e-05, 0.17453292519943295, 12.099222115327448, 0.0, 0.0, 2.2738636054513197, 0.0956629643317721, 0.06988639924676823, 0.11762568602752413, 0.5, 0.016971231259008727, 0.004166592243843649, 0.8402511169921775, 0.0, 0.17453292519943295, 0.7603052081306978, 16.38325204676656, 5.310396205292328, 4.860666018176845, 0.07675757849483737, 0.0, 0.0, 0.5, 0.013080174573999773, 0.13452783813799768, 1.895861936556591, 2.3880485964063274, 14.766702057065537]}