{"cost": 1001407.2865925645, "X": [23066146.55873186, -16962310.60535546, 52615984.28921651, 4743728.71172595, 934600.8413202241, -1756041.2495079394, -96324.80311277403, 2908400.8875631196, -9.217376539418854, -19.929337751327214, 16944018.636008542, -13168444.578535333, -10893671.618317252, 7531905.233069668, -4272930.681003259, -37930858.47834179, -6001054.479655089, 182822.5572281401, -345651.07092156913, -654731.0387267747, -1880505.5999906384, 39.90524916996351, 1.1915520662488408, 4297741.745847511, -5642225.817158515, -754780.9781731277, -90565.72100303508, -25226542.846727815]}