{"cost": 6.564976293932974, "success": true, "X": [0.00011, -0.6562798130083799, 0.8038227312609898, 0.27754584787023595, 0.18325025648063734, 1.9151908027614, 0.10027722812862996, 0.0952601104122631, 0.09352941914275167, 0.009991179974938072, 0.1633544591777925, -0.12107167251140817, 8.5]}