{"cost": 4.378209861201479, "success": true, "X": [4.128341414993379e-05, -0.8685399923819115, 7.18572723413105, 0.6184649784724227, 0.13941522689882843, 46.77230042265968, 0.6602341593549274, 0.2154506743761979, -7.207089848012678, 0.003874541083211897, 0.07819159745823771, -0.09034132598045608, 8.5]}