{"c1": 0.028585801063588216, "c2": 0.20331508442079793, "ch1": 0.005326092522947221, "ch2": 0.09380218999489687, "di": 1.2667336471042039, "dj": 0.2225365582854382, "dk": 2.215424587926725, "vw_i": -0.4588846195867094, "vw_j": -0.22717843339897592, "kt": 12.866879755944352, "train_sc_a": [1.054525206201557], "train_sc_v": [0.008927729478432669], "val_sc_a": 0, "val_sc_v": 0, "total_sc_a": 0, "total_sc_v": 0}