{"c1": 0.031425991345451196, "c2": 0.28670006533173203, "ch1": 0.005494623841509169, "ch2": 0.09835324404260697, "di": 1.3718319044524263, "dj": 2.4853694558821533, "dk": 4.9961632231625835e-05, "vw_i": 0.249150700807999, "vw_j": 0.4142345684508346, "kt": 7.495007172193456, "train_sc_a": [0.48678376115134453], "train_sc_v": [0.010373499217229477], "val_sc_a": 0, "val_sc_v": 0, "total_sc_a": 0, "total_sc_v": 0}