{"c1": 0.05190253853336002, "c2": 0.555145291793833, "ch1": -0.04022908853782825, "ch2": 0.10464256322493133, "di": 9.287309832217634, "dj": 5.246833749320805, "dk": 0.0, "vw_i": -0.19293105753840714, "vw_j": -0.13923557494106711, "kt": 8.475503632782335, "train_sc_a": [1.2482066501558209], "train_sc_v": [0.006500310054239647], "val_sc_a": 0, "val_sc_v": 0, "total_sc_a": 0, "total_sc_v": 0}