{"c1": 0.027966108934919246, "c2": 0.23658832743053285, "ch1": -0.0005161337341953089, "ch2": 0.09404303136024368, "di": 4.082833486864235, "dj": 2.5589166110972434, "dk": 0.45308055766554567, "vw_i": -1.0334752348397505, "vw_j": -0.2602887854364791, "kt": 12.348876626385247, "train_sc_a": [0.4044699125261293], "train_sc_v": [0.006532088639366185], "val_sc_a": 0, "val_sc_v": 0, "total_sc_a": 0, "total_sc_v": 0}