{"c1": 0.04690583064321377, "c2": 0.47845618704463516, "ch1": 0.008506272350322181, "ch2": 0.10424964030819274, "di": 0.03584985707383099, "dj": 2.022230123343355, "dk": 0.2358310191609425, "vw_i": 0.20491272944736683, "vw_j": 0.1974792754064819, "kt": 11.977323219215883, "train_sc_a": [0.8351097959338672], "train_sc_v": [0.005696670385773868], "val_sc_a": 0, "val_sc_v": 0, "total_sc_a": 0, "total_sc_v": 0}