{"c1": 0.03896533104704433, "c2": 0.38168873195243225, "ch1": -0.508298106388409, "ch2": 0.059854706390361063, "di": 1.0576423422898003, "dj": 1.1395007164322464, "dk": 0.0, "vw_i": 0.23927887318864527, "vw_j": -0.32777002658187115, "kt": 12.70213617873211, "train_sc_a": [42.155773844454544], "train_sc_v": [0.16277401025999685], "val_sc_a": 0, "val_sc_v": 0, "total_sc_a": 0, "total_sc_v": 0}