{"c1": 0.01993183224609696, "c2": 0.1141598989937681, "ch1": -0.4742245204308083, "ch2": 0.054728447426586745, "di": 2.1532588128917207, "dj": 1.1768037559853053, "dk": 0.6771221554818437, "vw_i": -1.2244629910383589, "vw_j": -0.44882192752364436, "kt": 8.979779854502118, "train_sc_a": [34.94694997943364], "train_sc_v": [0.1405437551054127], "val_sc_a": 0, "val_sc_v": 0, "total_sc_a": 0, "total_sc_v": 0}