{"c1": 0.036244453319201814, "c2": 0.19595166445589465, "ch1": 0.17796520843559732, "ch2": 0.10925484221841587, "di": 3.471649421645485, "dj": 6.423058762437711, "dk": 9.39622627928584, "vw_i": -2.143021467099711, "vw_j": 0.05198886964469372, "kt": 6.451038485693865, "train_sc_a": [6.380296895073423], "train_sc_v": [0.025697782031288637], "val_sc_a": 0, "val_sc_v": 0, "total_sc_a": 0, "total_sc_v": 0}