{"c1": 0.019689661938662974, "c2": 0.11777977903568931, "ch1": -0.012107018439398766, "ch2": 0.0916521265314608, "di": 3.0737017680045087, "dj": 1.204521954020545, "dk": 0.2327967929495532, "vw_i": -1.7495642168461805, "vw_j": -0.748486592269717, "kt": 8.953441778467782, "train_sc_a": [0.4831788572975124], "train_sc_v": [0.0056071455927785355], "val_sc_a": 0, "val_sc_v": 0, "total_sc_a": 0, "total_sc_v": 0}