{"c1": 0.024343223224394736, "c2": 0.18751909470199712, "ch1": -0.04597641823924932, "ch2": 0.09006449103063122, "di": 4.751455561761576, "dj": 5.241670442681716, "dk": 3.994689764344186, "vw_i": -1.3098721659870949, "vw_j": -0.5243491939763825, "kt": 12.593433977717067, "train_sc_a": [0.5409292779201154], "train_sc_v": [0.004144776645788277], "val_sc_a": 0, "val_sc_v": 0, "total_sc_a": 0, "total_sc_v": 0}