{"c1": 0.04695416885837095, "c2": 0.4971484038861358, "ch1": 0.002506918958224567, "ch2": 0.1051816070341641, "di": 3.4093320162980354, "dj": 0.5841232781808114, "dk": 0.0, "vw_i": -0.5015000584235109, "vw_j": -0.5246484955791395, "kt": 9.869898113013727, "train_sc_a": [0.8369203194093982], "train_sc_v": [0.005465898171104985], "val_sc_a": 0, "val_sc_v": 0, "total_sc_a": 0, "total_sc_v": 0}