{"c1": 0.046026034670428394, "c2": 0.44798006106273247, "ch1": -0.11443286750899272, "ch2": 0.09574747713434235, "di": 5.137389333014002, "dj": 6.071151379238625, "dk": 0.0, "vw_i": 1.4814608051700868, "vw_j": 2.0179062114299806, "kt": 13.465004692007982, "train_sc_a": [2.544416277821577], "train_sc_v": [0.01061733328218825], "val_sc_a": 0, "val_sc_v": 0, "total_sc_a": 0, "total_sc_v": 0}