{"c1": 0.05082271229130261, "c2": 0.5331805059608893, "ch1": 0.011998596749046042, "ch2": 0.10687338042115124, "di": 5.609035119410959, "dj": 1.6647280972815215, "dk": 0.005571526255959494, "vw_i": 1.8124460300344927, "vw_j": 1.2502532419802994, "kt": 10.552364949568204, "train_sc_a": [0.9270781850913871], "train_sc_v": [0.010944472665023422], "val_sc_a": 0, "val_sc_v": 0, "total_sc_a": 0, "total_sc_v": 0}