{"c1": 0.026204069281796093, "c2": 0.2107310415336964, "ch1": 0.014078482341647311, "ch2": 0.09410891623765388, "di": 3.7194216261731436, "dj": 0.0, "dk": 6.54860490311244, "vw_i": -1.709464827935498, "vw_j": -0.5271146187519089, "kt": 13.975186136624357, "train_sc_a": [0.6060126677950461], "train_sc_v": [0.004330632989880231], "val_sc_a": 0, "val_sc_v": 0, "total_sc_a": 0, "total_sc_v": 0}