{"c1": 0.027915995627173347, "c2": 0.2403574850237254, "ch1": -0.02723204393070352, "ch2": 0.09227394487317651, "di": 4.833795102975783, "dj": 2.3421137104601053, "dk": 0.9870011739533345, "vw_i": -1.3549242748963195, "vw_j": 0.02792563010289857, "kt": 11.764202896337382, "train_sc_a": [0.302199151686225], "train_sc_v": [0.001664243044851846], "val_sc_a": 0, "val_sc_v": 0, "total_sc_a": 0, "total_sc_v": 0}