{"c1": 0.0462560871344287, "c2": 0.48572746900445013, "ch1": -0.005665640231235688, "ch2": 0.10443382346279934, "di": 1.8380301376262227, "dj": 1.3720674006567795, "dk": 0.0, "vw_i": -1.2230404276734386, "vw_j": -0.05391934643184847, "kt": 10.08175728248891, "train_sc_a": [0.8491191197534931], "train_sc_v": [0.0036844039701262473], "val_sc_a": 0, "val_sc_v": 0, "total_sc_a": 0, "total_sc_v": 0}