{"c1": 0.03130811549458815, "c2": 0.2712270676785456, "ch1": -0.02072783051649624, "ch2": 0.09622841667462423, "di": 0.0, "dj": 0.0684259492934384, "dk": 0.08435458657541949, "vw_i": -1.033474506116966, "vw_j": -0.6614982688473824, "kt": 6.417759072171809, "train_sc_a": [0.6096178487342752], "train_sc_v": [0.005441287029801594], "val_sc_a": 0, "val_sc_v": 0, "total_sc_a": 0, "total_sc_v": 0}