{"c1": 0.021311083880249125, "c2": 0.16271582807001428, "ch1": 0.011031790438273672, "ch2": 0.09439201039356751, "di": 0.7790647649633317, "dj": 0.5991671199649353, "dk": 5.187968737839327, "vw_i": -2.0853623302100694, "vw_j": 0.07912419089833467, "kt": 10.931527672115743, "train_sc_a": [0.2745816060703951], "train_sc_v": [0.005280069283125447], "val_sc_a": 0, "val_sc_v": 0, "total_sc_a": 0, "total_sc_v": 0}