{"c1": 0.04780678973376334, "c2": 0.4633063101221218, "ch1": -0.10033005048747058, "ch2": 0.095858747218536, "di": 11.859814363252509, "dj": 5.979299496616484, "dk": 0.0, "vw_i": -0.535853500664543, "vw_j": -1.2240340579163413, "kt": 12.096080926259354, "train_sc_a": [3.2873831812384138], "train_sc_v": [0.014307769332176054], "val_sc_a": 0, "val_sc_v": 0, "total_sc_a": 0, "total_sc_v": 0}