{"c1": 0.026800537493476634, "c2": 0.21852344850274533, "ch1": -0.07944134838326584, "ch2": 0.08664092527559111, "di": 3.9497202501511968, "dj": 4.086999751156265, "dk": 0.0, "vw_i": 0.2005332889591544, "vw_j": 0.04545550042284252, "kt": 12.990487614615908, "train_sc_a": [1.1746988527942281], "train_sc_v": [0.009890110040907127], "val_sc_a": 0, "val_sc_v": 0, "total_sc_a": 0, "total_sc_v": 0}