{"c1": 0.04556205803694601, "c2": 0.45475251402594985, "ch1": 0.002360084145350716, "ch2": 0.1045207623623591, "di": 3.106600321956487, "dj": 4.513606286160872, "dk": 0.07990862836856334, "vw_i": 0.2805873310536452, "vw_j": 0.042205283113690456, "kt": 10.333619852604714, "train_sc_a": [0.9962639513918932], "train_sc_v": [0.006243994155952718], "val_sc_a": 0, "val_sc_v": 0, "total_sc_a": 0, "total_sc_v": 0}