{"c1": 0.03727962827871591, "c2": 0.35465191015803543, "ch1": -0.47368403272121223, "ch2": 0.06078449650745549, "di": 2.0111280647793492, "dj": 0.7350309529983796, "dk": 0.0, "vw_i": 0.38982714851718864, "vw_j": 0.6907782013401854, "kt": 8.62215703707774, "train_sc_a": [5.253729037498662], "train_sc_v": [0.02241271899139094], "val_sc_a": 0, "val_sc_v": 0, "total_sc_a": 0, "total_sc_v": 0}