{"c1": 0.032337930646900784, "c2": 0.2928899966419052, "ch1": -0.012807858137476187, "ch2": 0.09680565272832367, "di": 4.613588675254246, "dj": 4.28977906048832, "dk": 0.0, "vw_i": -1.093018838592136, "vw_j": 0.07893660894703171, "kt": 7.491451916925242, "train_sc_a": [0.4280089016844815], "train_sc_v": [0.004950727081903196], "val_sc_a": 0, "val_sc_v": 0, "total_sc_a": 0, "total_sc_v": 0}