{"c1": 0.04268596651346877, "c2": 0.43544514474744356, "ch1": -0.08086198430443364, "ch2": 0.09196565783851054, "di": 6.612559855907621, "dj": 5.494065820170545, "dk": 0.3643154621036964, "vw_i": 0.07719345487205057, "vw_j": -0.09099555077858659, "kt": 10.191322574868837, "train_sc_a": [0.7101195083609511], "train_sc_v": [0.0043072477892148915], "val_sc_a": 0, "val_sc_v": 0, "total_sc_a": 0, "total_sc_v": 0}