{"c1": 0.05310915536777861, "c2": 0.5999577248671757, "ch1": -0.4631407645591394, "ch2": 0.0768202190259321, "di": 4.103551306034003, "dj": 5.3356187926977885, "dk": 0.0, "vw_i": -3.3347986372547234, "vw_j": -2.1039441544758097, "kt": 9.160407427014439, "train_sc_a": [11.175863011000667], "train_sc_v": [0.04369035767837558], "val_sc_a": 0, "val_sc_v": 0, "total_sc_a": 0, "total_sc_v": 0}