{"c1": 0.053500431991350024, "c2": 0.5920844610987296, "ch1": -0.03569459292426863, "ch2": 0.10660873963986224, "di": 3.292607453301503, "dj": 0.21023146160322045, "dk": 1.6898069106538203, "vw_i": -0.6290155046541412, "vw_j": 0.03512572801390336, "kt": 8.835609362814944, "train_sc_a": [0.2826233114036311], "train_sc_v": [0.0009559342431295574], "val_sc_a": 0, "val_sc_v": 0, "total_sc_a": 0, "total_sc_v": 0}