{"c1": 0.052349759604177544, "c2": 0.530612431787709, "ch1": -0.01227325471803103, "ch2": 0.10637498179409767, "di": 2.7445480052220588, "dj": 5.201712613436256, "dk": 0.38772664212148916, "vw_i": -0.4542166710495342, "vw_j": 0.11547930292361538, "kt": 8.8743111344428, "train_sc_a": [0.6378498900221624], "train_sc_v": [0.009815828197782976], "val_sc_a": 0, "val_sc_v": 0, "total_sc_a": 0, "total_sc_v": 0}