{"c1": 0.024311805667397098, "c2": 0.18772914455843911, "ch1": -0.016082378005612602, "ch2": 0.09204702613322163, "di": 4.75635709774033, "dj": 5.267978590718127, "dk": 3.712781670369019, "vw_i": -1.1639572816345725, "vw_j": -0.39490920182054545, "kt": 12.59252447363584, "train_sc_a": [1.559654452753762], "train_sc_v": [0.009921374826101302], "val_sc_a": 0, "val_sc_v": 0, "total_sc_a": 0, "total_sc_v": 0}