{"c1": 0.05040346176136977, "c2": 0.5449203712764593, "ch1": -0.1525854308884932, "ch2": 0.09672778089198596, "di": 4.111287244504185, "dj": 8.70528194396809, "dk": 0.0, "vw_i": -1.3682745168850616, "vw_j": -0.6939180484018924, "kt": 8.112494641955918, "train_sc_a": [5.232014797303848], "train_sc_v": [0.024297769453697375], "val_sc_a": 0, "val_sc_v": 0, "total_sc_a": 0, "total_sc_v": 0}