{"c1": 0.04549034370063504, "c2": 0.5969146839886051, "ch1": 0.09846969352484014, "ch2": 0.11380303205100932, "di": 1.2199912911612538, "dj": 1.697375071169014, "dk": 0.8358193309225092, "vw_i": -2.891842373219143, "vw_j": -0.2425995868128622, "kt": 10.10907360415415, "train_sc_a": [5.292337231513121], "train_sc_v": [0.020367799614441098], "val_sc_a": 0, "val_sc_v": 0, "total_sc_a": 0, "total_sc_v": 0}