{"c1": 0.029425001476583085, "c2": 0.24365497629682858, "ch1": -0.018107999661247324, "ch2": 0.0952896746871534, "di": 3.1229185104713357, "dj": 2.2097968214698853, "dk": 0.0, "vw_i": -2.1651298863337773, "vw_j": -0.3868032993008064, "kt": 6.267761160714293, "train_sc_a": [0.4811336159630705], "train_sc_v": [0.004785092249492862], "val_sc_a": 0, "val_sc_v": 0, "total_sc_a": 0, "total_sc_v": 0}