{"c1": 0.028387606368298395, "c2": 0.23039218261438663, "ch1": -0.49367425894432926, "ch2": 0.052306415202095564, "di": 4.305795168934287, "dj": 1.7202802530762968, "dk": 0.0, "vw_i": -1.909080840283302, "vw_j": -0.6991690400429249, "kt": 12.601178480233422, "train_sc_a": [53.468316775827674], "train_sc_v": [0.21360626006705094], "val_sc_a": 0, "val_sc_v": 0, "total_sc_a": 0, "total_sc_v": 0}