{"c1": 0.04700212816362118, "c2": 0.4968636327036217, "ch1": -0.09387873107270311, "ch2": 0.0972186514032165, "di": 6.655509691635239, "dj": 5.488425581715976, "dk": 0.0, "vw_i": -0.89863618755757, "vw_j": -1.313437870935468, "kt": 9.747356329610094, "train_sc_a": [2.4448166323859977], "train_sc_v": [0.013122152572736278], "val_sc_a": 0, "val_sc_v": 0, "total_sc_a": 0, "total_sc_v": 0}