{"c1": 0.05534456523131759, "c2": 0.578956505275752, "ch1": 0.011047461583217134, "ch2": 0.11036825378544259, "di": 3.496039489609569, "dj": 7.988440866990182, "dk": 0.3915927749173492, "vw_i": 0.6363645316470895, "vw_j": 0.3342262063277246, "kt": 9.483142875459432, "train_sc_a": [0.4675716318974307], "train_sc_v": [0.008252532629993595], "val_sc_a": 0, "val_sc_v": 0, "total_sc_a": 0, "total_sc_v": 0}