{"c1": 0.02909534515980735, "c2": 0.24639652342564153, "ch1": -0.007194030919420628, "ch2": 0.09619009496156596, "di": 3.227528822382798, "dj": 2.006337236732489, "dk": 1.032368488538802, "vw_i": -2.0413192973206855, "vw_j": -0.12552752031765146, "kt": 6.319325523982822, "train_sc_a": [0.24242370166451024], "train_sc_v": [0.0006082149807291012], "val_sc_a": 0, "val_sc_v": 0, "total_sc_a": 0, "total_sc_v": 0}