{"c1": 0.03905207093389222, "c2": 0.3873756244502835, "ch1": 0.014621887685740655, "ch2": 0.09773368305160783, "di": 4.428127573269001, "dj": 1.4495876788974338, "dk": 0.0, "vw_i": -0.28073942702516896, "vw_j": -0.6333335136396707, "kt": 9.798021538300041, "train_sc_a": [0.9781431447831886], "train_sc_v": [0.007924572475787706], "val_sc_a": 0, "val_sc_v": 0, "total_sc_a": 0, "total_sc_v": 0}