{"c1": 0.046395689061949914, "c2": 0.5032991323857134, "ch1": -0.03836544778125737, "ch2": 0.10134334659586618, "di": 6.1451062714184514, "dj": 6.33864757498864, "dk": 0.45008930235506717, "vw_i": -1.1428161649245416, "vw_j": -0.8761571380666673, "kt": 10.125998758727112, "train_sc_a": [0.5532246814452909], "train_sc_v": [0.0030688461625306956], "val_sc_a": 0, "val_sc_v": 0, "total_sc_a": 0, "total_sc_v": 0}