{"c1": 0.025944529404140708, "c2": 0.21260970899242082, "ch1": -0.0016181588397357002, "ch2": 0.09295429720322622, "di": 3.387067397249447, "dj": 0.5236619286368767, "dk": 6.441719706329044, "vw_i": -1.527480684927385, "vw_j": -0.6438058555954878, "kt": 13.937218146470753, "train_sc_a": [0.37330325426683697], "train_sc_v": [0.0032769723099544345], "val_sc_a": 0, "val_sc_v": 0, "total_sc_a": 0, "total_sc_v": 0}