{"c1": 0.05230403315639343, "c2": 0.5290369897037678, "ch1": 0.012473768530186348, "ch2": 0.10834867568584386, "di": 3.976084737294213, "dj": 2.979170553567761, "dk": 0.0, "vw_i": -0.9528589850139564, "vw_j": -0.09932675292902961, "kt": 9.546946343994792, "train_sc_a": [0.5490873968048027], "train_sc_v": [0.007314014776016425], "val_sc_a": 0, "val_sc_v": 0, "total_sc_a": 0, "total_sc_v": 0}