{"c1": 0.05196301608106729, "c2": 0.5239438680775519, "ch1": 0.3466901801164597, "ch2": 0.13313544154951723, "di": 2.991812156074325, "dj": 34.6553632994924, "dk": 0.0, "vw_i": 0.41587779698335264, "vw_j": 0.9683884470081365, "kt": 10.394418627052598, "train_sc_a": [34.85328495810651], "train_sc_v": [0.15144004777660047], "val_sc_a": 0, "val_sc_v": 0, "total_sc_a": 0, "total_sc_v": 0}