{"c1": 0.027516158716264196, "c2": 0.21872689808241447, "ch1": -0.0013977998412108051, "ch2": 0.09340597168368878, "di": 0.8807672035115892, "dj": 0.627728839975989, "dk": 2.1161734036139075, "vw_i": -1.3372642121102507, "vw_j": -0.5251758928964594, "kt": 12.509729567733075, "train_sc_a": [1.2835403677652726], "train_sc_v": [0.010693770385745262], "val_sc_a": 0, "val_sc_v": 0, "total_sc_a": 0, "total_sc_v": 0}