{"c1": 0.036932698211363996, "c2": 0.35765513328529214, "ch1": 0.014989996382701926, "ch2": 0.09812618893579995, "di": 0.9530245936357404, "dj": 1.748851838237852, "dk": 0.0, "vw_i": -1.4612593132633176, "vw_j": -0.13126580307929928, "kt": 9.007476467360814, "train_sc_a": [0.7553511136085667], "train_sc_v": [0.006060369077999618], "val_sc_a": 0, "val_sc_v": 0, "total_sc_a": 0, "total_sc_v": 0}