{"c1": 0.020198934603647706, "c2": 0.12174636451899049, "ch1": 0.002258516196381996, "ch2": 0.09338012409132115, "di": 2.6392795046893887, "dj": 1.2896036342830965, "dk": 0.0376285824315162, "vw_i": -1.0986902769309728, "vw_j": -0.26960652541762414, "kt": 8.787269247025595, "train_sc_a": [0.509373318702243], "train_sc_v": [0.005759981584075741], "val_sc_a": 0, "val_sc_v": 0, "total_sc_a": 0, "total_sc_v": 0}