{"c1": 0.05299606587194916, "c2": 0.5958227783374198, "ch1": -0.00023656089086350365, "ch2": 0.1085817532393943, "di": 6.174236139257153, "dj": 6.218702234510909, "dk": 0.0, "vw_i": 0.6745787196392106, "vw_j": -0.2814869076607496, "kt": 7.786213644917868, "train_sc_a": [0.4775280161848738], "train_sc_v": [0.00778138808655817], "val_sc_a": 0, "val_sc_v": 0, "total_sc_a": 0, "total_sc_v": 0}