{"c1": 0.047365542069721704, "c2": 0.4699180000975477, "ch1": 0.015809567411100012, "ch2": 0.10473403418236553, "di": 0.5908738376275507, "dj": 0.0, "dk": 4.218847778096069, "vw_i": 0.41349277507729704, "vw_j": 0.8813978777061799, "kt": 11.896711117232911, "train_sc_a": [1.133463388857483], "train_sc_v": [0.007719971656484982], "val_sc_a": 0, "val_sc_v": 0, "total_sc_a": 0, "total_sc_v": 0}