{"c1": 0.044651737508964146, "c2": 0.4595649370621766, "ch1": -0.1016010448669361, "ch2": 0.09750091630668817, "di": 3.6639386830243987, "dj": 2.0871554756299195, "dk": 0.0, "vw_i": 2.463582692875312, "vw_j": 0.8624776587244218, "kt": 13.44811601281522, "train_sc_a": [1.4761817726404385], "train_sc_v": [0.0063099151926271635], "val_sc_a": 0, "val_sc_v": 0, "total_sc_a": 0, "total_sc_v": 0}