{"c1": 0.024580042005096985, "c2": 0.15666869119831436, "ch1": -0.010663441819872919, "ch2": 0.09222445470178782, "di": 2.150248528921108, "dj": 1.304663975675917, "dk": 3.2218617461697803, "vw_i": -2.075063767146737, "vw_j": -1.3631217130066173, "kt": 15.020210159869022, "train_sc_a": [0.32912204158018343], "train_sc_v": [0.004140279873349827], "val_sc_a": 0, "val_sc_v": 0, "total_sc_a": 0, "total_sc_v": 0}