{"c1": 0.04387832811214005, "c2": 0.4672481753834557, "ch1": -0.05022314121060509, "ch2": 0.10075860821337429, "di": 1.570071106227626, "dj": 1.3509469492075898, "dk": 0.0, "vw_i": -0.8587456926525419, "vw_j": -0.4038347547791703, "kt": 11.388729498884958, "train_sc_a": [0.3759111492014944], "train_sc_v": [0.0033607636892236184], "val_sc_a": 0, "val_sc_v": 0, "total_sc_a": 0, "total_sc_v": 0}