{"c1": 0.027520726561680756, "c2": 0.22204051547303744, "ch1": 0.024774178401429328, "ch2": 0.09554429322688993, "di": 0.7609406333049058, "dj": 0.5111953170471892, "dk": 0.0, "vw_i": -1.2275607993750777, "vw_j": -0.17644537923065728, "kt": 13.077213487514705, "train_sc_a": [0.26749685229525777], "train_sc_v": [0.00407520676930582], "val_sc_a": 0, "val_sc_v": 0, "total_sc_a": 0, "total_sc_v": 0}