{"c1": 0.0466782724414709, "c2": 0.4914531980269141, "ch1": -0.03464560851341592, "ch2": 0.10183875830605839, "di": 2.711791410885791, "dj": 2.1204024079203347, "dk": 0.0, "vw_i": -4.944884157942353, "vw_j": -1.1455421677095787, "kt": 9.873387280320877, "train_sc_a": [2.0553164619917936], "train_sc_v": [0.008443473186496072], "val_sc_a": 0, "val_sc_v": 0, "total_sc_a": 0, "total_sc_v": 0}