{"c1": 0.050970169527365085, "c2": 0.5403965783306454, "ch1": 0.0013440529907187584, "ch2": 0.10743169247437515, "di": 2.2794484182112975, "dj": 3.8767330907949904, "dk": 0.0, "vw_i": -1.4114944816985229, "vw_j": -0.5159989195860993, "kt": 8.867456042065433, "train_sc_a": [0.41355541128474915], "train_sc_v": [0.002718480142996687], "val_sc_a": 0, "val_sc_v": 0, "total_sc_a": 0, "total_sc_v": 0}