{"c1": 0.05345591691802711, "c2": 0.5924071779391814, "ch1": -0.03554618134497951, "ch2": 0.1066187615496718, "di": 3.300611930150369, "dj": 0.227601608222723, "dk": 1.7532150411753495, "vw_i": -0.6752851770636313, "vw_j": 0.05931625423708034, "kt": 8.95159988720398, "train_sc_a": [0.2839162989110594], "train_sc_v": [0.000955496765083481], "val_sc_a": 0, "val_sc_v": 0, "total_sc_a": 0, "total_sc_v": 0}