{"c1": 0.041710478557898494, "c2": 0.44235724221565875, "ch1": -0.06434513491078082, "ch2": 0.09342485674629253, "di": 6.42998150698342, "dj": 5.444758094014278, "dk": 0.4939556661295524, "vw_i": -0.2697780673506266, "vw_j": 0.05547066779356586, "kt": 11.297391409086039, "train_sc_a": [0.8367791130205975], "train_sc_v": [0.006246177210337983], "val_sc_a": 0, "val_sc_v": 0, "total_sc_a": 0, "total_sc_v": 0}