{"c1": 0.05041689397264646, "c2": 0.5419588364118627, "ch1": 0.0010041691525576983, "ch2": 0.10655789181597464, "di": 1.0961554344973252, "dj": 0.24303817612847017, "dk": 0.4474194546021581, "vw_i": -0.785223056037212, "vw_j": 0.17366807439048268, "kt": 10.24757303246081, "train_sc_a": [0.30690798402197633], "train_sc_v": [0.004332719451256466], "val_sc_a": 0, "val_sc_v": 0, "total_sc_a": 0, "total_sc_v": 0}