{"c1": 0.028659501645987184, "c2": 0.3182942191992879, "ch1": -0.18606952169448435, "ch2": 0.08084334882331645, "di": 6.74125388862252, "dj": 1.9087468490060902, "dk": 0.40882253290681825, "vw_i": -2.0933084611299453, "vw_j": -1.4401884213750775, "kt": 8.396860680455825, "train_sc_a": [12.120193277873373], "train_sc_v": [0.04394081795275895], "val_sc_a": 0, "val_sc_v": 0, "total_sc_a": 0, "total_sc_v": 0}