{"c1": 0.031210141072935814, "c2": 0.22875245421538715, "ch1": -0.01443426225507128, "ch2": 0.09561860250843313, "di": 3.1493603970689468, "dj": 2.07862157429883, "dk": 0.4452069363740411, "vw_i": -2.244273932084893, "vw_j": -0.5130631355446138, "kt": 6.239396554715895, "train_sc_a": [0.16350983246939313], "train_sc_v": [0.0024623138045780633], "val_sc_a": 0, "val_sc_v": 0, "total_sc_a": 0, "total_sc_v": 0}