{"c1": 0.028523680264228864, "c2": 0.23586463284533754, "ch1": 0.02224200430012286, "ch2": 0.0957170428398311, "di": 5.027912548520732, "dj": 1.5214308887056236, "dk": 0.03332307867597008, "vw_i": -0.9030247862581675, "vw_j": -0.5122463426407152, "kt": 11.536922144159757, "train_sc_a": [0.33953445190096265], "train_sc_v": [0.0028215433920910347], "val_sc_a": 0, "val_sc_v": 0, "total_sc_a": 0, "total_sc_v": 0}