{"c1": 0.045035216707230624, "c2": 0.46097910552466365, "ch1": -0.08119126785938496, "ch2": 0.09722307577976232, "di": 19.11265193964188, "dj": 7.394821356840941, "dk": 0.0, "vw_i": -1.7397560441197264, "vw_j": 0.032996262381866336, "kt": 12.838697115790668, "train_sc_a": [1.7795271218436726], "train_sc_v": [0.008536399738965184], "val_sc_a": 0, "val_sc_v": 0, "total_sc_a": 0, "total_sc_v": 0}