{"c1": 0.0581950566682528, "c2": 0.48764992240950084, "ch1": -0.07460574850212856, "ch2": 0.10186823024556024, "di": 1.202599742675827, "dj": 3.0443928746460216, "dk": 0.0, "vw_i": 0.11027821739812871, "vw_j": -1.200578994351633, "kt": 10.1299982691034, "train_sc_a": [3.934421415795858], "train_sc_v": [0.014407871127257868], "val_sc_a": 0, "val_sc_v": 0, "total_sc_a": 0, "total_sc_v": 0}