{"c1": 0.018705015576755968, "c2": 0.1234333077891934, "ch1": 0.45047494691918083, "ch2": 0.12670985199562995, "di": 9.95516445766134, "dj": 14.237834801194493, "dk": 0.13554663628357733, "vw_i": -2.1499998888318217, "vw_j": -1.2873587734417593, "kt": 8.966709801577794, "train_sc_a": [13.665763299700155], "train_sc_v": [0.05523932440029002], "val_sc_a": 0, "val_sc_v": 0, "total_sc_a": 0, "total_sc_v": 0}