{"c1": 0.019891410162977005, "c2": 0.10065830881772089, "ch1": -0.006596169488251248, "ch2": 0.0924563061489023, "di": 1.7834036694069817, "dj": 1.0023738614780588, "dk": 0.7171472297871248, "vw_i": -1.7318739718935023, "vw_j": -0.911914136118867, "kt": 8.946799118620044, "train_sc_a": [0.23914864285682946], "train_sc_v": [0.002654024212646094], "val_sc_a": 0, "val_sc_v": 0, "total_sc_a": 0, "total_sc_v": 0}