{"c1": 0.03692824603913464, "c2": 0.3577499151890254, "ch1": 0.013475027998818048, "ch2": 0.09801932336561399, "di": 0.9348817674073671, "dj": 1.7368774908380722, "dk": 0.0, "vw_i": -1.3834661665381296, "vw_j": -0.1961554570994424, "kt": 9.208266591431368, "train_sc_a": [0.2779472661480318], "train_sc_v": [0.0009047091974955634], "val_sc_a": 0, "val_sc_v": 0, "total_sc_a": 0, "total_sc_v": 0}