{"c1": 0.047011272070085854, "c2": 0.48322969120533826, "ch1": -0.16576093581104792, "ch2": 0.09100429896645597, "di": 2.0694708512748217, "dj": 1.8147673893314686, "dk": 0.0, "vw_i": -0.008991514631945946, "vw_j": 0.768532208507779, "kt": 8.301464576090462, "train_sc_a": [3.6180786638545994], "train_sc_v": [0.012070062572871687], "val_sc_a": 0, "val_sc_v": 0, "total_sc_a": 0, "total_sc_v": 0}