{"c1": 0.047446229711326414, "c2": 0.44257197338220006, "ch1": -0.09764601362692785, "ch2": 0.09590145993525877, "di": 18.54084463562211, "dj": 10.301173346209774, "dk": 0.0, "vw_i": -1.0734730403846768, "vw_j": -0.5314489432037364, "kt": 12.253589368991861, "train_sc_a": [2.510207569521201], "train_sc_v": [0.009848961968603551], "val_sc_a": 0, "val_sc_v": 0, "total_sc_a": 0, "total_sc_v": 0}