{"c1": 0.032360512029686636, "c2": 0.2952347514885057, "ch1": -0.05429437043655458, "ch2": 0.09309275019177755, "di": 4.667668437939102, "dj": 4.068529935311986, "dk": 0.0, "vw_i": -0.58366420437782, "vw_j": -0.08841215181817996, "kt": 8.842986027661706, "train_sc_a": [2.0223335415535133], "train_sc_v": [0.008600429812394792], "val_sc_a": 0, "val_sc_v": 0, "total_sc_a": 0, "total_sc_v": 0}