{"c1": 0.026543029786581275, "c2": 0.2206323886075262, "ch1": -0.019401284052610723, "ch2": 0.09150218329681985, "di": 3.546347592697073, "dj": 5.045790844276417, "dk": 0.0, "vw_i": 0.28295477617152703, "vw_j": 0.06960524998403944, "kt": 13.021723880727256, "train_sc_a": [0.45080496290482197], "train_sc_v": [0.0037090934385240488], "val_sc_a": 0, "val_sc_v": 0, "total_sc_a": 0, "total_sc_v": 0}