{"c1": 0.04295774789702881, "c2": 0.43320279640885434, "ch1": -0.01981120269487215, "ch2": 0.09640646902774945, "di": 7.225830800391917, "dj": 5.5007921464552485, "dk": 0.0, "vw_i": 1.7370913603425773, "vw_j": -0.1793209017636602, "kt": 10.1270898508874, "train_sc_a": [0.7189484867061597], "train_sc_v": [0.017174843395986798], "val_sc_a": 0, "val_sc_v": 0, "total_sc_a": 0, "total_sc_v": 0}