{"c1": 0.046221088694051726, "c2": 0.4870698928050412, "ch1": -0.41454794497012304, "ch2": 0.07212544113159193, "di": 0.030162133099323106, "dj": 1.9091308816165922, "dk": 0.847967247815889, "vw_i": 3.272377194992371, "vw_j": 2.3557284081145458, "kt": 11.889833410453852, "train_sc_a": [5.219124558738428], "train_sc_v": [0.02424038779308775], "val_sc_a": 0, "val_sc_v": 0, "total_sc_a": 0, "total_sc_v": 0}