{"c1": 0.028347481897210237, "c2": 0.19617255029897024, "ch1": 0.004375381668276649, "ch2": 0.0936140652396695, "di": 3.1659328453308295, "dj": 2.742719223041523, "dk": 3.8504697559583794, "vw_i": -1.2527747716104685, "vw_j": -0.49702405234911623, "kt": 13.732679964355853, "train_sc_a": [0.2750620891545048], "train_sc_v": [0.001926428077757085], "val_sc_a": 0, "val_sc_v": 0, "total_sc_a": 0, "total_sc_v": 0}