{"c1": 0.045222441726772644, "c2": 0.45984335985732516, "ch1": 0.12978408559766763, "ch2": 0.11402668734223066, "di": 6.263560968440028, "dj": 18.3446484912045, "dk": 0.0, "vw_i": -0.22751189256956547, "vw_j": 0.009503437511833492, "kt": 13.493787296427136, "train_sc_a": [1.1196627457930726], "train_sc_v": [0.004463858064488799], "val_sc_a": 0, "val_sc_v": 0, "total_sc_a": 0, "total_sc_v": 0}