{"c1": 0.033991285428918085, "c2": 0.29683613111922236, "ch1": -0.002659954468431768, "ch2": 0.09673131304110548, "di": 2.8440061583288463, "dj": 1.5559747886373605, "dk": 0.006155539391285127, "vw_i": -1.6108016867668336, "vw_j": -0.8393296776293082, "kt": 8.832583724066357, "train_sc_a": [0.404841625653668], "train_sc_v": [0.004120595187874022], "val_sc_a": 0, "val_sc_v": 0, "total_sc_a": 0, "total_sc_v": 0}