{"c1": 0.03140602928069773, "c2": 0.26674526213424604, "ch1": -0.026320969726093355, "ch2": 0.09458698386036918, "di": 1.4846587921156333, "dj": 1.5301834633358542, "dk": 0.0, "vw_i": -1.5712795768868593, "vw_j": -0.7570959301942868, "kt": 6.5166011085323365, "train_sc_a": [2.722837994796009], "train_sc_v": [0.015400816103374921], "val_sc_a": 0, "val_sc_v": 0, "total_sc_a": 0, "total_sc_v": 0}