{"c1": 0.052214582762657495, "c2": 0.5297336783343208, "ch1": -0.0010596720924879377, "ch2": 0.10728156600372535, "di": 2.7890900446832894, "dj": 3.464112335176879, "dk": 0.14126776114029302, "vw_i": -1.208824848972031, "vw_j": -0.3530751867993114, "kt": 9.428559676720846, "train_sc_a": [0.4967258883814813], "train_sc_v": [0.007710355336269052], "val_sc_a": 0, "val_sc_v": 0, "total_sc_a": 0, "total_sc_v": 0}