{"c1": 0.024823004581991354, "c2": 0.20507958497776052, "ch1": -0.09550341971263505, "ch2": 0.08678127551032809, "di": 5.142189041112137, "dj": 6.18509449584176, "dk": 2.4520600939957564, "vw_i": -0.7820120653963254, "vw_j": -0.3574419738726221, "kt": 12.316418797014197, "train_sc_a": [1.200775329599362], "train_sc_v": [0.009127930423919507], "val_sc_a": 0, "val_sc_v": 0, "total_sc_a": 0, "total_sc_v": 0}