{"c1": 0.032182624297622454, "c2": 0.28087989322615586, "ch1": -0.005246753273977436, "ch2": 0.09759085191221442, "di": 1.8143094791486423, "dj": 1.458459400923685, "dk": 0.0, "vw_i": -0.13078280221571947, "vw_j": -0.1914271846887183, "kt": 7.567588572221333, "train_sc_a": [0.5589587574633332], "train_sc_v": [0.010823504702030884], "val_sc_a": 0, "val_sc_v": 0, "total_sc_a": 0, "total_sc_v": 0}