{"c1": 0.027256197445512217, "c2": 0.06893991520243527, "ch1": 0.11042835279295604, "ch2": 0.10130864544435003, "di": 2.5919426571672286, "dj": 4.461125274342308, "dk": 0.0, "vw_i": -1.557386147148114, "vw_j": -0.48690995428052364, "kt": 8.71590711855443, "train_sc_a": [8.724765053740533], "train_sc_v": [0.03719540277335114], "val_sc_a": 0, "val_sc_v": 0, "total_sc_a": 0, "total_sc_v": 0}