{"c1": 0.020089317358238764, "c2": 0.0992149370174943, "ch1": -0.010800758970933171, "ch2": 0.09208729027050677, "di": 1.5181582244692648, "dj": 1.167755256638245, "dk": 2.3904063880203137, "vw_i": -1.8360370373543056, "vw_j": -0.7187745928616245, "kt": 8.820869471578643, "train_sc_a": [0.7138560908405734], "train_sc_v": [0.0029007276348054245], "val_sc_a": 0, "val_sc_v": 0, "total_sc_a": 0, "total_sc_v": 0}