{"c1": 0.05706170711088455, "c2": 0.5339547516257923, "ch1": -0.025505739119239906, "ch2": 0.10583049917907922, "di": 6.522153238581033, "dj": 3.230740121222035, "dk": 0.0, "vw_i": -0.7881848401128105, "vw_j": -0.06638875459020364, "kt": 7.886260375162324, "train_sc_a": [0.3571164440091724], "train_sc_v": [0.0019452817866599328], "val_sc_a": 0, "val_sc_v": 0, "total_sc_a": 0, "total_sc_v": 0}