{"c1": 0.05261572966089553, "c2": 0.4031374907531203, "ch1": -0.05978023391819688, "ch2": 0.09888970743735741, "di": 13.218856641761088, "dj": 14.123178466839786, "dk": 0.0, "vw_i": -0.8440323990471567, "vw_j": -0.4105215643921461, "kt": 11.99574629886126, "train_sc_a": [2.9168791416536024], "train_sc_v": [0.012021539488219846], "val_sc_a": 0, "val_sc_v": 0, "total_sc_a": 0, "total_sc_v": 0}