{"c1": 0.05970620346069576, "c2": 0.547053967831876, "ch1": 0.2738025137301476, "ch2": 0.12920890644457875, "di": 1.4053909881061386, "dj": 16.575805025999408, "dk": 0.0, "vw_i": -1.5737116869382635, "vw_j": -0.5677160148913164, "kt": 8.964186146385602, "train_sc_a": [12.54570777084988], "train_sc_v": [0.05156659232866445], "val_sc_a": 0, "val_sc_v": 0, "total_sc_a": 0, "total_sc_v": 0}