{"c1": 0.05320733592614984, "c2": 0.5465088183594062, "ch1": 0.005550112458816703, "ch2": 0.10800276659201848, "di": 0.8662525483291754, "dj": 8.76477190844669, "dk": 0.0, "vw_i": -2.779997894260622, "vw_j": -0.7079948876254999, "kt": 10.745372854460149, "train_sc_a": [1.2248431898361976], "train_sc_v": [0.005101088191588875], "val_sc_a": 0, "val_sc_v": 0, "total_sc_a": 0, "total_sc_v": 0}