{"c1": 0.022453229303562246, "c2": 0.3164038946524856, "ch1": 0.05125329780413474, "ch2": 0.09787377770739115, "di": 4.8058972289269475, "dj": 3.8084472331329597, "dk": 1.6699440074168788, "vw_i": 1.1242062227063094, "vw_j": 0.860803874590792, "kt": 11.398426062248372, "train_sc_a": [5.546998949411758], "train_sc_v": [0.019842416316847484], "val_sc_a": 0, "val_sc_v": 0, "total_sc_a": 0, "total_sc_v": 0}