{"c1": 0.02765007590631688, "c2": 0.23613454011463617, "ch1": -0.017651676494287675, "ch2": 0.09260379087448867, "di": 4.506541005109269, "dj": 2.914750542319226, "dk": 0.0, "vw_i": -1.3581143713834678, "vw_j": -0.9840785114748087, "kt": 12.550129320906622, "train_sc_a": [1.3983169038896457], "train_sc_v": [0.010460985571477519], "val_sc_a": 0, "val_sc_v": 0, "total_sc_a": 0, "total_sc_v": 0}