{"c1": 0.01971643076986477, "c2": 0.10802255469509572, "ch1": -0.0014172568041594992, "ch2": 0.09283599002953154, "di": 1.796798886766274, "dj": 1.2779619350804812, "dk": 2.3952249478062364, "vw_i": -1.8092291030747516, "vw_j": -0.6689465004671655, "kt": 8.774986687294627, "train_sc_a": [0.40798305280291247], "train_sc_v": [0.007704497421645122], "val_sc_a": 0, "val_sc_v": 0, "total_sc_a": 0, "total_sc_v": 0}