{"c1": 0.047017653346846267, "c2": 0.49674785993442844, "ch1": -0.0871865214706884, "ch2": 0.09774134096468917, "di": 6.568694691474988, "dj": 5.148570346236105, "dk": 0.0, "vw_i": -0.8925758949996483, "vw_j": -1.3068322637483978, "kt": 9.75456625078103, "train_sc_a": [2.381731401168243], "train_sc_v": [0.012966894528220344], "val_sc_a": 0, "val_sc_v": 0, "total_sc_a": 0, "total_sc_v": 0}