{"c1": 0.024483394948807885, "c2": 0.18045838577947232, "ch1": -0.02331140925000241, "ch2": 0.09145233585728287, "di": 4.709775400941619, "dj": 3.2231883607765, "dk": 0.0, "vw_i": -1.9363457404332687, "vw_j": -0.7113450650026416, "kt": 12.649646144213014, "train_sc_a": [0.9242795167806631], "train_sc_v": [0.005169448693247444], "val_sc_a": 0, "val_sc_v": 0, "total_sc_a": 0, "total_sc_v": 0}