{"c1": 0.027427159873320534, "c2": 0.24426678520858847, "ch1": 0.001079152095393946, "ch2": 0.09414031222395246, "di": 5.031479164436683, "dj": 1.6886463399190033, "dk": 0.4476028616997477, "vw_i": -0.7758529023935599, "vw_j": 0.03499433660181536, "kt": 12.065133525279345, "train_sc_a": [0.4107018412931793], "train_sc_v": [0.00764919006841071], "val_sc_a": 0, "val_sc_v": 0, "total_sc_a": 0, "total_sc_v": 0}