{"c1": 0.024247069635210287, "c2": 0.178111268758504, "ch1": -0.009340812717428761, "ch2": 0.09243511145324516, "di": 3.7260606483601126, "dj": 2.065426499942343, "dk": 0.0, "vw_i": -2.3203866928865837, "vw_j": -0.8552494383836693, "kt": 12.424794918660377, "train_sc_a": [0.23637763874552564], "train_sc_v": [0.0008275076465825319], "val_sc_a": 0, "val_sc_v": 0, "total_sc_a": 0, "total_sc_v": 0}