{"c1": 0.0484266312655683, "c2": 0.5761455859888079, "ch1": 0.004147459340803688, "ch2": 0.10653775938483967, "di": 6.172551022750979, "dj": 0.0, "dk": 0.0, "vw_i": 1.472155351645852, "vw_j": 0.7279115548506855, "kt": 10.666955106545226, "train_sc_a": [1.2098584228502467], "train_sc_v": [0.005569294799680895], "val_sc_a": 0, "val_sc_v": 0, "total_sc_a": 0, "total_sc_v": 0}