{"c1": 0.03897416200766123, "c2": 0.46343084486833236, "ch1": 0.0870524438813402, "ch2": 0.10462919982108684, "di": 8.025975097571623, "dj": 8.125621632129294, "dk": 0.0, "vw_i": -6.782015535320783, "vw_j": 2.4090415450629727, "kt": 10.420508748678714, "train_sc_a": [20.14621681437283], "train_sc_v": [0.07600108109239033], "val_sc_a": 0, "val_sc_v": 0, "total_sc_a": 0, "total_sc_v": 0}