{"c1": 0.04403514888444599, "c2": 0.4671060758869766, "ch1": 0.0004632934021598781, "ch2": 0.10447903880841926, "di": 2.415235587877663, "dj": 4.675995817790086, "dk": 0.4332330199906729, "vw_i": 0.10552755909272654, "vw_j": 0.3987778094833034, "kt": 10.307532078410242, "train_sc_a": [0.3997352566023132], "train_sc_v": [0.004677827599773215], "val_sc_a": 0, "val_sc_v": 0, "total_sc_a": 0, "total_sc_v": 0}