{"c1": 0.04381942466363751, "c2": 0.4676379072215028, "ch1": -0.024951409682938356, "ch2": 0.10251214735209017, "di": 1.5704526479244454, "dj": 1.9195072250191167, "dk": 0.0, "vw_i": -0.6331627358586202, "vw_j": -0.23298003062933767, "kt": 11.36825768409038, "train_sc_a": [0.3430150031229056], "train_sc_v": [0.0034715240391708494], "val_sc_a": 0, "val_sc_v": 0, "total_sc_a": 0, "total_sc_v": 0}