{"c1": 0.018828722404970813, "c2": 0.10877377302430342, "ch1": -0.011046892219688726, "ch2": 0.09219316136408852, "di": 0.8108509796280767, "dj": 1.649652646696357, "dk": 0.17773558952930016, "vw_i": -1.8905506090310562, "vw_j": -0.7185223656716949, "kt": 7.766895490403576, "train_sc_a": [0.7396719856006793], "train_sc_v": [0.007459374926077016], "val_sc_a": 0, "val_sc_v": 0, "total_sc_a": 0, "total_sc_v": 0}