{"c1": 0.02875882228132155, "c2": 0.11906667772424112, "ch1": -0.28395986137934076, "ch2": 0.0725877076089149, "di": 0.6155828938469247, "dj": 1.4807559789777303, "dk": 0.0, "vw_i": 0.17840180980551207, "vw_j": -2.307555088955344, "kt": 10.75820001167633, "train_sc_a": [6.481829487860062], "train_sc_v": [0.026526115387317896], "val_sc_a": 0, "val_sc_v": 0, "total_sc_a": 0, "total_sc_v": 0}