{"c1": 0.024788553809114128, "c2": 0.20540642974407108, "ch1": -0.018700264508379943, "ch2": 0.0923028944135825, "di": 5.07589560982632, "dj": 6.383613211926218, "dk": 2.568456285567312, "vw_i": -0.7049452772435856, "vw_j": -0.3067853126367378, "kt": 12.354355530605472, "train_sc_a": [0.3987608561351066], "train_sc_v": [0.007829638753583373], "val_sc_a": 0, "val_sc_v": 0, "total_sc_a": 0, "total_sc_v": 0}