{"c1": 0.022288235979029257, "c2": 0.13081410714075406, "ch1": -0.012604207243538657, "ch2": 0.09230330508098458, "di": 1.7972193238345529, "dj": 1.4559798191885935, "dk": 0.3500334321245509, "vw_i": -0.9999004886278342, "vw_j": -0.16078860065410355, "kt": 11.03403708417324, "train_sc_a": [0.5203868549810612], "train_sc_v": [0.015471646927623218], "val_sc_a": 0, "val_sc_v": 0, "total_sc_a": 0, "total_sc_v": 0}