{"c1": 0.04649980141447804, "c2": 0.40441794249921764, "ch1": -0.12516470613585418, "ch2": 0.08765650271171106, "di": 4.92255288293134, "dj": 2.5403364364740213, "dk": 0.0, "vw_i": -0.6501355622169465, "vw_j": -0.1558890137132721, "kt": 10.443334723563027, "train_sc_a": [0.19937026972465124], "train_sc_v": [0.002491460307358889], "val_sc_a": 0, "val_sc_v": 0, "total_sc_a": 0, "total_sc_v": 0}