{"c1": 0.01907089008755574, "c2": 0.10488356210994557, "ch1": 0.01238299536682963, "ch2": 0.09401222704226311, "di": 0.6954111377885425, "dj": 1.5986242450527772, "dk": 0.14016568432335996, "vw_i": -2.01939506785732, "vw_j": -0.7998818465746117, "kt": 7.762935149717594, "train_sc_a": [0.363346944762013], "train_sc_v": [0.007330368933154051], "val_sc_a": 0, "val_sc_v": 0, "total_sc_a": 0, "total_sc_v": 0}