{"c1": 0.05086502206557807, "c2": 0.5416694520258883, "ch1": 0.018710095000101238, "ch2": 0.10868836977518684, "di": 4.217204267169613, "dj": 3.621952066168288, "dk": 0.0, "vw_i": 0.7437859341996609, "vw_j": 0.3719622408934603, "kt": 8.126117423908912, "train_sc_a": [0.5650158431291644], "train_sc_v": [0.011723143252689588], "val_sc_a": 0, "val_sc_v": 0, "total_sc_a": 0, "total_sc_v": 0}