{"c1": 0.04540220369306953, "c2": 0.45819099529474006, "ch1": -0.0716557456538691, "ch2": 0.0979696874477725, "di": 18.59264204481443, "dj": 8.961306644511389, "dk": 0.0, "vw_i": -1.200466783954701, "vw_j": -0.3817116973056078, "kt": 12.836181939306046, "train_sc_a": [1.0689788486790992], "train_sc_v": [0.005826889329342636], "val_sc_a": 0, "val_sc_v": 0, "total_sc_a": 0, "total_sc_v": 0}