{"c1": 0.0528773085772295, "c2": 0.5504032595161746, "ch1": -0.04382247812362173, "ch2": 0.10444183258539337, "di": 3.0281472009307993, "dj": 4.6338959871531555, "dk": 0.0, "vw_i": -1.3205824996633497, "vw_j": -0.6932927209854387, "kt": 7.841245496975635, "train_sc_a": [0.7518791238294855], "train_sc_v": [0.0035854107116139815], "val_sc_a": 0, "val_sc_v": 0, "total_sc_a": 0, "total_sc_v": 0}