{"c1": 0.0538244857362444, "c2": 0.5887488441685348, "ch1": 0.03838814138589904, "ch2": 0.11127870731020584, "di": 7.15347479991808, "dj": 6.143839793211317, "dk": 0.0, "vw_i": 1.073518759738081, "vw_j": -0.31278954739484666, "kt": 7.886670575074843, "train_sc_a": [0.5918310667012991], "train_sc_v": [0.007304347416130283], "val_sc_a": 0, "val_sc_v": 0, "total_sc_a": 0, "total_sc_v": 0}