{"c1": 0.05343870881146447, "c2": 0.54640077284215, "ch1": -0.009292433836483437, "ch2": 0.10706214453393066, "di": 3.629206617728817, "dj": 5.5810014796164635, "dk": 0.0, "vw_i": -1.033703611675573, "vw_j": -0.666403123926525, "kt": 7.802253452291436, "train_sc_a": [0.2988339239146708], "train_sc_v": [0.0031312549321518683], "val_sc_a": 0, "val_sc_v": 0, "total_sc_a": 0, "total_sc_v": 0}