{"c1": 0.02739760978168626, "c2": 0.24388637766897028, "ch1": 0.006532169044058601, "ch2": 0.09462174753332468, "di": 5.219828395462859, "dj": 0.9568505941757304, "dk": 0.0, "vw_i": -0.9946240619784779, "vw_j": -0.14493406510309628, "kt": 11.535377980702298, "train_sc_a": [0.3253654303043531], "train_sc_v": [0.0010684210928933674], "val_sc_a": 0, "val_sc_v": 0, "total_sc_a": 0, "total_sc_v": 0}