{"c1": 0.02888109902004484, "c2": 0.24790833051060215, "ch1": -0.014647231705617006, "ch2": 0.0956630036068553, "di": 3.2406165570141616, "dj": 1.804840301877956, "dk": 0.7738487255151082, "vw_i": -2.034845480138088, "vw_j": -0.1252039242828115, "kt": 6.317589859312098, "train_sc_a": [0.2982447614328404], "train_sc_v": [0.0007504029978664927], "val_sc_a": 0, "val_sc_v": 0, "total_sc_a": 0, "total_sc_v": 0}