{"c1": 0.0536305305376684, "c2": 0.5911271463541495, "ch1": -0.002210460918857725, "ch2": 0.10911942886498802, "di": 1.8691728718296072, "dj": 3.0415361197557775, "dk": 0.0, "vw_i": -0.8401589278672134, "vw_j": 0.7925581959068885, "kt": 8.66235152799238, "train_sc_a": [0.3958944768787307], "train_sc_v": [0.003422800904417325], "val_sc_a": 0, "val_sc_v": 0, "total_sc_a": 0, "total_sc_v": 0}