{"c1": 0.022794617483138123, "c2": 0.16347217957949184, "ch1": 0.010491391616063857, "ch2": 0.0944249120105732, "di": 0.0, "dj": 1.574081581362137, "dk": 3.9511038899163338, "vw_i": -0.9209832325754941, "vw_j": -0.021853156179049742, "kt": 10.863903276919869, "train_sc_a": [0.3545330682776753], "train_sc_v": [0.004357436816028516], "val_sc_a": 0, "val_sc_v": 0, "total_sc_a": 0, "total_sc_v": 0}