{"c1": 0.04231125591992932, "c2": 0.4379491969590619, "ch1": -0.007840628985477235, "ch2": 0.09743699333961564, "di": 8.468223255972791, "dj": 4.655220223123475, "dk": 0.0, "vw_i": -0.7288321204320675, "vw_j": -0.36496061011038183, "kt": 10.286832349493025, "train_sc_a": [0.3633427233366922], "train_sc_v": [0.003208763856124266], "val_sc_a": 0, "val_sc_v": 0, "total_sc_a": 0, "total_sc_v": 0}