{"c1": 0.0515243825715942, "c2": 0.527235266976554, "ch1": 9.22923344390432e-06, "ch2": 0.10608647294800493, "di": 1.4480980895858988, "dj": 0.6843667035466298, "dk": 0.0, "vw_i": -0.18518849242339666, "vw_j": 0.35087367743654574, "kt": 10.322680397037933, "train_sc_a": [2.9752106434405077], "train_sc_v": [0.014604298634364085], "val_sc_a": 0, "val_sc_v": 0, "total_sc_a": 0, "total_sc_v": 0}