{"c1": 0.050849540161702546, "c2": 0.5420193348295034, "ch1": -0.005608660502497363, "ch2": 0.10688728244869464, "di": 4.182224552702268, "dj": 3.055577895745544, "dk": 0.0, "vw_i": -0.35629406071925507, "vw_j": 0.07356631547478452, "kt": 8.112261855163803, "train_sc_a": [0.6071029312214007], "train_sc_v": [0.010157065357115351], "val_sc_a": 0, "val_sc_v": 0, "total_sc_a": 0, "total_sc_v": 0}