{"c1": 0.02858565570386678, "c2": 0.2290086950309075, "ch1": -0.005446611409497159, "ch2": 0.09377557213523162, "di": 4.023839337348351, "dj": 1.671172484466228, "dk": 0.0, "vw_i": -1.745512220279617, "vw_j": -0.583408066640566, "kt": 12.733636191201075, "train_sc_a": [0.4838012922201474], "train_sc_v": [0.005698638052454903], "val_sc_a": 0, "val_sc_v": 0, "total_sc_a": 0, "total_sc_v": 0}