{"c1": 0.03967510602890333, "c2": 0.37652459794721427, "ch1": -0.016729889671429986, "ch2": 0.09607692873763347, "di": 1.0954506280325083, "dj": 1.199621865193213, "dk": 0.0, "vw_i": 1.1834402938854536, "vw_j": -0.08312047711934445, "kt": 12.683655508225089, "train_sc_a": [0.38755870214129245], "train_sc_v": [0.007651462685217205], "val_sc_a": 0, "val_sc_v": 0, "total_sc_a": 0, "total_sc_v": 0}