{"c1": 0.025273561654906258, "c2": 0.22012589077284803, "ch1": -0.00842359181623999, "ch2": 0.09252839215351132, "di": 3.038077304278409, "dj": 1.6706296464723134, "dk": 4.197755206001866, "vw_i": -1.633094362213276, "vw_j": -0.2386724524021365, "kt": 13.713746746647, "train_sc_a": [0.4613200065324778], "train_sc_v": [0.004530699076644078], "val_sc_a": 0, "val_sc_v": 0, "total_sc_a": 0, "total_sc_v": 0}