{"c1": 0.0422159472289517, "c2": 0.4255863295166793, "ch1": 0.0014619554099260074, "ch2": 0.09709329438776164, "di": 4.048554157048257, "dj": 0.4736171378371353, "dk": 0.01741434082345827, "vw_i": -0.5283127445967452, "vw_j": -0.6642756755053087, "kt": 11.111121252428266, "train_sc_a": [0.5087457290032169], "train_sc_v": [0.008300479741028443], "val_sc_a": 0, "val_sc_v": 0, "total_sc_a": 0, "total_sc_v": 0}