{"c1": 0.052090116207591956, "c2": 0.5306859337054711, "ch1": -0.04201732904501107, "ch2": 0.10459012227913984, "di": 5.016716261042293, "dj": 4.937563625195914, "dk": 0.0, "vw_i": 2.6378694241142013, "vw_j": 0.6255288740343443, "kt": 8.296736545482268, "train_sc_a": [1.7047597764981859], "train_sc_v": [0.009799297701508166], "val_sc_a": 0, "val_sc_v": 0, "total_sc_a": 0, "total_sc_v": 0}