{"c1": 0.0530296226378874, "c2": 0.5476033084567653, "ch1": -0.012344613576827581, "ch2": 0.10667347940816882, "di": 0.8729019746489047, "dj": 8.030479447897035, "dk": 0.0, "vw_i": -2.4637347036076847, "vw_j": -0.553042865926867, "kt": 10.740001014830376, "train_sc_a": [0.8465327242382684], "train_sc_v": [0.0035173341666392627], "val_sc_a": 0, "val_sc_v": 0, "total_sc_a": 0, "total_sc_v": 0}