{"c1": 0.019115445429865898, "c2": 0.1361215538966456, "ch1": -0.43052678389868193, "ch2": 0.06110191182021998, "di": 2.497706158073437, "dj": 1.2204281255925007, "dk": 0.8579380026581858, "vw_i": 2.2512254291435627, "vw_j": -1.531425116062835, "kt": 8.710474047804798, "train_sc_a": [8.619173895757587], "train_sc_v": [0.03476569286328571], "val_sc_a": 0, "val_sc_v": 0, "total_sc_a": 0, "total_sc_v": 0}