{"c1": 0.0474398190136266, "c2": 0.4767843331957471, "ch1": 0.033420938503423175, "ch2": 0.10702638738245537, "di": 2.545168863096164, "dj": 0.7055892117352219, "dk": 0.0020691206648169413, "vw_i": -0.694324619425344, "vw_j": 0.06298067200488139, "kt": 10.443761935413631, "train_sc_a": [0.5954968984162305], "train_sc_v": [0.006637461773133504], "val_sc_a": 0, "val_sc_v": 0, "total_sc_a": 0, "total_sc_v": 0}