{"c1": 0.05018298723002694, "c2": 0.560386341329398, "ch1": -0.04944356038989003, "ch2": 0.10402929956260795, "di": 5.49952690226758, "dj": 4.756789010859198, "dk": 0.0, "vw_i": 2.2986065811192438, "vw_j": 1.523462146984267, "kt": 8.191652135699377, "train_sc_a": [0.8217330175186329], "train_sc_v": [0.007352273682567824], "val_sc_a": 0, "val_sc_v": 0, "total_sc_a": 0, "total_sc_v": 0}