{"c1": 0.04262456414224995, "c2": 0.4223572000516832, "ch1": -0.4895479425358801, "ch2": 0.05751924180955768, "di": 2.6273220190213236, "dj": 2.6380702805392535, "dk": 0.0, "vw_i": -0.8633000874858561, "vw_j": -0.040642104349261805, "kt": 11.442676155604481, "train_sc_a": [57.44883546838279], "train_sc_v": [0.22858946489977033], "val_sc_a": 0, "val_sc_v": 0, "total_sc_a": 0, "total_sc_v": 0}