{"c1": 0.03816165257678777, "c2": 0.46888425698340863, "ch1": 0.3468881438740548, "ch2": 0.1238248587232684, "di": 8.995146713295735, "dj": 14.82894089273668, "dk": 0.1995233329829107, "vw_i": -1.3976400160000897, "vw_j": -0.5115174241286656, "kt": 10.310627616512985, "train_sc_a": [10.01917182875101], "train_sc_v": [0.04065347488481745], "val_sc_a": 0, "val_sc_v": 0, "total_sc_a": 0, "total_sc_v": 0}