{"c1": 0.02785427214172812, "c2": 0.24077533013621824, "ch1": -0.0027385635964274043, "ch2": 0.0940627360476564, "di": 5.374157893404817, "dj": 2.6306753902108038, "dk": 0.715070472324462, "vw_i": -1.243408649900954, "vw_j": 0.019023034876238038, "kt": 11.555620955251324, "train_sc_a": [0.32540459716173525], "train_sc_v": [0.0034002707258990973], "val_sc_a": 0, "val_sc_v": 0, "total_sc_a": 0, "total_sc_v": 0}