{"c1": 0.020452702087818134, "c2": 0.12057912447902441, "ch1": -0.08244199573016528, "ch2": 0.08794368539399769, "di": 2.69294511384221, "dj": 4.6613800113162736, "dk": 1.8060538850801167, "vw_i": -0.27140849643691434, "vw_j": -0.14207766240307773, "kt": 8.540411249273614, "train_sc_a": [2.8404909678150587], "train_sc_v": [0.01755633988252961], "val_sc_a": 0, "val_sc_v": 0, "total_sc_a": 0, "total_sc_v": 0}