{"c1": 0.05196042719732601, "c2": 0.5317832783060771, "ch1": -0.0529790452027423, "ch2": 0.10379597894018092, "di": 4.949104128751331, "dj": 5.279104544315558, "dk": 0.0, "vw_i": 2.336999300030068, "vw_j": 0.5237805760463072, "kt": 8.281891743622706, "train_sc_a": [1.5471766825175197], "train_sc_v": [0.021216946386552738], "val_sc_a": 0, "val_sc_v": 0, "total_sc_a": 0, "total_sc_v": 0}