{"c1": 0.04334379937466165, "c2": 0.4311673211361714, "ch1": 0.020332761758598467, "ch2": 0.0998642970905918, "di": 2.601340322098802, "dj": 0.3925374694117462, "dk": 0.0, "vw_i": -0.7692705517889414, "vw_j": 0.25116960494592133, "kt": 11.919156787482201, "train_sc_a": [0.4985501954912884], "train_sc_v": [0.007888447526368723], "val_sc_a": 0, "val_sc_v": 0, "total_sc_a": 0, "total_sc_v": 0}