{"c1": 0.031141088981635093, "c2": 0.26925318044414287, "ch1": -0.007245846175614003, "ch2": 0.09546385538067659, "di": 4.632989439310108, "dj": 2.093922841270402, "dk": 0.0, "vw_i": -1.9529808983284658, "vw_j": -0.775704255118489, "kt": 6.586150158018275, "train_sc_a": [6.671578752944796], "train_sc_v": [0.027156302377738747], "val_sc_a": 0, "val_sc_v": 0, "total_sc_a": 0, "total_sc_v": 0}