{"c1": 0.039370359167234976, "c2": 0.3891295959025345, "ch1": -0.014573325325833596, "ch2": 0.09583260842402222, "di": 3.8636362875262567, "dj": 3.8495292586577183, "dk": 0.0, "vw_i": -1.621050562705633, "vw_j": -0.10166713047878707, "kt": 8.990896651805961, "train_sc_a": [0.9131072159552907], "train_sc_v": [0.0071729363956786795], "val_sc_a": 0, "val_sc_v": 0, "total_sc_a": 0, "total_sc_v": 0}