{"c1": 0.04661873911562484, "c2": 0.4995963836979194, "ch1": 0.0050973480064189, "ch2": 0.10526707587950017, "di": 0.02563784352709688, "dj": 2.313214711609358, "dk": 0.039750973322133426, "vw_i": -1.1162855548284951, "vw_j": -0.7244527264609296, "kt": 9.930354988489196, "train_sc_a": [0.49784840592482077], "train_sc_v": [0.00383792648546529], "val_sc_a": 0, "val_sc_v": 0, "total_sc_a": 0, "total_sc_v": 0}