{"c1": 0.04401022269125467, "c2": 0.42590361750085076, "ch1": -0.01601158337743578, "ch2": 0.09690154062921069, "di": 1.5373297620837187, "dj": 0.7968530355687795, "dk": 0.0, "vw_i": 1.4118458371024256, "vw_j": 0.7058605272291524, "kt": 11.717329744525937, "train_sc_a": [0.8315668386165913], "train_sc_v": [0.006043541464500193], "val_sc_a": 0, "val_sc_v": 0, "total_sc_a": 0, "total_sc_v": 0}