{"c1": 0.026675723209405255, "c2": 0.2196320149072678, "ch1": -0.10400876400164734, "ch2": 0.08432187815387138, "di": 3.2351543640928777, "dj": 5.169047092433163, "dk": 0.0, "vw_i": 0.24927128417304262, "vw_j": 0.0937329716260995, "kt": 13.005291030794528, "train_sc_a": [1.5588112733970203], "train_sc_v": [0.010998437048339334], "val_sc_a": 0, "val_sc_v": 0, "total_sc_a": 0, "total_sc_v": 0}