{"c1": 0.03218124881045492, "c2": 0.2967602608219531, "ch1": -0.0648229025374634, "ch2": 0.09230195640512508, "di": 5.126670256290114, "dj": 4.443513348839305, "dk": 0.0, "vw_i": -0.4178530328623232, "vw_j": -0.03180852180801531, "kt": 8.82797452255596, "train_sc_a": [2.264062056144849], "train_sc_v": [0.009888735840261845], "val_sc_a": 0, "val_sc_v": 0, "total_sc_a": 0, "total_sc_v": 0}