{"c1": 0.05333599604555408, "c2": 0.5934902641938512, "ch1": 0.0005817759992091537, "ch2": 0.10874735638623988, "di": 6.029247702207206, "dj": 7.583657222036474, "dk": 0.4132952320123653, "vw_i": -0.2866873793862517, "vw_j": 0.05191172656693219, "kt": 9.28566582337972, "train_sc_a": [0.6092501584140665], "train_sc_v": [0.004937687138019923], "val_sc_a": 0, "val_sc_v": 0, "total_sc_a": 0, "total_sc_v": 0}