{"c1": 0.020838109584899067, "c2": 0.133745292409445, "ch1": -0.00797586910767022, "ch2": 0.09327552497926965, "di": 1.567183809631925, "dj": 2.029523016540194, "dk": 0.1639435212762512, "vw_i": -0.08108315617999225, "vw_j": 0.08702641462644131, "kt": 8.909713755718961, "train_sc_a": [0.4662885479969845], "train_sc_v": [0.010627335781886463], "val_sc_a": 0, "val_sc_v": 0, "total_sc_a": 0, "total_sc_v": 0}