{"c1": 0.04985739817292693, "c2": 0.5833255228097639, "ch1": 0.30875357828549177, "ch2": 0.13097876444964415, "di": 5.248789007074686, "dj": 17.264706891846775, "dk": 0.0, "vw_i": -1.8628255129488203, "vw_j": -2.5668824339377454, "kt": 10.57296978554456, "train_sc_a": [11.001628905068648], "train_sc_v": [0.044158235402935314], "val_sc_a": 0, "val_sc_v": 0, "total_sc_a": 0, "total_sc_v": 0}