{"c1": 0.01968188823993428, "c2": 0.11613525997336374, "ch1": -0.0110915424674979, "ch2": 0.09158632393148126, "di": 2.145552386060033, "dj": 1.1949989228021418, "dk": 0.6363088270088585, "vw_i": -1.8275539993296572, "vw_j": -1.0442908892449598, "kt": 8.96080877353147, "train_sc_a": [0.8798247407266708], "train_sc_v": [0.008544251832241282], "val_sc_a": 0, "val_sc_v": 0, "total_sc_a": 0, "total_sc_v": 0}