{"c1": 0.04256099724321504, "c2": 0.423027521907251, "ch1": 0.006352953661464364, "ch2": 0.09755373170893172, "di": 3.2954582539062223, "dj": 2.542192127570502, "dk": 0.0, "vw_i": -0.9393258242576463, "vw_j": -0.23219527606099416, "kt": 11.446596624541208, "train_sc_a": [0.3165463179418279], "train_sc_v": [0.005263279668557971], "val_sc_a": 0, "val_sc_v": 0, "total_sc_a": 0, "total_sc_v": 0}