{"c1": 0.05210608851951258, "c2": 0.5501635188208118, "ch1": -0.024700899620997096, "ch2": 0.10607605941568575, "di": 8.157282452547635, "dj": 3.953832072776399, "dk": 0.0516303769415654, "vw_i": 2.7308117665585767, "vw_j": 2.8982182323299597, "kt": 9.033476194868499, "train_sc_a": [1.4904369153288062], "train_sc_v": [0.009193485318119747], "val_sc_a": 0, "val_sc_v": 0, "total_sc_a": 0, "total_sc_v": 0}