{"c1": 0.04347554550862722, "c2": 0.4295019828184452, "ch1": 0.00854451202257819, "ch2": 0.09868281357874119, "di": 6.966446117664144, "dj": 5.547359973890007, "dk": 0.2301428109479036, "vw_i": -0.9444039837073035, "vw_j": -0.5459824735681017, "kt": 10.205828385325967, "train_sc_a": [0.39805428149315475], "train_sc_v": [0.006419814610027044], "val_sc_a": 0, "val_sc_v": 0, "total_sc_a": 0, "total_sc_v": 0}