{"c1": 0.02437335135567182, "c2": 0.18731725321354392, "ch1": -0.04268767010258216, "ch2": 0.09028572308133981, "di": 4.742905871766568, "dj": 5.157765138832448, "dk": 4.2265102349706885, "vw_i": -1.292272324122044, "vw_j": -0.5074183888046464, "kt": 12.594300242642284, "train_sc_a": [0.51271025418402], "train_sc_v": [0.004550472715087394], "val_sc_a": 0, "val_sc_v": 0, "total_sc_a": 0, "total_sc_v": 0}