{"c1": 0.05189861658557976, "c2": 0.5548153939464124, "ch1": -0.5333808042934304, "ch2": 0.06579045933955857, "di": 6.6511505676943, "dj": 4.586152858463281, "dk": 0.0, "vw_i": 0.1709903964474245, "vw_j": 0.004522669480985994, "kt": 10.764518751516535, "train_sc_a": [40.052367917794854], "train_sc_v": [0.16692837846759187], "val_sc_a": 0, "val_sc_v": 0, "total_sc_a": 0, "total_sc_v": 0}