{"c1": 0.019574881955723752, "c2": 0.10339221890041489, "ch1": -0.0014914357436599315, "ch2": 0.09290219031075138, "di": 1.8074570896447126, "dj": 1.0393878105637802, "dk": 0.6395573433569364, "vw_i": -1.7365134119860313, "vw_j": -0.9516108856289924, "kt": 8.947502062758998, "train_sc_a": [0.4619274934421428], "train_sc_v": [0.0016115491205303974], "val_sc_a": 0, "val_sc_v": 0, "total_sc_a": 0, "total_sc_v": 0}