{"c1": 0.04443359821375388, "c2": 0.4618175008613369, "ch1": -0.10275697747748301, "ch2": 0.0963182012747575, "di": 3.96488985101494, "dj": 0.0, "dk": 0.26001345501545975, "vw_i": 0.16213164681567527, "vw_j": -0.47453969620890657, "kt": 10.789721893364833, "train_sc_a": [2.034980645217819], "train_sc_v": [0.009988441480142957], "val_sc_a": 0, "val_sc_v": 0, "total_sc_a": 0, "total_sc_v": 0}