{"c1": 0.041693781509603546, "c2": 0.442472137456339, "ch1": -0.06628210524480685, "ch2": 0.09329157503286285, "di": 6.431095559311541, "dj": 5.49196313576346, "dk": 0.3186549611915671, "vw_i": -0.2715485543420151, "vw_j": 0.050143579865392446, "kt": 11.297177558460143, "train_sc_a": [0.8614671721233963], "train_sc_v": [0.006065385683776697], "val_sc_a": 0, "val_sc_v": 0, "total_sc_a": 0, "total_sc_v": 0}