{"c1": 0.05335016292223409, "c2": 0.5930790419466511, "ch1": 0.013794975480297393, "ch2": 0.11030405768427314, "di": 1.8645661149429806, "dj": 2.6724235450286793, "dk": 0.0, "vw_i": -0.7833919168827161, "vw_j": 0.38139116241744875, "kt": 8.651192327231763, "train_sc_a": [0.8155225404860408], "train_sc_v": [0.006887134893617695], "val_sc_a": 0, "val_sc_v": 0, "total_sc_a": 0, "total_sc_v": 0}