{"c1": 0.0469670515870385, "c2": 0.49712575917928803, "ch1": -0.023314760409490123, "ch2": 0.10244566178596733, "di": 6.73729512648997, "dj": 5.581250023643905, "dk": 0.0, "vw_i": -0.9565255633754356, "vw_j": -1.3344962320850995, "kt": 9.779370881067484, "train_sc_a": [0.35430421242046023], "train_sc_v": [0.0049958159273181145], "val_sc_a": 0, "val_sc_v": 0, "total_sc_a": 0, "total_sc_v": 0}