{"c1": 0.027536843350086448, "c2": 0.22213254904568025, "ch1": 0.01355492586595983, "ch2": 0.09472272522501635, "di": 0.7968289315658847, "dj": 0.09844243075372802, "dk": 0.0, "vw_i": -1.407797139255749, "vw_j": -0.4951958923235338, "kt": 12.402120607263111, "train_sc_a": [0.449531098766399], "train_sc_v": [0.0037005496204227037], "val_sc_a": 0, "val_sc_v": 0, "total_sc_a": 0, "total_sc_v": 0}