{"c1": 0.019467221926396487, "c2": 0.11047667549719531, "ch1": -0.00040286721628406694, "ch2": 0.09280520921662784, "di": 1.5455991227498032, "dj": 1.1863006196873545, "dk": 2.033502663866572, "vw_i": -1.8498398245021432, "vw_j": -0.6451473900332625, "kt": 8.829316553722306, "train_sc_a": [0.2988640915037609], "train_sc_v": [0.008010619871306248], "val_sc_a": 0, "val_sc_v": 0, "total_sc_a": 0, "total_sc_v": 0}