{"c1": 0.046210604124345016, "c2": 0.4757679984671406, "ch1": -0.04013863864011081, "ch2": 0.10039709631098234, "di": 12.99724733104331, "dj": 14.77728629129284, "dk": 0.0, "vw_i": -0.895214806921233, "vw_j": -0.4854441112614483, "kt": 11.874142747754073, "train_sc_a": [0.36194353607648444], "train_sc_v": [0.0019022260507125697], "val_sc_a": 0, "val_sc_v": 0, "total_sc_a": 0, "total_sc_v": 0}