{"c1": 0.018670351013552883, "c2": 0.1997389613965828, "ch1": 0.37238804501102163, "ch2": 0.12048798006199346, "di": 2.205831466730042, "dj": 22.074074915274405, "dk": 0.0, "vw_i": 0.8163873422220935, "vw_j": 0.11825621663463744, "kt": 12.922052640837325, "train_sc_a": [14.942391041930076], "train_sc_v": [0.06633079096554455], "val_sc_a": 0, "val_sc_v": 0, "total_sc_a": 0, "total_sc_v": 0}