{"c1": 0.020801379403874744, "c2": 0.14270066012747426, "ch1": 0.016882927575613143, "ch2": 0.09504906732898284, "di": 1.3289695893740296, "dj": 2.225719687808035, "dk": 0.677027973087798, "vw_i": -0.7048085544369769, "vw_j": -0.7372228218134836, "kt": 9.77739562118148, "train_sc_a": [0.36201315139836293], "train_sc_v": [0.0030023911838837855], "val_sc_a": 0, "val_sc_v": 0, "total_sc_a": 0, "total_sc_v": 0}