{"c1": 0.046840657886437695, "c2": 0.4738284909921688, "ch1": -0.05067413333476718, "ch2": 0.09898902424519819, "di": 9.458171507080953, "dj": 10.569220277695505, "dk": 0.006247498593406231, "vw_i": -0.05350185264790048, "vw_j": 1.1654797336434273, "kt": 12.064858748040688, "train_sc_a": [0.36038139722576923], "train_sc_v": [0.0015686062263651742], "val_sc_a": 0, "val_sc_v": 0, "total_sc_a": 0, "total_sc_v": 0}