{"c1": 0.05181477416820402, "c2": 0.6046704185766658, "ch1": -0.40927467670239936, "ch2": 0.0788515507427872, "di": 1.7124822517770766, "dj": 2.3302049103077813, "dk": 0.0, "vw_i": 1.9232911074644026, "vw_j": -1.5965864358231439, "kt": 8.73767813225248, "train_sc_a": [10.71087515293033], "train_sc_v": [0.04357220107653223], "val_sc_a": 0, "val_sc_v": 0, "total_sc_a": 0, "total_sc_v": 0}