{"c1": 0.027827701541542692, "c2": 0.2409476952454666, "ch1": -0.027254696758523284, "ch2": 0.09224177763136035, "di": 5.314582140096406, "dj": 2.6827902631563973, "dk": 0.6794709343978219, "vw_i": -1.0741378405492241, "vw_j": 0.01704866059025973, "kt": 11.526966331485028, "train_sc_a": [0.9616813892019138], "train_sc_v": [0.01399266894279601], "val_sc_a": 0, "val_sc_v": 0, "total_sc_a": 0, "total_sc_v": 0}