{"c1": 0.027453750219961517, "c2": 0.24350982027808038, "ch1": 0.011723599227701482, "ch2": 0.09498039318491248, "di": 5.043188746028908, "dj": 1.2905263522666184, "dk": 0.06494107467104546, "vw_i": -0.8262032426255346, "vw_j": -0.5073583805983528, "kt": 11.459109043292749, "train_sc_a": [0.3067893753452839], "train_sc_v": [0.0012170108519493602], "val_sc_a": 0, "val_sc_v": 0, "total_sc_a": 0, "total_sc_v": 0}