{"c1": 0.04775884436158549, "c2": 0.47153622329363754, "ch1": 0.023765659293352014, "ch2": 0.10540716164367163, "di": 2.1440199894735086, "dj": 1.9909464008237503, "dk": 0.0, "vw_i": -0.8988627212818269, "vw_j": 0.0348795228919163, "kt": 9.268121836901802, "train_sc_a": [0.6971154473113085], "train_sc_v": [0.0039046822225843082], "val_sc_a": 0, "val_sc_v": 0, "total_sc_a": 0, "total_sc_v": 0}