{"c1": 0.055294231978886436, "c2": 0.5790351840579273, "ch1": -0.006245685655636301, "ch2": 0.1087766888931787, "di": 1.1575461624519805, "dj": 3.3619545072737336, "dk": 0.03774801204160251, "vw_i": -1.19509696091752, "vw_j": 0.05114023673424742, "kt": 8.625663319123888, "train_sc_a": [0.38913153007026186], "train_sc_v": [0.00678336419055152], "val_sc_a": 0, "val_sc_v": 0, "total_sc_a": 0, "total_sc_v": 0}