{"c1": 0.027372745330938742, "c2": 0.21337542603859996, "ch1": -0.03431554446722867, "ch2": 0.09144859085838658, "di": 3.4688913176865497, "dj": 4.470513421618009, "dk": 0.08182014244078878, "vw_i": -0.057935500986943736, "vw_j": -0.06886501724358898, "kt": 12.91868807122292, "train_sc_a": [0.5880411330928773], "train_sc_v": [0.011174859506469044], "val_sc_a": 0, "val_sc_v": 0, "total_sc_a": 0, "total_sc_v": 0}