{"c1": 0.023004647997937114, "c2": 0.16921296533652422, "ch1": 0.009914636436859185, "ch2": 0.09424636456339415, "di": 2.3146107079875913, "dj": 0.5744866024409568, "dk": 0.10486647645459354, "vw_i": -0.5129244498134988, "vw_j": 0.13371626862862812, "kt": 10.84385323302662, "train_sc_a": [0.3101424087073278], "train_sc_v": [0.004503945151457971], "val_sc_a": 0, "val_sc_v": 0, "total_sc_a": 0, "total_sc_v": 0}