{"c1": 0.04581947928452609, "c2": 0.4988384776811276, "ch1": -0.011554742189799325, "ch2": 0.10407520972790481, "di": 2.8832639999686296, "dj": 2.0496371317752726, "dk": 0.0, "vw_i": -0.7434102719857328, "vw_j": 0.26610943251181507, "kt": 9.837554508731234, "train_sc_a": [0.9697008035106268], "train_sc_v": [0.010302946143598264], "val_sc_a": 0, "val_sc_v": 0, "total_sc_a": 0, "total_sc_v": 0}