{"c1": 0.05343043223068469, "c2": 0.59278459823762, "ch1": 0.0070196226215485085, "ch2": 0.10921467255699654, "di": 6.144791436020247, "dj": 7.5988163396636095, "dk": 0.37247889430147774, "vw_i": -0.36084820493664577, "vw_j": 0.13277586459483126, "kt": 9.703719454580408, "train_sc_a": [13.410254591380628], "train_sc_v": [0.06411124843946726], "val_sc_a": 0, "val_sc_v": 0, "total_sc_a": 0, "total_sc_v": 0}