{"c1": 0.04672588536305521, "c2": 0.48213838601283093, "ch1": -0.06473797763791171, "ch2": 0.09903835999435642, "di": 2.28626757581761, "dj": 4.0910012709621855, "dk": 0.41350684846305036, "vw_i": -0.10538519004496961, "vw_j": -0.07344578616646731, "kt": 10.91528055008184, "train_sc_a": [0.6687235119309028], "train_sc_v": [0.008581719574721713], "val_sc_a": 0, "val_sc_v": 0, "total_sc_a": 0, "total_sc_v": 0}