{"c1": 0.03967970363978262, "c2": 0.3764911496632203, "ch1": -0.014013878907698335, "ch2": 0.0962771871276995, "di": 1.1055619464975817, "dj": 1.191129155595998, "dk": 0.0, "vw_i": 1.188732562267508, "vw_j": -0.08188166417399306, "kt": 12.683533312878964, "train_sc_a": [0.45989069737190935], "train_sc_v": [0.008533299100319382], "val_sc_a": 0, "val_sc_v": 0, "total_sc_a": 0, "total_sc_v": 0}