{"c1": 0.044707229999082596, "c2": 0.46373290114234955, "ch1": -0.2036027272386697, "ch2": 0.08726288338322737, "di": 12.18607408934364, "dj": 20.316320100099432, "dk": 0.0, "vw_i": -0.10103522614938916, "vw_j": -0.5348916336709694, "kt": 13.359655232889736, "train_sc_a": [1.4494390540423787], "train_sc_v": [0.010554526671200246], "val_sc_a": 0, "val_sc_v": 0, "total_sc_a": 0, "total_sc_v": 0}