{"c1": 0.04119560918624602, "c2": 0.43303125015446037, "ch1": 0.007923744997391966, "ch2": 0.09698010078558514, "di": 3.229905448184079, "dj": 9.492230119136478, "dk": 3.6333619885946815, "vw_i": -0.46720092579195216, "vw_j": -0.8108400915706702, "kt": 10.704106283638188, "train_sc_a": [0.3310458762218771], "train_sc_v": [0.003243604086106301], "val_sc_a": 0, "val_sc_v": 0, "total_sc_a": 0, "total_sc_v": 0}