{"c1": 0.026975698463770674, "c2": 0.2829492061593289, "ch1": 0.30345780003276673, "ch2": 0.1159155148017947, "di": 4.107186053448464, "dj": 18.513124305740867, "dk": 0.0, "vw_i": -2.626379231507532, "vw_j": -1.762715952638234, "kt": 12.370003137155997, "train_sc_a": [8.565481568461383], "train_sc_v": [0.033297161055162255], "val_sc_a": 0, "val_sc_v": 0, "total_sc_a": 0, "total_sc_v": 0}