{"c1": 0.023130841566048985, "c2": 0.14900742300232186, "ch1": 0.016238576609600014, "ch2": 0.09482860357637268, "di": 0.38380223111054934, "dj": 1.1194963247158705, "dk": 4.80222240854071, "vw_i": -0.9746957200931308, "vw_j": 0.748650389823316, "kt": 10.872647858769998, "train_sc_a": [0.5318205136506061], "train_sc_v": [0.009485385298329263], "val_sc_a": 0, "val_sc_v": 0, "total_sc_a": 0, "total_sc_v": 0}