{"c1": 0.019845418431959805, "c2": 0.1010490741796592, "ch1": -0.00508387454866423, "ch2": 0.09258952191129127, "di": 1.7984191233398954, "dj": 1.0341904799807566, "dk": 0.6363593157233206, "vw_i": -1.7293341118126802, "vw_j": -0.9256748514726558, "kt": 8.951184583665125, "train_sc_a": [0.24739555340667846], "train_sc_v": [0.002512280157822685], "val_sc_a": 0, "val_sc_v": 0, "total_sc_a": 0, "total_sc_v": 0}