{"c1": 0.04716343434995261, "c2": 0.4714210516654223, "ch1": -0.5452617015068731, "ch2": 0.06323080612018545, "di": 10.050085207732257, "dj": 10.061889970422298, "dk": 2.2038782050515144, "vw_i": 0.17573250288075884, "vw_j": 1.3193707308628722, "kt": 11.895355458822255, "train_sc_a": [29.165982170391285], "train_sc_v": [0.10691589470382254], "val_sc_a": 0, "val_sc_v": 0, "total_sc_a": 0, "total_sc_v": 0}