{"c1": 0.02528944273758647, "c2": 0.1744553231928503, "ch1": -0.06456966174630663, "ch2": 0.08810592604216509, "di": 4.820087000618497, "dj": 5.090416807375875, "dk": 1.2313884402662179, "vw_i": -1.6547669859510168, "vw_j": -0.6360273803071819, "kt": 12.650471693068038, "train_sc_a": [0.6254875369619806], "train_sc_v": [0.0056669437417980455], "val_sc_a": 0, "val_sc_v": 0, "total_sc_a": 0, "total_sc_v": 0}