{"c1": 0.02783759584773726, "c2": 0.20902316011188554, "ch1": -0.03320643530134298, "ch2": 0.09064932389704845, "di": 0.7076451723707607, "dj": 1.9712633941573605, "dk": 0.15815472896426155, "vw_i": -0.3919066938349663, "vw_j": -0.11366946639605495, "kt": 12.932365169105637, "train_sc_a": [1.9832599638999513], "train_sc_v": [0.01224355209342003], "val_sc_a": 0, "val_sc_v": 0, "total_sc_a": 0, "total_sc_v": 0}