{"c1": 0.029140538884691824, "c2": 0.23370224297673603, "ch1": 0.01215510617917556, "ch2": 0.09748707599864927, "di": 1.466157867002934, "dj": 1.3251995308147668, "dk": 0.264648699864269, "vw_i": -1.1910700865048331, "vw_j": -0.189221606034317, "kt": 10.814216294851626, "train_sc_a": [0.8149405518143401], "train_sc_v": [0.005354774950686537], "val_sc_a": 0, "val_sc_v": 0, "total_sc_a": 0, "total_sc_v": 0}