{"c1": 0.024163287089942004, "c2": 0.1791826463632, "ch1": -0.03602452229374823, "ch2": 0.09043129033992524, "di": 3.5991009219803463, "dj": 3.6904945488342293, "dk": 0.11829542516844083, "vw_i": -2.423867617381017, "vw_j": -1.0602221108116654, "kt": 13.70228920280033, "train_sc_a": [0.7628143493680107], "train_sc_v": [0.010654990429531452], "val_sc_a": 0, "val_sc_v": 0, "total_sc_a": 0, "total_sc_v": 0}