{"c1": 0.0434365505536074, "c2": 0.4304893689191183, "ch1": 0.012642508543453354, "ch2": 0.0992800771026793, "di": 2.541403075283993, "dj": 0.21553807366576405, "dk": 0.0, "vw_i": -0.6490143412847128, "vw_j": 0.40963170009657834, "kt": 11.939396056639978, "train_sc_a": [0.533922213628177], "train_sc_v": [0.00820966124593825], "val_sc_a": 0, "val_sc_v": 0, "total_sc_a": 0, "total_sc_v": 0}