{"c1": 0.040187452753859675, "c2": 0.37923846659867655, "ch1": -0.009520684082296206, "ch2": 0.09638409881757662, "di": 2.611715261582357, "dj": 4.639053828722487, "dk": 0.0, "vw_i": -1.7007260606424985, "vw_j": -0.09032710469987856, "kt": 11.130309647053442, "train_sc_a": [0.7062273338704618], "train_sc_v": [0.003798060477031318], "val_sc_a": 0, "val_sc_v": 0, "total_sc_a": 0, "total_sc_v": 0}