{"c1": 0.05158090165852758, "c2": 0.5349382983718226, "ch1": -0.05218453063569332, "ch2": 0.10329310609081956, "di": 2.623569483790195, "dj": 4.183358479348162, "dk": 0.0, "vw_i": -1.1537566989005252, "vw_j": -0.06753227241002263, "kt": 9.787290605767929, "train_sc_a": [1.8075975971613947], "train_sc_v": [0.017950349875165715], "val_sc_a": 0, "val_sc_v": 0, "total_sc_a": 0, "total_sc_v": 0}