{"c1": 0.03240163785722775, "c2": 0.42689556497919895, "ch1": -0.15673336098049753, "ch2": 0.08500313612951499, "di": 2.941875803950653, "dj": 1.6601446083290912, "dk": 14.233299195401763, "vw_i": 0.5358104185036425, "vw_j": -0.6263539721085389, "kt": 17.446529404374182, "train_sc_a": [4.709811021627517], "train_sc_v": [0.02090291866883811], "val_sc_a": 0, "val_sc_v": 0, "total_sc_a": 0, "total_sc_v": 0}