{"c1": 0.03376313198333832, "c2": 0.3138421261831633, "ch1": -0.030408713584318302, "ch2": 0.09472221334358998, "di": 2.1195410791671567, "dj": 3.0164537692405746, "dk": 0.0, "vw_i": -0.6156484752524913, "vw_j": -0.3572896704309652, "kt": 8.790527880802033, "train_sc_a": [1.1209508521804241], "train_sc_v": [0.014483660320283977], "val_sc_a": 0, "val_sc_v": 0, "total_sc_a": 0, "total_sc_v": 0}