{"c1": 0.031003437116250605, "c2": 0.2355476926741417, "ch1": -0.024864528637329932, "ch2": 0.09470400352467225, "di": 3.4243073544138567, "dj": 2.3873023045795088, "dk": 0.4422411638965582, "vw_i": -2.226515941970773, "vw_j": -0.5796253396247132, "kt": 6.403161023063657, "train_sc_a": [1.1705756056600956], "train_sc_v": [0.0055015107227754925], "val_sc_a": 0, "val_sc_v": 0, "total_sc_a": 0, "total_sc_v": 0}