{"c1": 0.01943207140677856, "c2": 0.10450214239186183, "ch1": -0.0008366042334809286, "ch2": 0.0929419150737198, "di": 1.8139673667091527, "dj": 1.0780272923901408, "dk": 0.711029768954829, "vw_i": -1.789974318821809, "vw_j": -0.8891000747973498, "kt": 9.010037788163212, "train_sc_a": [0.32488235078308636], "train_sc_v": [0.0030925126018649294], "val_sc_a": 0, "val_sc_v": 0, "total_sc_a": 0, "total_sc_v": 0}