{"c1": 0.05279088317090059, "c2": 0.5971036918219227, "ch1": -0.02138568981054217, "ch2": 0.1077924662570887, "di": 0.5738508899266903, "dj": 2.0087263564006297, "dk": 0.0, "vw_i": -0.5878497270303674, "vw_j": -0.17571068989140903, "kt": 8.664584482096242, "train_sc_a": [0.2927197707773969], "train_sc_v": [0.001615182484024113], "val_sc_a": 0, "val_sc_v": 0, "total_sc_a": 0, "total_sc_v": 0}