{"c1": 0.04757502809118045, "c2": 0.4735649729547402, "ch1": -0.008926237631142336, "ch2": 0.10291732635340883, "di": 2.094287806900839, "dj": 1.8365299581276604, "dk": 0.0, "vw_i": -0.8033688175631784, "vw_j": 0.015731243014581436, "kt": 8.348355185960692, "train_sc_a": [1.377846532914916], "train_sc_v": [0.00577619345718928], "val_sc_a": 0, "val_sc_v": 0, "total_sc_a": 0, "total_sc_v": 0}