{"c1": 0.019941241966352243, "c2": 0.12378393389351193, "ch1": -0.005198975669517212, "ch2": 0.09287127797047631, "di": 1.7439770979011406, "dj": 2.2208915341590956, "dk": 0.45729524070342614, "vw_i": -1.0690019948549705, "vw_j": -0.4286818646453444, "kt": 8.794115277241401, "train_sc_a": [0.5693774199361898], "train_sc_v": [0.0060004478976375475], "val_sc_a": 0, "val_sc_v": 0, "total_sc_a": 0, "total_sc_v": 0}