{"c1": 0.02753684335029673, "c2": 0.222132549036516, "ch1": 0.013554925860572258, "ch2": 0.09472272522404462, "di": 0.7968289326269532, "dj": 0.09844243179986925, "dk": 0.0, "vw_i": -1.4077971391581614, "vw_j": -0.49519589063885117, "kt": 12.402120599549242, "train_sc_a": [0.4495310987762154], "train_sc_v": [0.0037005496207047203], "val_sc_a": 0, "val_sc_v": 0, "total_sc_a": 0, "total_sc_v": 0}