{"c1": 0.04627157221820997, "c2": 0.5020871222247356, "ch1": 0.0028163837974426093, "ch2": 0.10510594323369432, "di": 0.02179610823700351, "dj": 2.206451492721182, "dk": 0.0, "vw_i": -1.0895993492030611, "vw_j": -0.7008372520689368, "kt": 9.958329829110252, "train_sc_a": [0.3790412242088804], "train_sc_v": [0.003888211390672431], "val_sc_a": 0, "val_sc_v": 0, "total_sc_a": 0, "total_sc_v": 0}