{"c1": 0.027536843350085306, "c2": 0.22213254904574598, "ch1": 0.013554925865941564, "ch2": 0.0947227252250236, "di": 0.7968289315501285, "dj": 0.0984424307359154, "dk": 0.0, "vw_i": -1.4077971392563284, "vw_j": -0.49519589234802674, "kt": 12.402120607377222, "train_sc_a": [0.44953109876622865], "train_sc_v": [0.003700549620426038], "val_sc_a": 0, "val_sc_v": 0, "total_sc_a": 0, "total_sc_v": 0}