{"c1": 0.030880026084497636, "c2": 0.290770734192482, "ch1": 0.02339328436674353, "ch2": 0.09968104233694769, "di": 1.4021597955942755, "dj": 1.901024181369193, "dk": 0.7982991555501981, "vw_i": -0.13334118849533216, "vw_j": 0.06694708919166423, "kt": 7.569644905513538, "train_sc_a": [0.2916795543755233], "train_sc_v": [0.0018747088713848452], "val_sc_a": 0, "val_sc_v": 0, "total_sc_a": 0, "total_sc_v": 0}