{"c1": 0.04600100530764073, "c2": 0.4848865430673387, "ch1": -0.00045039343255315426, "ch2": 0.10344040998110228, "di": 1.8144188046575476, "dj": 0.6299409765140521, "dk": 4.699881950786649, "vw_i": -0.26171849298905064, "vw_j": 0.7618506163830502, "kt": 12.065788377382859, "train_sc_a": [2.8476457249093388], "train_sc_v": [0.0149269103796962], "val_sc_a": 0, "val_sc_v": 0, "total_sc_a": 0, "total_sc_v": 0}