{"c1": 0.05488843891576073, "c2": 0.5822623460894404, "ch1": 0.09633724674366555, "ch2": 0.11690172179534619, "di": 5.579369314683169, "dj": 8.904872643516905, "dk": 0.9720282235813893, "vw_i": 0.04949444404366274, "vw_j": -0.6822737489952134, "kt": 9.49465833885959, "train_sc_a": [2.108745753410904], "train_sc_v": [0.010690279611978194], "val_sc_a": 0, "val_sc_v": 0, "total_sc_a": 0, "total_sc_v": 0}