{"c1": 0.05053137311075072, "c2": 0.5653243499961307, "ch1": -0.049933540558301, "ch2": 0.10396219315100108, "di": 9.250753119485813, "dj": 5.675057213881958, "dk": 0.0, "vw_i": -0.19289310377194835, "vw_j": -0.16387663779106554, "kt": 8.270719428158097, "train_sc_a": [0.766704458554555], "train_sc_v": [0.004786254809115944], "val_sc_a": 0, "val_sc_v": 0, "total_sc_a": 0, "total_sc_v": 0}