{"c1": 0.024075234502355464, "c2": 0.29919460771799244, "ch1": -0.03849279108132416, "ch2": 0.09362752920369337, "di": 2.0383831336623057, "dj": 6.805530777541953, "dk": 1.1846030508868015, "vw_i": -1.7563423925381398, "vw_j": -2.9464927184394756, "kt": 10.706674872254021, "train_sc_a": [4.188946578387345], "train_sc_v": [0.017285319833537805], "val_sc_a": 0, "val_sc_v": 0, "total_sc_a": 0, "total_sc_v": 0}