{"c1": 0.044149727491153035, "c2": 0.4680956826056262, "ch1": -0.39412327262124336, "ch2": 0.07229581322117601, "di": 6.461608371830034, "dj": 18.756274988657307, "dk": 0.0, "vw_i": -0.27854229228380445, "vw_j": 0.046950564822055944, "kt": 13.608789987981579, "train_sc_a": [5.9748090746528195], "train_sc_v": [0.02693396306986482], "val_sc_a": 0, "val_sc_v": 0, "total_sc_a": 0, "total_sc_v": 0}