{"c1": 0.023061151900736477, "c2": 0.14925501378770953, "ch1": 0.010582749291086086, "ch2": 0.09439644374496686, "di": 0.0, "dj": 0.7781073775120433, "dk": 2.916380484967079, "vw_i": -0.933110372408643, "vw_j": 0.25930042227137784, "kt": 10.870057238819552, "train_sc_a": [0.35763790269412393], "train_sc_v": [0.004751699930492258], "val_sc_a": 0, "val_sc_v": 0, "total_sc_a": 0, "total_sc_v": 0}