{"c1": 0.0508592974164445, "c2": 0.5385311451082576, "ch1": 0.006451731766623007, "ch2": 0.1069957671626034, "di": 1.49918246833682, "dj": 1.4815562183853885, "dk": 0.0, "vw_i": -1.687097345832752, "vw_j": -0.43394603013648053, "kt": 10.360442178463835, "train_sc_a": [0.5668179317483016], "train_sc_v": [0.011439929879809987], "val_sc_a": 0, "val_sc_v": 0, "total_sc_a": 0, "total_sc_v": 0}