{"c1": 0.04932278976237159, "c2": 0.5741997376229423, "ch1": -0.06741125218264438, "ch2": 0.10281708890892519, "di": 14.780250483195903, "dj": 2.170634305769991, "dk": 0.0, "vw_i": 4.757488956293582, "vw_j": 3.0394922236925104, "kt": 7.51446339925307, "train_sc_a": [1.423746866057313], "train_sc_v": [0.008315624682485699], "val_sc_a": 0, "val_sc_v": 0, "total_sc_a": 0, "total_sc_v": 0}