{"c1": 0.046867426929220496, "c2": 0.5685168081349917, "ch1": -0.39682995073954125, "ch2": 0.07673220049754403, "di": 0.17113234855018214, "dj": 0.5968381719831014, "dk": 2.5377576352356708, "vw_i": 0.8321553896083662, "vw_j": 0.5881472853093126, "kt": 10.76903188026042, "train_sc_a": [7.680132987337616], "train_sc_v": [0.03332542247583987], "val_sc_a": 0, "val_sc_v": 0, "total_sc_a": 0, "total_sc_v": 0}