{"c1": 0.02889944900755935, "c2": 0.22650377102898497, "ch1": -0.00794118872871188, "ch2": 0.09333856337615362, "di": 4.213013617299084, "dj": 2.815548720583358, "dk": 0.0, "vw_i": -0.8896306274233372, "vw_j": -0.48015831528348907, "kt": 12.506548020497638, "train_sc_a": [0.5287662715381477], "train_sc_v": [0.009784525007306432], "val_sc_a": 0, "val_sc_v": 0, "total_sc_a": 0, "total_sc_v": 0}