{"c1": 0.02073074604930521, "c2": 0.13444420811677427, "ch1": -0.0029211257994303423, "ch2": 0.09361821094427188, "di": 1.6676963740051558, "dj": 1.435305742770276, "dk": 0.0, "vw_i": -0.14146859575258514, "vw_j": 0.06929778580485027, "kt": 8.859907882305452, "train_sc_a": [0.6057733557864617], "train_sc_v": [0.004409757892791785], "val_sc_a": 0, "val_sc_v": 0, "total_sc_a": 0, "total_sc_v": 0}