{"c1": 0.0497028999520001, "c2": 0.3710243811436543, "ch1": -0.07210904068593244, "ch2": 0.09194308327632017, "di": 3.822244112664618, "dj": 0.3391539568515235, "dk": 0.0, "vw_i": 0.1625614278033323, "vw_j": -0.9754250142927159, "kt": 14.019803787384074, "train_sc_a": [5.232737563635445], "train_sc_v": [0.023963862211886407], "val_sc_a": 0, "val_sc_v": 0, "total_sc_a": 0, "total_sc_v": 0}