{"c1": 0.05035820241352253, "c2": 0.5440910696183485, "ch1": 0.05499942802793976, "ch2": 0.11140347779516356, "di": 4.085362605816365, "dj": 3.0735267846478975, "dk": 0.40619138619690986, "vw_i": 0.13481109497470053, "vw_j": 0.23579698683334954, "kt": 10.308057191677081, "train_sc_a": [0.4935400572991516], "train_sc_v": [0.00389825528230735], "val_sc_a": 0, "val_sc_v": 0, "total_sc_a": 0, "total_sc_v": 0}