{"c1": 0.028044366337710534, "c2": 0.21793847030342947, "ch1": 0.004498534020785845, "ch2": 0.09390037681846355, "di": 0.8689397838369757, "dj": 0.5973360529148479, "dk": 0.0, "vw_i": -1.3453659023584699, "vw_j": -0.27170759858338456, "kt": 13.062212050261904, "train_sc_a": [0.25374113665854536], "train_sc_v": [0.001199966373826731], "val_sc_a": 0, "val_sc_v": 0, "total_sc_a": 0, "total_sc_v": 0}