{"c1": 0.04980804703053488, "c2": 0.546325979351221, "ch1": -0.0006151662981918483, "ch2": 0.10633081445876325, "di": 1.068417870364302, "dj": 0.0387433296552122, "dk": 0.28793189543601067, "vw_i": -0.31481250815156103, "vw_j": 0.28656284729198944, "kt": 10.207640393016943, "train_sc_a": [0.41472192449146], "train_sc_v": [0.00385775901697257], "val_sc_a": 0, "val_sc_v": 0, "total_sc_a": 0, "total_sc_v": 0}