{"c1": 0.020238358340304245, "c2": 0.12186388590754382, "ch1": 0.007596969069939612, "ch2": 0.0937912623760225, "di": 2.040017366975371, "dj": 1.670280608253902, "dk": 0.0, "vw_i": -1.1760868345310498, "vw_j": -0.5228349660027451, "kt": 8.953379720500466, "train_sc_a": [0.4712341073746161], "train_sc_v": [0.0030299629204316447], "val_sc_a": 0, "val_sc_v": 0, "total_sc_a": 0, "total_sc_v": 0}