{"c1": 0.043875017910372786, "c2": 0.4273707776783936, "ch1": -0.05624412013356564, "ch2": 0.0939050146005817, "di": 1.532606897237433, "dj": 0.7944050056911539, "dk": 0.0, "vw_i": 1.2207758335459165, "vw_j": 0.6477625199181845, "kt": 11.708871207763794, "train_sc_a": [1.4047703005523315], "train_sc_v": [0.006560617466896493], "val_sc_a": 0, "val_sc_v": 0, "total_sc_a": 0, "total_sc_v": 0}