{"c1": 0.046902504872247716, "c2": 0.47336433653948684, "ch1": -0.04802156505908744, "ch2": 0.09918754364024851, "di": 9.56796029347587, "dj": 10.49459253237807, "dk": 0.008315691613803628, "vw_i": -0.03312461799748134, "vw_j": 1.1751416019731393, "kt": 12.039023310740598, "train_sc_a": [0.3474695847486413], "train_sc_v": [0.001478570663707498], "val_sc_a": 0, "val_sc_v": 0, "total_sc_a": 0, "total_sc_v": 0}