{"c1": 0.021851227720126282, "c2": 0.13425060013565807, "ch1": 0.01665345223195321, "ch2": 0.09495831929680597, "di": 1.3265876021513814, "dj": 2.1470154548632103, "dk": 0.0, "vw_i": -1.1115620838571325, "vw_j": -0.23934339637177676, "kt": 10.790554135180688, "train_sc_a": [0.5080538457635728], "train_sc_v": [0.007818275371746631], "val_sc_a": 0, "val_sc_v": 0, "total_sc_a": 0, "total_sc_v": 0}