{"c1": 0.021879805799200038, "c2": 0.1374324231329421, "ch1": 0.016420373993184745, "ch2": 0.09477132191170054, "di": 0.8506626874989001, "dj": 1.0134640362754064, "dk": 0.47902933594015606, "vw_i": -1.0768533869304373, "vw_j": -0.18207421165871487, "kt": 11.025340338157994, "train_sc_a": [0.5601511034840656], "train_sc_v": [0.006397510809049802], "val_sc_a": 0, "val_sc_v": 0, "total_sc_a": 0, "total_sc_v": 0}