{"c1": 0.01972545457910213, "c2": 0.11548531515295123, "ch1": 0.02802088668066837, "ch2": 0.09463789198451049, "di": 2.1273335525514616, "dj": 1.3753509695284372, "dk": 0.7286262301002663, "vw_i": -1.9847026973562676, "vw_j": -1.181419177476334, "kt": 8.957366176166595, "train_sc_a": [0.31289720197770554], "train_sc_v": [0.0031055123769455893], "val_sc_a": 0, "val_sc_v": 0, "total_sc_a": 0, "total_sc_v": 0}