{"c1": 0.032794294479006045, "c2": 0.20731431541719242, "ch1": -0.32824127581910745, "ch2": 0.07190724909364352, "di": 4.1814176321325345, "dj": 2.026017933475966, "dk": 10.821475218200414, "vw_i": -1.9782047615628273, "vw_j": -2.652981102799315, "kt": 11.845829150274746, "train_sc_a": [7.557467572772086], "train_sc_v": [0.029762017224451636], "val_sc_a": 0, "val_sc_v": 0, "total_sc_a": 0, "total_sc_v": 0}