{"c1": 0.05699810552701456, "c2": 0.5343673544797517, "ch1": -0.028365361205498818, "ch2": 0.10557048472951883, "di": 6.08803693271892, "dj": 3.4492176146939633, "dk": 0.0, "vw_i": -0.5453880718674744, "vw_j": -0.04824126331695669, "kt": 7.82091365334051, "train_sc_a": [0.35101086635840084], "train_sc_v": [0.0018247820966524235], "val_sc_a": 0, "val_sc_v": 0, "total_sc_a": 0, "total_sc_v": 0}