{"c1": 0.0328990803764482, "c2": 0.30484578325231343, "ch1": -0.017744473766125406, "ch2": 0.09550731401755648, "di": 1.282358190744935, "dj": 2.600321532698173, "dk": 2.056873945167436, "vw_i": -1.9828075299165748, "vw_j": -0.5378316218087649, "kt": 8.966768714042054, "train_sc_a": [0.4786684420762929], "train_sc_v": [0.004595794910594802], "val_sc_a": 0, "val_sc_v": 0, "total_sc_a": 0, "total_sc_v": 0}