{"c1": 0.043791711439060424, "c2": 0.42706554535038155, "ch1": -0.008796939985283069, "ch2": 0.09727277007778765, "di": 9.219832595746851, "dj": 4.707637057629567, "dk": 0.0, "vw_i": 0.30582488542255026, "vw_j": -1.070786878978656, "kt": 11.1443874022601, "train_sc_a": [0.4593751124092852], "train_sc_v": [0.005344208397991655], "val_sc_a": 0, "val_sc_v": 0, "total_sc_a": 0, "total_sc_v": 0}