{"c1": 0.042347076395836826, "c2": 0.5312193854948589, "ch1": -0.23363582555176177, "ch2": 0.08560786951911445, "di": 0.5282696755688621, "dj": 0.0, "dk": 8.268680350977636, "vw_i": -2.971580544640553, "vw_j": 1.1670659300909598, "kt": 12.556098992104769, "train_sc_a": [12.246307856416768], "train_sc_v": [0.05223153679997268], "val_sc_a": 0, "val_sc_v": 0, "total_sc_a": 0, "total_sc_v": 0}