{"c1": 0.053019417155518445, "c2": 0.6007087245342461, "ch1": -0.07833672820334067, "ch2": 0.1042172127832114, "di": 3.901470440156048, "dj": 4.5123243516903315, "dk": 0.8828758441222918, "vw_i": -0.14989904344529362, "vw_j": -0.04638371366960285, "kt": 8.884040282671423, "train_sc_a": [3.0789040512038106], "train_sc_v": [0.016871400169947558], "val_sc_a": 0, "val_sc_v": 0, "total_sc_a": 0, "total_sc_v": 0}