{"c1": 0.049230712906840744, "c2": 0.6423570348111773, "ch1": -0.1514446895880847, "ch2": 0.09808712191418112, "di": 3.50356617268882, "dj": 6.408376759744527, "dk": 0.0, "vw_i": -2.4685184133109557, "vw_j": 0.5301776832947565, "kt": 9.106559534423996, "train_sc_a": [6.166702207193663], "train_sc_v": [0.0280624687373316], "val_sc_a": 0, "val_sc_v": 0, "total_sc_a": 0, "total_sc_v": 0}