{"c1": 0.031917167256880326, "c2": 0.26545376434092016, "ch1": 0.01295713370563935, "ch2": 0.09894273570545127, "di": 0.6570136244544871, "dj": 1.9697189609319599, "dk": 0.0, "vw_i": 0.394085230559337, "vw_j": 0.04284590720408771, "kt": 6.216689162619874, "train_sc_a": [0.9408128699799604], "train_sc_v": [0.009094001174649513], "val_sc_a": 0, "val_sc_v": 0, "total_sc_a": 0, "total_sc_v": 0}