{"c1": 0.020345624558854532, "c2": 0.12098132783648491, "ch1": 0.010030353559493273, "ch2": 0.0939760847379149, "di": 2.1062296300250116, "dj": 1.6771051237300914, "dk": 0.0, "vw_i": -1.2152966372667262, "vw_j": -0.4784045770355092, "kt": 8.901551148673146, "train_sc_a": [0.4522147690840553], "train_sc_v": [0.0032095172735056056], "val_sc_a": 0, "val_sc_v": 0, "total_sc_a": 0, "total_sc_v": 0}