{"c1": 0.027832533077684487, "c2": 0.24091523529310988, "ch1": -0.016629317769111272, "ch2": 0.09303060673773067, "di": 5.31690383905798, "dj": 2.6033004159534023, "dk": 0.6156234588552714, "vw_i": -1.1232050838775396, "vw_j": 0.008265035973618046, "kt": 11.526636619986384, "train_sc_a": [0.8164234451153308], "train_sc_v": [0.01485313419250074], "val_sc_a": 0, "val_sc_v": 0, "total_sc_a": 0, "total_sc_v": 0}