{"c1": 0.023688223984531964, "c2": 0.2971708999808071, "ch1": 0.15327252515815684, "ch2": 0.10602604452900692, "di": 3.306076494303497, "dj": 8.763361018555909, "dk": 2.588796383840002, "vw_i": -3.2913508716559243, "vw_j": -1.8923539730732044, "kt": 12.09984674252078, "train_sc_a": [12.718178849759788], "train_sc_v": [0.04824292065077782], "val_sc_a": 0, "val_sc_v": 0, "total_sc_a": 0, "total_sc_v": 0}