{"c1": 0.03688189103096082, "c2": 0.35802737236914484, "ch1": -0.0009494087855659277, "ch2": 0.09695228044702568, "di": 1.1144139572977658, "dj": 1.5966981110611689, "dk": 0.003478059903475661, "vw_i": -1.3645286040809, "vw_j": -0.09636953551511361, "kt": 9.005621421665554, "train_sc_a": [0.4377989256113615], "train_sc_v": [0.005803079961604424], "val_sc_a": 0, "val_sc_v": 0, "total_sc_a": 0, "total_sc_v": 0}