{"c1": 0.04688268333806258, "c2": 0.6117831645266023, "ch1": -0.06229472069338672, "ch2": 0.10305879079479752, "di": 6.335035070337089, "dj": 4.443956910732673, "dk": 0.0, "vw_i": 1.7115091722356937, "vw_j": 3.0773437723500594, "kt": 8.00980261704015, "train_sc_a": [2.350931205462452], "train_sc_v": [0.011633541309522601], "val_sc_a": 0, "val_sc_v": 0, "total_sc_a": 0, "total_sc_v": 0}