{"c1": 0.02904901083342978, "c2": 0.22532762560118436, "ch1": -0.0017605716190670757, "ch2": 0.0938658694870681, "di": 4.054261390042634, "dj": 2.590260251007784, "dk": 0.0, "vw_i": -0.8681293407935209, "vw_j": -0.3804711463017135, "kt": 12.500615540003345, "train_sc_a": [0.7061282757958846], "train_sc_v": [0.008510302408340708], "val_sc_a": 0, "val_sc_v": 0, "total_sc_a": 0, "total_sc_v": 0}