{"c1": 0.053647960054690635, "c2": 0.5912312435752598, "ch1": -0.0053954466251190485, "ch2": 0.10875455616376925, "di": 3.663388869088665, "dj": 0.6481107765163623, "dk": 3.5361784740445663, "vw_i": -0.3831838950154638, "vw_j": 0.042321268758869934, "kt": 9.797150989484598, "train_sc_a": [1.9108686776837296], "train_sc_v": [0.01587452393486919], "val_sc_a": 0, "val_sc_v": 0, "total_sc_a": 0, "total_sc_v": 0}