{"c1": 0.03695870087552205, "c2": 0.28888181239618144, "ch1": 0.3531549372940431, "ch2": 0.12475492821047948, "di": 5.009211859529002, "dj": 22.90238716147219, "dk": 0.0, "vw_i": 2.13022945103294, "vw_j": 0.45174512255391797, "kt": 9.295193176680623, "train_sc_a": [9.217784260720359], "train_sc_v": [0.04119665252185285], "val_sc_a": 0, "val_sc_v": 0, "total_sc_a": 0, "total_sc_v": 0}