{"c1": 0.018978243146796674, "c2": 0.11693941244154703, "ch1": -0.002190089120424105, "ch2": 0.09240036668377367, "di": 2.1305481355232434, "dj": 0.9892851522352895, "dk": 2.7119937551856674, "vw_i": -1.8692060290366195, "vw_j": -0.45051996915456183, "kt": 8.92201809180739, "train_sc_a": [0.3399124552520332], "train_sc_v": [0.005465404723369268], "val_sc_a": 0, "val_sc_v": 0, "total_sc_a": 0, "total_sc_v": 0}