{"c1": 0.02465325418174924, "c2": 0.17463279237747004, "ch1": -0.007144304715605659, "ch2": 0.0925676837693112, "di": 3.774462874467314, "dj": 1.6159224216745534, "dk": 2.573443273433605, "vw_i": -2.175229704719843, "vw_j": -1.006464911077747, "kt": 14.374285545831441, "train_sc_a": [0.33404055843709274], "train_sc_v": [0.0014383605474322509], "val_sc_a": 0, "val_sc_v": 0, "total_sc_a": 0, "total_sc_v": 0}