{"c1": 0.04750692385228338, "c2": 0.49309055610446184, "ch1": -0.0014232832971380997, "ch2": 0.10475165577043237, "di": 1.1547178160125222, "dj": 0.0, "dk": 0.01596599363558371, "vw_i": -1.0133796078892585, "vw_j": -0.8402078398172226, "kt": 9.936979876212373, "train_sc_a": [0.658703310167678], "train_sc_v": [0.005351513208814151], "val_sc_a": 0, "val_sc_v": 0, "total_sc_a": 0, "total_sc_v": 0}