{"c1": 0.051113006252310876, "c2": 0.5393432144220549, "ch1": 0.00863699028889868, "ch2": 0.10796713880488354, "di": 2.252041303012032, "dj": 4.159944808685148, "dk": 0.0, "vw_i": -1.4329074196103728, "vw_j": -0.5603417274575808, "kt": 8.916585369999472, "train_sc_a": [0.44682914574241395], "train_sc_v": [0.002905334165364518], "val_sc_a": 0, "val_sc_v": 0, "total_sc_a": 0, "total_sc_v": 0}