{"c1": 0.023757969692213044, "c2": 0.2029258783391749, "ch1": 0.37692672881837874, "ch2": 0.12012359197768085, "di": 6.456470631329163, "dj": 29.926326269622226, "dk": 4.502195557858791, "vw_i": 0.00887230805472955, "vw_j": -0.8842619354064768, "kt": 12.588939720391345, "train_sc_a": [31.264216355477036], "train_sc_v": [0.12635351118745813], "val_sc_a": 0, "val_sc_v": 0, "total_sc_a": 0, "total_sc_v": 0}