{"c1": 0.03665713129274172, "c2": 0.18331747523904848, "ch1": -0.0107547434566478, "ch2": 0.09595755095987382, "di": 1.1667500086990021, "dj": 0.8592015034716936, "dk": 0.11651921787557802, "vw_i": -1.0981896663561346, "vw_j": -0.26993356192720785, "kt": 10.010618949373082, "train_sc_a": [6.281277370929509], "train_sc_v": [0.024926995077710342], "val_sc_a": 0, "val_sc_v": 0, "total_sc_a": 0, "total_sc_v": 0}