{"c1": 0.04687097873968247, "c2": 0.49165209837992707, "ch1": -0.04943582743999515, "ch2": 0.10126228722834611, "di": 1.4291322919219462, "dj": 2.526394103806756, "dk": 0.0, "vw_i": -0.3279280826400365, "vw_j": -0.06521354851660818, "kt": 9.86838347302174, "train_sc_a": [1.2321570604629037], "train_sc_v": [0.0074559890588774234], "val_sc_a": 0, "val_sc_v": 0, "total_sc_a": 0, "total_sc_v": 0}