{"c1": 0.022688346096267416, "c2": 0.16439248681188812, "ch1": 0.021219272643410145, "ch2": 0.09504803531625218, "di": 0.8024821948951072, "dj": 1.0630140617981882, "dk": 0.19200020196696224, "vw_i": -0.37027847546859505, "vw_j": 0.0023003161289986743, "kt": 10.876050485743342, "train_sc_a": [0.5224569156819902], "train_sc_v": [0.007283902912603513], "val_sc_a": 0, "val_sc_v": 0, "total_sc_a": 0, "total_sc_v": 0}