{"c1": 0.051454094698635156, "c2": 0.5376203324086759, "ch1": 0.013077004064441162, "ch2": 0.10832010513045569, "di": 4.544905872232711, "dj": 2.5127315525186997, "dk": 0.28048243283915525, "vw_i": -0.5727942951468055, "vw_j": -0.38769249227798175, "kt": 9.156755861483107, "train_sc_a": [0.42643631303024837], "train_sc_v": [0.005466501330777516], "val_sc_a": 0, "val_sc_v": 0, "total_sc_a": 0, "total_sc_v": 0}