{"c1": 0.03729319167849258, "c2": 0.4042581251531343, "ch1": -0.412730545615472, "ch2": 0.0668487728823382, "di": 0.8067243757114264, "dj": 1.1413107742066677, "dk": 0.017671176269075935, "vw_i": 0.6856685913463598, "vw_j": 3.092145277929394, "kt": 12.469432158478352, "train_sc_a": [8.027211528273993], "train_sc_v": [0.03199133199570431], "val_sc_a": 0, "val_sc_v": 0, "total_sc_a": 0, "total_sc_v": 0}