{"c1": 0.019992046641360665, "c2": 0.12341094653885072, "ch1": 0.0027259915090535615, "ch2": 0.0934597599845778, "di": 1.7086890570536997, "dj": 2.231750212905766, "dk": 0.44324444806450436, "vw_i": -1.1057934973796493, "vw_j": -0.4425131152513029, "kt": 8.777689942066393, "train_sc_a": [0.4217083013955684], "train_sc_v": [0.006031767196434111], "val_sc_a": 0, "val_sc_v": 0, "total_sc_a": 0, "total_sc_v": 0}