{"c1": 0.020038123674996883, "c2": 0.10894402232516064, "ch1": 0.0015707557142749435, "ch2": 0.09272180148528168, "di": 2.115014076865599, "dj": 1.0262183122749813, "dk": 0.6400734899931154, "vw_i": -1.483375813302065, "vw_j": -0.37663761069258256, "kt": 8.977975158301902, "train_sc_a": [0.5855020195748386], "train_sc_v": [0.007707596952379148], "val_sc_a": 0, "val_sc_v": 0, "total_sc_a": 0, "total_sc_v": 0}