{"c1": 0.033261896646973904, "c2": 0.3176434038746456, "ch1": -0.0015106873334849765, "ch2": 0.09675322057229636, "di": 2.210756511341576, "dj": 2.7543667136521335, "dk": 0.0, "vw_i": -0.4771377460300174, "vw_j": -0.1463039399580276, "kt": 8.917456836033995, "train_sc_a": [0.5440273905745804], "train_sc_v": [0.00986775091413026], "val_sc_a": 0, "val_sc_v": 0, "total_sc_a": 0, "total_sc_v": 0}