{"c1": 0.025910314354409516, "c2": 0.23855846207971326, "ch1": -0.4645030251639036, "ch2": 0.059009275795053495, "di": 1.7688213526650767, "dj": 0.37701135196734953, "dk": 1.2195822298124992, "vw_i": -0.07631975818751996, "vw_j": 0.45102098346566033, "kt": 13.139929960270786, "train_sc_a": [8.432003371796016], "train_sc_v": [0.03475404006481525], "val_sc_a": 0, "val_sc_v": 0, "total_sc_a": 0, "total_sc_v": 0}