{"c1": 0.03336610780707855, "c2": 0.2866747058186871, "ch1": -0.006013151862848509, "ch2": 0.09660449499217315, "di": 2.1129481481789623, "dj": 1.9803339011996015, "dk": 0.0, "vw_i": -1.4980983550711442, "vw_j": -0.4004314730693779, "kt": 8.927470444826897, "train_sc_a": [1.0649310859128984], "train_sc_v": [0.005323155512173188], "val_sc_a": 0, "val_sc_v": 0, "total_sc_a": 0, "total_sc_v": 0}