{"c1": 0.02123665608164898, "c2": 0.22752278323740907, "ch1": 0.09727111032235376, "ch2": 0.1012537629227577, "di": 5.1499054268571856, "dj": 1.5640235753405662, "dk": 7.798455712927306, "vw_i": -2.5216489799341857, "vw_j": 0.9405823489609118, "kt": 11.449205424614206, "train_sc_a": [6.7294095206416324], "train_sc_v": [0.02476444842905364], "val_sc_a": 0, "val_sc_v": 0, "total_sc_a": 0, "total_sc_v": 0}