{"c1": 0.03921453597144539, "c2": 0.3879902649415994, "ch1": 0.0031605723076151932, "ch2": 0.09700564422502617, "di": 4.167950207830242, "dj": 2.592917296589333, "dk": 0.0, "vw_i": -0.9246526153395862, "vw_j": -0.3958403447200812, "kt": 9.414096491987287, "train_sc_a": [0.8854042254319943], "train_sc_v": [0.0072561165530176655], "val_sc_a": 0, "val_sc_v": 0, "total_sc_a": 0, "total_sc_v": 0}