{"c1": 0.03182885486892592, "c2": 0.4472598396034686, "ch1": 0.061070887143966024, "ch2": 0.10146480348998525, "di": 2.3477461526436807, "dj": 8.238215789137005, "dk": 0.0, "vw_i": -2.4893484865377236, "vw_j": -0.4640533765466768, "kt": 11.31910788090989, "train_sc_a": [4.278838517304064], "train_sc_v": [0.01780506877870919], "val_sc_a": 0, "val_sc_v": 0, "total_sc_a": 0, "total_sc_v": 0}