{"c1": 0.04584850044501668, "c2": 0.4986438263515597, "ch1": 0.002257062854372255, "ch2": 0.10501666239911417, "di": 2.2608055473618576, "dj": 2.7085427991497197, "dk": 0.00025347292208852736, "vw_i": -0.49658190424275434, "vw_j": -0.25461342443179186, "kt": 9.971256609304637, "train_sc_a": [0.31149781220273454], "train_sc_v": [0.004422404653110391], "val_sc_a": 0, "val_sc_v": 0, "total_sc_a": 0, "total_sc_v": 0}