{"c1": 0.02829250997379168, "c2": 0.2334689144255016, "ch1": -0.0027240661329613145, "ch2": 0.09387386771948794, "di": 3.4651657064907795, "dj": 2.9201679677700807, "dk": 0.20378445709800802, "vw_i": -1.0540655055804855, "vw_j": -0.46604558674339114, "kt": 12.435424470712924, "train_sc_a": [0.3253934744920298], "train_sc_v": [0.005533349387456427], "val_sc_a": 0, "val_sc_v": 0, "total_sc_a": 0, "total_sc_v": 0}