{"c1": 0.027503834495041585, "c2": 0.22660981531609023, "ch1": 0.014212886487761867, "ch2": 0.09468309772769054, "di": 1.0496769871871177, "dj": 0.6676799413513942, "dk": 0.3049680949440818, "vw_i": -1.6287818863779744, "vw_j": -0.6212286896517416, "kt": 13.152472628849235, "train_sc_a": [0.6513907058796647], "train_sc_v": [0.010686679942029336], "val_sc_a": 0, "val_sc_v": 0, "total_sc_a": 0, "total_sc_v": 0}