{"c1": 0.02744236606083398, "c2": 0.24358765056923662, "ch1": 0.009356954463857977, "ch2": 0.0948174831715579, "di": 5.042400459876591, "dj": 1.2278467193110052, "dk": 0.03316308714204523, "vw_i": -0.858962636300345, "vw_j": -0.4113130034499669, "kt": 11.451749630859887, "train_sc_a": [0.304596449955382], "train_sc_v": [0.001104160358423015], "val_sc_a": 0, "val_sc_v": 0, "total_sc_a": 0, "total_sc_v": 0}