{"c1": 0.05158675416382162, "c2": 0.5348888724737786, "ch1": -0.03576526811782734, "ch2": 0.10463793049392789, "di": 2.712871983290477, "dj": 4.080505489337398, "dk": 0.0, "vw_i": -1.105748681067989, "vw_j": -0.08657894221897992, "kt": 9.787587156232021, "train_sc_a": [1.5905162823756935], "train_sc_v": [0.015684660552655053], "val_sc_a": 0, "val_sc_v": 0, "total_sc_a": 0, "total_sc_v": 0}