{"c1": 0.044720801732232085, "c2": 0.46353119442702345, "ch1": -0.09619074450528188, "ch2": 0.09540446351745269, "di": 17.59922218156155, "dj": 21.16521915031226, "dk": 0.0, "vw_i": -0.7195852841444461, "vw_j": -0.43094762839057454, "kt": 12.99726910780466, "train_sc_a": [0.6921327203540133], "train_sc_v": [0.006104712971424056], "val_sc_a": 0, "val_sc_v": 0, "total_sc_a": 0, "total_sc_v": 0}