{"c1": 0.035388942002800176, "c2": 0.1875578955561566, "ch1": 0.1138665141946595, "ch2": 0.10218346559204199, "di": 5.021118481818227, "dj": 3.6923115355179266, "dk": 1.678986761828125, "vw_i": -1.4611619710372725, "vw_j": -0.9230039757733641, "kt": 11.651368983548853, "train_sc_a": [6.094779631673195], "train_sc_v": [0.02382281786659372], "val_sc_a": 0, "val_sc_v": 0, "total_sc_a": 0, "total_sc_v": 0}