{"c1": 0.04754985384238033, "c2": 0.4414802453922997, "ch1": -0.01907978848083831, "ch2": 0.10198858740325809, "di": 18.674914408101912, "dj": 10.202500170385537, "dk": 0.0, "vw_i": -0.6063067643070024, "vw_j": -0.1224228146960362, "kt": 12.714980449307614, "train_sc_a": [0.41697954339048815], "train_sc_v": [0.004261656973982737], "val_sc_a": 0, "val_sc_v": 0, "total_sc_a": 0, "total_sc_v": 0}