{"c1": 0.05146668669465641, "c2": 0.5359077157012707, "ch1": -0.002450273136046673, "ch2": 0.10736071826200268, "di": 3.7621453732421686, "dj": 3.572557708937841, "dk": 0.0, "vw_i": -1.5282854347046695, "vw_j": -0.25548050394861677, "kt": 9.840742554103224, "train_sc_a": [0.38691564239467036], "train_sc_v": [0.006318385087852833], "val_sc_a": 0, "val_sc_v": 0, "total_sc_a": 0, "total_sc_v": 0}