{"c1": 0.027914623344477075, "c2": 0.2084385600413611, "ch1": -0.0091896050131321, "ch2": 0.09250113634887708, "di": 1.5642927985971382, "dj": 1.0013432545321599, "dk": 0.4199265924769059, "vw_i": -0.4376834905344793, "vw_j": -0.14709158809036058, "kt": 12.925718465491896, "train_sc_a": [1.6843773703008305], "train_sc_v": [0.012870923534433676], "val_sc_a": 0, "val_sc_v": 0, "total_sc_a": 0, "total_sc_v": 0}