{"c1": 0.031172586270744655, "c2": 0.26895419732569775, "ch1": -0.04701138905840464, "ch2": 0.09199085621330792, "di": 4.5453709815293655, "dj": 2.125584758885975, "dk": 0.0, "vw_i": -1.9301187394030777, "vw_j": -0.7644844181880838, "kt": 6.584410562744882, "train_sc_a": [3.6121657547548023], "train_sc_v": [0.018919546340413824], "val_sc_a": 0, "val_sc_v": 0, "total_sc_a": 0, "total_sc_v": 0}