{"c1": 0.031605914819548074, "c2": 0.2846839783429088, "ch1": 0.4079112952036258, "ch2": 0.13050872558451537, "di": 2.4522258431453894, "dj": 27.409624343973228, "dk": 0.6946699749774766, "vw_i": 0.2253308127904579, "vw_j": 0.15460087346526152, "kt": 7.302209951629643, "train_sc_a": [22.648603204614492], "train_sc_v": [0.08493353453984652], "val_sc_a": 0, "val_sc_v": 0, "total_sc_a": 0, "total_sc_v": 0}