{"c1": 0.04751429892396573, "c2": 0.44034728079919194, "ch1": 0.021466228028586897, "ch2": 0.10522559662232604, "di": 18.386422896445293, "dj": 10.856949216982068, "dk": 0.0, "vw_i": -1.9103637509124958, "vw_j": -1.5695635709955125, "kt": 11.241759357759832, "train_sc_a": [1.8269016244694152], "train_sc_v": [0.008798630169406619], "val_sc_a": 0, "val_sc_v": 0, "total_sc_a": 0, "total_sc_v": 0}