{"c1": 0.03176068855386917, "c2": 0.2429101202082944, "ch1": -0.018443957630083045, "ch2": 0.09444414467306388, "di": 5.356635022650784, "dj": 2.9046230774011716, "dk": 0.15170914319138376, "vw_i": -1.9723020533074371, "vw_j": -0.7325933867258722, "kt": 6.8677497892869654, "train_sc_a": [0.2425525090800761], "train_sc_v": [0.0008076905216280184], "val_sc_a": 0, "val_sc_v": 0, "total_sc_a": 0, "total_sc_v": 0}