{"c1": 0.044246277329052335, "c2": 0.46745529839705074, "ch1": -0.07966643224757437, "ch2": 0.09751979654879128, "di": 13.234939904472096, "dj": 13.682260986713096, "dk": 0.20779289799907952, "vw_i": -1.0763300516505006, "vw_j": -0.336760412003937, "kt": 12.101921067835573, "train_sc_a": [0.7592626291424996], "train_sc_v": [0.005386011478178026], "val_sc_a": 0, "val_sc_v": 0, "total_sc_a": 0, "total_sc_v": 0}