{"c1": 0.045877401077976894, "c2": 0.499084160390263, "ch1": 0.0192632444335, "ch2": 0.10622044967849815, "di": 1.62751932248501, "dj": 2.593524592406595, "dk": 0.0, "vw_i": -1.1072065383332086, "vw_j": -0.5046780396893468, "kt": 9.863883954625491, "train_sc_a": [0.28959684858879414], "train_sc_v": [0.0013501775024999207], "val_sc_a": 0, "val_sc_v": 0, "total_sc_a": 0, "total_sc_v": 0}