{"c1": 0.03448071364457778, "c2": 0.44211364671035347, "ch1": 0.013105314843482346, "ch2": 0.09802338406143578, "di": 2.151279784550232, "dj": 0.6543865016490116, "dk": 0.0, "vw_i": -0.33361434284332525, "vw_j": -0.028621573862608433, "kt": 7.538989783058661, "train_sc_a": [2.238872101736888], "train_sc_v": [0.00982056281174178], "val_sc_a": 0, "val_sc_v": 0, "total_sc_a": 0, "total_sc_v": 0}