{"c1": 0.04767690416828316, "c2": 0.4718184664078794, "ch1": 0.01941528459887044, "ch2": 0.1050701237536804, "di": 2.098772466913697, "dj": 1.8404626613781359, "dk": 0.0, "vw_i": -0.9469203546357808, "vw_j": -0.1203070542876297, "kt": 8.356828765324433, "train_sc_a": [1.6396328173549173], "train_sc_v": [0.008158866604112743], "val_sc_a": 0, "val_sc_v": 0, "total_sc_a": 0, "total_sc_v": 0}