{"c1": 0.04532192696785885, "c2": 0.45933074724829237, "ch1": 0.13862751124368644, "ch2": 0.11468734900728408, "di": 6.300578373258742, "dj": 18.763656012312016, "dk": 0.0, "vw_i": -0.33068349375283557, "vw_j": -0.12489283094023924, "kt": 13.493403173678587, "train_sc_a": [1.281270848142961], "train_sc_v": [0.00533948787043028], "val_sc_a": 0, "val_sc_v": 0, "total_sc_a": 0, "total_sc_v": 0}