{"c1": 0.03952480312620913, "c2": 0.38356340375244663, "ch1": -0.014481809179584117, "ch2": 0.09606899215636254, "di": 3.7094240005789425, "dj": 4.411119410753148, "dk": 0.0, "vw_i": -1.4446888506406976, "vw_j": 0.09552387536527893, "kt": 11.678815687362835, "train_sc_a": [0.5508819250005674], "train_sc_v": [0.011232143439462116], "val_sc_a": 0, "val_sc_v": 0, "total_sc_a": 0, "total_sc_v": 0}