{"c1": 0.026495498396487526, "c2": 0.22098298678637415, "ch1": -0.0038661849135707646, "ch2": 0.09262977558925338, "di": 3.620460980674341, "dj": 5.015943052955418, "dk": 0.0, "vw_i": 0.19025981760334537, "vw_j": -0.04711226429302191, "kt": 13.025873373032862, "train_sc_a": [0.8126104813361642], "train_sc_v": [0.005630635472095841], "val_sc_a": 0, "val_sc_v": 0, "total_sc_a": 0, "total_sc_v": 0}