{"c1": 0.04372384833154267, "c2": 0.42758155192882175, "ch1": -0.008059896530744747, "ch2": 0.09737283297065448, "di": 8.977588947913548, "dj": 4.728284834036854, "dk": 0.0, "vw_i": 0.22646808724439485, "vw_j": -0.9565410928928852, "kt": 11.146393617282742, "train_sc_a": [0.43886572239655486], "train_sc_v": [0.00530984760132225], "val_sc_a": 0, "val_sc_v": 0, "total_sc_a": 0, "total_sc_v": 0}