{"c1": 0.04055135689593964, "c2": 0.3779686679014588, "ch1": 0.010759452599409967, "ch2": 0.09757659071262531, "di": 3.7599621624597637, "dj": 4.654179192710545, "dk": 0.0, "vw_i": -0.5214803233687726, "vw_j": -0.4853329191365755, "kt": 9.337147974337343, "train_sc_a": [1.4100464112712037], "train_sc_v": [0.007319763938191605], "val_sc_a": 0, "val_sc_v": 0, "total_sc_a": 0, "total_sc_v": 0}