{"c1": 0.02763138029588768, "c2": 0.22112869089854864, "ch1": 0.007891650149102017, "ch2": 0.09415362080159481, "di": 0.8116441502696463, "dj": 0.5527906192287078, "dk": 0.0, "vw_i": -1.318752151800463, "vw_j": -0.23429676145242037, "kt": 13.076196967164048, "train_sc_a": [0.42805797849832555], "train_sc_v": [0.007245372154952333], "val_sc_a": 0, "val_sc_v": 0, "total_sc_a": 0, "total_sc_v": 0}