{"c1": 0.04724817143408139, "c2": 0.49507574013669625, "ch1": 0.00037470244747318305, "ch2": 0.10501645908765829, "di": 1.467168064641477, "dj": 2.346025050940639, "dk": 0.0, "vw_i": -0.5993876685184237, "vw_j": -0.8240214786845279, "kt": 9.999728161782786, "train_sc_a": [0.441859707166424], "train_sc_v": [0.005617111214437582], "val_sc_a": 0, "val_sc_v": 0, "total_sc_a": 0, "total_sc_v": 0}