{"c1": 0.05482087288391556, "c2": 0.5825785567282963, "ch1": 0.011960775577668347, "ch2": 0.11020066398830233, "di": 0.9655043961556956, "dj": 3.7136178245293623, "dk": 0.0, "vw_i": -1.249373874145511, "vw_j": -0.022514891991665537, "kt": 8.592374853999395, "train_sc_a": [0.36601106545454065], "train_sc_v": [0.0063133881052776135], "val_sc_a": 0, "val_sc_v": 0, "total_sc_a": 0, "total_sc_v": 0}