{"c1": 0.0385785662285004, "c2": 0.3751512436421982, "ch1": -0.02025516030753763, "ch2": 0.09560155528319969, "di": 3.094958844176698, "dj": 2.33847141553016, "dk": 0.0, "vw_i": -0.7987802144798074, "vw_j": -0.41708221847221066, "kt": 12.625824426499301, "train_sc_a": [1.4284525181729513], "train_sc_v": [0.008657583430278849], "val_sc_a": 0, "val_sc_v": 0, "total_sc_a": 0, "total_sc_v": 0}