{"c1": 0.05535313233617698, "c2": 0.5260145365090886, "ch1": 0.024672917809967807, "ch2": 0.1097550708240577, "di": 6.923140946930982, "dj": 7.355310193519593, "dk": 1.7073403339357376, "vw_i": 0.952920216650611, "vw_j": 0.5592012110346769, "kt": 8.839837935692692, "train_sc_a": [1.4844885873123639], "train_sc_v": [0.010608358847744775], "val_sc_a": 0, "val_sc_v": 0, "total_sc_a": 0, "total_sc_v": 0}