{"c1": 0.04666740282623911, "c2": 0.4484411843239469, "ch1": -0.07894810091382282, "ch2": 0.09730931698500911, "di": 17.865201950715385, "dj": 10.08976256633838, "dk": 0.0, "vw_i": -1.3391336958880795, "vw_j": -0.055900222895599386, "kt": 12.23045503476079, "train_sc_a": [2.0972587470029054], "train_sc_v": [0.009799637597094886], "val_sc_a": 0, "val_sc_v": 0, "total_sc_a": 0, "total_sc_v": 0}