{"c1": 0.02852314537890989, "c2": 0.2432484578702975, "ch1": 0.0027847634047231326, "ch2": 0.09675885029693337, "di": 1.4330196925796914, "dj": 1.782439973559029, "dk": 0.21644880930079646, "vw_i": -1.0751268603422524, "vw_j": -0.24468961124565594, "kt": 10.771320916583159, "train_sc_a": [0.4701735276684739], "train_sc_v": [0.004864237541413737], "val_sc_a": 0, "val_sc_v": 0, "total_sc_a": 0, "total_sc_v": 0}