{"c1": 0.053767697749888245, "c2": 0.5181531061300935, "ch1": 0.0017201453330296039, "ch2": 0.10749268981478528, "di": 2.4561442505007287, "dj": 3.837293402609875, "dk": 0.0, "vw_i": -1.1759644066089971, "vw_j": -0.22005927025077202, "kt": 8.764547289499887, "train_sc_a": [0.4063334053720771], "train_sc_v": [0.004124967847810588], "val_sc_a": 0, "val_sc_v": 0, "total_sc_a": 0, "total_sc_v": 0}