{"c1": 0.024790575178142784, "c2": 0.20542121308207448, "ch1": -0.019772948518551166, "ch2": 0.09222654693322514, "di": 5.10268548452631, "dj": 6.333142211444548, "dk": 2.6035064353942134, "vw_i": -0.6933868825969208, "vw_j": -0.30108282055155605, "kt": 12.36903618863904, "train_sc_a": [0.39957102607072975], "train_sc_v": [0.007868747975956325], "val_sc_a": 0, "val_sc_v": 0, "total_sc_a": 0, "total_sc_v": 0}