{"c1": 0.04768047455237023, "c2": 0.4752143160293916, "ch1": 0.011337462854144815, "ch2": 0.10563193446908267, "di": 1.6914840818323749, "dj": 2.2930062754606215, "dk": 0.0, "vw_i": -0.8682070142175231, "vw_j": -0.27224365401414474, "kt": 9.871599637295834, "train_sc_a": [1.2385506395131014], "train_sc_v": [0.004836976559075068], "val_sc_a": 0, "val_sc_v": 0, "total_sc_a": 0, "total_sc_v": 0}