{"c1": 0.028407289366698646, "c2": 0.23022764794417994, "ch1": -0.04364537770911283, "ch2": 0.09060562179321148, "di": 2.619282375564222, "dj": 3.2331000820387223, "dk": 0.0, "vw_i": -1.5170442982342836, "vw_j": -0.9390407452748722, "kt": 12.593919357452474, "train_sc_a": [0.4203280047181356], "train_sc_v": [0.00836733590889152], "val_sc_a": 0, "val_sc_v": 0, "total_sc_a": 0, "total_sc_v": 0}