{"c1": 0.03259402007792843, "c2": 0.27779895870188903, "ch1": 0.020120642274692516, "ch2": 0.09949734280245558, "di": 1.815172075008537, "dj": 2.1869083981803827, "dk": 0.06962798137347015, "vw_i": -0.2503094222093373, "vw_j": 0.00919249414162538, "kt": 7.5789894061139575, "train_sc_a": [0.3050335857369406], "train_sc_v": [0.0029931886481992594], "val_sc_a": 0, "val_sc_v": 0, "total_sc_a": 0, "total_sc_v": 0}