{"c1": 0.027799400592708905, "c2": 0.2411224859319012, "ch1": -0.005112502683626443, "ch2": 0.09383123109088037, "di": 5.310590686496876, "dj": 1.865986718326173, "dk": 0.03588941170831984, "vw_i": -1.1083326308798942, "vw_j": -0.002385033372336947, "kt": 11.532230275838742, "train_sc_a": [0.7627284424107725], "train_sc_v": [0.015228103021781198], "val_sc_a": 0, "val_sc_v": 0, "total_sc_a": 0, "total_sc_v": 0}