{"c1": 0.028663720850995666, "c2": 0.24174374353416428, "ch1": -0.48446011379204423, "ch2": 0.059057317694057775, "di": 1.245129173736261, "dj": 1.871688772709695, "dk": 0.0, "vw_i": -2.7648236912285213, "vw_j": -0.580286683490749, "kt": 10.580791609252074, "train_sc_a": [18.124451508565105], "train_sc_v": [0.07887871574404315], "val_sc_a": 0, "val_sc_v": 0, "total_sc_a": 0, "total_sc_v": 0}