{"c1": 0.047668028556526236, "c2": 0.47204596768834844, "ch1": 0.020092593590887855, "ch2": 0.10512075112014632, "di": 2.060859827192367, "dj": 1.9173882856015547, "dk": 0.0, "vw_i": -0.9129404375109135, "vw_j": -0.11166942246996465, "kt": 8.764593925761385, "train_sc_a": [0.6794812654389412], "train_sc_v": [0.0037112552544756347], "val_sc_a": 0, "val_sc_v": 0, "total_sc_a": 0, "total_sc_v": 0}