{"c1": 0.037801044072978386, "c2": 0.40952329009516153, "ch1": -0.38445211144324065, "ch2": 0.06875412082515578, "di": 0.0, "dj": 3.0474951177736154, "dk": 0.0, "vw_i": -3.131616220476383, "vw_j": -1.1563486351359358, "kt": 12.381217015508566, "train_sc_a": [9.743067123824288], "train_sc_v": [0.038495817551560535], "val_sc_a": 0, "val_sc_v": 0, "total_sc_a": 0, "total_sc_v": 0}