{"c1": 0.0214810704083146, "c2": 0.16156822103732416, "ch1": 0.00913654209596243, "ch2": 0.09426396836469342, "di": 1.033308804680861, "dj": 0.1787128106845832, "dk": 5.641665579742555, "vw_i": -2.0748475543518747, "vw_j": 0.1659455958568467, "kt": 10.933360416352137, "train_sc_a": [0.3950049166507618], "train_sc_v": [0.004256471308050071], "val_sc_a": 0, "val_sc_v": 0, "total_sc_a": 0, "total_sc_v": 0}