{"c1": 0.05378272810236661, "c2": 0.5952096014233035, "ch1": -0.02155682390015654, "ch2": 0.1079768952692215, "di": 4.174982490398563, "dj": 6.466779909276441, "dk": 0.9826394520161801, "vw_i": -0.3619326979367368, "vw_j": -0.04314532264352278, "kt": 8.978376059986754, "train_sc_a": [0.4883173327994113], "train_sc_v": [0.0031520954331336623], "val_sc_a": 0, "val_sc_v": 0, "total_sc_a": 0, "total_sc_v": 0}