{"c1": 0.022292823327943048, "c2": 0.13077281751774947, "ch1": -0.007929995358903623, "ch2": 0.09281031642903029, "di": 2.317036802448265, "dj": 1.1099624594963449, "dk": 0.35126184689997236, "vw_i": -1.0194992205945237, "vw_j": -0.140925967248415, "kt": 11.032985155302772, "train_sc_a": [0.7278113582305226], "train_sc_v": [0.015682760774737358], "val_sc_a": 0, "val_sc_v": 0, "total_sc_a": 0, "total_sc_v": 0}