{"c1": 0.02909104098022676, "c2": 0.24643213662279098, "ch1": -0.0055815431738444835, "ch2": 0.09630421437367474, "di": 3.044128243763623, "dj": 2.2364306399270473, "dk": 1.0781696595478458, "vw_i": -2.0271412678335596, "vw_j": -0.18197076360629474, "kt": 6.305385188532505, "train_sc_a": [0.24130646731508687], "train_sc_v": [0.0006255767785893245], "val_sc_a": 0, "val_sc_v": 0, "total_sc_a": 0, "total_sc_v": 0}