{"c1": 0.05328798346286757, "c2": 0.5938862617672042, "ch1": -0.4044974452354678, "ch2": 0.07953785243973044, "di": 1.1916111809387464, "dj": 3.6795012757284598, "dk": 0.0, "vw_i": -5.476176132548115, "vw_j": -2.9279906375835814, "kt": 9.4616247052055, "train_sc_a": [14.123997537040749], "train_sc_v": [0.06521373292670632], "val_sc_a": 0, "val_sc_v": 0, "total_sc_a": 0, "total_sc_v": 0}