{"c1": 0.058803886911516945, "c2": 0.4805231993669228, "ch1": -0.04253593729369968, "ch2": 0.10407213237714237, "di": 2.1403226922923997, "dj": 3.698901301800099, "dk": 0.0, "vw_i": -0.770876996547315, "vw_j": -0.19692750027206668, "kt": 9.191229900188436, "train_sc_a": [3.036305742904725], "train_sc_v": [0.015515947733586605], "val_sc_a": 0, "val_sc_v": 0, "total_sc_a": 0, "total_sc_v": 0}