{"c1": 0.024208514648677033, "c2": 0.18256531398084538, "ch1": -0.01247592734241568, "ch2": 0.09225406828522348, "di": 4.721211534948778, "dj": 2.7030654583214297, "dk": 0.0, "vw_i": -2.040455249820093, "vw_j": -0.749116477832207, "kt": 12.648373686455042, "train_sc_a": [0.4938719798145918], "train_sc_v": [0.004866364675991421], "val_sc_a": 0, "val_sc_v": 0, "total_sc_a": 0, "total_sc_v": 0}