{"c1": 0.026279230757054527, "c2": 0.052185379584479455, "ch1": 0.11336696307937491, "ch2": 0.1023281950871275, "di": 0.3378210168128094, "dj": 5.82943122149967, "dk": 0.6555077257320638, "vw_i": -4.088372774716845, "vw_j": -2.6603704722593156, "kt": 16.247980105425324, "train_sc_a": [10.854499606310156], "train_sc_v": [0.04469211041826594], "val_sc_a": 0, "val_sc_v": 0, "total_sc_a": 0, "total_sc_v": 0}