{"c1": 0.02738497939201629, "c2": 0.21327959973716762, "ch1": -0.035230579286853136, "ch2": 0.09138557557672533, "di": 3.450981822426704, "dj": 4.52022527002441, "dk": 0.05504946629425332, "vw_i": -0.06298750606561761, "vw_j": -0.0706955781147788, "kt": 12.919650905449284, "train_sc_a": [0.5982024089303204], "train_sc_v": [0.011290724003133738], "val_sc_a": 0, "val_sc_v": 0, "total_sc_a": 0, "total_sc_v": 0}