{"c1": 0.04588024461283428, "c2": 0.5048532248126606, "ch1": 0.0069878238289842135, "ch2": 0.10543403984252187, "di": 1.6270280225239349, "dj": 1.985308771337744, "dk": 0.0, "vw_i": -1.5464279492867796, "vw_j": 0.13798454838322902, "kt": 9.889336082369676, "train_sc_a": [0.39291592462725733], "train_sc_v": [0.007849854927663847], "val_sc_a": 0, "val_sc_v": 0, "total_sc_a": 0, "total_sc_v": 0}