{"c1": 0.01836031171929813, "c2": 0.11205142000279172, "ch1": -0.0013145056247371779, "ch2": 0.09293144474384814, "di": 1.966810668286175, "dj": 0.9797173067629558, "dk": 0.19219826232673554, "vw_i": -1.8434220828949035, "vw_j": -0.8105600723282878, "kt": 8.39483358611496, "train_sc_a": [0.3374461252926893], "train_sc_v": [0.0036612993739589955], "val_sc_a": 0, "val_sc_v": 0, "total_sc_a": 0, "total_sc_v": 0}