{"c1": 0.04491861085135496, "c2": 0.4597150450473098, "ch1": 0.43249663237154146, "ch2": 0.1355046337795681, "di": 1.4895331125387725, "dj": 16.42324259827894, "dk": 0.0, "vw_i": 1.1307430144861021, "vw_j": 0.14517613174352356, "kt": 11.21927463309082, "train_sc_a": [3.5892847165206785], "train_sc_v": [0.015073557815816955], "val_sc_a": 0, "val_sc_v": 0, "total_sc_a": 0, "total_sc_v": 0}