{"c1": 0.027839802397621193, "c2": 0.2347618883974834, "ch1": -0.016938153564502196, "ch2": 0.09260457874655098, "di": 4.700487586761288, "dj": 2.94119514116157, "dk": 0.0, "vw_i": -1.4509424167763179, "vw_j": -0.9257084058793753, "kt": 12.573972815531743, "train_sc_a": [0.49503423617688974], "train_sc_v": [0.007545343582579566], "val_sc_a": 0, "val_sc_v": 0, "total_sc_a": 0, "total_sc_v": 0}