{"c1": 0.020156755698272136, "c2": 0.113153817638571, "ch1": -0.503869623754829, "ch2": 0.04774738614972328, "di": 3.324528542652278, "dj": 1.3428617135356289, "dk": 0.2539541089812679, "vw_i": -1.2566347266448021, "vw_j": -0.8990042723385666, "kt": 8.915553232070964, "train_sc_a": [64.95264671813503], "train_sc_v": [0.263747547063214], "val_sc_a": 0, "val_sc_v": 0, "total_sc_a": 0, "total_sc_v": 0}