{"c1": 0.04249522589503514, "c2": 0.4362987021310133, "ch1": -0.04448847815295591, "ch2": 0.09464042872877386, "di": 6.336124458903961, "dj": 6.068567769888874, "dk": 0.0, "vw_i": 1.43706264619997, "vw_j": 0.08403889134335818, "kt": 10.057534736012009, "train_sc_a": [1.1155846665013802], "train_sc_v": [0.013405435955124166], "val_sc_a": 0, "val_sc_v": 0, "total_sc_a": 0, "total_sc_v": 0}