{"c1": 0.021858616483339893, "c2": 0.1589311681558406, "ch1": 0.00751382759936119, "ch2": 0.09415109718058634, "di": 1.2911357632832272, "dj": 0.4284978783797966, "dk": 2.9871569204137063, "vw_i": -1.5840416268414277, "vw_j": 0.07961084289683089, "kt": 10.978368061138752, "train_sc_a": [0.7872015997916719], "train_sc_v": [0.009869421024982344], "val_sc_a": 0, "val_sc_v": 0, "total_sc_a": 0, "total_sc_v": 0}