{"c1": 0.04754092514777858, "c2": 0.4411699671141278, "ch1": -0.008734003256792962, "ch2": 0.1028122065157835, "di": 18.593620774189354, "dj": 10.363298705255193, "dk": 0.0, "vw_i": -0.939784581913961, "vw_j": -0.5508765379542238, "kt": 12.31500768845126, "train_sc_a": [0.39594098766321645], "train_sc_v": [0.004307530082588968], "val_sc_a": 0, "val_sc_v": 0, "total_sc_a": 0, "total_sc_v": 0}