{"c1": 0.05435850143682562, "c2": 0.5858729470540629, "ch1": -0.002805420280499029, "ch2": 0.10846773587429048, "di": 5.966807840873811, "dj": 7.6766116118667584, "dk": 0.0, "vw_i": -0.3685053958095907, "vw_j": -0.08528448979866889, "kt": 8.37477950553161, "train_sc_a": [0.7912181849536677], "train_sc_v": [0.0050737177652788144], "val_sc_a": 0, "val_sc_v": 0, "total_sc_a": 0, "total_sc_v": 0}