{"c1": 0.02808720889204329, "c2": 0.21300340509767374, "ch1": 0.01528785337070204, "ch2": 0.09461554846500432, "di": 1.1719195169805698, "dj": 0.799873634889416, "dk": 2.5211384744108565, "vw_i": -0.7874988391682208, "vw_j": -0.31141016182740133, "kt": 12.918741711425097, "train_sc_a": [0.4502621047704311], "train_sc_v": [0.006905122836096381], "val_sc_a": 0, "val_sc_v": 0, "total_sc_a": 0, "total_sc_v": 0}