{"c1": 0.04496884450346371, "c2": 0.4603584019384343, "ch1": -0.011837473322490187, "ch2": 0.10365280102319434, "di": 2.4488994264868063, "dj": 4.498934975240988, "dk": 0.37636959006298976, "vw_i": -0.03477401103994654, "vw_j": 0.1624784385476724, "kt": 10.443595839653055, "train_sc_a": [0.5428672143956365], "train_sc_v": [0.0026705723891542496], "val_sc_a": 0, "val_sc_v": 0, "total_sc_a": 0, "total_sc_v": 0}