{"c1": 0.0423161635125065, "c2": 0.42485394347999617, "ch1": 0.0074738785293902805, "ch2": 0.09754242506147587, "di": 4.296595472738781, "dj": 0.48031603183843813, "dk": 0.023173579095931617, "vw_i": -0.562233648214079, "vw_j": -0.6322866826920297, "kt": 11.165552990051857, "train_sc_a": [0.5352994467114809], "train_sc_v": [0.008390224149767346], "val_sc_a": 0, "val_sc_v": 0, "total_sc_a": 0, "total_sc_v": 0}