{"c1": 0.02741268442271695, "c2": 0.24365393142334302, "ch1": -0.47870931740679235, "ch2": 0.05842320070263259, "di": 5.167867961546622, "dj": 2.6087292440010494, "dk": 0.6607134822857312, "vw_i": 1.677559854991944, "vw_j": 0.4564832480938317, "kt": 11.562691090762875, "train_sc_a": [10.581362183952853], "train_sc_v": [0.04380060990926831], "val_sc_a": 0, "val_sc_v": 0, "total_sc_a": 0, "total_sc_v": 0}