{"c1": 0.024247069003117797, "c2": 0.17811127390912182, "ch1": -0.009340815168722016, "ch2": 0.09243511123736223, "di": 3.726059280093214, "dj": 2.065427902940895, "dk": 0.0, "vw_i": -2.3203861916445563, "vw_j": -0.8552503886326721, "kt": 12.424802283937213, "train_sc_a": [0.23637764466405237], "train_sc_v": [0.0008275084433956376], "val_sc_a": 0, "val_sc_v": 0, "total_sc_a": 0, "total_sc_v": 0}