{"c1": 0.02909343788870995, "c2": 0.24641132412539724, "ch1": -0.006485730850666507, "ch2": 0.09624033809805567, "di": 3.1853552389356783, "dj": 2.067739186206117, "dk": 1.0419391981254296, "vw_i": -2.0391918812102676, "vw_j": -0.13831432660230747, "kt": 6.316060479365718, "train_sc_a": [0.24204088547640548], "train_sc_v": [0.0006152336826872486], "val_sc_a": 0, "val_sc_v": 0, "total_sc_a": 0, "total_sc_v": 0}