{"c1": 0.04607240280870678, "c2": 0.4993251412685726, "ch1": -0.42695065570597396, "ch2": 0.07116455481284067, "di": 2.0281411342936417, "dj": 1.7785243939099378, "dk": 0.0, "vw_i": 1.3139503321109913, "vw_j": 2.0222335615607263, "kt": 8.223373787509615, "train_sc_a": [2.6676617812465495], "train_sc_v": [0.01074069559859599], "val_sc_a": 0, "val_sc_v": 0, "total_sc_a": 0, "total_sc_v": 0}