{"c1": 0.047541939418888825, "c2": 0.44118092205627857, "ch1": -0.009754898451198844, "ch2": 0.10272876137379097, "di": 18.594514417763357, "dj": 10.341685941819836, "dk": 0.0, "vw_i": -0.9075576623522952, "vw_j": -0.5635314075829408, "kt": 12.332146435209184, "train_sc_a": [0.397074761980748], "train_sc_v": [0.004298746340151849], "val_sc_a": 0, "val_sc_v": 0, "total_sc_a": 0, "total_sc_v": 0}