{"c1": 0.019591958786111148, "c2": 0.1185840996378353, "ch1": -0.014353691591513526, "ch2": 0.09218234712503597, "di": 1.2158678967087515, "dj": 1.0122844472453079, "dk": 0.0, "vw_i": -1.618950010773007, "vw_j": -0.7699909878231342, "kt": 8.898721494122658, "train_sc_a": [0.6191539639785173], "train_sc_v": [0.003495161968496225], "val_sc_a": 0, "val_sc_v": 0, "total_sc_a": 0, "total_sc_v": 0}