{"c1": 0.024225902409327996, "c2": 0.22522266595675836, "ch1": -0.45221165474706015, "ch2": 0.0598414200916459, "di": 3.4120935323359878, "dj": 0.0, "dk": 6.437034893824428, "vw_i": 0.7680152085407671, "vw_j": -1.162910777377392, "kt": 13.895989091667657, "train_sc_a": [7.505246297608786], "train_sc_v": [0.03034706858592378], "val_sc_a": 0, "val_sc_v": 0, "total_sc_a": 0, "total_sc_v": 0}