{"c1": 0.018962026672613624, "c2": 0.11729889355632316, "ch1": -0.0016413709256689786, "ch2": 0.09245732884935311, "di": 2.4710867970882964, "dj": 0.9667844075064568, "dk": 2.662100122078756, "vw_i": -1.8635444528285758, "vw_j": -0.4351625308155521, "kt": 8.916837056195948, "train_sc_a": [0.6262459491408012], "train_sc_v": [0.00649376314381215], "val_sc_a": 0, "val_sc_v": 0, "total_sc_a": 0, "total_sc_v": 0}