{"c1": 0.03321487000379695, "c2": 0.3183526584844123, "ch1": 0.068408550535041, "ch2": 0.10196925685062533, "di": 3.691893883652378, "dj": 4.462101629839626, "dk": 0.18407599362218172, "vw_i": -0.13718750178521158, "vw_j": -0.7247151272668437, "kt": 9.578268987937086, "train_sc_a": [0.7669505555833507], "train_sc_v": [0.005398897356948372], "val_sc_a": 0, "val_sc_v": 0, "total_sc_a": 0, "total_sc_v": 0}