{"c1": 0.044489264962028624, "c2": 0.4652188241888, "ch1": -0.14757743816794205, "ch2": 0.09167471293445137, "di": 19.89641090522801, "dj": 19.166271332412446, "dk": 0.0, "vw_i": -0.5069808068847491, "vw_j": -0.13235791682144132, "kt": 12.97329487943225, "train_sc_a": [0.7864597479679228], "train_sc_v": [0.004042120396240005], "val_sc_a": 0, "val_sc_v": 0, "total_sc_a": 0, "total_sc_v": 0}