{"c1": 0.022006117524296327, "c2": 0.15760662044918072, "ch1": 0.0019300395681588777, "ch2": 0.0937614826065371, "di": 1.2767122963968818, "dj": 0.12853942979508848, "dk": 2.6202608204415725, "vw_i": -1.467433975371624, "vw_j": 0.07005904106983332, "kt": 10.989488399864227, "train_sc_a": [0.3931406847034472], "train_sc_v": [0.005745516274827236], "val_sc_a": 0, "val_sc_v": 0, "total_sc_a": 0, "total_sc_v": 0}