{"c1": 0.04649675233325876, "c2": 0.40444492970176765, "ch1": -0.12531205505065895, "ch2": 0.08764326900452997, "di": 4.920265669066006, "dj": 2.5340795862750354, "dk": 0.0, "vw_i": -0.6542796677929135, "vw_j": -0.15552637407143974, "kt": 10.448247456969632, "train_sc_a": [0.19952313191121582], "train_sc_v": [0.0024808916395582903], "val_sc_a": 0, "val_sc_v": 0, "total_sc_a": 0, "total_sc_v": 0}