{"c1": 0.05415064507677646, "c2": 0.6079478955089913, "ch1": 0.2617870360016487, "ch2": 0.12905790313003715, "di": 13.088692912060292, "dj": 9.848920324091836, "dk": 0.0, "vw_i": 0.5206667781191086, "vw_j": 0.05915170794484935, "kt": 7.981157282197795, "train_sc_a": [5.080977886783124], "train_sc_v": [0.023645447743871634], "val_sc_a": 0, "val_sc_v": 0, "total_sc_a": 0, "total_sc_v": 0}