{"c1": 0.027542820120567565, "c2": 0.22194167776980744, "ch1": 0.02255764193797513, "ch2": 0.0953802304850963, "di": 0.7689972289624658, "dj": 0.4609556586257468, "dk": 0.0, "vw_i": -1.207187876879611, "vw_j": -0.207928946382746, "kt": 13.094454637443365, "train_sc_a": [0.2682433005147431], "train_sc_v": [0.004119317419529262], "val_sc_a": 0, "val_sc_v": 0, "total_sc_a": 0, "total_sc_v": 0}