{"c1": 0.04168770107156537, "c2": 0.4425139749555658, "ch1": -0.0684047849422404, "ch2": 0.09314565443896317, "di": 6.431196577477678, "dj": 5.511335732909284, "dk": 0.25575669895876924, "vw_i": -0.274418057152685, "vw_j": 0.04539902175566737, "kt": 11.29712294820229, "train_sc_a": [0.8827959178568863], "train_sc_v": [0.005761696812760487], "val_sc_a": 0, "val_sc_v": 0, "total_sc_a": 0, "total_sc_v": 0}