{"c1": 0.0467266197587018, "c2": 0.482133358373566, "ch1": -0.06975192692143077, "ch2": 0.09867977057995889, "di": 2.1301604725383725, "dj": 4.320142224251167, "dk": 0.44517325470618013, "vw_i": -0.1026583866665115, "vw_j": -0.08082139228118214, "kt": 10.915253589320562, "train_sc_a": [0.7430950983655784], "train_sc_v": [0.00845036483221401], "val_sc_a": 0, "val_sc_v": 0, "total_sc_a": 0, "total_sc_v": 0}