{"c1": 0.041727141948110974, "c2": 0.4172441181443121, "ch1": -0.010273264098636048, "ch2": 0.09563901031781209, "di": 4.994476216488221, "dj": 8.15354577075571, "dk": 4.158938734018518, "vw_i": 0.6804356672253629, "vw_j": -1.1946441184348142, "kt": 10.516901699844807, "train_sc_a": [0.9756123968663818], "train_sc_v": [0.006992887749969157], "val_sc_a": 0, "val_sc_v": 0, "total_sc_a": 0, "total_sc_v": 0}