{"c1": 0.05142122472293112, "c2": 0.537861453739028, "ch1": -0.009412127126050029, "ch2": 0.10657656215992402, "di": 4.533891996256946, "dj": 2.5066423364913857, "dk": 0.27980272707285, "vw_i": -0.46705400722328194, "vw_j": -0.24404913707708303, "kt": 9.134565880824786, "train_sc_a": [0.7090673986399372], "train_sc_v": [0.010739633590612037], "val_sc_a": 0, "val_sc_v": 0, "total_sc_a": 0, "total_sc_v": 0}