{"c1": 0.03375110980922182, "c2": 0.29871547233440554, "ch1": -0.01047511236153456, "ch2": 0.09607116506768162, "di": 3.2028866143324826, "dj": 1.0642334585298412, "dk": 0.02957061913972832, "vw_i": -1.6971456005114538, "vw_j": -0.7447630814684223, "kt": 8.892394889381903, "train_sc_a": [0.43571202167086337], "train_sc_v": [0.005230014906347139], "val_sc_a": 0, "val_sc_v": 0, "total_sc_a": 0, "total_sc_v": 0}