{"c1": 0.05147995743849312, "c2": 0.5357763539590618, "ch1": 0.0039021147018144077, "ch2": 0.10792980978804613, "di": 2.6271720032931, "dj": 4.189102802341172, "dk": 0.0, "vw_i": -1.3613114672455604, "vw_j": -0.2735955061472871, "kt": 9.775927814778496, "train_sc_a": [2.547915854171857], "train_sc_v": [0.009664416972281377], "val_sc_a": 0, "val_sc_v": 0, "total_sc_a": 0, "total_sc_v": 0}