{"c1": 0.045529259975454255, "c2": 0.4531191001530265, "ch1": 0.011385634505501698, "ch2": 0.10595139980480625, "di": 4.6187165580463425, "dj": 0.9168715990455376, "dk": 0.0, "vw_i": 3.3672501028890887, "vw_j": 1.0196070510662183, "kt": 13.406682767860815, "train_sc_a": [1.4734878252617258], "train_sc_v": [0.005195214557718346], "val_sc_a": 0, "val_sc_v": 0, "total_sc_a": 0, "total_sc_v": 0}