{"c1": 0.03257439512217556, "c2": 0.29315118747958085, "ch1": -0.020097098494436975, "ch2": 0.09637295155368547, "di": 5.18922355149563, "dj": 4.278188870449874, "dk": 0.17910303602715885, "vw_i": -0.8841254653880725, "vw_j": 0.22598337976749966, "kt": 7.578944065604727, "train_sc_a": [0.4682157410301199], "train_sc_v": [0.007920148356086131], "val_sc_a": 0, "val_sc_v": 0, "total_sc_a": 0, "total_sc_v": 0}