{"c1": 0.05101315067074566, "c2": 0.6102162860684159, "ch1": -0.3697866871256848, "ch2": 0.08179981164042667, "di": 6.302868963208402, "dj": 5.478421306363095, "dk": 0.0, "vw_i": 3.532568435388794, "vw_j": 3.888920211495288, "kt": 7.746086519268314, "train_sc_a": [15.063365058247399], "train_sc_v": [0.0609044783272426], "val_sc_a": 0, "val_sc_v": 0, "total_sc_a": 0, "total_sc_v": 0}