{"c1": 0.0277691986362644, "c2": 0.24086038765333276, "ch1": 0.3948900215595436, "ch2": 0.1230322652860307, "di": 14.406256043342308, "dj": 22.86923061577167, "dk": 0.0, "vw_i": -1.6615624643712021, "vw_j": -1.2782410247189002, "kt": 12.551397234256626, "train_sc_a": [22.642122135306536], "train_sc_v": [0.09461218306710525], "val_sc_a": 0, "val_sc_v": 0, "total_sc_a": 0, "total_sc_v": 0}