{"c1": 0.027531533798394736, "c2": 0.22221789750311088, "ch1": 0.0067898057232682165, "ch2": 0.09421621983142106, "di": 0.7966037157544931, "dj": 0.11080604090588525, "dk": 0.2717559367020532, "vw_i": -1.4148421220202416, "vw_j": -0.17124549188915728, "kt": 13.143080408772198, "train_sc_a": [0.2766287140829348], "train_sc_v": [0.004218380442813259], "val_sc_a": 0, "val_sc_v": 0, "total_sc_a": 0, "total_sc_v": 0}