{"c1": 0.033551933124405985, "c2": 0.19084521185968503, "ch1": 0.22735105376305392, "ch2": 0.1114483630323578, "di": 4.291170312258387, "dj": 22.837781697091597, "dk": 0.0, "vw_i": 0.09545634063700514, "vw_j": 0.6008648929238578, "kt": 12.347413033667735, "train_sc_a": [9.245213638687543], "train_sc_v": [0.03484692369215939], "val_sc_a": 0, "val_sc_v": 0, "total_sc_a": 0, "total_sc_v": 0}