{"c1": 0.020905835564037273, "c2": 0.1344278346636432, "ch1": -0.0841630410044322, "ch2": 0.0884433764577944, "di": 2.2965128257723664, "dj": 0.2970910043647419, "dk": 5.00821531471091, "vw_i": 0.08957652837543378, "vw_j": -0.295417660228783, "kt": 8.909981069915874, "train_sc_a": [2.044757430100059], "train_sc_v": [0.008704457634242447], "val_sc_a": 0, "val_sc_v": 0, "total_sc_a": 0, "total_sc_v": 0}