{"c1": 0.046175540674959395, "c2": 0.3963226317909365, "ch1": -0.2200079391538354, "ch2": 0.08133563906804908, "di": 2.3027177957495013, "dj": 21.75910330350784, "dk": 0.05732083979962995, "vw_i": -4.430877287106615, "vw_j": 4.18177031108839, "kt": 11.548934980399991, "train_sc_a": [9.385079403654721], "train_sc_v": [0.04160136173289124], "val_sc_a": 0, "val_sc_v": 0, "total_sc_a": 0, "total_sc_v": 0}