{"c1": 0.02479440073855677, "c2": 0.20683941463859404, "ch1": -0.011488683905843797, "ch2": 0.09282551867894388, "di": 5.176632775613521, "dj": 6.565044164348123, "dk": 2.689155348495682, "vw_i": -0.5485695089530216, "vw_j": -0.29415994988079724, "kt": 12.379806546299642, "train_sc_a": [0.44189756934728475], "train_sc_v": [0.007341167402861008], "val_sc_a": 0, "val_sc_v": 0, "total_sc_a": 0, "total_sc_v": 0}