{"c1": 0.043213425967634715, "c2": 0.43212756578210354, "ch1": 0.03021984636452403, "ch2": 0.10058817538526552, "di": 2.5900123349593898, "dj": 0.689482859119162, "dk": 0.0, "vw_i": -0.46770935454197593, "vw_j": 0.34460364108057373, "kt": 11.953575202682533, "train_sc_a": [0.5481499928281901], "train_sc_v": [0.00794830387319173], "val_sc_a": 0, "val_sc_v": 0, "total_sc_a": 0, "total_sc_v": 0}