{"c1": 0.027514193540608193, "c2": 0.21426644156068808, "ch1": -0.013967400371508704, "ch2": 0.09214680675903768, "di": 3.4295370073799445, "dj": 3.9305267465046576, "dk": 4.392939781239053, "vw_i": -1.498148182459889, "vw_j": -0.7370059462834705, "kt": 13.61894722749723, "train_sc_a": [0.5280600849347895], "train_sc_v": [0.007920018141206448], "val_sc_a": 0, "val_sc_v": 0, "total_sc_a": 0, "total_sc_v": 0}