{"c1": 0.045417677902870796, "c2": 0.45392106011482636, "ch1": -0.043436274283077614, "ch2": 0.10183204175522062, "di": 3.553071095866482, "dj": 2.1276207128645814, "dk": 0.0, "vw_i": 2.861078678877499, "vw_j": 1.041231736588968, "kt": 13.405885641138104, "train_sc_a": [0.8083730418155418], "train_sc_v": [0.007502552652200776], "val_sc_a": 0, "val_sc_v": 0, "total_sc_a": 0, "total_sc_v": 0}