{"c1": 0.018992246393063184, "c2": 0.10568406273033788, "ch1": 0.00624511289877192, "ch2": 0.09340541878797401, "di": 0.9872443971128637, "dj": 0.9616249706294153, "dk": 1.1561091450372962, "vw_i": -1.7554335415351765, "vw_j": -0.21738782996938089, "kt": 4.972342908654557, "train_sc_a": [0.2692802036519764], "train_sc_v": [0.0007920654629304221], "val_sc_a": 0, "val_sc_v": 0, "total_sc_a": 0, "total_sc_v": 0}