{"c1": 0.04751352560050264, "c2": 0.4763384401569729, "ch1": 0.014102154230367411, "ch2": 0.1056477751710111, "di": 1.5269912565031685, "dj": 0.0, "dk": 0.1039124436487275, "vw_i": -1.3369434224568775, "vw_j": -0.4467169801846873, "kt": 10.216556376099849, "train_sc_a": [0.5367238403710463], "train_sc_v": [0.006355555614592874], "val_sc_a": 0, "val_sc_v": 0, "total_sc_a": 0, "total_sc_v": 0}