{"c1": 0.05689837555579652, "c2": 0.5350143331907529, "ch1": -0.032849369480198405, "ch2": 0.10516277108477791, "di": 5.407324220007172, "dj": 3.7917995569971787, "dk": 0.0, "vw_i": -0.16467247902258392, "vw_j": -0.019785230114074837, "kt": 7.718447232067045, "train_sc_a": [2.7299764430188374], "train_sc_v": [0.013639532196374026], "val_sc_a": 0, "val_sc_v": 0, "total_sc_a": 0, "total_sc_v": 0}