{"c1": 0.030867177916903858, "c2": 0.271336034986561, "ch1": -0.009054342054010261, "ch2": 0.09518776041894098, "di": 5.444809631313746, "dj": 3.0742851814070216, "dk": 0.056878555474949466, "vw_i": -1.97061566733257, "vw_j": -0.7002287147167141, "kt": 6.539092201833174, "train_sc_a": [0.36885087108481096], "train_sc_v": [0.005125525453813655], "val_sc_a": 0, "val_sc_v": 0, "total_sc_a": 0, "total_sc_v": 0}