{"c1": 0.05211447662133118, "c2": 0.5562635288509306, "ch1": -0.009024832913955248, "ch2": 0.10702556716371464, "di": 1.5679561554853176, "dj": 7.7664823374557175, "dk": 0.3211747600198644, "vw_i": -1.614399221556571, "vw_j": -0.47994755687113333, "kt": 10.64106354537853, "train_sc_a": [0.24940293200984068], "train_sc_v": [0.001624944565122741], "val_sc_a": 0, "val_sc_v": 0, "total_sc_a": 0, "total_sc_v": 0}