{"c1": 0.031232745716684072, "c2": 0.27692223705448465, "ch1": 0.01600590235433292, "ch2": 0.09919369670013706, "di": 0.9618808855094436, "dj": 1.9274809366691958, "dk": 0.4559870446114927, "vw_i": 0.095719162281097, "vw_j": 0.14812573452031455, "kt": 6.439479455981585, "train_sc_a": [0.611167258518714], "train_sc_v": [0.008048376669520503], "val_sc_a": 0, "val_sc_v": 0, "total_sc_a": 0, "total_sc_v": 0}