{"c1": 0.05534468119603669, "c2": 0.5786355718329502, "ch1": -0.01787067788116084, "ch2": 0.10791439636030144, "di": 1.1688440198542835, "dj": 2.8946212258156816, "dk": 0.0, "vw_i": -1.0846692920133416, "vw_j": 0.10827443849547133, "kt": 8.654975005354654, "train_sc_a": [0.8562440341350115], "train_sc_v": [0.004476990098405681], "val_sc_a": 0, "val_sc_v": 0, "total_sc_a": 0, "total_sc_v": 0}