{"c1": 0.044026822711599335, "c2": 0.46613959485584183, "ch1": 0.005870220675516041, "ch2": 0.10475330800065008, "di": 1.535686859382902, "dj": 3.0742065182631477, "dk": 0.0, "vw_i": -0.45404882981630595, "vw_j": -0.08398346274568011, "kt": 11.32201500431746, "train_sc_a": [0.3424910265251424], "train_sc_v": [0.003450437955596746], "val_sc_a": 0, "val_sc_v": 0, "total_sc_a": 0, "total_sc_v": 0}