{"c1": 0.050636771365646885, "c2": 0.5420880297189992, "ch1": -0.00261955776629524, "ch2": 0.10730263468180175, "di": 3.699648960375959, "dj": 3.4226942360096833, "dk": 0.6277929076032582, "vw_i": -1.747036726735415, "vw_j": -0.5520713298759936, "kt": 10.081138349961108, "train_sc_a": [0.5236820347768351], "train_sc_v": [0.0033273153180023735], "val_sc_a": 0, "val_sc_v": 0, "total_sc_a": 0, "total_sc_v": 0}