{"c1": 0.03776575219606603, "c2": 0.3974436563429153, "ch1": 0.027630345715123246, "ch2": 0.09936706620694519, "di": 4.217005188573149, "dj": 5.922246802236848, "dk": 0.0, "vw_i": 0.3035201485594389, "vw_j": 0.011602597467854324, "kt": 12.275184170829323, "train_sc_a": [1.089791613077291], "train_sc_v": [0.008818914385493929], "val_sc_a": 0, "val_sc_v": 0, "total_sc_a": 0, "total_sc_v": 0}