{"c1": 0.05217520993016929, "c2": 0.5553222924868464, "ch1": -0.035375894724004334, "ch2": 0.1049963737085555, "di": 1.3992125419740125, "dj": 7.8726503502711624, "dk": 0.0, "vw_i": -1.910382508702424, "vw_j": -0.7653520975389261, "kt": 7.437093469924844, "train_sc_a": [0.7367218536587784], "train_sc_v": [0.011655972422857274], "val_sc_a": 0, "val_sc_v": 0, "total_sc_a": 0, "total_sc_v": 0}