{"c1": 0.042398629579113715, "c2": 0.4375962531872835, "ch1": -0.0803868029428322, "ch2": 0.09195709144055736, "di": 6.869818104285054, "dj": 5.467364630315105, "dk": 0.4058359230937154, "vw_i": 1.1726597192330384, "vw_j": -0.257179713186313, "kt": 10.182395795829855, "train_sc_a": [0.5379306828160718], "train_sc_v": [0.0031352169114290994], "val_sc_a": 0, "val_sc_v": 0, "total_sc_a": 0, "total_sc_v": 0}