{"c1": 0.03607577524024251, "c2": 0.3639376988607059, "ch1": -0.4604448670222379, "ch2": 0.06309369749786384, "di": 0.908792968489164, "dj": 1.6676844061879255, "dk": 0.07542458385294352, "vw_i": 1.2774576691693575, "vw_j": 0.5496115088636228, "kt": 8.977746791668885, "train_sc_a": [7.159040468926177], "train_sc_v": [0.031039469955984986], "val_sc_a": 0, "val_sc_v": 0, "total_sc_a": 0, "total_sc_v": 0}