{"c1": 0.04726149509027092, "c2": 0.4755203374571655, "ch1": 0.0525725781072206, "ch2": 0.1075850083967405, "di": 0.6800949900106401, "dj": 1.7186158431751113, "dk": 0.0, "vw_i": -0.126685417003087, "vw_j": 0.6925658164316926, "kt": 12.010075874253868, "train_sc_a": [0.6085011967254137], "train_sc_v": [0.003693146449646346], "val_sc_a": 0, "val_sc_v": 0, "total_sc_a": 0, "total_sc_v": 0}