{"c1": 0.038021343162913925, "c2": 0.37867622064098566, "ch1": -0.0020464301769515044, "ch2": 0.09697658814174451, "di": 1.9542108056616294, "dj": 1.724346352158062, "dk": 0.0, "vw_i": -1.0926600077832984, "vw_j": -0.38570965204178936, "kt": 7.984643176656392, "train_sc_a": [0.8253290173053659], "train_sc_v": [0.006869465276167044], "val_sc_a": 0, "val_sc_v": 0, "total_sc_a": 0, "total_sc_v": 0}