{"c1": 0.03387601912923796, "c2": 0.3212307351312925, "ch1": -0.007971016510920572, "ch2": 0.09640965381924478, "di": 4.581212507251279, "dj": 2.8328115136609267, "dk": 0.0, "vw_i": -0.6059303949990411, "vw_j": 0.31262674667028423, "kt": 9.647763913836732, "train_sc_a": [0.4513441111989294], "train_sc_v": [0.00411415460217572], "val_sc_a": 0, "val_sc_v": 0, "total_sc_a": 0, "total_sc_v": 0}