{"c1": 0.055380752481619874, "c2": 0.5785176315163383, "ch1": -0.08009612094214415, "ch2": 0.10353015268262637, "di": 1.6613413358012787, "dj": 4.072556879540302, "dk": 0.8441475319597977, "vw_i": -0.9852013740054486, "vw_j": -0.265704325024393, "kt": 9.599578488855979, "train_sc_a": [0.32982939309776], "train_sc_v": [0.0012540055833708398], "val_sc_a": 0, "val_sc_v": 0, "total_sc_a": 0, "total_sc_v": 0}