{"c1": 0.043529677519783386, "c2": 0.46835630279283036, "ch1": 0.0036806717457865735, "ch2": 0.10433385270801464, "di": 2.7337920306031456, "dj": 1.582128796586261, "dk": 0.15602855275269606, "vw_i": -0.6548729730254956, "vw_j": 0.31337951816701437, "kt": 10.738086287344231, "train_sc_a": [0.2501932603983319], "train_sc_v": [0.002601575385714], "val_sc_a": 0, "val_sc_v": 0, "total_sc_a": 0, "total_sc_v": 0}