{"c1": 0.05037682973927646, "c2": 0.5451431696624677, "ch1": -0.2001099469271723, "ch2": 0.09292863645167738, "di": 4.093054164160245, "dj": 3.4477087365419856, "dk": 0.0, "vw_i": -1.6934998792905285, "vw_j": -0.8432677796007921, "kt": 8.11234491934406, "train_sc_a": [0.7678698416798899], "train_sc_v": [0.0032923239187821318], "val_sc_a": 0, "val_sc_v": 0, "total_sc_a": 0, "total_sc_v": 0}