{"c1": 0.05041345876391238, "c2": 0.5448918917969384, "ch1": 0.019779242889119603, "ch2": 0.10871386240535244, "di": 4.132127939792322, "dj": 2.9772862291900775, "dk": 0.0, "vw_i": 0.7910568380480664, "vw_j": 0.2994009986529978, "kt": 8.130433475256648, "train_sc_a": [0.5131853705086126], "train_sc_v": [0.011517002323275315], "val_sc_a": 0, "val_sc_v": 0, "total_sc_a": 0, "total_sc_v": 0}