{"c1": 0.024773988012793104, "c2": 0.1544607038626531, "ch1": -0.005398526149731649, "ch2": 0.09266312875753513, "di": 2.1492353651976606, "dj": 1.3149582774275097, "dk": 2.8584109255634065, "vw_i": -2.0635900192471404, "vw_j": -1.3738289194811382, "kt": 15.039222025895512, "train_sc_a": [0.45160722682776655], "train_sc_v": [0.0086246246307157], "val_sc_a": 0, "val_sc_v": 0, "total_sc_a": 0, "total_sc_v": 0}