{"c1": 0.03914066661926553, "c2": 0.3842696230868465, "ch1": 0.005105904392685217, "ch2": 0.0976298470272696, "di": 3.5357598137284043, "dj": 4.581445446205969, "dk": 0.0, "vw_i": -0.24063878814301512, "vw_j": -0.4965702026682748, "kt": 12.585288440833645, "train_sc_a": [0.30915208534835603], "train_sc_v": [0.00476193800066594], "val_sc_a": 0, "val_sc_v": 0, "total_sc_a": 0, "total_sc_v": 0}