{"c1": 0.03869614704889378, "c2": 0.5506988898263296, "ch1": -0.030703117009216598, "ch2": 0.10261223873636259, "di": 3.9443121740930813, "dj": 2.0224805082461383, "dk": 0.0, "vw_i": -0.5598224364772839, "vw_j": 0.4962609110232724, "kt": 9.80377384005431, "train_sc_a": [3.4012715486675495], "train_sc_v": [0.013016080968228911], "val_sc_a": 0, "val_sc_v": 0, "total_sc_a": 0, "total_sc_v": 0}