{"c1": 0.02776379852449142, "c2": 0.2337117723282976, "ch1": -0.03585641830850714, "ch2": 0.09115848068432866, "di": 0.2773774884695855, "dj": 2.3525449426767366, "dk": 0.7743247068893458, "vw_i": -2.049220053639598, "vw_j": -0.7803963616340928, "kt": 12.880659303226514, "train_sc_a": [1.331628373180091], "train_sc_v": [0.006248798729168773], "val_sc_a": 0, "val_sc_v": 0, "total_sc_a": 0, "total_sc_v": 0}