{"c1": 0.05272165454934607, "c2": 0.5483079007068453, "ch1": -0.0591370438269678, "ch2": 0.10321383754374816, "di": 2.3830062004327175, "dj": 5.9281608272506165, "dk": 0.0, "vw_i": -1.275258161467749, "vw_j": 0.05544987467220066, "kt": 10.770451235984275, "train_sc_a": [1.3521627631422157], "train_sc_v": [0.00852642973646996], "val_sc_a": 0, "val_sc_v": 0, "total_sc_a": 0, "total_sc_v": 0}