{"c1": 0.024247069651083357, "c2": 0.17811126862916196, "ch1": -0.009340812655872024, "ch2": 0.0924351114586664, "di": 3.7260606827199534, "dj": 2.0654264647103235, "dk": 0.0, "vw_i": -2.320386705473745, "vw_j": -0.8552494145210703, "kt": 12.424794733703964, "train_sc_a": [0.23637763859691557], "train_sc_v": [0.0008275076265730689], "val_sc_a": 0, "val_sc_v": 0, "total_sc_a": 0, "total_sc_v": 0}