{"c1": 0.024539167963461832, "c2": 0.1570213487723261, "ch1": -0.00694854278690102, "ch2": 0.09252871592312717, "di": 2.1534973238179997, "dj": 1.491119382283383, "dk": 3.156757014388018, "vw_i": -2.0824073346907754, "vw_j": -1.3590578252289824, "kt": 15.0052851854309, "train_sc_a": [0.32202887297244737], "train_sc_v": [0.004064199831169807], "val_sc_a": 0, "val_sc_v": 0, "total_sc_a": 0, "total_sc_v": 0}