{"c1": 0.055868598302019484, "c2": 0.5746337922956435, "ch1": -0.4556982268626229, "ch2": 0.07464496798774237, "di": 1.0387984346482595, "dj": 3.0341547839615552, "dk": 0.05256363258502727, "vw_i": 2.077700987929613, "vw_j": 1.8056221565546935, "kt": 8.704598596101805, "train_sc_a": [7.058431259435252], "train_sc_v": [0.024101755587013173], "val_sc_a": 0, "val_sc_v": 0, "total_sc_a": 0, "total_sc_v": 0}