{"c1": 0.027674305779793955, "c2": 0.23436630998786523, "ch1": -0.011838883781924065, "ch2": 0.0929158827155992, "di": 0.31309396268453654, "dj": 2.459066017406718, "dk": 0.6811660364148588, "vw_i": -2.176025646094311, "vw_j": -0.8457355728390813, "kt": 12.880678673364484, "train_sc_a": [0.8728783764614158], "train_sc_v": [0.004498737856672902], "val_sc_a": 0, "val_sc_v": 0, "total_sc_a": 0, "total_sc_v": 0}