{"c1": 0.053815053635409525, "c2": 0.5183567995365344, "ch1": -0.0021939744582817953, "ch2": 0.1071873006637538, "di": 2.1585551928441475, "dj": 4.105682052537319, "dk": 0.0, "vw_i": -1.1194380183045929, "vw_j": -0.48025271833676547, "kt": 9.183029217959177, "train_sc_a": [0.407874252971117], "train_sc_v": [0.004166734347870141], "val_sc_a": 0, "val_sc_v": 0, "total_sc_a": 0, "total_sc_v": 0}