{"c1": 0.04454845905432768, "c2": 0.4649531553554489, "ch1": -0.21223947655248757, "ch2": 0.0866895008127289, "di": 11.77335563714706, "dj": 20.88062644178018, "dk": 0.0, "vw_i": -0.3426306214220921, "vw_j": -0.3258699784639063, "kt": 13.427684433969928, "train_sc_a": [1.5562385702818045], "train_sc_v": [0.010948193496166193], "val_sc_a": 0, "val_sc_v": 0, "total_sc_a": 0, "total_sc_v": 0}