{"c1": 0.05032564105549323, "c2": 0.5451529384202155, "ch1": -0.003078447487819753, "ch2": 0.10711673270637309, "di": 2.352581746510518, "dj": 3.6791634153702235, "dk": 0.2178701764108908, "vw_i": -1.4320269018759888, "vw_j": -0.44892990061853466, "kt": 9.302115366807346, "train_sc_a": [0.2311563569864339], "train_sc_v": [0.0008003826573075782], "val_sc_a": 0, "val_sc_v": 0, "total_sc_a": 0, "total_sc_v": 0}