{"c1": 0.027956216387086532, "c2": 0.2400674988443294, "ch1": -0.021431534802779033, "ch2": 0.09267536520308775, "di": 5.062486588167851, "dj": 2.231679471962435, "dk": 0.959988859769536, "vw_i": -1.3267300499976933, "vw_j": 0.03093450580172283, "kt": 11.7180375256351, "train_sc_a": [0.2948015095611512], "train_sc_v": [0.001562436057011985], "val_sc_a": 0, "val_sc_v": 0, "total_sc_a": 0, "total_sc_v": 0}