{"c1": 0.034548805153455764, "c2": 0.3088280700335828, "ch1": 0.016324347896503163, "ch2": 0.09828080349938569, "di": 4.058594744083522, "dj": 2.3169701014702526, "dk": 0.0, "vw_i": -0.611396746963069, "vw_j": -0.3390443021740507, "kt": 9.817660493350688, "train_sc_a": [0.41231470416282073], "train_sc_v": [0.005251610826726475], "val_sc_a": 0, "val_sc_v": 0, "total_sc_a": 0, "total_sc_v": 0}