{"c1": 0.06117982220250146, "c2": 0.5014457418679413, "ch1": -0.027240977949702174, "ch2": 0.10569405384917427, "di": 6.440999294904021, "dj": 3.3803777533803014, "dk": 0.0, "vw_i": -0.6963035941469109, "vw_j": -0.20738134749152523, "kt": 8.238426123000966, "train_sc_a": [2.548609675357004], "train_sc_v": [0.012174145899408744], "val_sc_a": 0, "val_sc_v": 0, "total_sc_a": 0, "total_sc_v": 0}