{"c1": 0.020385620436508232, "c2": 0.12035319630573604, "ch1": -0.0010448210196290116, "ch2": 0.09344244340595233, "di": 2.46764712753793, "dj": 2.009521477915572, "dk": 0.013824303390597717, "vw_i": -1.0113560520830416, "vw_j": -0.5811366064935983, "kt": 9.162387832276375, "train_sc_a": [0.42502992764923814], "train_sc_v": [0.003962262879175646], "val_sc_a": 0, "val_sc_v": 0, "total_sc_a": 0, "total_sc_v": 0}