{"c1": 0.024163787375946127, "c2": 0.14055716233484464, "ch1": -0.46433661364401513, "ch2": 0.057323368451486736, "di": 0.0, "dj": 0.5680899939358912, "dk": 2.8202677254356465, "vw_i": 1.0035974997431472, "vw_j": 0.1311362958163619, "kt": 10.829073157240938, "train_sc_a": [13.82285465266075], "train_sc_v": [0.05315971995011111], "val_sc_a": 0, "val_sc_v": 0, "total_sc_a": 0, "total_sc_v": 0}