{"c1": 0.021056109477371923, "c2": 0.13207997021189274, "ch1": -0.023836950035868363, "ch2": 0.09203082399467521, "di": 1.4830576381618639, "dj": 2.388181811455594, "dk": 1.061200910265392, "vw_i": -0.05758007931109495, "vw_j": 0.09410314933455577, "kt": 8.950431234583114, "train_sc_a": [0.8321516674190219], "train_sc_v": [0.017202223161457357], "val_sc_a": 0, "val_sc_v": 0, "total_sc_a": 0, "total_sc_v": 0}