{"c1": 0.053177451429128546, "c2": 0.594325849268435, "ch1": 0.01714791431027455, "ch2": 0.11054724537916148, "di": 1.9463686185428237, "dj": 2.725921550478393, "dk": 0.0, "vw_i": -0.7228678916373831, "vw_j": 0.22448903832054556, "kt": 8.65302967388051, "train_sc_a": [0.9270727244237802], "train_sc_v": [0.006855761063104102], "val_sc_a": 0, "val_sc_v": 0, "total_sc_a": 0, "total_sc_v": 0}