{"c1": 0.021140705385518474, "c2": 0.13525929240448076, "ch1": 0.0238173113985469, "ch2": 0.09561837912954461, "di": 1.5160105235286927, "dj": 2.042236693152883, "dk": 0.047197528892415255, "vw_i": -0.8112916858853957, "vw_j": -0.4408026721103582, "kt": 9.09125565563117, "train_sc_a": [0.3430602032223995], "train_sc_v": [0.0026972333489733375], "val_sc_a": 0, "val_sc_v": 0, "total_sc_a": 0, "total_sc_v": 0}