{"c1": 0.04589283966129292, "c2": 0.4983269615370124, "ch1": 0.005269492895603805, "ch2": 0.10522966559387455, "di": 2.6396744031808783, "dj": 2.485211895952953, "dk": 0.015292129589458789, "vw_i": -0.5884826695969183, "vw_j": -0.004212259305792082, "kt": 9.930601780460643, "train_sc_a": [0.2809616148756019], "train_sc_v": [0.00476416476965587], "val_sc_a": 0, "val_sc_v": 0, "total_sc_a": 0, "total_sc_v": 0}