{"c1": 0.04158492797076127, "c2": 0.4432728383875382, "ch1": 0.00586693892870798, "ch2": 0.09826490393376776, "di": 6.9287375737686006, "dj": 5.784734090705808, "dk": 0.27130716170791025, "vw_i": 0.029127171785465644, "vw_j": 0.3126884809872301, "kt": 11.397950768650524, "train_sc_a": [0.31549688861145364], "train_sc_v": [0.004912054701508198], "val_sc_a": 0, "val_sc_v": 0, "total_sc_a": 0, "total_sc_v": 0}