{"c1": 0.044944580381018104, "c2": 0.4616645565092517, "ch1": -0.04760381781167672, "ch2": 0.09974524598107662, "di": 19.13524713894029, "dj": 7.403563600610233, "dk": 0.0, "vw_i": -1.9191445476166022, "vw_j": 0.21036701462451204, "kt": 12.8388977103996, "train_sc_a": [1.0687092199074424], "train_sc_v": [0.011767941377729045], "val_sc_a": 0, "val_sc_v": 0, "total_sc_a": 0, "total_sc_v": 0}