{"c1": 0.040647735708094254, "c2": 0.4575066786195805, "ch1": -0.12266442638467703, "ch2": 0.08679372540522677, "di": 4.614641596185054, "dj": 6.431455123282313, "dk": 9.399195591306128, "vw_i": 1.581037635988378, "vw_j": 0.4889068060727989, "kt": 12.38823907051759, "train_sc_a": [2.460581122944264], "train_sc_v": [0.011268756760802268], "val_sc_a": 0, "val_sc_v": 0, "total_sc_a": 0, "total_sc_v": 0}