{"c1": 0.046455896223027246, "c2": 0.4817444457282644, "ch1": 0.01709294338164537, "ch2": 0.10492011206404118, "di": 0.0, "dj": 2.361784510232987, "dk": 0.0, "vw_i": -0.294810913141657, "vw_j": -0.04781558565850826, "kt": 10.366209307617973, "train_sc_a": 0.0, "train_sc_v": 0.0, "val_sc_a": [2.8641353827918867], "val_sc_v": [0.00010926809756801272], "total_sc_a": [2.2297338659980284], "total_sc_v": [0.01122628918172521]}