{"c1": 0.0467306798316551, "c2": 0.4821043337416153, "ch1": -0.02196336002346504, "ch2": 0.10215957137616159, "di": 2.0917332203862444, "dj": 4.378682461893393, "dk": 0.4532197561833786, "vw_i": -0.0590012353011821, "vw_j": -0.0396843067533495, "kt": 10.915601933313168, "train_sc_a": [4.200459864401662], "train_sc_v": [0.024001855528926128], "val_sc_a": 0, "val_sc_v": 0, "total_sc_a": 0, "total_sc_v": 0}