{"c1": 0.04619953455795831, "c2": 0.4858731703395278, "ch1": 0.014722849935711126, "ch2": 0.10565118934207134, "di": 2.547872061845083, "dj": 0.204594681738101, "dk": 0.026519473883178026, "vw_i": 0.12364368444542423, "vw_j": 0.12426098932187891, "kt": 10.617524143653506, "train_sc_a": [0.29825467269420425], "train_sc_v": [0.0029733773362381477], "val_sc_a": 0, "val_sc_v": 0, "total_sc_a": 0, "total_sc_v": 0}