{"c1": 0.04467473698778062, "c2": 0.4643112182428475, "ch1": -0.04350595707614593, "ch2": 0.10014457161672026, "di": 13.492405835441366, "dj": 14.42678814939717, "dk": 0.0, "vw_i": -0.9852276000360999, "vw_j": -0.5781935654595894, "kt": 11.982907840966387, "train_sc_a": [0.38247423458100666], "train_sc_v": [0.00503226646479958], "val_sc_a": 0, "val_sc_v": 0, "total_sc_a": 0, "total_sc_v": 0}