{"c1": 0.0554517769336858, "c2": 0.5778279698582915, "ch1": -0.13433840087623852, "ch2": 0.09904846111719876, "di": 1.1242901007918535, "dj": 3.2838615019989787, "dk": 0.056889546427759695, "vw_i": -0.26656082835962724, "vw_j": 0.5493903591036446, "kt": 8.646986658680545, "train_sc_a": [2.4156348742775062], "train_sc_v": [0.013299300074524815], "val_sc_a": 0, "val_sc_v": 0, "total_sc_a": 0, "total_sc_v": 0}