{"c1": 0.029343141789427415, "c2": 0.23653374792011925, "ch1": -0.00027213108131806003, "ch2": 0.0967230082324096, "di": 1.2014343125446798, "dj": 0.8883381425959156, "dk": 0.0, "vw_i": -1.832778552811112, "vw_j": -0.3010822558128287, "kt": 6.353037974885867, "train_sc_a": [1.0599684967786955], "train_sc_v": [0.007716153743051828], "val_sc_a": 0, "val_sc_v": 0, "total_sc_a": 0, "total_sc_v": 0}