{"c1": 0.05525909700996186, "c2": 0.5793989150698476, "ch1": 0.4134479606842558, "ch2": 0.138964320419111, "di": 15.261230048463586, "dj": 10.298244494741073, "dk": 0.0, "vw_i": -1.7648299584697593, "vw_j": 1.2414176533175096, "kt": 8.634468745447622, "train_sc_a": [9.633463146523887], "train_sc_v": [0.04172634485346218], "val_sc_a": 0, "val_sc_v": 0, "total_sc_a": 0, "total_sc_v": 0}