{"c1": 0.039496248773629256, "c2": 0.37812879215880485, "ch1": 0.025568595666097017, "ch2": 0.09938198549406532, "di": 2.511023384909413, "dj": 0.17169842289972773, "dk": 0.0, "vw_i": 1.0670607053601828, "vw_j": -0.3383536992780023, "kt": 12.682342105833458, "train_sc_a": [1.567148672718437], "train_sc_v": [0.013024752285920144], "val_sc_a": 0, "val_sc_v": 0, "total_sc_a": 0, "total_sc_v": 0}