{"c1": 0.02595381896599105, "c2": 0.21250687457574824, "ch1": -0.002289190789241811, "ch2": 0.09290753247100449, "di": 3.188308465751998, "dj": 0.7899297661010912, "dk": 6.175924029857657, "vw_i": -1.4410105915757485, "vw_j": -0.693432544277096, "kt": 13.85788536576871, "train_sc_a": [0.37005516094499796], "train_sc_v": [0.0032548468953067467], "val_sc_a": 0, "val_sc_v": 0, "total_sc_a": 0, "total_sc_v": 0}