{"c1": 0.05633868478509598, "c2": 0.5498703177989627, "ch1": 0.02716571501214384, "ch2": 0.11003001879066354, "di": 6.971957722498103, "dj": 5.025586719255727, "dk": 0.0, "vw_i": -0.025074341596175963, "vw_j": -0.003706405776581353, "kt": 7.771959172758149, "train_sc_a": [2.2998382010460467], "train_sc_v": [0.013312044984550738], "val_sc_a": 0, "val_sc_v": 0, "total_sc_a": 0, "total_sc_v": 0}