{"c1": 0.044930383021900784, "c2": 0.4620636884652634, "ch1": 0.004217048940726123, "ch2": 0.10273333235822639, "di": 15.268811788195697, "dj": 23.86551660098766, "dk": 0.0, "vw_i": 0.09754496472534752, "vw_j": 0.30064540306929577, "kt": 13.343824993617085, "train_sc_a": [0.3568906280559143], "train_sc_v": [0.004876956869136553], "val_sc_a": 0, "val_sc_v": 0, "total_sc_a": 0, "total_sc_v": 0}