{"c1": 0.039560929624900924, "c2": 0.49786984036772247, "ch1": -0.320952697323059, "ch2": 0.08155773813185394, "di": 1.5663013052996229, "dj": 1.3331678489030405, "dk": 0.0, "vw_i": -3.8506982696208976, "vw_j": -2.3553518355646137, "kt": 11.41382365312113, "train_sc_a": [10.948886429695854], "train_sc_v": [0.044944974261073814], "val_sc_a": 0, "val_sc_v": 0, "total_sc_a": 0, "total_sc_v": 0}