{"c1": 0.03390650953722371, "c2": 0.26697795051744694, "ch1": 0.0051585133162858916, "ch2": 0.09826381381954094, "di": 1.8220697106778971, "dj": 2.08591992941729, "dk": 0.09522877275393125, "vw_i": -0.6230224316511013, "vw_j": -0.26162131895440005, "kt": 7.647204112623103, "train_sc_a": [0.3300698947677732], "train_sc_v": [0.0017636832977998985], "val_sc_a": 0, "val_sc_v": 0, "total_sc_a": 0, "total_sc_v": 0}