{"c1": 0.024780613994515636, "c2": 0.2053833927099219, "ch1": -0.017695769333533406, "ch2": 0.09237316470515863, "di": 5.012718534643859, "dj": 6.45550983834571, "dk": 2.493193344377197, "vw_i": -0.7383773790128267, "vw_j": -0.31778425996180576, "kt": 12.322226263321514, "train_sc_a": [7.31309722397733], "train_sc_v": [0.03647594554233123], "val_sc_a": 0, "val_sc_v": 0, "total_sc_a": 0, "total_sc_v": 0}