{"c1": 0.038832237647645956, "c2": 0.38615422215008627, "ch1": -0.004668757352665784, "ch2": 0.09695277187179055, "di": 3.434183520940367, "dj": 4.671700691614969, "dk": 0.0, "vw_i": -0.3410677095772291, "vw_j": -0.4782427265853533, "kt": 12.567550576943393, "train_sc_a": [0.8660698850346716], "train_sc_v": [0.007373386469401352], "val_sc_a": 0, "val_sc_v": 0, "total_sc_a": 0, "total_sc_v": 0}