{"c1": 0.03875160103190142, "c2": 0.3845135674266751, "ch1": -0.06070368521235783, "ch2": 0.0923345344514865, "di": 2.6956344357999766, "dj": 4.4928695168659845, "dk": 0.0, "vw_i": -0.2337353933340501, "vw_j": -0.6338074019037019, "kt": 12.640865750295072, "train_sc_a": [2.9296459049097807], "train_sc_v": [0.017389033565778672], "val_sc_a": 0, "val_sc_v": 0, "total_sc_a": 0, "total_sc_v": 0}