{"c1": 0.027518938859670192, "c2": 0.22639331218705305, "ch1": 0.014375106416803247, "ch2": 0.09468472873186934, "di": 1.0238176464818283, "dj": 0.7769571003632072, "dk": 0.13190269285816889, "vw_i": -1.6184151406664458, "vw_j": -0.5915392322067564, "kt": 13.089872466915855, "train_sc_a": [0.6547227304592586], "train_sc_v": [0.01076054085866063], "val_sc_a": 0, "val_sc_v": 0, "total_sc_a": 0, "total_sc_v": 0}