{"c1": 0.03129304440173843, "c2": 0.2715686695208642, "ch1": 0.005183051069338058, "ch2": 0.09824122174069162, "di": 1.700392502852209, "dj": 0.2907050659999223, "dk": 0.0, "vw_i": -0.3476431742262959, "vw_j": -0.5405698044475824, "kt": 6.318873633623226, "train_sc_a": [2.367612214502007], "train_sc_v": [0.01513863787650142], "val_sc_a": 0, "val_sc_v": 0, "total_sc_a": 0, "total_sc_v": 0}