{"c1": 0.039421160532842454, "c2": 0.39890488501288257, "ch1": 0.012040255304652444, "ch2": 0.09743543624423391, "di": 4.859816756470813, "dj": 4.460706785932236, "dk": 0.0, "vw_i": 0.3847212270165089, "vw_j": -0.1755792549735598, "kt": 9.395100320667197, "train_sc_a": [0.587688218320204], "train_sc_v": [0.004123064241671663], "val_sc_a": 0, "val_sc_v": 0, "total_sc_a": 0, "total_sc_v": 0}