{"c1": 0.028379410438991504, "c2": 0.23069220473452634, "ch1": -0.024485255002246336, "ch2": 0.09202237964065177, "di": 3.134268992822178, "dj": 4.0910255109591915, "dk": 0.0, "vw_i": -1.5233584653486658, "vw_j": -0.9538608008215614, "kt": 12.59206151633053, "train_sc_a": [0.8069790349970161], "train_sc_v": [0.008081915609332737], "val_sc_a": 0, "val_sc_v": 0, "total_sc_a": 0, "total_sc_v": 0}