{"c1": 0.029359239356832365, "c2": 0.2367018473069131, "ch1": -0.003694470435516838, "ch2": 0.09646465840704489, "di": 1.1715803324241891, "dj": 0.892912599822916, "dk": 0.0, "vw_i": -1.0304168196883503, "vw_j": -0.23251168199763517, "kt": 9.892524625963643, "train_sc_a": [0.3098305739544597], "train_sc_v": [0.0012328746974724775], "val_sc_a": 0, "val_sc_v": 0, "total_sc_a": 0, "total_sc_v": 0}