{"c1": 0.05352987241385607, "c2": 0.5918641500090405, "ch1": -0.029476950893876065, "ch2": 0.10706088910052095, "di": 3.0288520268488384, "dj": 1.7078283375425818, "dk": 1.4520055187766687, "vw_i": -0.5944524181830372, "vw_j": 0.016921107188462448, "kt": 8.721628211676533, "train_sc_a": [2.7332824966355806], "train_sc_v": [0.013642353444643667], "val_sc_a": 0, "val_sc_v": 0, "total_sc_a": 0, "total_sc_v": 0}