{"c1": 0.022260393819047677, "c2": 0.131059655281442, "ch1": 0.0020897951823999113, "ch2": 0.09362285495504663, "di": 0.715183327572327, "dj": 0.6713140461331429, "dk": 0.3524918642336211, "vw_i": -1.0376184586174522, "vw_j": -0.18636523191893542, "kt": 11.041079001878394, "train_sc_a": [0.8449703117637899], "train_sc_v": [0.006729202345519913], "val_sc_a": 0, "val_sc_v": 0, "total_sc_a": 0, "total_sc_v": 0}