{"c1": 0.055460408536083194, "c2": 0.5062573036511682, "ch1": -0.28952350420592643, "ch2": 0.08472482024138633, "di": 2.8324782261525763, "dj": 4.402982154403306, "dk": 1.3506756024521087, "vw_i": 5.044288335969638, "vw_j": 3.808232843121509, "kt": 8.594007213591105, "train_sc_a": [10.648924428629051], "train_sc_v": [0.036469050706310124], "val_sc_a": 0, "val_sc_v": 0, "total_sc_a": 0, "total_sc_v": 0}