{"c1": 0.045806125445103214, "c2": 0.498929491633737, "ch1": -0.011327363205142119, "ch2": 0.10409085320238887, "di": 2.8713545727242265, "dj": 2.0669830845440424, "dk": 0.0, "vw_i": -0.7639094264952756, "vw_j": 0.26255415378929503, "kt": 9.835041071914599, "train_sc_a": [0.964936451256658], "train_sc_v": [0.010299590775819609], "val_sc_a": 0, "val_sc_v": 0, "total_sc_a": 0, "total_sc_v": 0}