{"c1": 0.03667912002218366, "c2": 0.3839671771195614, "ch1": 0.008167651071119383, "ch2": 0.09769302999923483, "di": 2.0984805426832405, "dj": 0.46911188272578924, "dk": 0.0, "vw_i": -1.0040833827648004, "vw_j": -0.020383523246842297, "kt": 7.8395031443003385, "train_sc_a": [0.3732160611475206], "train_sc_v": [0.004199376780737508], "val_sc_a": 0, "val_sc_v": 0, "total_sc_a": 0, "total_sc_v": 0}