{"c1": 0.03252844914763767, "c2": 0.3303641810376363, "ch1": -0.42731592319665607, "ch2": 0.06652102447354116, "di": 2.773385713151594, "dj": 2.3809136764038152, "dk": 0.0, "vw_i": -3.081870918402605, "vw_j": -1.821918544529288, "kt": 8.986159438160259, "train_sc_a": [10.08541301510934], "train_sc_v": [0.041576397488844986], "val_sc_a": 0, "val_sc_v": 0, "total_sc_a": 0, "total_sc_v": 0}