{"c1": 0.04294322161794435, "c2": 0.43325958207349596, "ch1": -0.020740847128233743, "ch2": 0.09633269902588863, "di": 7.049925582860131, "dj": 5.498128980079793, "dk": 0.0, "vw_i": 1.741333450443513, "vw_j": -0.08751331199361174, "kt": 10.11210014093588, "train_sc_a": [0.7108065148552566], "train_sc_v": [0.017282735070127286], "val_sc_a": 0, "val_sc_v": 0, "total_sc_a": 0, "total_sc_v": 0}