{"c1": 0.019110837795375632, "c2": 0.10471317585691371, "ch1": 0.017809801881211416, "ch2": 0.09444156856716258, "di": 0.6283772510561931, "dj": 1.874644732965659, "dk": 0.48212501868325935, "vw_i": -2.161486024687783, "vw_j": -0.9504953783558762, "kt": 7.4559705049506, "train_sc_a": [0.3961581551739887], "train_sc_v": [0.0070172839926685975], "val_sc_a": 0, "val_sc_v": 0, "total_sc_a": 0, "total_sc_v": 0}