{"c1": 0.05537293056419803, "c2": 0.5785855862519915, "ch1": -0.08329580546752106, "ch2": 0.10329468567408477, "di": 1.660791534741803, "dj": 4.067595080401409, "dk": 0.848120655690078, "vw_i": -0.830686216636785, "vw_j": -0.26581600153222473, "kt": 9.560740456284622, "train_sc_a": [0.3190497058526673], "train_sc_v": [0.001297862321913506], "val_sc_a": 0, "val_sc_v": 0, "total_sc_a": 0, "total_sc_v": 0}