{"c1": 0.04623282639771153, "c2": 0.4754985110201562, "ch1": -0.026757115132321582, "ch2": 0.10137100222298383, "di": 12.834751151186605, "dj": 15.157677372500592, "dk": 0.0, "vw_i": -0.9458319136891402, "vw_j": -0.6698951843584754, "kt": 12.367567610071802, "train_sc_a": [0.3554089201196429], "train_sc_v": [0.0019335732254428843], "val_sc_a": 0, "val_sc_v": 0, "total_sc_a": 0, "total_sc_v": 0}