{"c1": 0.02753684336117549, "c2": 0.22213254856159648, "ch1": 0.01355492558430117, "ch2": 0.0947227251736729, "di": 0.7968289880336624, "dj": 0.09844248654432468, "dk": 0.0, "vw_i": -1.4077971341070965, "vw_j": -0.49519580269529506, "kt": 12.402120196769973, "train_sc_a": [0.4495310992900567], "train_sc_v": [0.003700549635044183], "val_sc_a": 0, "val_sc_v": 0, "total_sc_a": 0, "total_sc_v": 0}