{"c1": 0.04476479872385895, "c2": 0.4586686030397646, "ch1": -0.04000979331985144, "ch2": 0.10203616043329236, "di": 4.745733068812252, "dj": 2.3759012844704395, "dk": 0.0, "vw_i": 2.5768024495464754, "vw_j": 1.049073547554979, "kt": 13.442787506655074, "train_sc_a": [0.6638371736162361], "train_sc_v": [0.007177452512339561], "val_sc_a": 0, "val_sc_v": 0, "total_sc_a": 0, "total_sc_v": 0}