{"c1": 0.024078413960187738, "c2": 0.18190350250897291, "ch1": -0.022661625784799966, "ch2": 0.09143599333287972, "di": 3.875704656510192, "dj": 2.0510599481616216, "dk": 0.28788403217551783, "vw_i": -2.2964534206044114, "vw_j": -0.8097636852102397, "kt": 12.458922264644322, "train_sc_a": [0.7127743570099004], "train_sc_v": [0.005601666948483581], "val_sc_a": 0, "val_sc_v": 0, "total_sc_a": 0, "total_sc_v": 0}