{"c1": 0.04761274213684995, "c2": 0.47573965036769056, "ch1": 0.00787201538748753, "ch2": 0.10536871417393241, "di": 1.7516314697202728, "dj": 2.1839236731988505, "dk": 0.0009165930514301714, "vw_i": -0.8071556234255244, "vw_j": -0.13116798115741057, "kt": 10.111185164712797, "train_sc_a": [0.29994359678915405], "train_sc_v": [0.002910759904998149], "val_sc_a": 0, "val_sc_v": 0, "total_sc_a": 0, "total_sc_v": 0}