{"c1": 0.02752961403681703, "c2": 0.2140242135085063, "ch1": -0.013880798464832814, "ch2": 0.09213803052190674, "di": 3.340673255639928, "dj": 4.145525654096726, "dk": 4.438241022240814, "vw_i": -1.5132056815016708, "vw_j": -0.7519476373281915, "kt": 13.627780889754188, "train_sc_a": [0.5353002151637796], "train_sc_v": [0.007863753784142934], "val_sc_a": 0, "val_sc_v": 0, "total_sc_a": 0, "total_sc_v": 0}