{"c1": 0.022674221428744316, "c2": 0.16447816283768826, "ch1": 0.020055340039500012, "ch2": 0.0949547574242483, "di": 0.7224738614335589, "dj": 1.0049307563605503, "dk": 0.019739001993355577, "vw_i": -0.4545571588883278, "vw_j": -0.023854863624142523, "kt": 10.923237019482698, "train_sc_a": [0.5204665411242738], "train_sc_v": [0.0073130754236543334], "val_sc_a": 0, "val_sc_v": 0, "total_sc_a": 0, "total_sc_v": 0}