{"c1": 0.03086719178930441, "c2": 0.2713795512198885, "ch1": -0.008805946834303881, "ch2": 0.09520452894296086, "di": 5.455586538751242, "dj": 3.0729419824981856, "dk": 0.12916810435893028, "vw_i": -1.9814623224421988, "vw_j": -0.6930511330928244, "kt": 6.793932666338094, "train_sc_a": [0.2189779148065117], "train_sc_v": [0.0007037020964819729], "val_sc_a": 0, "val_sc_v": 0, "total_sc_a": 0, "total_sc_v": 0}