{"c1": 0.04573615390367535, "c2": 0.49940614378920345, "ch1": -0.060600879831037804, "ch2": 0.10071094138553283, "di": 2.8706974810226, "dj": 2.0407039214104845, "dk": 0.0, "vw_i": -1.0896311033992614, "vw_j": 0.2062164965138051, "kt": 9.822077830286885, "train_sc_a": [2.062940748602433], "train_sc_v": [0.009826729232016622], "val_sc_a": 0, "val_sc_v": 0, "total_sc_a": 0, "total_sc_v": 0}