{"c1": 0.043488204637502394, "c2": 0.42941053417610386, "ch1": 0.0071449034751663205, "ch2": 0.09858563137177641, "di": 6.7475118135657315, "dj": 5.606191071826624, "dk": 0.22618938719734666, "vw_i": -0.9369175212298703, "vw_j": -0.5709986791455907, "kt": 10.196712473384883, "train_sc_a": [0.39263355870063615], "train_sc_v": [0.006338740016222321], "val_sc_a": 0, "val_sc_v": 0, "total_sc_a": 0, "total_sc_v": 0}