{"c1": 0.03923411281226269, "c2": 0.388064328378506, "ch1": 0.001779497646299432, "ch2": 0.09691791642567034, "di": 4.136599149509209, "dj": 2.73068713473023, "dk": 0.0, "vw_i": -1.0022433768821355, "vw_j": -0.36722270468406704, "kt": 9.367833987570124, "train_sc_a": [0.8865078176959635], "train_sc_v": [0.007221919457073151], "val_sc_a": 0, "val_sc_v": 0, "total_sc_a": 0, "total_sc_v": 0}