{"c1": 0.028116214419686102, "c2": 0.20439670698916768, "ch1": -0.022077872170175393, "ch2": 0.0915233734497182, "di": 3.0741728482510564, "dj": 2.9070866323460813, "dk": 3.9404614070416337, "vw_i": -1.3299475460122, "vw_j": -0.6033652797700652, "kt": 13.682370784309045, "train_sc_a": [1.0216924963066052], "train_sc_v": [0.00950894102881621], "val_sc_a": 0, "val_sc_v": 0, "total_sc_a": 0, "total_sc_v": 0}