{"c1": 0.038827598489837106, "c2": 0.3899833814730884, "ch1": -0.012350210190361711, "ch2": 0.09647642017832897, "di": 4.146893108601326, "dj": 4.7066831492077466, "dk": 0.0, "vw_i": -0.41134471486661917, "vw_j": -0.08322371695058095, "kt": 12.293166827653904, "train_sc_a": [0.5051024496226104], "train_sc_v": [0.007615120755722158], "val_sc_a": 0, "val_sc_v": 0, "total_sc_a": 0, "total_sc_v": 0}