{"c1": 0.03345832100051221, "c2": 0.25196059688063455, "ch1": 0.24839629933035015, "ch2": 0.12045303389658452, "di": 9.676514892077547, "dj": 37.96982422191814, "dk": 0.007972688577284445, "vw_i": 0.36316395525246636, "vw_j": 0.3660571322499455, "kt": 6.281501264000378, "train_sc_a": [72.70650817765157], "train_sc_v": [0.28183219819520744], "val_sc_a": 0, "val_sc_v": 0, "total_sc_a": 0, "total_sc_v": 0}