{"c1": 0.05112463308139581, "c2": 0.5365421014958814, "ch1": 0.008224875584963428, "ch2": 0.10712679154169613, "di": 1.5666208610388317, "dj": 1.8189643792989854, "dk": 0.0, "vw_i": -1.9917184482145132, "vw_j": -0.571341929878523, "kt": 10.35742486112937, "train_sc_a": [0.6180351001803049], "train_sc_v": [0.012017457144958691], "val_sc_a": 0, "val_sc_v": 0, "total_sc_a": 0, "total_sc_v": 0}