{"c1": 0.04319814338375152, "c2": 0.4322495336519369, "ch1": 0.00043404230355132724, "ch2": 0.0983885920851164, "di": 1.5213620625921258, "dj": 1.4344093274640426, "dk": 0.0, "vw_i": -0.7505005029498174, "vw_j": -0.06368836224609345, "kt": 11.872781125554125, "train_sc_a": [0.41699402292361804], "train_sc_v": [0.006535019952651883], "val_sc_a": 0, "val_sc_v": 0, "total_sc_a": 0, "total_sc_v": 0}