{"c1": 0.045264179243727096, "c2": 0.4550466731108991, "ch1": -0.04210439203357147, "ch2": 0.10192281278987259, "di": 3.7867275196439385, "dj": 2.239684846734187, "dk": 0.0, "vw_i": 2.7841130695174905, "vw_j": 1.031391142561271, "kt": 13.414502424673486, "train_sc_a": [0.7524183632140186], "train_sc_v": [0.007432482037086659], "val_sc_a": 0, "val_sc_v": 0, "total_sc_a": 0, "total_sc_v": 0}