{"c1": 0.04006041335516157, "c2": 0.3816691435764502, "ch1": -0.016215175845797312, "ch2": 0.09554971361269946, "di": 3.566437958610972, "dj": 4.342267749874871, "dk": 0.0, "vw_i": -0.5110374381582019, "vw_j": -0.5647080485471727, "kt": 9.410863658239753, "train_sc_a": [0.49115484276836957], "train_sc_v": [0.0031264389675411375], "val_sc_a": 0, "val_sc_v": 0, "total_sc_a": 0, "total_sc_v": 0}