{"c1": 0.0444627285306694, "c2": 0.46165254893241725, "ch1": 0.039780700272575825, "ch2": 0.1070247556358174, "di": 1.621400542917393, "dj": 3.94852631793499, "dk": 0.0, "vw_i": -0.3608388417642512, "vw_j": -0.705802268032908, "kt": 10.078736517974086, "train_sc_a": [0.7181227398430503], "train_sc_v": [0.004368778274431318], "val_sc_a": 0, "val_sc_v": 0, "total_sc_a": 0, "total_sc_v": 0}