{"c1": 0.027750580351331537, "c2": 0.22014582519030515, "ch1": 0.008140201732771992, "ch2": 0.09417375448146743, "di": 0.8791835851839588, "dj": 0.6043779584384171, "dk": 0.0, "vw_i": -1.3681549333444027, "vw_j": -0.2674115130071522, "kt": 13.075011860769607, "train_sc_a": [0.361462533798704], "train_sc_v": [0.007227844079233572], "val_sc_a": 0, "val_sc_v": 0, "total_sc_a": 0, "total_sc_v": 0}