{"c1": 0.046780644727401, "c2": 0.492128386921007, "ch1": 0.0026753676793849937, "ch2": 0.10504602478542177, "di": 2.0335047361743905, "dj": 2.7241490634625563, "dk": 0.0, "vw_i": -0.4727499523654435, "vw_j": -0.3444312410414011, "kt": 9.909347465898014, "train_sc_a": [0.9193057308761603], "train_sc_v": [0.007362798520633458], "val_sc_a": 0, "val_sc_v": 0, "total_sc_a": 0, "total_sc_v": 0}