{"c1": 0.04626724601173257, "c2": 0.49611624106254126, "ch1": -0.011009854860336015, "ch2": 0.10404421285260661, "di": 1.451336957624478, "dj": 2.565647108462073, "dk": 0.0, "vw_i": -0.7539502301503421, "vw_j": -0.38491179339775033, "kt": 9.772234053391761, "train_sc_a": [0.9979358512524711], "train_sc_v": [0.006641624542345061], "val_sc_a": 0, "val_sc_v": 0, "total_sc_a": 0, "total_sc_v": 0}