{"c1": 0.04237949939816699, "c2": 0.4382346878995984, "ch1": 0.008684483891679636, "ch2": 0.09900911312204588, "di": 2.438744839243515, "dj": 0.07332042558847697, "dk": 0.0, "vw_i": -0.4421310314964615, "vw_j": -0.0959229621199528, "kt": 11.339187692134487, "train_sc_a": [0.5727785066083552], "train_sc_v": [0.0052721019459252135], "val_sc_a": 0, "val_sc_v": 0, "total_sc_a": 0, "total_sc_v": 0}