{"c1": 0.05190972308809431, "c2": 0.5553766756390811, "ch1": -0.015096660648914798, "ch2": 0.10655165817699276, "di": 7.80293678220275, "dj": 5.596508262631572, "dk": 0.0, "vw_i": -0.4183943456076092, "vw_j": -0.5888230146592979, "kt": 9.081854231879271, "train_sc_a": [0.5494671382256802], "train_sc_v": [0.008247614159781131], "val_sc_a": 0, "val_sc_v": 0, "total_sc_a": 0, "total_sc_v": 0}