{"c1": 0.020423413222172237, "c2": 0.12077317998238549, "ch1": 0.01444392409261211, "ch2": 0.09470625440699813, "di": 2.6936502848083483, "dj": 4.662600633982969, "dk": 1.0969098733478466, "vw_i": -0.31075836427036857, "vw_j": -0.18139366383921168, "kt": 8.5167303512565, "train_sc_a": [0.33729609419147516], "train_sc_v": [0.0034360863059389526], "val_sc_a": 0, "val_sc_v": 0, "total_sc_a": 0, "total_sc_v": 0}