{"c1": 0.02430870309073248, "c2": 0.1882936250525158, "ch1": -0.02275183017655191, "ch2": 0.09170477991922656, "di": 4.807601347265421, "dj": 6.036473592745875, "dk": 4.412161628878364, "vw_i": -1.2328109687200273, "vw_j": -0.5219849396724456, "kt": 12.594975717228055, "train_sc_a": [0.757431663646631], "train_sc_v": [0.007645774668218509], "val_sc_a": 0, "val_sc_v": 0, "total_sc_a": 0, "total_sc_v": 0}