{"c1": 0.051200284484811225, "c2": 0.539435631727563, "ch1": -0.010201571080979377, "ch2": 0.1065997815968881, "di": 2.0819123971333338, "dj": 4.702921200107227, "dk": 0.042703969937500474, "vw_i": -0.5991959463204493, "vw_j": -0.2157834919673507, "kt": 8.890597715899267, "train_sc_a": [0.7004077622190507], "train_sc_v": [0.007114436841786891], "val_sc_a": 0, "val_sc_v": 0, "total_sc_a": 0, "total_sc_v": 0}