{"c1": 0.03259879382064372, "c2": 0.4337454543976108, "ch1": 0.2221762695476947, "ch2": 0.11343298873787594, "di": 4.5581715145788975, "dj": 11.837195919375024, "dk": 0.0, "vw_i": 3.7820622078405064, "vw_j": 0.4730287213512762, "kt": 12.187680320378307, "train_sc_a": [16.534839323813426], "train_sc_v": [0.05908346431477462], "val_sc_a": 0, "val_sc_v": 0, "total_sc_a": 0, "total_sc_v": 0}