{"c1": 0.038172945248216766, "c2": 0.3307391654818526, "ch1": 0.01006390899940805, "ch2": 0.09776566870192856, "di": 0.9381486166737457, "dj": 1.6713330981914496, "dk": 0.0, "vw_i": -1.2425379935225198, "vw_j": -0.22107172030632335, "kt": 9.261673832750137, "train_sc_a": [0.7047370342271055], "train_sc_v": [0.007991427245397514], "val_sc_a": 0, "val_sc_v": 0, "total_sc_a": 0, "total_sc_v": 0}