{"c1": 0.02908023942109497, "c2": 0.23379751311988245, "ch1": 0.017252338514088604, "ch2": 0.09782660009759701, "di": 2.108632558107084, "dj": 1.2981497148291175, "dk": 0.1467411985577742, "vw_i": -0.9924843732394593, "vw_j": 0.1330064172406704, "kt": 10.881888746778793, "train_sc_a": [0.5703242141662375], "train_sc_v": [0.006429812127483822], "val_sc_a": 0, "val_sc_v": 0, "total_sc_a": 0, "total_sc_v": 0}