{"c1": 0.03237414305786593, "c2": 0.29512171789940694, "ch1": -0.49273318542405475, "ch2": 0.05556139407242312, "di": 5.143908308026774, "dj": 4.45731290835439, "dk": 0.0, "vw_i": -0.5754905199718934, "vw_j": -0.1953285358482473, "kt": 8.841730935633677, "train_sc_a": [43.827322692403115], "train_sc_v": [0.18330454318102324], "val_sc_a": 0, "val_sc_v": 0, "total_sc_a": 0, "total_sc_v": 0}