{"c1": 0.04364827484943773, "c2": 0.5220487077486112, "ch1": 0.2472181709635054, "ch2": 0.12267774609267872, "di": 3.1692917693683, "dj": 36.90121333626587, "dk": 0.0, "vw_i": -1.0736148113817712, "vw_j": 1.6538650081999553, "kt": 9.763563200081844, "train_sc_a": [40.289717113758606], "train_sc_v": [0.16635882025741106], "val_sc_a": 0, "val_sc_v": 0, "total_sc_a": 0, "total_sc_v": 0}