{"c1": 0.05295112947126284, "c2": 0.6012034487665532, "ch1": -0.050372771877427294, "ch2": 0.10605515687629077, "di": 3.5507779913016337, "dj": 5.924145579097504, "dk": 0.5202997480394138, "vw_i": -0.6045669076547011, "vw_j": -0.0290477536842023, "kt": 8.914746549508603, "train_sc_a": [0.33390050101784396], "train_sc_v": [0.0032846399132732645], "val_sc_a": 0, "val_sc_v": 0, "total_sc_a": 0, "total_sc_v": 0}