{"c1": 0.03959605631782079, "c2": 0.3772714704623837, "ch1": 0.023476989670424407, "ch2": 0.0991508716336675, "di": 2.3993319852290433, "dj": 0.0, "dk": 0.0, "vw_i": 1.1855249348106605, "vw_j": -0.27630611044296116, "kt": 12.687854895003234, "train_sc_a": [1.2229969173819313], "train_sc_v": [0.014404925402278158], "val_sc_a": 0, "val_sc_v": 0, "total_sc_a": 0, "total_sc_v": 0}