{"c1": 0.05164799684117381, "c2": 0.5361130629864377, "ch1": -0.1148571549572282, "ch2": 0.09884101645804089, "di": 2.9212070186077126, "dj": 4.707192426619781, "dk": 0.06535538018524113, "vw_i": 0.2778359541496368, "vw_j": 0.3736453774455877, "kt": 8.880952606928542, "train_sc_a": [2.393750112887722], "train_sc_v": [0.009351644409928979], "val_sc_a": 0, "val_sc_v": 0, "total_sc_a": 0, "total_sc_v": 0}