{"c1": 0.046141600289436674, "c2": 0.4834759226218098, "ch1": 0.00039596161447076443, "ch2": 0.10349874709495883, "di": 2.080260982653661, "dj": 0.06745431398205881, "dk": 5.055946864456991, "vw_i": -0.2797173073728475, "vw_j": 0.9525627710031059, "kt": 12.044584107948591, "train_sc_a": [0.5068644596857452], "train_sc_v": [0.005877134726788875], "val_sc_a": 0, "val_sc_v": 0, "total_sc_a": 0, "total_sc_v": 0}