{"c1": 0.05088591058291586, "c2": 0.5382865430059883, "ch1": 0.004718250085764109, "ch2": 0.10688325345369866, "di": 1.3274883414668726, "dj": 1.4467677489216813, "dk": 0.0, "vw_i": -1.7258766702916755, "vw_j": -0.4900975647045456, "kt": 10.321753204659261, "train_sc_a": [0.5631972158293912], "train_sc_v": [0.011579936364187493], "val_sc_a": 0, "val_sc_v": 0, "total_sc_a": 0, "total_sc_v": 0}