{"c1": 0.045875858114912224, "c2": 0.48148637666017, "ch1": -0.030636457616313888, "ch2": 0.10083161024576076, "di": 11.138395724401175, "dj": 8.72187262542198, "dk": 0.0, "vw_i": -1.71643889538583, "vw_j": 0.7685071732987653, "kt": 11.990790926081582, "train_sc_a": [0.2576188296598188], "train_sc_v": [0.0007611252345122873], "val_sc_a": 0, "val_sc_v": 0, "total_sc_a": 0, "total_sc_v": 0}