{"c1": 0.019090446082478577, "c2": 0.10496311236093457, "ch1": 0.007688691187387576, "ch2": 0.09352566247418663, "di": 0.9784927419618357, "dj": 1.0272237201384493, "dk": 1.1493630205170735, "vw_i": -1.7868723228855885, "vw_j": -0.25030956065203736, "kt": 5.124293841355235, "train_sc_a": [0.4966247902931374], "train_sc_v": [0.0076865439094118155], "val_sc_a": 0, "val_sc_v": 0, "total_sc_a": 0, "total_sc_v": 0}