{"c1": 0.025717067073251908, "c2": 0.21703492466353694, "ch1": -0.006533115318809153, "ch2": 0.09265836216478796, "di": 3.307772307880995, "dj": 1.9361714330347688, "dk": 4.452041074983903, "vw_i": -1.6323692549465125, "vw_j": -0.15029842944923505, "kt": 13.691709830144076, "train_sc_a": [0.2610032397799151], "train_sc_v": [0.004813954282649943], "val_sc_a": 0, "val_sc_v": 0, "total_sc_a": 0, "total_sc_v": 0}