{"c1": 0.028167600332616418, "c2": 0.11120977094293304, "ch1": 0.011465829379239956, "ch2": 0.09445422010898841, "di": 0.4885079980142423, "dj": 0.728980316218791, "dk": 4.875152499390183, "vw_i": 2.056643587057364, "vw_j": 2.9405990961009043, "kt": 10.708746168223982, "train_sc_a": [6.447446891390746], "train_sc_v": [0.030366645015378505], "val_sc_a": 0, "val_sc_v": 0, "total_sc_a": 0, "total_sc_v": 0}