{"c1": 0.052365055672949135, "c2": 0.5537965582814935, "ch1": -0.437906979882958, "ch2": 0.0737358472170988, "di": 1.7186270641714767, "dj": 7.6696327730016955, "dk": 0.0, "vw_i": -5.729273736459007, "vw_j": -3.772478396471191, "kt": 7.4192746812804575, "train_sc_a": [11.975497296565198], "train_sc_v": [0.0423002380211301], "val_sc_a": 0, "val_sc_v": 0, "total_sc_a": 0, "total_sc_v": 0}