{"c1": 0.044987537146325245, "c2": 0.46024609878022527, "ch1": -0.012007048629684854, "ch2": 0.10363436210941306, "di": 2.4349621097051095, "dj": 4.54560732981122, "dk": 0.4928077063764904, "vw_i": -0.04444183040762757, "vw_j": 0.16939382861897606, "kt": 10.40317677993862, "train_sc_a": [0.5433918106928132], "train_sc_v": [0.002649244432032917], "val_sc_a": 0, "val_sc_v": 0, "total_sc_a": 0, "total_sc_v": 0}