{"c1": 0.017099196345470413, "c2": 0.14464908218514824, "ch1": -0.44852664702564254, "ch2": 0.059951222269548195, "di": 3.7180123996394143, "dj": 1.6134501840191873, "dk": 1.2433054589115924, "vw_i": 0.9891379030695457, "vw_j": 0.34504703352132154, "kt": 9.712958905271888, "train_sc_a": [8.097840977867593], "train_sc_v": [0.031478774371392314], "val_sc_a": 0, "val_sc_v": 0, "total_sc_a": 0, "total_sc_v": 0}