{"c1": 0.028080542799962364, "c2": 0.21765875753295505, "ch1": 0.005108874826110009, "ch2": 0.09394679470375723, "di": 0.8493287172615986, "dj": 0.647583244735256, "dk": 0.0, "vw_i": -1.3467364517056188, "vw_j": -0.28382314548764326, "kt": 13.023438786831957, "train_sc_a": [0.25163664365257626], "train_sc_v": [0.001229287457992609], "val_sc_a": 0, "val_sc_v": 0, "total_sc_a": 0, "total_sc_v": 0}