{"c1": 0.04481478983256402, "c2": 0.4626877743959903, "ch1": -0.06790926762146643, "ch2": 0.09800120338943849, "di": 19.2937432846674, "dj": 10.38058043870534, "dk": 0.0, "vw_i": -1.8241835401852446, "vw_j": 0.12633541745217458, "kt": 12.870578661676435, "train_sc_a": [1.4592423832618546], "train_sc_v": [0.012130069474274219], "val_sc_a": 0, "val_sc_v": 0, "total_sc_a": 0, "total_sc_v": 0}