{"c1": 0.024578507434788212, "c2": 0.311897726296813, "ch1": -0.19305836726417802, "ch2": 0.08203122317698638, "di": 1.2366268234536781, "dj": 1.117735902194283, "dk": 0.22321721856139107, "vw_i": -0.28496438603412416, "vw_j": -0.7150628437899678, "kt": 10.586736825029599, "train_sc_a": [4.5041277690124], "train_sc_v": [0.020007105139200853], "val_sc_a": 0, "val_sc_v": 0, "total_sc_a": 0, "total_sc_v": 0}