{"c1": 0.03159347894615591, "c2": 0.2443019546516347, "ch1": -0.011709549186320906, "ch2": 0.0950107457921884, "di": 5.322873832680433, "dj": 3.2443064344720023, "dk": 0.4455333906273112, "vw_i": -2.013504646285606, "vw_j": -0.7723140728761322, "kt": 6.878402533603401, "train_sc_a": [0.3228704906319472], "train_sc_v": [0.001017245561191168], "val_sc_a": 0, "val_sc_v": 0, "total_sc_a": 0, "total_sc_v": 0}