{"c1": 0.031799089294477695, "c2": 0.2425868968640789, "ch1": -0.023483625527258918, "ch2": 0.09401665005791707, "di": 5.337876295189611, "dj": 2.6989739638172736, "dk": 0.0, "vw_i": -1.9609409397521993, "vw_j": -0.7328123518025248, "kt": 6.8724825224025645, "train_sc_a": [0.2681821583294314], "train_sc_v": [0.0009446479202129881], "val_sc_a": 0, "val_sc_v": 0, "total_sc_a": 0, "total_sc_v": 0}