{"c1": 0.04795733156724615, "c2": 0.4620234805921323, "ch1": -0.5614849077465938, "ch2": 0.05688414338838614, "di": 12.299088959671396, "dj": 5.469150579982114, "dk": 0.0, "vw_i": -0.9331744653581895, "vw_j": -0.8147767094365843, "kt": 12.072880481421459, "train_sc_a": [47.187501917047754], "train_sc_v": [0.19294259783118456], "val_sc_a": 0, "val_sc_v": 0, "total_sc_a": 0, "total_sc_v": 0}