{"c1": 0.044340383251460044, "c2": 0.4624807013385148, "ch1": 0.006049012917978567, "ch2": 0.10445934211275797, "di": 3.3321978714836673, "dj": 0.9658610553115441, "dk": 0.23094424173031586, "vw_i": -0.5548220737357294, "vw_j": 0.14986296946781588, "kt": 10.785014716730686, "train_sc_a": [0.39522782455024974], "train_sc_v": [0.00522256205908043], "val_sc_a": 0, "val_sc_v": 0, "total_sc_a": 0, "total_sc_v": 0}