{"c1": 0.04478888309390902, "c2": 0.46102231391316534, "ch1": 0.005177708386913508, "ch2": 0.10471816089312783, "di": 1.4280291215852017, "dj": 1.8430785477245142, "dk": 0.0, "vw_i": -0.6066157254143805, "vw_j": 0.09717209062436054, "kt": 10.662237079226882, "train_sc_a": [0.9540735182963801], "train_sc_v": [0.008203490310015635], "val_sc_a": 0, "val_sc_v": 0, "total_sc_a": 0, "total_sc_v": 0}