{"c1": 0.04503073219480637, "c2": 0.5043243860364145, "ch1": 0.010233671629493719, "ch2": 0.105576365308457, "di": 1.896233792017513, "dj": 2.8072510097030254, "dk": 4.464461954542374, "vw_i": -2.8053351864710874, "vw_j": 0.10779194619527664, "kt": 9.644561708377756, "train_sc_a": [0.6646890347903238], "train_sc_v": [0.009345739060871345], "val_sc_a": 0, "val_sc_v": 0, "total_sc_a": 0, "total_sc_v": 0}