{"c1": 0.02526000878926705, "c2": 0.18145233339058414, "ch1": -0.02379420615896948, "ch2": 0.09183801070588601, "di": 4.891624686037034, "dj": 6.69040747285965, "dk": 2.3921446071362937, "vw_i": -1.1549634901824266, "vw_j": -0.5009180021127003, "kt": 12.558749421509896, "train_sc_a": [0.3263352784676392], "train_sc_v": [0.0030616198873631255], "val_sc_a": 0, "val_sc_v": 0, "total_sc_a": 0, "total_sc_v": 0}