{"c1": 0.039203886397426724, "c2": 0.3800760225572615, "ch1": 0.026954598364715903, "ch2": 0.09928866243701773, "di": 0.8480564241345228, "dj": 1.1997851597658142, "dk": 0.018576548581152673, "vw_i": 0.29032626472356055, "vw_j": -0.4567641077902768, "kt": 12.568125242434125, "train_sc_a": [0.4545270222195374], "train_sc_v": [0.005831158589952147], "val_sc_a": 0, "val_sc_v": 0, "total_sc_a": 0, "total_sc_v": 0}