{"c1": 0.02381812827609477, "c2": 0.18213019480720408, "ch1": -0.02276149775873445, "ch2": 0.09155478663299244, "di": 3.140221910651083, "dj": 2.9136839287577168, "dk": 1.8874485807672636, "vw_i": -2.1026401538384736, "vw_j": -0.9398063503621754, "kt": 13.806015780614345, "train_sc_a": [0.45672238636887336], "train_sc_v": [0.0064529666395118125], "val_sc_a": 0, "val_sc_v": 0, "total_sc_a": 0, "total_sc_v": 0}