{"c1": 0.02651874932758023, "c2": 0.22081166645260022, "ch1": -0.023944014280702298, "ch2": 0.09117268344228396, "di": 3.614544327589961, "dj": 5.007745866162422, "dk": 0.0, "vw_i": 0.3081317481863247, "vw_j": 0.08682443823975744, "kt": 13.024009984398042, "train_sc_a": [0.49058054970616666], "train_sc_v": [0.0034002133783871944], "val_sc_a": 0, "val_sc_v": 0, "total_sc_a": 0, "total_sc_v": 0}