{"c1": 0.03250546542832478, "c2": 0.334035907252336, "ch1": -0.3316887081207423, "ch2": 0.07153868110739088, "di": 5.0953235177119, "dj": 2.0902523490800977, "dk": 0.0, "vw_i": -0.20411372811050932, "vw_j": 1.6724494666406082, "kt": 7.310429028199813, "train_sc_a": [10.846693448338648], "train_sc_v": [0.044561072783989256], "val_sc_a": 0, "val_sc_v": 0, "total_sc_a": 0, "total_sc_v": 0}