{"c1": 0.046707659019953746, "c2": 0.4822454036706833, "ch1": -0.020124591185821324, "ch2": 0.10226541629244104, "di": 2.3405417562325623, "dj": 3.9640449092458883, "dk": 0.1318279996575454, "vw_i": -0.3363585864641948, "vw_j": -0.035252585084946504, "kt": 7.945985095971651, "train_sc_a": [0.3654378174738888], "train_sc_v": [0.0016503207064638165], "val_sc_a": 0, "val_sc_v": 0, "total_sc_a": 0, "total_sc_v": 0}