{"c1": 0.054166214861046655, "c2": 0.5872378969395423, "ch1": 0.011106580118804618, "ch2": 0.1101012619880344, "di": 1.417587599467163, "dj": 4.485224245175045, "dk": 0.0, "vw_i": -0.8129461183121047, "vw_j": 0.5509828619104578, "kt": 8.702725171505662, "train_sc_a": [0.6842423540609014], "train_sc_v": [0.003571776404329126], "val_sc_a": 0, "val_sc_v": 0, "total_sc_a": 0, "total_sc_v": 0}