{"c1": 0.03221565574714331, "c2": 0.2631600086585547, "ch1": 0.024375665008164918, "ch2": 0.0998815503369646, "di": 4.184658438030167, "dj": 0.4323973010208846, "dk": 0.028124633807213074, "vw_i": 0.6315907916833725, "vw_j": -0.09056235749647813, "kt": 6.292376961102921, "train_sc_a": [0.42185262213497876], "train_sc_v": [0.005602217705697261], "val_sc_a": 0, "val_sc_v": 0, "total_sc_a": 0, "total_sc_v": 0}