{"c1": 0.0512947033913696, "c2": 0.5387895649143671, "ch1": -0.0959760737958817, "ch2": 0.0998654109180531, "di": 4.491497980920446, "dj": 2.4832040557065618, "dk": 0.2771864404227679, "vw_i": -0.06004421359751849, "vw_j": 0.30885509180409954, "kt": 9.0491534081934, "train_sc_a": [2.173553908722767], "train_sc_v": [0.01704370652490797], "val_sc_a": 0, "val_sc_v": 0, "total_sc_a": 0, "total_sc_v": 0}