{"c1": 0.03864094191680733, "c2": 0.38563577360059376, "ch1": 0.026428633335298567, "ch2": 0.09915381353168494, "di": 3.969643826948847, "dj": 4.071799141836494, "dk": 0.0, "vw_i": -0.8530811161448376, "vw_j": -0.27899860453659636, "kt": 12.578612807850492, "train_sc_a": [0.5145770662438309], "train_sc_v": [0.00342315829745687], "val_sc_a": 0, "val_sc_v": 0, "total_sc_a": 0, "total_sc_v": 0}