{"c1": 0.04427164493064697, "c2": 0.4637604855121993, "ch1": -0.4854865519250954, "ch2": 0.06365443776600668, "di": 2.2502347945595917, "dj": 4.808448113802948, "dk": 0.0, "vw_i": 0.6248941608121594, "vw_j": 0.6420889496794567, "kt": 10.72331626580399, "train_sc_a": [47.88453764036923], "train_sc_v": [0.19965272626338884], "val_sc_a": 0, "val_sc_v": 0, "total_sc_a": 0, "total_sc_v": 0}