{"c1": 0.019304320909938208, "c2": 0.11479234101792127, "ch1": -0.008064937649192907, "ch2": 0.09196274739903845, "di": 1.0390201856107786, "dj": 1.5672498497204712, "dk": 2.522737791699112, "vw_i": -1.792191628714248, "vw_j": -0.506906642228392, "kt": 8.945378182783923, "train_sc_a": [0.37200451856931027], "train_sc_v": [0.006247315518075814], "val_sc_a": 0, "val_sc_v": 0, "total_sc_a": 0, "total_sc_v": 0}