{"c1": 0.059293538646212694, "c2": 0.5540734444285133, "ch1": -0.0028193160553920326, "ch2": 0.10987382462520781, "di": 2.560372605018546, "dj": 1.2223642210662278, "dk": 2.276175441812175, "vw_i": -0.8726515375470769, "vw_j": -0.9928126156527044, "kt": 9.415658815611312, "train_sc_a": [0.3604149477433216], "train_sc_v": [0.001988285680267837], "val_sc_a": 0, "val_sc_v": 0, "total_sc_a": 0, "total_sc_v": 0}