{"c1": 0.05212084719053412, "c2": 0.5537844498427864, "ch1": -0.0062758930279651825, "ch2": 0.10708148473681944, "di": 8.860014139681036, "dj": 5.307027051726766, "dk": 0.0945107269746434, "vw_i": -0.36816750664152953, "vw_j": -0.6253038062808014, "kt": 8.316884208796488, "train_sc_a": [0.4371061983234198], "train_sc_v": [0.0060060189774140205], "val_sc_a": 0, "val_sc_v": 0, "total_sc_a": 0, "total_sc_v": 0}