{"c1": 0.039111113958371725, "c2": 0.3706628112918408, "ch1": 0.0030600086005428163, "ch2": 0.09743284094124384, "di": 3.551056286928542, "dj": 2.0039142851308576, "dk": 0.0, "vw_i": -1.3629708227429225, "vw_j": 0.05003784573055782, "kt": 7.957495232260858, "train_sc_a": [0.3204145354264763], "train_sc_v": [0.006863955709403688], "val_sc_a": 0, "val_sc_v": 0, "total_sc_a": 0, "total_sc_v": 0}