{"c1": 0.024161194393482636, "c2": 0.17922813833572027, "ch1": -0.014858111599664011, "ch2": 0.09214270930246457, "di": 3.599795049595439, "dj": 3.7319502257096673, "dk": 0.24069378339464306, "vw_i": -2.5483730372358253, "vw_j": -1.1432014948443427, "kt": 13.721155808620363, "train_sc_a": [0.4434733567577571], "train_sc_v": [0.008510637004522564], "val_sc_a": 0, "val_sc_v": 0, "total_sc_a": 0, "total_sc_v": 0}