{"c1": 0.05386948492200876, "c2": 0.539231625265539, "ch1": -0.054381111709430933, "ch2": 0.10346132880092909, "di": 0.0, "dj": 7.084673999549818, "dk": 0.0, "vw_i": -2.9612862691657584, "vw_j": -0.3405670089966738, "kt": 10.779450060478567, "train_sc_a": [0.83432596038815], "train_sc_v": [0.010299089719707196], "val_sc_a": 0, "val_sc_v": 0, "total_sc_a": 0, "total_sc_v": 0}