{"c1": 0.021814004613563222, "c2": 0.1383473372183541, "ch1": 0.013478567547790836, "ch2": 0.09467436105966748, "di": 0.9487148380429691, "dj": 0.1248182016053044, "dk": 0.8734663828625175, "vw_i": -1.4423819931823796, "vw_j": -0.20504975901999986, "kt": 10.917303823677548, "train_sc_a": [0.7333774729176482], "train_sc_v": [0.0025932738210948706], "val_sc_a": 0, "val_sc_v": 0, "total_sc_a": 0, "total_sc_v": 0}