{"c1": 0.028232856800400323, "c2": 0.19724427533572222, "ch1": -0.0060393664298670725, "ch2": 0.0926984747311774, "di": 3.276354946064449, "dj": 2.1863814445060954, "dk": 4.4097553998358165, "vw_i": -1.138379725567823, "vw_j": -0.3267432063899659, "kt": 13.753422627511625, "train_sc_a": [0.3801482993482627], "train_sc_v": [0.0012002231493692746], "val_sc_a": 0, "val_sc_v": 0, "total_sc_a": 0, "total_sc_v": 0}