{"c1": 0.023354729870078608, "c2": 0.18556753000496687, "ch1": -0.01314228044959121, "ch2": 0.09232679781490502, "di": 3.646149760369613, "dj": 3.0870268226585904, "dk": 1.4115590028476481, "vw_i": -2.1069667662323903, "vw_j": -0.8889933086393096, "kt": 13.761726575844, "train_sc_a": [0.3097317215771003], "train_sc_v": [0.0011929601917485876], "val_sc_a": 0, "val_sc_v": 0, "total_sc_a": 0, "total_sc_v": 0}