{"c1": 0.0390356911804201, "c2": 0.38125512814836776, "ch1": 0.049458592143326256, "ch2": 0.10091145871768789, "di": 0.8205170429930358, "dj": 2.77423958601353, "dk": 0.03218774728269025, "vw_i": 0.9477661127233241, "vw_j": -0.2676776934978414, "kt": 12.62925016681102, "train_sc_a": [0.640430020035106], "train_sc_v": [0.005763718093191175], "val_sc_a": 0, "val_sc_v": 0, "total_sc_a": 0, "total_sc_v": 0}