{"c1": 0.052182011905310056, "c2": 0.5557282546425641, "ch1": -0.009330871749785426, "ch2": 0.10700390628490318, "di": 1.5506541180566262, "dj": 7.775677258476868, "dk": 0.0, "vw_i": -1.618088699608013, "vw_j": -0.48925219536703507, "kt": 10.369512137624252, "train_sc_a": [0.24674994866275637], "train_sc_v": [0.0015364983145801005], "val_sc_a": 0, "val_sc_v": 0, "total_sc_a": 0, "total_sc_v": 0}