{"c1": 0.019959418574043854, "c2": 0.12364945828792767, "ch1": -0.0005266126185603432, "ch2": 0.09322256639280516, "di": 1.73678013720198, "dj": 2.234997675428176, "dk": 0.44883338438658216, "vw_i": -1.0890156473047037, "vw_j": -0.44007818356478845, "kt": 8.789794618710788, "train_sc_a": [0.544989135371883], "train_sc_v": [0.005901140340164962], "val_sc_a": 0, "val_sc_v": 0, "total_sc_a": 0, "total_sc_v": 0}