{"c1": 0.051903634140511266, "c2": 0.5554191413289853, "ch1": -0.014096569465811018, "ch2": 0.10664176714309452, "di": 7.814848766633552, "dj": 5.330311653316437, "dk": 0.00012685363823185242, "vw_i": -0.3900811140737758, "vw_j": -0.5736119961179129, "kt": 9.33149890157689, "train_sc_a": [0.5440530328046174], "train_sc_v": [0.008254796212948374], "val_sc_a": 0, "val_sc_v": 0, "total_sc_a": 0, "total_sc_v": 0}