{"c1": 0.02191977056630007, "c2": 0.15943780666418805, "ch1": -0.009555740539463627, "ch2": 0.09291788617613501, "di": 0.8677936698639511, "dj": 0.0, "dk": 2.7811158300284045, "vw_i": -1.4730702432473102, "vw_j": 0.07842388627093243, "kt": 11.001422294886973, "train_sc_a": [0.5961402067200894], "train_sc_v": [0.006560778642352412], "val_sc_a": 0, "val_sc_v": 0, "total_sc_a": 0, "total_sc_v": 0}