{"c1": 0.026888953296501858, "c2": 0.21773446667052446, "ch1": -0.07415724192159909, "ch2": 0.08724416646450395, "di": 3.9269604473405577, "dj": 3.86766027828715, "dk": 0.0, "vw_i": 0.16037085499258202, "vw_j": 0.02362844855025776, "kt": 12.980290993788326, "train_sc_a": [1.090597625453845], "train_sc_v": [0.00967845098897348], "val_sc_a": 0, "val_sc_v": 0, "total_sc_a": 0, "total_sc_v": 0}