{"c1": 0.04768240571963889, "c2": 0.47520438728426495, "ch1": 0.011711157655765412, "ch2": 0.1056602679549792, "di": 1.6941991043688294, "dj": 2.300513604836825, "dk": 0.0, "vw_i": -0.8721312639545632, "vw_j": -0.26019451183456876, "kt": 9.976605326762188, "train_sc_a": [0.2427659778567199], "train_sc_v": [0.0012183252542336566], "val_sc_a": 0, "val_sc_v": 0, "total_sc_a": 0, "total_sc_v": 0}