{"c1": 0.04369565474867421, "c2": 0.4283936702658728, "ch1": -0.49300450294293224, "ch2": 0.055496860781242524, "di": 1.4108523667544288, "dj": 2.4222339901363017, "dk": 0.6001054756124988, "vw_i": -0.6166826420793295, "vw_j": 0.5049316745799458, "kt": 11.696959522860762, "train_sc_a": [46.979851638940154], "train_sc_v": [0.20058098545730263], "val_sc_a": 0, "val_sc_v": 0, "total_sc_a": 0, "total_sc_v": 0}