{"c1": 0.02395417085314772, "c2": 0.18103679980341753, "ch1": -0.020540293556990972, "ch2": 0.09169429786140143, "di": 2.934221596860251, "dj": 2.862986100500111, "dk": 1.8588324804060858, "vw_i": -2.090200780760668, "vw_j": -0.9702906049760506, "kt": 13.81609345826462, "train_sc_a": [0.54267896535667], "train_sc_v": [0.006632488334080177], "val_sc_a": 0, "val_sc_v": 0, "total_sc_a": 0, "total_sc_v": 0}