{"c1": 0.049923372336679865, "c2": 0.45813897853781776, "ch1": 0.17442252583171988, "ch2": 0.11801786132697402, "di": 1.9922026339997596, "dj": 4.648424625951927, "dk": 0.0, "vw_i": -3.128264731130364, "vw_j": -1.4210649406721818, "kt": 8.969641456079248, "train_sc_a": [7.704759002998181], "train_sc_v": [0.031683931168582], "val_sc_a": 0, "val_sc_v": 0, "total_sc_a": 0, "total_sc_v": 0}