{"c1": 0.045752710087411705, "c2": 0.4992935474441746, "ch1": -0.010417847266513292, "ch2": 0.1041534271003251, "di": 2.823716863746615, "dj": 2.136366895619121, "dk": 0.0, "vw_i": -0.8459060445334465, "vw_j": 0.24833303889921485, "kt": 9.824987324648063, "train_sc_a": [0.9472585564586983], "train_sc_v": [0.010284833949206885], "val_sc_a": 0, "val_sc_v": 0, "total_sc_a": 0, "total_sc_v": 0}