{"c1": 0.04799764806844996, "c2": 0.4651690844709932, "ch1": -0.4556852589082907, "ch2": 0.06872282310483788, "di": 8.372027821393608, "dj": 9.439408355127652, "dk": 0.11755922421024347, "vw_i": -3.1026080689424544, "vw_j": -2.786875934026699, "kt": 11.689504301809729, "train_sc_a": [14.019333635617821], "train_sc_v": [0.055873998056562305], "val_sc_a": 0, "val_sc_v": 0, "total_sc_a": 0, "total_sc_v": 0}