{"c1": 0.02128527102214715, "c2": 0.16288450799922147, "ch1": 0.010197994020054769, "ch2": 0.09433533943302948, "di": 0.627468360439663, "dj": 0.6295139365180422, "dk": 5.073489989700024, "vw_i": -2.083421479414146, "vw_j": 0.031075323698733982, "kt": 10.932237353065716, "train_sc_a": [0.2649596703876154], "train_sc_v": [0.005204488570752919], "val_sc_a": 0, "val_sc_v": 0, "total_sc_a": 0, "total_sc_v": 0}