{"c1": 0.027541484768017002, "c2": 0.2218695573949254, "ch1": 0.004994285504463163, "ch2": 0.09391476990845851, "di": 0.7606045905489339, "dj": 0.5109695655553358, "dk": 0.0, "vw_i": -1.2874286833215296, "vw_j": -0.21322169492505388, "kt": 13.077031014284543, "train_sc_a": [0.5021023120492802], "train_sc_v": [0.007957695078474483], "val_sc_a": 0, "val_sc_v": 0, "total_sc_a": 0, "total_sc_v": 0}