{"c1": 0.04697876721959969, "c2": 0.4892998158266087, "ch1": -0.027192680510920133, "ch2": 0.10239991224666996, "di": 2.217054608338833, "dj": 2.494027913682151, "dk": 0.0, "vw_i": -4.996804704244911, "vw_j": -1.1251681825591195, "kt": 9.864807423590484, "train_sc_a": [0.9793704594356204], "train_sc_v": [0.0038461472070894444], "val_sc_a": 0, "val_sc_v": 0, "total_sc_a": 0, "total_sc_v": 0}