{"c1": 0.03809534619691551, "c2": 0.34846452245972204, "ch1": 0.013560760299165073, "ch2": 0.09800289146781459, "di": 2.023258551314294, "dj": 0.902337787162389, "dk": 0.0, "vw_i": -1.2755791321676866, "vw_j": -0.12078086546043448, "kt": 8.25392268125518, "train_sc_a": [0.5906200028709274], "train_sc_v": [0.0034736998055667034], "val_sc_a": 0, "val_sc_v": 0, "total_sc_a": 0, "total_sc_v": 0}