{"c1": 0.01982000177286317, "c2": 0.11690476394587604, "ch1": 0.0030444356791317403, "ch2": 0.09345742172071606, "di": 1.9158638922096878, "dj": 1.1383758430435829, "dk": 0.045104586970760134, "vw_i": -1.579438157435535, "vw_j": -0.8010663962244684, "kt": 8.90186395133617, "train_sc_a": [0.27728339878300934], "train_sc_v": [0.004971263956901092], "val_sc_a": 0, "val_sc_v": 0, "total_sc_a": 0, "total_sc_v": 0}