{"c1": 0.045891168624487215, "c2": 0.4509064643545802, "ch1": -0.04769036506516807, "ch2": 0.1007424253909243, "di": 2.784732198281444, "dj": 3.750332795155716, "dk": 0.0, "vw_i": 0.30120710466664763, "vw_j": 0.04098002005761963, "kt": 10.330872215499733, "train_sc_a": [0.5474548095660678], "train_sc_v": [0.00496290958260986], "val_sc_a": 0, "val_sc_v": 0, "total_sc_a": 0, "total_sc_v": 0}