{"c1": 0.044153037876398654, "c2": 0.4680677551166982, "ch1": -0.3879662044200584, "ch2": 0.07279693718324287, "di": 6.644945433651007, "dj": 18.54406705889992, "dk": 0.0, "vw_i": -0.3255958535424372, "vw_j": 0.0823997698774071, "kt": 13.605986082417932, "train_sc_a": [5.6826966277690145], "train_sc_v": [0.025911097318880656], "val_sc_a": 0, "val_sc_v": 0, "total_sc_a": 0, "total_sc_v": 0}