{"c1": 0.04271676780416259, "c2": 0.4483171542711015, "ch1": -0.45276224604870535, "ch2": 0.06375483327854745, "di": 0.8270113268553259, "dj": 2.2638640728401422, "dk": 1.1903252005927416, "vw_i": 0.9043936307106186, "vw_j": 1.4176297210295987, "kt": 11.597139862795757, "train_sc_a": [8.450472362798502], "train_sc_v": [0.03714409054276821], "val_sc_a": 0, "val_sc_v": 0, "total_sc_a": 0, "total_sc_v": 0}