{"c1": 0.028062718889298784, "c2": 0.20730990370486, "ch1": -0.004438403465959013, "ch2": 0.09290549489932268, "di": 1.595378496273863, "dj": 0.749175178301984, "dk": 0.8490748621674791, "vw_i": -0.4462769402307847, "vw_j": -0.1659402096289586, "kt": 12.913242751110054, "train_sc_a": [1.5685132785083937], "train_sc_v": [0.012641715796187194], "val_sc_a": 0, "val_sc_v": 0, "total_sc_a": 0, "total_sc_v": 0}