{"c1": 0.044436373436573584, "c2": 0.5932628594131691, "ch1": 0.0018724070841114248, "ch2": 0.10748645430880223, "di": 2.3661067542749743, "dj": 3.7502392180896105, "dk": 0.19237431092057103, "vw_i": -1.4992255152833942, "vw_j": -0.4741637575350245, "kt": 9.169918755330874, "train_sc_a": [2.5567478208759735], "train_sc_v": [0.010684488926438283], "val_sc_a": 0, "val_sc_v": 0, "total_sc_a": 0, "total_sc_v": 0}