{"c1": 0.02416036998445057, "c2": 0.17918415902040635, "ch1": -0.03353276715581993, "ch2": 0.09062651478255261, "di": 3.5990461536264147, "dj": 3.584119693484681, "dk": 0.0, "vw_i": -2.42218274478443, "vw_j": -1.0581634211140458, "kt": 13.684063335329522, "train_sc_a": [0.7478175305406559], "train_sc_v": [0.010435965770131653], "val_sc_a": 0, "val_sc_v": 0, "total_sc_a": 0, "total_sc_v": 0}