{"c1": 0.028544106349568624, "c2": 0.23565908733007884, "ch1": -0.024665993473247633, "ch2": 0.09180608707898248, "di": 5.015699346973845, "dj": 1.4827629962971622, "dk": 0.0, "vw_i": -0.881925239242831, "vw_j": -0.49272233888597383, "kt": 11.568233375821444, "train_sc_a": [2.725536112936931], "train_sc_v": [0.015240037618861283], "val_sc_a": 0, "val_sc_v": 0, "total_sc_a": 0, "total_sc_v": 0}