{"c1": 0.021455570741383254, "c2": 0.16174066771086723, "ch1": 0.011545415973744288, "ch2": 0.09442861738374775, "di": 1.013215225283437, "dj": 0.4276334285057179, "dk": 5.602134738110465, "vw_i": -2.0728859287722794, "vw_j": 0.15546809007529633, "kt": 10.933072975254222, "train_sc_a": [0.3315758055776763], "train_sc_v": [0.005033881134271982], "val_sc_a": 0, "val_sc_v": 0, "total_sc_a": 0, "total_sc_v": 0}