{"c1": 0.04584150573265158, "c2": 0.48161355221273805, "ch1": -0.03982203365567799, "ch2": 0.10018621721089643, "di": 10.886637810608908, "dj": 8.721971430406146, "dk": 0.0, "vw_i": -1.6843395216544477, "vw_j": 0.7751312673126234, "kt": 11.979805327105774, "train_sc_a": [0.24722730774384383], "train_sc_v": [0.0006897987260501707], "val_sc_a": 0, "val_sc_v": 0, "total_sc_a": 0, "total_sc_v": 0}