{"c1": 0.027434038647490777, "c2": 0.24364588189972883, "ch1": 0.010410348017253669, "ch2": 0.09489027195794614, "di": 5.045087443916664, "dj": 1.2555781790961908, "dk": 0.026413128772503562, "vw_i": -0.8612634187773291, "vw_j": -0.4217583222379595, "kt": 11.439787235982065, "train_sc_a": [0.8528123431380896], "train_sc_v": [0.0050626437572077266], "val_sc_a": 0, "val_sc_v": 0, "total_sc_a": 0, "total_sc_v": 0}