{"c1": 0.05430486727115651, "c2": 0.5143492318176558, "ch1": -0.35081414977984576, "ch2": 0.0815619133424615, "di": 1.0458342258288835, "dj": 0.3219119028328638, "dk": 5.242120276122513, "vw_i": -3.799719727111695, "vw_j": -1.5662791398497529, "kt": 10.423367507948653, "train_sc_a": [11.897884468520399], "train_sc_v": [0.050011193860440714], "val_sc_a": 0, "val_sc_v": 0, "total_sc_a": 0, "total_sc_v": 0}