{"c1": 0.033554966110218624, "c2": 0.32817722550478734, "ch1": -0.06687307932794019, "ch2": 0.0920599062502092, "di": 3.7097971588701375, "dj": 2.0978909550401554, "dk": 0.0, "vw_i": -0.23472239702014175, "vw_j": -0.12077682957921723, "kt": 9.750686880510411, "train_sc_a": [1.2293998477669947], "train_sc_v": [0.004431300029481963], "val_sc_a": 0, "val_sc_v": 0, "total_sc_a": 0, "total_sc_v": 0}