{"c1": 0.030567800214107387, "c2": 0.21312954488030106, "ch1": -0.43019660862517856, "ch2": 0.062363586184247394, "di": 0.32960687819027085, "dj": 2.279096382760113, "dk": 0.7501495960988275, "vw_i": 0.3080102209602284, "vw_j": 0.3844571688120904, "kt": 12.881002773050696, "train_sc_a": [4.333167989070376], "train_sc_v": [0.018219270642243508], "val_sc_a": 0, "val_sc_v": 0, "total_sc_a": 0, "total_sc_v": 0}