{"c1": 0.02252960899177811, "c2": 0.29760961224812615, "ch1": 0.05722871856323461, "ch2": 0.09790292666449957, "di": 0.9665064967365038, "dj": 1.1962004409595157, "dk": 0.0, "vw_i": -1.8574864457428406, "vw_j": -0.42681846101130316, "kt": 11.543147109395687, "train_sc_a": [4.537525433278964], "train_sc_v": [0.016376712842674727], "val_sc_a": 0, "val_sc_v": 0, "total_sc_a": 0, "total_sc_v": 0}