{"c1": 0.047966791967532674, "c2": 0.43895037156057193, "ch1": -0.04980111027752275, "ch2": 0.09965868868078165, "di": 13.431202963771518, "dj": 14.249946826754147, "dk": 0.0, "vw_i": -0.8726860040644656, "vw_j": -0.5783435551921874, "kt": 11.944552504109868, "train_sc_a": [0.2927850495099862], "train_sc_v": [0.0008060239085717601], "val_sc_a": 0, "val_sc_v": 0, "total_sc_a": 0, "total_sc_v": 0}