{"c1": 0.05141513255486901, "c2": 0.5590473515893559, "ch1": -0.03314839518435555, "ch2": 0.10519672071658082, "di": 6.9080720083610405, "dj": 6.448556401087801, "dk": 0.0, "vw_i": -0.589151009162016, "vw_j": -0.4956081127038608, "kt": 8.304778336351779, "train_sc_a": [0.8836171748190723], "train_sc_v": [0.00775057323420427], "val_sc_a": 0, "val_sc_v": 0, "total_sc_a": 0, "total_sc_v": 0}