{"c1": 0.04815274950389816, "c2": 0.4374190266974858, "ch1": -0.051468081275008605, "ch2": 0.09951874264109893, "di": 13.338470542314921, "dj": 14.286644546917113, "dk": 0.0, "vw_i": -0.8850584461580973, "vw_j": -0.5580271091363262, "kt": 11.90708996191876, "train_sc_a": [0.2682668267906453], "train_sc_v": [0.0008774721588265989], "val_sc_a": 0, "val_sc_v": 0, "total_sc_a": 0, "total_sc_v": 0}