{"c1": 0.043090073194922134, "c2": 0.4323103082989727, "ch1": 0.007773378852101883, "ch2": 0.09857715248972691, "di": 8.430202319487957, "dj": 4.913486644271613, "dk": 0.1471718179819298, "vw_i": -0.8298258627267461, "vw_j": -0.1817799779639499, "kt": 10.253880723821855, "train_sc_a": [0.5134812805314811], "train_sc_v": [0.0069518103878572525], "val_sc_a": 0, "val_sc_v": 0, "total_sc_a": 0, "total_sc_v": 0}