{"c1": 0.053359488023614426, "c2": 0.5633699051575409, "ch1": 0.000906557431367385, "ch2": 0.10771605404627727, "di": 6.711016353228573, "dj": 4.0637244338494645, "dk": 0.0, "vw_i": -0.5842675192402256, "vw_j": 0.5580200366642002, "kt": 7.643724284179995, "train_sc_a": [0.5445581771433002], "train_sc_v": [0.008277221511427667], "val_sc_a": 0, "val_sc_v": 0, "total_sc_a": 0, "total_sc_v": 0}