{"c1": 0.04694955706116282, "c2": 0.49721487386258717, "ch1": -0.005278738905961479, "ch2": 0.10451904042855718, "di": 0.025896057258269125, "dj": 1.8924340777491375, "dk": 0.04015132864563744, "vw_i": -1.0857434671959871, "vw_j": -0.7004969614776446, "kt": 9.906438950757114, "train_sc_a": [0.4505400582613035], "train_sc_v": [0.004539508258258975], "val_sc_a": 0, "val_sc_v": 0, "total_sc_a": 0, "total_sc_v": 0}