{"c1": 0.05110443394792026, "c2": 0.5401484714564667, "ch1": -0.001853433627501449, "ch2": 0.10720154045031106, "di": 2.67950070035657, "dj": 4.048451602215604, "dk": 0.20208207062101588, "vw_i": -0.6348069501276825, "vw_j": 0.07891714988422244, "kt": 8.869315939215141, "train_sc_a": [0.3554819295827764], "train_sc_v": [0.005439446763447742], "val_sc_a": 0, "val_sc_v": 0, "total_sc_a": 0, "total_sc_v": 0}