{"c1": 0.04678213711089801, "c2": 0.4906573876973716, "ch1": -0.040443860593684426, "ch2": 0.10141191689375052, "di": 2.3494673652721803, "dj": 2.7051871136639547, "dk": 0.0, "vw_i": -4.865456907089967, "vw_j": -1.1157499980250205, "kt": 9.87444468231506, "train_sc_a": [1.9674427728576809], "train_sc_v": [0.008001615975898468], "val_sc_a": 0, "val_sc_v": 0, "total_sc_a": 0, "total_sc_v": 0}