{"c1": 0.039315262024686694, "c2": 0.3897837332151528, "ch1": -0.01061529288977527, "ch2": 0.09613434949441262, "di": 3.8620248503519345, "dj": 4.101980013921449, "dk": 0.0, "vw_i": -1.6958873681637796, "vw_j": -0.0919013932737093, "kt": 8.96190609258337, "train_sc_a": [0.9209792319161414], "train_sc_v": [0.007001140928044638], "val_sc_a": 0, "val_sc_v": 0, "total_sc_a": 0, "total_sc_v": 0}