{"c1": 0.03142914883532595, "c2": 0.28665811879193215, "ch1": 0.005763557660136055, "ch2": 0.0983733402028154, "di": 1.3570735943479275, "dj": 2.4817388653293873, "dk": 0.0, "vw_i": 0.2513240816118775, "vw_j": 0.42661352630387794, "kt": 7.448958740380187, "train_sc_a": [0.4863265937484795], "train_sc_v": [0.010376056208990138], "val_sc_a": 0, "val_sc_v": 0, "total_sc_a": 0, "total_sc_v": 0}