{"c1": 0.05445904671130499, "c2": 0.5852423230633715, "ch1": -0.08933766507115928, "ch2": 0.10275434878946639, "di": 0.8071774769021742, "dj": 3.7963372625875444, "dk": 0.0, "vw_i": -2.2493836166347196, "vw_j": -0.7358062309266739, "kt": 8.798423286651145, "train_sc_a": [1.9270959195130557], "train_sc_v": [0.010474881253268961], "val_sc_a": 0, "val_sc_v": 0, "total_sc_a": 0, "total_sc_v": 0}