{"c1": 0.04255835833724612, "c2": 0.4367614457092547, "ch1": -0.024666015807855136, "ch2": 0.09627201428019641, "di": 1.9336545352028243, "dj": 1.905286468693294, "dk": 0.0, "vw_i": 1.1275493367106537, "vw_j": 0.5602664821932984, "kt": 11.637121537522065, "train_sc_a": [0.44318948641163886], "train_sc_v": [0.0016793362579141748], "val_sc_a": 0, "val_sc_v": 0, "total_sc_a": 0, "total_sc_v": 0}