{"c1": 0.01927573013641029, "c2": 0.11368375838015209, "ch1": -0.004844912228859678, "ch2": 0.09220422292327939, "di": 1.3564851691960307, "dj": 0.8768445736897393, "dk": 2.5718172859177795, "vw_i": -1.8365563456421927, "vw_j": -0.5384756894171232, "kt": 8.926513213945453, "train_sc_a": [0.570629599742108], "train_sc_v": [0.0061021288855916955], "val_sc_a": 0, "val_sc_v": 0, "total_sc_a": 0, "total_sc_v": 0}