{"c1": 0.05408840796567573, "c2": 0.5879480516293784, "ch1": 0.007654961582806712, "ch2": 0.1097254201487623, "di": 3.364204165643984, "dj": 0.45359405007590076, "dk": 3.39968960868018, "vw_i": -0.35965389300099176, "vw_j": -0.012103575213746842, "kt": 9.499325584973759, "train_sc_a": [0.42524636436218594], "train_sc_v": [0.006477436043556502], "val_sc_a": 0, "val_sc_v": 0, "total_sc_a": 0, "total_sc_v": 0}