{"c1": 0.02033890373231055, "c2": 0.12041411176297823, "ch1": 0.008409625468961925, "ch2": 0.09382596256438873, "di": 2.8991843394322645, "dj": 0.662354623267361, "dk": 0.0, "vw_i": -1.3275741673708976, "vw_j": -0.08489838880094835, "kt": 8.136033320603921, "train_sc_a": [0.423997695201409], "train_sc_v": [0.0030713514476171837], "val_sc_a": 0, "val_sc_v": 0, "total_sc_a": 0, "total_sc_v": 0}