{"c1": 0.016952551925236977, "c2": 0.21087647553270394, "ch1": 0.23946784425689552, "ch2": 0.11161176674953466, "di": 1.6677376088681182, "dj": 6.244262562660401, "dk": 0.8838624126955235, "vw_i": -1.7602085808666177, "vw_j": -0.24502955008317326, "kt": 8.647812787163092, "train_sc_a": [8.962224894858679], "train_sc_v": [0.03494286772636026], "val_sc_a": 0, "val_sc_v": 0, "total_sc_a": 0, "total_sc_v": 0}