{"c1": 0.05279045419457374, "c2": 0.5971055797157426, "ch1": -0.02121398384866904, "ch2": 0.10780404877674928, "di": 0.572819970382171, "dj": 2.015598809827235, "dk": 0.0, "vw_i": -0.5813125162871632, "vw_j": -0.18510700786688403, "kt": 8.656713199102555, "train_sc_a": [1.414139969196892], "train_sc_v": [0.008521871540924085], "val_sc_a": 0, "val_sc_v": 0, "total_sc_a": 0, "total_sc_v": 0}