{"c1": 0.020989911116889245, "c2": 0.13265962630363748, "ch1": -0.013043055215849565, "ch2": 0.09292190591026342, "di": 1.4896568927581801, "dj": 2.383529180260191, "dk": 0.6004537043147538, "vw_i": -0.056218516061850674, "vw_j": 0.09138924230071462, "kt": 8.94543362000097, "train_sc_a": [0.4957877800586984], "train_sc_v": [0.010994458160591367], "val_sc_a": 0, "val_sc_v": 0, "total_sc_a": 0, "total_sc_v": 0}