{"c1": 0.03807753075795504, "c2": 0.348599575208384, "ch1": 0.007248034941076554, "ch2": 0.0975219774515719, "di": 2.0231087348249313, "dj": 0.8896459057209192, "dk": 0.0, "vw_i": -1.2535542204515444, "vw_j": -0.11145333256386733, "kt": 8.262236206914528, "train_sc_a": [0.36007442188711475], "train_sc_v": [0.006660551681311448], "val_sc_a": 0, "val_sc_v": 0, "total_sc_a": 0, "total_sc_v": 0}