{"c1": 0.03368387148296657, "c2": 0.2839665934833739, "ch1": -0.007325832239348961, "ch2": 0.0962351915159745, "di": 1.2995174962613003, "dj": 1.6126340193100153, "dk": 0.0, "vw_i": -1.730809729730185, "vw_j": -0.47227259935682586, "kt": 8.95475336799692, "train_sc_a": [0.506038998028913], "train_sc_v": [0.008127224975552842], "val_sc_a": 0, "val_sc_v": 0, "total_sc_a": 0, "total_sc_v": 0}