{"c1": 0.031193093682953497, "c2": 0.13146220607260087, "ch1": 0.06921134299984355, "ch2": 0.09848870010216113, "di": 4.452650633122107, "dj": 14.437567349344777, "dk": 0.4447649553025992, "vw_i": -0.057537039624350195, "vw_j": -1.2650068679284876, "kt": 12.364568209211281, "train_sc_a": [7.357469067942965], "train_sc_v": [0.030045042381037338], "val_sc_a": 0, "val_sc_v": 0, "total_sc_a": 0, "total_sc_v": 0}