{"c1": 0.04728934063997112, "c2": 0.47531746342855236, "ch1": 0.034261854594922286, "ch2": 0.10621096179550359, "di": 0.0, "dj": 1.9532543074580129, "dk": 0.024538225782486687, "vw_i": -0.03508789378082809, "vw_j": 0.01604852813007992, "kt": 12.014461680713012, "train_sc_a": [0.3316342652960009], "train_sc_v": [0.0034079064755638297], "val_sc_a": 0, "val_sc_v": 0, "total_sc_a": 0, "total_sc_v": 0}