{"c1": 0.045184703129084174, "c2": 0.456665088826083, "ch1": -0.037875808550674545, "ch2": 0.10231180068557114, "di": 3.5690902514717218, "dj": 0.2996356309445981, "dk": 0.0, "vw_i": 0.9522707905639017, "vw_j": -0.4764838424105597, "kt": 14.005079423232008, "train_sc_a": [0.48515397378614344], "train_sc_v": [0.002561912233171732], "val_sc_a": 0, "val_sc_v": 0, "total_sc_a": 0, "total_sc_v": 0}