{"c1": 0.05076718807182472, "c2": 0.5636296388750669, "ch1": -0.011662947484299033, "ch2": 0.10670712865816055, "di": 9.605117869847131, "dj": 6.6138764601420945, "dk": 0.0, "vw_i": -0.21774588727570993, "vw_j": -0.25964252990822245, "kt": 8.258727322314833, "train_sc_a": [0.38494194520322916], "train_sc_v": [0.0055187279709831335], "val_sc_a": 0, "val_sc_v": 0, "total_sc_a": 0, "total_sc_v": 0}