{"c1": 0.02446434611114305, "c2": 0.18679380025472642, "ch1": -0.011064466978065719, "ch2": 0.09245591439959466, "di": 4.7072598421378595, "dj": 5.608313741386346, "dk": 4.181333737674028, "vw_i": -1.2539717882279036, "vw_j": -0.3848810374523398, "kt": 12.62003535543178, "train_sc_a": [0.9196117952083606], "train_sc_v": [0.00859361678187216], "val_sc_a": 0, "val_sc_v": 0, "total_sc_a": 0, "total_sc_v": 0}