{"c1": 0.05949843379079819, "c2": 0.5488824836196701, "ch1": 0.29394295059801023, "ch2": 0.13108306988957752, "di": 2.7159715840382264, "dj": 14.478143283180856, "dk": 0.833931374282708, "vw_i": -0.5605832520064381, "vw_j": -2.132776991978085, "kt": 9.52636741934044, "train_sc_a": [12.334247150834084], "train_sc_v": [0.04949453440991742], "val_sc_a": 0, "val_sc_v": 0, "total_sc_a": 0, "total_sc_v": 0}