{"c1": 0.0455390345026672, "c2": 0.4900734435793833, "ch1": -0.005305938571221318, "ch2": 0.10326307357596791, "di": 2.056567216509601, "dj": 4.010115879816111, "dk": 0.0, "vw_i": -0.6962011623704166, "vw_j": 0.21514111260671148, "kt": 8.267202738409573, "train_sc_a": [0.3396427634997981], "train_sc_v": [0.00325969954813225], "val_sc_a": 0, "val_sc_v": 0, "total_sc_a": 0, "total_sc_v": 0}