{"c1": 0.04597196346611414, "c2": 0.48064186482607535, "ch1": -0.06758858848715216, "ch2": 0.09799589684299723, "di": 10.944987220486746, "dj": 8.702326044294843, "dk": 0.002197692600397988, "vw_i": -1.4064163850077116, "vw_j": 0.7211428332734018, "kt": 11.995015497818603, "train_sc_a": [1.3953472130358444], "train_sc_v": [0.013236715815157132], "val_sc_a": 0, "val_sc_v": 0, "total_sc_a": 0, "total_sc_v": 0}