{"c1": 0.05143655225581812, "c2": 0.5584631996512324, "ch1": -0.06864313166652682, "ch2": 0.10258839502044372, "di": 6.500311071069231, "dj": 4.659010954889545, "dk": 0.0, "vw_i": 0.5981928091786135, "vw_j": 0.4894811531521332, "kt": 10.759846834806876, "train_sc_a": [2.623738020082994], "train_sc_v": [0.011450665669907522], "val_sc_a": 0, "val_sc_v": 0, "total_sc_a": 0, "total_sc_v": 0}