{"c1": 0.04678649931028083, "c2": 0.4983793621648327, "ch1": -0.024732666812236927, "ch2": 0.10232432411372572, "di": 6.267450885646811, "dj": 5.886019269158614, "dk": 0.3291773666115666, "vw_i": -1.4014697514026144, "vw_j": -0.7731692067906369, "kt": 10.10839098063769, "train_sc_a": [0.3724627261483791], "train_sc_v": [0.0032342704019077393], "val_sc_a": 0, "val_sc_v": 0, "total_sc_a": 0, "total_sc_v": 0}