{"c1": 0.02842598033709636, "c2": 0.20786788272774373, "ch1": 0.019822876251042874, "ch2": 0.09495913274964808, "di": 1.2596514495019213, "dj": 0.9596617738294171, "dk": 2.3490090604983376, "vw_i": -0.6367520615885064, "vw_j": -0.3080936817897906, "kt": 12.891114766908457, "train_sc_a": [0.7810298857821426], "train_sc_v": [0.007665877123048699], "val_sc_a": 0, "val_sc_v": 0, "total_sc_a": 0, "total_sc_v": 0}