{"c1": 0.042829830661974, "c2": 0.5084512100028543, "ch1": -0.34226667523029186, "ch2": 0.07845938434489991, "di": 7.118460008687655, "dj": 2.030942750614798, "dk": 0.0, "vw_i": 3.319313926290473, "vw_j": 3.5143888426281276, "kt": 10.073324328801027, "train_sc_a": [14.458640186890552], "train_sc_v": [0.060272569025879186], "val_sc_a": 0, "val_sc_v": 0, "total_sc_a": 0, "total_sc_v": 0}