{"c1": 0.05509647031896975, "c2": 0.5277493891992732, "ch1": 0.009177004842325125, "ch2": 0.1085691493881819, "di": 7.762489231538878, "dj": 5.894570303629268, "dk": 1.1920749952585894, "vw_i": 1.4943240726839568, "vw_j": 1.3256065968277086, "kt": 8.863660494406865, "train_sc_a": [0.8751762985399695], "train_sc_v": [0.008727898542681719], "val_sc_a": 0, "val_sc_v": 0, "total_sc_a": 0, "total_sc_v": 0}