{"c1": 0.05083533937581082, "c2": 0.5386618120294485, "ch1": -0.005786191918240254, "ch2": 0.10610143333014876, "di": 1.3912124614459591, "dj": 1.4240217773501596, "dk": 0.018794044961883086, "vw_i": -1.6774951631975534, "vw_j": -0.4623032513978498, "kt": 10.328030979905751, "train_sc_a": [0.672443969439526], "train_sc_v": [0.0086432536552256], "val_sc_a": 0, "val_sc_v": 0, "total_sc_a": 0, "total_sc_v": 0}