{"c1": 0.02424706551085709, "c2": 0.17811130236587544, "ch1": -0.009340828711922189, "ch2": 0.09243511004462625, "di": 3.726051720527478, "dj": 2.065435654396252, "dk": 0.0, "vw_i": -2.3203834223222417, "vw_j": -0.8552556386827961, "kt": 12.424842976505634, "train_sc_a": [0.2363776773858867], "train_sc_v": [0.0008275128458165602], "val_sc_a": 0, "val_sc_v": 0, "total_sc_a": 0, "total_sc_v": 0}