{"c1": 0.021941367377672244, "c2": 0.1583612919558508, "ch1": 0.008602046363702166, "ch2": 0.09422204676646512, "di": 1.3463580911498385, "dj": 0.5300796943100512, "dk": 2.709694055306962, "vw_i": -1.5029103457795663, "vw_j": 0.07210321137187226, "kt": 10.986738068528918, "train_sc_a": [0.805021588451135], "train_sc_v": [0.010076652930887156], "val_sc_a": 0, "val_sc_v": 0, "total_sc_a": 0, "total_sc_v": 0}