{"c1": 0.04448801377998333, "c2": 0.46522829688907646, "ch1": -0.1540952580776927, "ch2": 0.09120028401099624, "di": 19.90009359439224, "dj": 19.186597118273376, "dk": 0.0, "vw_i": -0.5066104943934739, "vw_j": -0.13301881257550077, "kt": 12.973698473185483, "train_sc_a": [0.8459364587928909], "train_sc_v": [0.003683761305865369], "val_sc_a": 0, "val_sc_v": 0, "total_sc_a": 0, "total_sc_v": 0}