{"c1": 0.014739964228179548, "c2": 0.167392153146928, "ch1": 0.18038711540454835, "ch2": 0.10456519667942839, "di": 1.3470965769839909, "dj": 26.453305969776224, "dk": 1.8040946561855418, "vw_i": -2.4222665542142114, "vw_j": -0.06355222455129289, "kt": 9.759938226765321, "train_sc_a": [34.43137460904586], "train_sc_v": [0.1459101822939804], "val_sc_a": 0, "val_sc_v": 0, "total_sc_a": 0, "total_sc_v": 0}