{"c1": 0.05140571038814321, "c2": 0.5608596185183783, "ch1": -0.008484286898952868, "ch2": 0.10690127934494185, "di": 2.274734922563276, "dj": 4.517616004166136, "dk": 0.0, "vw_i": -1.886714086472678, "vw_j": -0.654364730903013, "kt": 7.556669762995677, "train_sc_a": [0.5070953043045016], "train_sc_v": [0.0027647566790626526], "val_sc_a": 0, "val_sc_v": 0, "total_sc_a": 0, "total_sc_v": 0}