{"c1": 0.041750044044087026, "c2": 0.428983376359549, "ch1": 0.0021522890484230728, "ch2": 0.09713955269314073, "di": 4.027985521712469, "dj": 0.0, "dk": 0.0, "vw_i": -0.6644534797959788, "vw_j": -0.783001708306663, "kt": 10.880581977753025, "train_sc_a": [2.0967998538003445], "train_sc_v": [0.00878674196558502], "val_sc_a": 0, "val_sc_v": 0, "total_sc_a": 0, "total_sc_v": 0}