{"c1": 0.02855069511193805, "c2": 0.23149198302531043, "ch1": -0.0005937105275458936, "ch2": 0.09399953265170988, "di": 3.906641566725538, "dj": 2.5041899369696514, "dk": 0.2109758934949159, "vw_i": -1.023213104764946, "vw_j": -0.41423041362959057, "kt": 12.463533750511012, "train_sc_a": [0.49231220416072097], "train_sc_v": [0.00796601321331193], "val_sc_a": 0, "val_sc_v": 0, "total_sc_a": 0, "total_sc_v": 0}