{"c1": 0.03178934072579994, "c2": 0.12230188860468241, "ch1": 0.11479150786275567, "ch2": 0.10151133068085912, "di": 3.7569392732645555, "dj": 5.421389661564064, "dk": 3.293657366983548, "vw_i": -2.2316696809541248, "vw_j": -1.0842029390751353, "kt": 14.109392550329646, "train_sc_a": [7.3306897438043], "train_sc_v": [0.029212647265115632], "val_sc_a": 0, "val_sc_v": 0, "total_sc_a": 0, "total_sc_v": 0}