{"c1": 0.024836531023078742, "c2": 0.1777462610409273, "ch1": -0.02917141397472565, "ch2": 0.09103745004785826, "di": 4.695591046312296, "dj": 4.102643022328579, "dk": 0.0, "vw_i": -1.830276479073959, "vw_j": -0.6789931020004059, "kt": 12.651099582306294, "train_sc_a": [0.698956457638129], "train_sc_v": [0.004806076505888047], "val_sc_a": 0, "val_sc_v": 0, "total_sc_a": 0, "total_sc_v": 0}