{"c1": 0.05538821866755475, "c2": 0.5783148958000364, "ch1": 0.008450077048764106, "ch2": 0.10985298587500524, "di": 0.8389706960099778, "dj": 5.0739499346646495, "dk": 0.028017333000874684, "vw_i": -0.42859660569147906, "vw_j": 0.30966895187600557, "kt": 8.744112916875318, "train_sc_a": [0.6144928170212802], "train_sc_v": [0.006188734586220938], "val_sc_a": 0, "val_sc_v": 0, "total_sc_a": 0, "total_sc_v": 0}