{"c1": 0.04493527039383593, "c2": 0.46048771766239754, "ch1": -0.011846480867581749, "ch2": 0.1036822344264893, "di": 2.5136035231760743, "dj": 4.275269123246071, "dk": 0.0, "vw_i": 0.014247702014863615, "vw_j": 0.1276050094357087, "kt": 10.638356918082259, "train_sc_a": [0.541120295673396], "train_sc_v": [0.002709993390462533], "val_sc_a": 0, "val_sc_v": 0, "total_sc_a": 0, "total_sc_v": 0}