{"c1": 0.02527526573017773, "c2": 0.1745090642946814, "ch1": -0.05319315744870525, "ch2": 0.08914189633226939, "di": 4.969291637995837, "dj": 4.291799464560659, "dk": 1.2196490941743512, "vw_i": -1.6439326918731618, "vw_j": -0.6286087933849205, "kt": 12.643881577560848, "train_sc_a": [0.5674683762284387], "train_sc_v": [0.005538318468944089], "val_sc_a": 0, "val_sc_v": 0, "total_sc_a": 0, "total_sc_v": 0}