{"c1": 0.027536843350085233, "c2": 0.2221325490457492, "ch1": 0.01355492586594352, "ch2": 0.09472272522502394, "di": 0.7968289315497737, "dj": 0.09844243073556937, "dk": 0.0, "vw_i": -1.4077971392563626, "vw_j": -0.49519589234859074, "kt": 12.402120607379802, "train_sc_a": [0.4495310987662257], "train_sc_v": [0.003700549620425936], "val_sc_a": 0, "val_sc_v": 0, "total_sc_a": 0, "total_sc_v": 0}