{"c1": 0.018992246393063177, "c2": 0.10568406273033798, "ch1": 0.006245112898773419, "ch2": 0.09340541878797412, "di": 0.9872443971128544, "dj": 0.9616249706294421, "dk": 1.156109145037387, "vw_i": -1.755433541535184, "vw_j": -0.21738782996938724, "kt": 4.97234290865469, "train_sc_a": [0.2692802036519763], "train_sc_v": [0.0007920654629304736], "val_sc_a": 0, "val_sc_v": 0, "total_sc_a": 0, "total_sc_v": 0}