{"c1": 0.05344255028037271, "c2": 0.592616913750576, "ch1": 0.007419119192998511, "ch2": 0.10910150147605638, "di": 7.116774944688096, "dj": 6.185864202025798, "dk": 0.0, "vw_i": 1.2167180143342982, "vw_j": -0.051826607542330254, "kt": 7.87769997701999, "train_sc_a": [0.5988985933844592], "train_sc_v": [0.008332934047935043], "val_sc_a": 0, "val_sc_v": 0, "total_sc_a": 0, "total_sc_v": 0}