{"c1": 0.020475830319589196, "c2": 0.1199104001558886, "ch1": -0.018481409978167572, "ch2": 0.092128644911876, "di": 2.4981259751066016, "dj": 1.8822253448624087, "dk": 0.36834287485534806, "vw_i": -1.101004224320393, "vw_j": -0.5688352102467452, "kt": 8.94244498655072, "train_sc_a": [0.40905070281694356], "train_sc_v": [0.003877035351423727], "val_sc_a": 0, "val_sc_v": 0, "total_sc_a": 0, "total_sc_v": 0}