{"c1": 0.042812591029735975, "c2": 0.4343787108159023, "ch1": -0.013985203945768784, "ch2": 0.09688035514205882, "di": 7.420927463920379, "dj": 5.931758690700998, "dk": 0.3675938927261097, "vw_i": 1.4812750369825955, "vw_j": -0.4351591803223165, "kt": 10.127159844453363, "train_sc_a": [0.8993949285211332], "train_sc_v": [0.015830616299835627], "val_sc_a": 0, "val_sc_v": 0, "total_sc_a": 0, "total_sc_v": 0}