{"c1": 0.05297182653732478, "c2": 0.536568470462602, "ch1": -0.4659065812585205, "ch2": 0.07015512250686981, "di": 2.28697941521919, "dj": 3.899598677107724, "dk": 1.8625748644727522, "vw_i": 1.1376380897575142, "vw_j": 1.4556676581426338, "kt": 8.900669671494718, "train_sc_a": [8.10299883237504], "train_sc_v": [0.029783162575770083], "val_sc_a": 0, "val_sc_v": 0, "total_sc_a": 0, "total_sc_v": 0}