{"c1": 0.04332144692745622, "c2": 0.43199988710301485, "ch1": -0.0003883663550538685, "ch2": 0.09828598748089602, "di": 0.7746602947353468, "dj": 2.423823558605367, "dk": 0.34346634193107384, "vw_i": -1.0099378254294464, "vw_j": -0.08221110277131308, "kt": 11.651745309601418, "train_sc_a": [0.8818972972247874], "train_sc_v": [0.007316682549631294], "val_sc_a": 0, "val_sc_v": 0, "total_sc_a": 0, "total_sc_v": 0}