{"c1": 0.02277448668304389, "c2": 0.16357912705566013, "ch1": 0.004052839282155762, "ch2": 0.09393490312919225, "di": 0.0, "dj": 1.396105401396357, "dk": 3.9963101254183155, "vw_i": -0.9509777598085255, "vw_j": 0.04311360393872485, "kt": 10.867730777704173, "train_sc_a": [0.38098048968167053], "train_sc_v": [0.004429453806834874], "val_sc_a": 0, "val_sc_v": 0, "total_sc_a": 0, "total_sc_v": 0}