{"c1": 0.03269145039823592, "c2": 0.3220181529380072, "ch1": -0.01849167240737288, "ch2": 0.09580008740984455, "di": 3.4209766567834463, "dj": 2.085359469431534, "dk": 0.0, "vw_i": 0.024086771147889326, "vw_j": -0.2716025484855007, "kt": 9.967897266720497, "train_sc_a": [0.313207633132824], "train_sc_v": [0.005310302364188971], "val_sc_a": 0, "val_sc_v": 0, "total_sc_a": 0, "total_sc_v": 0}