{"c1": 0.03324929300457435, "c2": 0.3191537018079885, "ch1": -0.03191696691898843, "ch2": 0.09458809153622, "di": 2.1630074618881574, "dj": 1.8546565210373955, "dk": 0.06391773034338069, "vw_i": -0.5064720973635285, "vw_j": -0.20216219193698154, "kt": 8.89339918457363, "train_sc_a": [0.7053431937825126], "train_sc_v": [0.009378068673165565], "val_sc_a": 0, "val_sc_v": 0, "total_sc_a": 0, "total_sc_v": 0}