{"c1": 0.02831437249118924, "c2": 0.329963837238414, "ch1": -0.31153165553158, "ch2": 0.07406537601132857, "di": 0.0, "dj": 0.06188292670290369, "dk": 0.8056924105135178, "vw_i": 0.4676617502561188, "vw_j": -0.032230857086329445, "kt": 6.190699546438859, "train_sc_a": [3.0644098775091884], "train_sc_v": [0.012605880391280183], "val_sc_a": 0, "val_sc_v": 0, "total_sc_a": 0, "total_sc_v": 0}