{"c1": 0.045933708884493475, "c2": 0.5044803670755332, "ch1": -0.0006189383881222598, "ch2": 0.10487678966374189, "di": 0.006254577057371983, "dj": 2.0574616912031733, "dk": 0.0, "vw_i": -1.0805649330883227, "vw_j": -0.6708306419967637, "kt": 10.027107397793536, "train_sc_a": [0.32853005107623645], "train_sc_v": [0.004035851977367614], "val_sc_a": 0, "val_sc_v": 0, "total_sc_a": 0, "total_sc_v": 0}