{"c1": 0.05707987066942782, "c2": 0.5338233333140239, "ch1": -0.02522699090290099, "ch2": 0.10585667000315532, "di": 6.596115533368398, "dj": 3.1844698470836983, "dk": 0.0, "vw_i": -0.8276696186715637, "vw_j": -0.06851491628134145, "kt": 7.897560041062331, "train_sc_a": [0.358135398186782], "train_sc_v": [0.0019832464974505505], "val_sc_a": 0, "val_sc_v": 0, "total_sc_a": 0, "total_sc_v": 0}