{"c1": 0.02092013593599655, "c2": 0.13316584494113906, "ch1": -0.010320119462437579, "ch2": 0.09311898861754078, "di": 1.5210788139057063, "dj": 2.2934251170048796, "dk": 0.45949892355107114, "vw_i": -0.061373292960612266, "vw_j": 0.09223832897284223, "kt": 8.931252751256814, "train_sc_a": [0.4801103331053811], "train_sc_v": [0.010719546438575277], "val_sc_a": 0, "val_sc_v": 0, "total_sc_a": 0, "total_sc_v": 0}