{"c1": 0.049906364376397144, "c2": 0.5662426532135222, "ch1": -0.0374047345677549, "ch2": 0.10491116057509468, "di": 9.848430366600919, "dj": 2.837006188031501, "dk": 0.0, "vw_i": 3.3994696723798903, "vw_j": 2.3286240938564013, "kt": 7.928467965165089, "train_sc_a": [1.5072575849579217], "train_sc_v": [0.008757314666596603], "val_sc_a": 0, "val_sc_v": 0, "total_sc_a": 0, "total_sc_v": 0}