{"c1": 0.045153878761423634, "c2": 0.4582783549287438, "ch1": 0.0037794445340058914, "ch2": 0.10461718936974862, "di": 1.4729242863746466, "dj": 1.803889327892615, "dk": 0.0, "vw_i": -0.6398201192811194, "vw_j": 0.2737578870867599, "kt": 10.179529042099647, "train_sc_a": [0.3800369958305229], "train_sc_v": [0.005403563796267242], "val_sc_a": 0, "val_sc_v": 0, "total_sc_a": 0, "total_sc_v": 0}