{"c1": 0.05345627262875062, "c2": 0.5928045271291763, "ch1": -0.014606801403761312, "ch2": 0.10863679762572825, "di": 3.1473523497473317, "dj": 7.6368313168223745, "dk": 0.9663856152994865, "vw_i": 0.38800205604122995, "vw_j": -0.3613438912554256, "kt": 9.463950823387679, "train_sc_a": [0.9730292935900806], "train_sc_v": [0.004886875710758061], "val_sc_a": 0, "val_sc_v": 0, "total_sc_a": 0, "total_sc_v": 0}