{"c1": 0.042366793101273, "c2": 0.37523563074439303, "ch1": -0.04335742007751179, "ch2": 0.09307429976875199, "di": 4.855231632894914, "dj": 4.3730242957920975, "dk": 0.0, "vw_i": -0.9570390556279723, "vw_j": -0.5894528462593154, "kt": 9.531140383063489, "train_sc_a": [0.5626428065481155], "train_sc_v": [0.0007877989690824498], "val_sc_a": 0, "val_sc_v": 0, "total_sc_a": 0, "total_sc_v": 0}