{"c1": 0.03226858573628654, "c2": 0.28033090773910163, "ch1": -0.00910028675989356, "ch2": 0.09732944908997164, "di": 1.812739277780074, "dj": 1.8849948320209358, "dk": 0.0, "vw_i": -0.021074292852525343, "vw_j": -0.16861528976043008, "kt": 7.616301839215252, "train_sc_a": [0.5700701891925573], "train_sc_v": [0.010867755956282981], "val_sc_a": 0, "val_sc_v": 0, "total_sc_a": 0, "total_sc_v": 0}