{"c1": 0.04249547256845545, "c2": 0.4374916442557395, "ch1": -0.4521456564624568, "ch2": 0.06453298590910929, "di": 2.5597443060324028, "dj": 0.1875452641126868, "dk": 0.0, "vw_i": 1.7950008817287904, "vw_j": -1.327814626492001, "kt": 11.84139759804897, "train_sc_a": [15.248395522669224], "train_sc_v": [0.0576146375037232], "val_sc_a": 0, "val_sc_v": 0, "total_sc_a": 0, "total_sc_v": 0}