{"c1": 0.04121577105768612, "c2": 0.4329283265845083, "ch1": -0.15222135586477709, "ch2": 0.08530072600762885, "di": 3.2862591919223174, "dj": 9.369205504017547, "dk": 3.6724697870518312, "vw_i": -0.5233077663868676, "vw_j": -0.6247586899239401, "kt": 10.76628319255179, "train_sc_a": [3.771623759098269], "train_sc_v": [0.017620607288901094], "val_sc_a": 0, "val_sc_v": 0, "total_sc_a": 0, "total_sc_v": 0}