{"c1": 0.05234272534890584, "c2": 0.548412262485378, "ch1": -0.0011445704208159421, "ch2": 0.10782190376846196, "di": 9.141051346102241, "dj": 3.984963040751588, "dk": 0.11309148878800221, "vw_i": 2.761342804156857, "vw_j": 3.0570849116107492, "kt": 9.02070211453214, "train_sc_a": [1.664173938552242], "train_sc_v": [0.009924983396833295], "val_sc_a": 0, "val_sc_v": 0, "total_sc_a": 0, "total_sc_v": 0}