{"c1": 0.0522312939556405, "c2": 0.5295961781378238, "ch1": 0.0025852071492051803, "ch2": 0.10758898338304536, "di": 3.801004559094294, "dj": 2.929486327590746, "dk": 0.0, "vw_i": -0.5957364410893549, "vw_j": 0.031652988416074924, "kt": 9.646137001276397, "train_sc_a": [0.5473767168290937], "train_sc_v": [0.007478933919778425], "val_sc_a": 0, "val_sc_v": 0, "total_sc_a": 0, "total_sc_v": 0}