{"c1": 0.0396716140081958, "c2": 0.37654999417754237, "ch1": -0.01728550896544808, "ch2": 0.0960354953122506, "di": 1.0560047297524282, "dj": 1.2346694278622041, "dk": 0.0, "vw_i": 1.182072319450094, "vw_j": -0.08294766432443257, "kt": 12.683756322092687, "train_sc_a": [0.38047193068720087], "train_sc_v": [0.0076993742711654], "val_sc_a": 0, "val_sc_v": 0, "total_sc_a": 0, "total_sc_v": 0}