{"c1": 0.0274797110691153, "c2": 0.2144595160392175, "ch1": -0.0118029794990982, "ch2": 0.09235110133546061, "di": 3.6528664250107106, "dj": 3.432822739269295, "dk": 4.250066379423549, "vw_i": -1.464784434207684, "vw_j": -0.7036807776021693, "kt": 13.597755869729648, "train_sc_a": [0.5178954969394064], "train_sc_v": [0.007952856623098033], "val_sc_a": 0, "val_sc_v": 0, "total_sc_a": 0, "total_sc_v": 0}