{"c1": 0.04515973917721307, "c2": 0.45704766861135404, "ch1": -0.03527071791222541, "ch2": 0.10244895767066682, "di": 3.4634540772160065, "dj": 0.6975285661288848, "dk": 0.0, "vw_i": 0.8583907181940152, "vw_j": -0.41602487735790517, "kt": 13.668128066393143, "train_sc_a": [0.48260002648164124], "train_sc_v": [0.002525845931547692], "val_sc_a": 0, "val_sc_v": 0, "total_sc_a": 0, "total_sc_v": 0}