{"c1": 0.028344817374294444, "c2": 0.23078855745416874, "ch1": -0.011150347942778211, "ch2": 0.09309452449780876, "di": 4.357547448055119, "dj": 3.018996533153526, "dk": 0.0, "vw_i": -1.1014277628218072, "vw_j": -0.712361742144994, "kt": 12.526012685586943, "train_sc_a": [0.8254715567437632], "train_sc_v": [0.009500583637026012], "val_sc_a": 0, "val_sc_v": 0, "total_sc_a": 0, "total_sc_v": 0}