{"c1": 0.01229712927110683, "c2": 0.17839849748374695, "ch1": 0.06638608933865923, "ch2": 0.09814998909527779, "di": 2.6377759713352336, "dj": 2.0960449560851866, "dk": 0.0, "vw_i": -1.5984266868257246, "vw_j": -0.9856666976456592, "kt": 9.343941792370234, "train_sc_a": [6.231958628020525], "train_sc_v": [0.023728002914148172], "val_sc_a": 0, "val_sc_v": 0, "total_sc_a": 0, "total_sc_v": 0}