{"c1": 0.05328143855443945, "c2": 0.5453592107979616, "ch1": 0.41099295989035656, "ch2": 0.13777256660716025, "di": 24.106896476569315, "dj": 7.221000128487648, "dk": 0.0, "vw_i": -2.3095108168922978, "vw_j": 0.19154134640121673, "kt": 9.932561499735451, "train_sc_a": [23.845048678687682], "train_sc_v": [0.09596635983352295], "val_sc_a": 0, "val_sc_v": 0, "total_sc_a": 0, "total_sc_v": 0}