{"c1": 0.028325918281815445, "c2": 0.1962916404982016, "ch1": 0.006939054201368046, "ch2": 0.09384352245558766, "di": 3.0971014655075826, "dj": 2.9287690425471045, "dk": 3.486335738641745, "vw_i": -1.289582625786734, "vw_j": -0.5914821627668281, "kt": 13.717698819772389, "train_sc_a": [1.3758613335636989], "train_sc_v": [0.009459791686361052], "val_sc_a": 0, "val_sc_v": 0, "total_sc_a": 0, "total_sc_v": 0}