{"c1": 0.0424694722280917, "c2": 0.4236911497756157, "ch1": 0.00863615656481324, "ch2": 0.0977411946055107, "di": 2.6296671744949625, "dj": 2.640425029943194, "dk": 0.0, "vw_i": -0.997961119293128, "vw_j": -0.17456882918612127, "kt": 11.452889922483878, "train_sc_a": [0.30752856454881206], "train_sc_v": [0.005130795957656133], "val_sc_a": 0, "val_sc_v": 0, "total_sc_a": 0, "total_sc_v": 0}