{"c1": 0.03129394008788176, "c2": 0.2760197419548393, "ch1": 0.012012896983671317, "ch2": 0.09891666877520312, "di": 0.7716576790162676, "dj": 1.8818069400959199, "dk": 0.5041637484750376, "vw_i": 0.02672861575635655, "vw_j": 0.07306265858062966, "kt": 6.798939572437243, "train_sc_a": [0.5829895093803262], "train_sc_v": [0.008102915603741299], "val_sc_a": 0, "val_sc_v": 0, "total_sc_a": 0, "total_sc_v": 0}