{"c1": 0.0441485716595664, "c2": 0.4647830744975777, "ch1": -0.08386462839922865, "ch2": 0.0972600164470618, "di": 2.271184271086444, "dj": 4.7580443853409395, "dk": 0.0, "vw_i": 0.6996199059664794, "vw_j": 0.7229148631306204, "kt": 10.716676908354158, "train_sc_a": [3.8205471275804053], "train_sc_v": [0.014567026818351111], "val_sc_a": 0, "val_sc_v": 0, "total_sc_a": 0, "total_sc_v": 0}