{"c1": 0.02315324824053482, "c2": 0.1604954718541572, "ch1": -0.009235580388666467, "ch2": 0.09266976512730098, "di": 0.11868031786861996, "dj": 2.006552243520711, "dk": 2.7608475429729626, "vw_i": -0.35564685415701375, "vw_j": 0.08722032710702708, "kt": 10.86705296207281, "train_sc_a": [0.9189299446303085], "train_sc_v": [0.01627444760845684], "val_sc_a": 0, "val_sc_v": 0, "total_sc_a": 0, "total_sc_v": 0}