{"c1": 0.04586369714451858, "c2": 0.4860869535924467, "ch1": 0.01077098986123623, "ch2": 0.10446466816546052, "di": 1.9240319157697, "dj": 1.8211937135282636, "dk": 0.0, "vw_i": -0.0502914889977516, "vw_j": 0.41276406005129707, "kt": 10.29866266964442, "train_sc_a": [0.30965815787968914], "train_sc_v": [0.004446772183360831], "val_sc_a": 0, "val_sc_v": 0, "total_sc_a": 0, "total_sc_v": 0}