{"c1": 0.05533841602443146, "c2": 0.5786957492911803, "ch1": -0.004514708671752989, "ch2": 0.10891462280453744, "di": 1.153095559089047, "dj": 3.2314069531310983, "dk": 0.0, "vw_i": -1.1866251967144967, "vw_j": 0.0512290798991379, "kt": 8.635631031539342, "train_sc_a": [0.3847058660755128], "train_sc_v": [0.00675606305064234], "val_sc_a": 0, "val_sc_v": 0, "total_sc_a": 0, "total_sc_v": 0}