{"c1": 0.052431812846515484, "c2": 0.45852743644835664, "ch1": 0.14640165902269808, "ch2": 0.11534910982031199, "di": 1.6213722067581273, "dj": 7.041182904074797, "dk": 0.0, "vw_i": -4.901770694463867, "vw_j": -0.7927129636492352, "kt": 10.438060777532522, "train_sc_a": [8.814851929133626], "train_sc_v": [0.040612103493428246], "val_sc_a": 0, "val_sc_v": 0, "total_sc_a": 0, "total_sc_v": 0}