{"c1": 0.02124572725143812, "c2": 0.29962857701643947, "ch1": -0.06640579515322169, "ch2": 0.08904247671306934, "di": 7.18376905663355, "dj": 2.5373168946605453, "dk": 6.761846216819631, "vw_i": -0.511585060681062, "vw_j": 0.8584619076127924, "kt": 13.143710167830362, "train_sc_a": [5.134683837477336], "train_sc_v": [0.020659921880550533], "val_sc_a": 0, "val_sc_v": 0, "total_sc_a": 0, "total_sc_v": 0}