{"c1": 0.05044990887549999, "c2": 0.5445284078051135, "ch1": -0.1500350792705495, "ch2": 0.09690283277721794, "di": 4.136910785947716, "dj": 8.530960092727257, "dk": 0.0, "vw_i": -1.2536969393037487, "vw_j": -0.6562823598971039, "kt": 8.117548936832844, "train_sc_a": [5.099062323101751], "train_sc_v": [0.024533641682021882], "val_sc_a": 0, "val_sc_v": 0, "total_sc_a": 0, "total_sc_v": 0}