{"c1": 0.04291648334023491, "c2": 0.43367531520261304, "ch1": 0.00810756562437934, "ch2": 0.09860629054229843, "di": 8.815830958939278, "dj": 5.305773663282308, "dk": 0.0, "vw_i": -0.9648535986872488, "vw_j": -0.3844499247716524, "kt": 11.023005673181203, "train_sc_a": [0.7088572828066347], "train_sc_v": [0.004711856406657533], "val_sc_a": 0, "val_sc_v": 0, "total_sc_a": 0, "total_sc_v": 0}