{"c1": 0.0395287819953965, "c2": 0.37758357858370095, "ch1": -0.4741965593067839, "ch2": 0.06286303016406955, "di": 2.180406335112655, "dj": 0.0, "dk": 0.0, "vw_i": -0.15171198824731724, "vw_j": 0.6906695311198976, "kt": 12.646585696385982, "train_sc_a": [32.66158236568269], "train_sc_v": [0.1273596640006116], "val_sc_a": 0, "val_sc_v": 0, "total_sc_a": 0, "total_sc_v": 0}