{"c1": 0.024074054549137056, "c2": 0.07749271003241692, "ch1": 0.3154866665462196, "ch2": 0.11702601316371493, "di": 22.177970806203234, "dj": 7.637612104726404, "dk": 2.309857783484398, "vw_i": -0.6642452554134982, "vw_j": 0.3121380368842531, "kt": 9.076067410977851, "train_sc_a": [14.859899517506117], "train_sc_v": [0.05990613958476686], "val_sc_a": 0, "val_sc_v": 0, "total_sc_a": 0, "total_sc_v": 0}