{"c1": 0.04222664692853772, "c2": 0.43929069368525914, "ch1": 0.01408053624241217, "ch2": 0.09941324270718659, "di": 2.6509029176521213, "dj": 0.0, "dk": 0.0, "vw_i": -0.4286462888280415, "vw_j": 0.09308171304335128, "kt": 11.94096471953174, "train_sc_a": [0.552317693042952], "train_sc_v": [0.00534078963139652], "val_sc_a": 0, "val_sc_v": 0, "total_sc_a": 0, "total_sc_v": 0}