{"c1": 0.03800282064053395, "c2": 0.3898911184468232, "ch1": 0.0005680469035209162, "ch2": 0.09736710802895829, "di": 0.0, "dj": 3.131058502309142, "dk": 0.0, "vw_i": 0.10607696273427919, "vw_j": -0.13573025243060027, "kt": 12.519595377652475, "train_sc_a": [0.29360125399774256], "train_sc_v": [0.002538387231269217], "val_sc_a": 0, "val_sc_v": 0, "total_sc_a": 0, "total_sc_v": 0}