{"c1": 0.04723173338861091, "c2": 0.4756821839308179, "ch1": 0.12626110894574158, "ch2": 0.11291003325547934, "di": 1.875486323188719, "dj": 47.635916120357706, "dk": 4.730486211367888, "vw_i": 1.1034241764848065, "vw_j": 0.628569267502568, "kt": 11.942151976885725, "train_sc_a": [82.8178238137028], "train_sc_v": [0.3392267404463285], "val_sc_a": 0, "val_sc_v": 0, "total_sc_a": 0, "total_sc_v": 0}