{"c1": 0.03333244887629449, "c2": 0.3175034855922833, "ch1": 0.07153234470492023, "ch2": 0.10220227766354481, "di": 3.7555979077434505, "dj": 4.533933040422507, "dk": 0.21991758804597777, "vw_i": 0.0578096504120516, "vw_j": -0.2651012220616288, "kt": 9.976708656156033, "train_sc_a": [0.5807448627417375], "train_sc_v": [0.005047322298074411], "val_sc_a": 0, "val_sc_v": 0, "total_sc_a": 0, "total_sc_v": 0}