{"c1": 0.047614698082523485, "c2": 0.4754935008279915, "ch1": 0.01318695391558133, "ch2": 0.10549379932005715, "di": 2.0999410623034733, "dj": 0.261320217399591, "dk": 0.0, "vw_i": -0.6260988596839778, "vw_j": -0.17475262967867014, "kt": 10.411905820068085, "train_sc_a": [0.5957967180173644], "train_sc_v": [0.006191451635154007], "val_sc_a": 0, "val_sc_v": 0, "total_sc_a": 0, "total_sc_v": 0}