{"c1": 0.05333343689213546, "c2": 0.5635559962149403, "ch1": 0.0054613163194869516, "ch2": 0.10807143141874195, "di": 6.7823015022229525, "dj": 4.086767798833367, "dk": 0.0, "vw_i": -0.7991483597360232, "vw_j": 0.29776438636557434, "kt": 7.6366771986418085, "train_sc_a": [0.504287438542665], "train_sc_v": [0.007949924232784981], "val_sc_a": 0, "val_sc_v": 0, "total_sc_a": 0, "total_sc_v": 0}