{"c1": 0.026279335138729345, "c2": 0.27539219823505556, "ch1": -0.27624863615954554, "ch2": 0.07120026831307824, "di": 2.873331997959403, "dj": 2.717161803804299, "dk": 7.918328208178071, "vw_i": -1.6835198879173778, "vw_j": -0.7074542135397649, "kt": 13.372918513279814, "train_sc_a": [8.301631130909513], "train_sc_v": [0.03672051902979852], "val_sc_a": 0, "val_sc_v": 0, "total_sc_a": 0, "total_sc_v": 0}