{"c1": 0.019826134162770844, "c2": 0.11685644899205805, "ch1": 0.003005900892360286, "ch2": 0.09345982794957963, "di": 2.036836127234137, "dj": 0.9382583267857979, "dk": 0.026015262546551298, "vw_i": -1.5594884880167026, "vw_j": -0.8101947804345142, "kt": 8.903035467681443, "train_sc_a": [0.2732545507084063], "train_sc_v": [0.004999111312744719], "val_sc_a": 0, "val_sc_v": 0, "total_sc_a": 0, "total_sc_v": 0}