{"c1": 0.03959622558928314, "c2": 0.3830792832555603, "ch1": -0.01683325659795537, "ch2": 0.09592104046008382, "di": 3.780230961324903, "dj": 4.738329854438808, "dk": 0.0, "vw_i": -1.3672702216426649, "vw_j": 0.11036875800378472, "kt": 11.726862385420104, "train_sc_a": [0.5594767989019368], "train_sc_v": [0.011198748326390005], "val_sc_a": 0, "val_sc_v": 0, "total_sc_a": 0, "total_sc_v": 0}