{"c1": 0.05082172065976907, "c2": 0.5387631132523389, "ch1": -0.018072257330338796, "ch2": 0.10518069694159914, "di": 1.3953788492359054, "dj": 1.4417778178040883, "dk": 0.024991619958582914, "vw_i": -1.6281135015335697, "vw_j": -0.44375453382539576, "kt": 10.329778000100623, "train_sc_a": [0.8007870027499193], "train_sc_v": [0.009066963684181426], "val_sc_a": 0, "val_sc_v": 0, "total_sc_a": 0, "total_sc_v": 0}