{"c1": 0.046429710851062345, "c2": 0.48048126860518403, "ch1": -0.002064215703581872, "ch2": 0.10332989884352088, "di": 1.5592982680178995, "dj": 0.01038725047428696, "dk": 4.903020766843526, "vw_i": -0.13226470949918026, "vw_j": 0.932607906794286, "kt": 12.01111201057781, "train_sc_a": [0.5663104133175717], "train_sc_v": [0.006387425620288096], "val_sc_a": 0, "val_sc_v": 0, "total_sc_a": 0, "total_sc_v": 0}