{"c1": 0.04414150800624931, "c2": 0.4648418592411969, "ch1": -0.08513918707488781, "ch2": 0.09715706491472803, "di": 2.2515108126555945, "dj": 4.811174792290783, "dk": 0.0, "vw_i": 0.7103075101757038, "vw_j": 0.7275120495196201, "kt": 10.716060690962536, "train_sc_a": [3.837726792968725], "train_sc_v": [0.014666417485770189], "val_sc_a": 0, "val_sc_v": 0, "total_sc_a": 0, "total_sc_v": 0}