{"c1": 0.030853317548349666, "c2": 0.2756532950776809, "ch1": -0.0049655036084947195, "ch2": 0.09738221945907208, "di": 0.0740068498196843, "dj": 0.7066392151132187, "dk": 0.10303737178357951, "vw_i": -0.9085388335762454, "vw_j": -0.6605305036253238, "kt": 6.384231287892031, "train_sc_a": [0.35792567336282133], "train_sc_v": [0.004931459782473309], "val_sc_a": 0, "val_sc_v": 0, "total_sc_a": 0, "total_sc_v": 0}