{"c1": 0.02702234179019008, "c2": 0.21710103531974984, "ch1": -0.45881019209271934, "ch2": 0.05961349040970471, "di": 3.4863953994764425, "dj": 4.830202804893203, "dk": 0.0, "vw_i": 2.8611226610315414, "vw_j": 2.9877626240440582, "kt": 12.98365080619278, "train_sc_a": [4.143729046114397], "train_sc_v": [0.01880247639184271], "val_sc_a": 0, "val_sc_v": 0, "total_sc_a": 0, "total_sc_v": 0}