{"c1": 0.024062211685605874, "c2": 0.1792797497253112, "ch1": -0.015076984594470249, "ch2": 0.09194448976315327, "di": 4.195251294532778, "dj": 1.0824568190325428, "dk": 2.841857981142529, "vw_i": -2.2087208010117454, "vw_j": -1.0048156537934185, "kt": 14.630299594865425, "train_sc_a": [0.5018392454107664], "train_sc_v": [0.008395105790816966], "val_sc_a": 0, "val_sc_v": 0, "total_sc_a": 0, "total_sc_v": 0}