{"c1": 0.04622815988500159, "c2": 0.47555273537358334, "ch1": -0.03119593593577407, "ch2": 0.10104762954436021, "di": 12.963332412290779, "dj": 14.955656029838465, "dk": 0.006278301131014461, "vw_i": -0.8887713958004484, "vw_j": -0.5730805189723327, "kt": 12.095225089716147, "train_sc_a": [0.3560419332725896], "train_sc_v": [0.001909625308376364], "val_sc_a": 0, "val_sc_v": 0, "total_sc_a": 0, "total_sc_v": 0}