{"c1": 0.0535889688298983, "c2": 0.5966130009587602, "ch1": 0.007245153706940285, "ch2": 0.11006331780536001, "di": 4.15800473420873, "dj": 7.833548506758757, "dk": 0.9750710808298311, "vw_i": -0.4953403087805483, "vw_j": -0.1553844983565215, "kt": 8.968578588191116, "train_sc_a": [1.2867708705708287], "train_sc_v": [0.007493816534506767], "val_sc_a": 0, "val_sc_v": 0, "total_sc_a": 0, "total_sc_v": 0}