{"c1": 0.05133827818656323, "c2": 0.5778675585288687, "ch1": -0.0011656291289839048, "ch2": 0.10763877926777655, "di": 6.6356718781787825, "dj": 3.8791325265178784, "dk": 0.0, "vw_i": -0.5037097082639507, "vw_j": 0.17634341096393755, "kt": 7.5249169872528805, "train_sc_a": [1.0522340820188685], "train_sc_v": [0.008664415450468628], "val_sc_a": 0, "val_sc_v": 0, "total_sc_a": 0, "total_sc_v": 0}