{"c1": 0.04621168487077907, "c2": 0.4857832582473425, "ch1": 0.014775931151259112, "ch2": 0.10565529892724593, "di": 2.5079807860230963, "dj": 0.2136544067590852, "dk": 0.017269080890707944, "vw_i": 0.06154164661414593, "vw_j": 0.14469724991555627, "kt": 10.5726775496642, "train_sc_a": [0.29714421718612577], "train_sc_v": [0.00294894222882412], "val_sc_a": 0, "val_sc_v": 0, "total_sc_a": 0, "total_sc_v": 0}