{"c1": 0.04575790610707576, "c2": 0.5057454073082689, "ch1": -0.007220575956256818, "ch2": 0.10445541155677475, "di": 1.7965544012947925, "dj": 1.4109535844464303, "dk": 0.0, "vw_i": -0.7862736330083059, "vw_j": 0.10184287567043485, "kt": 9.83500516811012, "train_sc_a": [0.30559455538430474], "train_sc_v": [0.004933894446297734], "val_sc_a": 0, "val_sc_v": 0, "total_sc_a": 0, "total_sc_v": 0}