{"c1": 0.048164057875667056, "c2": 0.47016451910705337, "ch1": -0.5190114973973691, "ch2": 0.06633266239699973, "di": 2.798366900944242, "dj": 2.476950472485837, "dk": 0.0, "vw_i": 1.1585178170951234, "vw_j": 1.227346243887699, "kt": 10.825306771183744, "train_sc_a": [52.36624552904174], "train_sc_v": [0.2081023200865605], "val_sc_a": 0, "val_sc_v": 0, "total_sc_a": 0, "total_sc_v": 0}