{"c1": 0.04723088912765721, "c2": 0.48737931305539633, "ch1": -0.0021618048563494243, "ch2": 0.10421788690514153, "di": 1.392523455712769, "dj": 3.2254659904293934, "dk": 0.0, "vw_i": -5.087917759341085, "vw_j": -1.1683589090691346, "kt": 9.857996105505574, "train_sc_a": [0.7702469777450993], "train_sc_v": [0.00982404113055025], "val_sc_a": 0, "val_sc_v": 0, "total_sc_a": 0, "total_sc_v": 0}