{"c1": 0.027242020987444954, "c2": 0.21433278158340602, "ch1": -0.04711441648544327, "ch2": 0.08993206076179097, "di": 3.5115211948236102, "dj": 3.281836174419192, "dk": 0.0, "vw_i": -0.046851691024189304, "vw_j": -0.07950257873138486, "kt": 12.904454005993356, "train_sc_a": [1.1682445887851032], "train_sc_v": [0.008186390904284413], "val_sc_a": 0, "val_sc_v": 0, "total_sc_a": 0, "total_sc_v": 0}