{"c1": 0.033218659502680284, "c2": 0.31832850163327164, "ch1": 0.07396286979533251, "ch2": 0.10237972166622664, "di": 3.7740396923225394, "dj": 4.56927819284064, "dk": 0.20521631823763703, "vw_i": 0.1016983810694452, "vw_j": -0.3920996940815253, "kt": 9.705730348518994, "train_sc_a": [0.6077742966627296], "train_sc_v": [0.005025061846385938], "val_sc_a": 0, "val_sc_v": 0, "total_sc_a": 0, "total_sc_v": 0}