{"c1": 0.05408822727716576, "c2": 0.5879602325053199, "ch1": 0.015392386417042735, "ch2": 0.11030335884437213, "di": 3.5410106780994792, "dj": 0.4618271343128938, "dk": 3.658926555310927, "vw_i": -0.4494453468404528, "vw_j": 0.07845076702419995, "kt": 9.548604952390326, "train_sc_a": [0.44148854321767467], "train_sc_v": [0.006572046150152194], "val_sc_a": 0, "val_sc_v": 0, "total_sc_a": 0, "total_sc_v": 0}