{"c1": 0.03331713554172791, "c2": 0.3176758079401211, "ch1": -0.04943641983142566, "ch2": 0.0937186487801254, "di": 3.7538725401452804, "dj": 4.531850096147752, "dk": 0.21981655521711718, "vw_i": -0.011128742084485395, "vw_j": -0.3338912653551496, "kt": 9.972655695702889, "train_sc_a": [0.586734370685473], "train_sc_v": [0.005093888885162479], "val_sc_a": 0, "val_sc_v": 0, "total_sc_a": 0, "total_sc_v": 0}