{"c1": 0.018992246393153465, "c2": 0.10568406272946894, "ch1": 0.006245112882072341, "ch2": 0.09340541878677742, "di": 0.9872443972182754, "dj": 0.9616249703327365, "dk": 1.156109144025609, "vw_i": -1.7554335414498765, "vw_j": -0.21738782989889974, "kt": 4.9723429071567455, "train_sc_a": [0.26928020365380934], "train_sc_v": [0.000792065462357361], "val_sc_a": 0, "val_sc_v": 0, "total_sc_a": 0, "total_sc_v": 0}