{"c1": 0.02599526695923463, "c2": 0.21224621912274985, "ch1": 0.006112263336609412, "ch2": 0.09318093813416549, "di": 4.39615154876452, "dj": 0.916493483174721, "dk": 1.4052930555024803, "vw_i": -0.8198694444049971, "vw_j": 0.1591577017387852, "kt": 12.190513528697462, "train_sc_a": [0.7093335815183253], "train_sc_v": [0.010975282628661192], "val_sc_a": 0, "val_sc_v": 0, "total_sc_a": 0, "total_sc_v": 0}