{"c1": 0.050588048478617066, "c2": 0.5649179070122522, "ch1": -0.019602627792259835, "ch2": 0.10613303531717859, "di": 9.770800675853819, "dj": 6.278072879081925, "dk": 0.0, "vw_i": -0.21818546192893012, "vw_j": -0.12512540297832467, "kt": 8.268218327946265, "train_sc_a": [0.4471399326165636], "train_sc_v": [0.005524677250314693], "val_sc_a": 0, "val_sc_v": 0, "total_sc_a": 0, "total_sc_v": 0}