{"c1": 0.05208336888774303, "c2": 0.5540765882913149, "ch1": -0.000979319013182579, "ch2": 0.10751963116688378, "di": 8.38921170293845, "dj": 4.639256355821553, "dk": 0.26906609824274436, "vw_i": -0.3737244623114909, "vw_j": -0.83883997059038, "kt": 8.307604067182618, "train_sc_a": [0.42090119523223896], "train_sc_v": [0.006229426272408279], "val_sc_a": 0, "val_sc_v": 0, "total_sc_a": 0, "total_sc_v": 0}