{"c1": 0.027217102894585243, "c2": 0.2288693400199343, "ch1": 0.003668633358588031, "ch2": 0.09399380084812058, "di": 1.4274499168931236, "dj": 0.5133977097788331, "dk": 0.6642639683154231, "vw_i": -1.5639533643098895, "vw_j": -0.5255688924072409, "kt": 13.248590619785036, "train_sc_a": [1.4841978862834313], "train_sc_v": [0.010622333387896676], "val_sc_a": 0, "val_sc_v": 0, "total_sc_a": 0, "total_sc_v": 0}