{"c1": 0.027216127745371167, "c2": 0.21456557817858612, "ch1": -0.047991447650772, "ch2": 0.08988308832675392, "di": 3.6690248588015804, "dj": 3.3079322504962927, "dk": 0.17518784165033197, "vw_i": -0.028275180169683625, "vw_j": -0.07697885721017916, "kt": 12.903079213108779, "train_sc_a": [1.3288031967053964], "train_sc_v": [0.00832610428075145], "val_sc_a": 0, "val_sc_v": 0, "total_sc_a": 0, "total_sc_v": 0}