{"c1": 0.02321772039179583, "c2": 0.1603888398638567, "ch1": -0.008319157166909119, "ch2": 0.09285966083834225, "di": 0.6688853686579401, "dj": 0.9459442320674509, "dk": 0.0, "vw_i": -0.4460002772155921, "vw_j": -0.269349259542105, "kt": 10.951297958550747, "train_sc_a": [0.6964114537971857], "train_sc_v": [0.005731042202040643], "val_sc_a": 0, "val_sc_v": 0, "total_sc_a": 0, "total_sc_v": 0}