{"c1": 0.04372076785918729, "c2": 0.4711938935330439, "ch1": -0.09038662022432312, "ch2": 0.0967727558903858, "di": 13.006105807979873, "dj": 12.932592613259079, "dk": 0.0957028161791369, "vw_i": -1.5578171051162393, "vw_j": -0.07346311523885934, "kt": 12.13066539797189, "train_sc_a": [0.7109801252994896], "train_sc_v": [0.0070702467141904], "val_sc_a": 0, "val_sc_v": 0, "total_sc_a": 0, "total_sc_v": 0}