{"c1": 0.04054611237073852, "c2": 0.37141384718252735, "ch1": 0.03279496687947518, "ch2": 0.09990369719843525, "di": 0.0, "dj": 4.703496285718826, "dk": 0.0, "vw_i": 0.6503053134930039, "vw_j": 0.25409947282056333, "kt": 12.521642347104974, "train_sc_a": [0.9241149570812703], "train_sc_v": [0.005522755330477732], "val_sc_a": 0, "val_sc_v": 0, "total_sc_a": 0, "total_sc_v": 0}