{"c1": 0.045041650279639106, "c2": 0.4609301419433842, "ch1": -0.07139106357112339, "ch2": 0.09796235478435847, "di": 18.981991199976576, "dj": 7.73599889758195, "dk": 0.0, "vw_i": -1.7004574471047569, "vw_j": -0.007539695122894736, "kt": 12.83863139125367, "train_sc_a": [1.5092779052194454], "train_sc_v": [0.007174399891774853], "val_sc_a": 0, "val_sc_v": 0, "total_sc_a": 0, "total_sc_v": 0}