{"c1": 0.03436744378773182, "c2": 0.31010350003547377, "ch1": 0.009822122291894005, "ch2": 0.09780448936640515, "di": 4.047875224704399, "dj": 2.2920047371241337, "dk": 0.0, "vw_i": 0.16167623348232674, "vw_j": -0.3079468124911825, "kt": 9.94348506095922, "train_sc_a": [0.5082215696991631], "train_sc_v": [0.006382697114414706], "val_sc_a": 0, "val_sc_v": 0, "total_sc_a": 0, "total_sc_v": 0}