{"c1": 0.018992279435874004, "c2": 0.1056838015015291, "ch1": 0.006243135545034703, "ch2": 0.09340527685931004, "di": 0.9872535505423096, "dj": 0.9615734627051927, "dk": 1.1560100108610085, "vw_i": -1.7554170698562737, "vw_j": -0.2173774608559811, "kt": 4.972169623636167, "train_sc_a": [0.26928032294918713], "train_sc_v": [0.0007919698890383389], "val_sc_a": 0, "val_sc_v": 0, "total_sc_a": 0, "total_sc_v": 0}