{"c1": 0.024029676795822505, "c2": 0.17924744986693472, "ch1": -0.014119472615208508, "ch2": 0.09205892514673261, "di": 3.780716896433129, "dj": 1.3932187970992456, "dk": 2.6104705454714416, "vw_i": -2.155297305552999, "vw_j": -1.062309524468716, "kt": 14.623183325905483, "train_sc_a": [0.6302064247592959], "train_sc_v": [0.0026882566348187635], "val_sc_a": 0, "val_sc_v": 0, "total_sc_a": 0, "total_sc_v": 0}