{"c1": 0.04734550542249687, "c2": 0.47488661131902127, "ch1": 0.035414997455945785, "ch2": 0.10629408856718275, "di": 0.060839300099833245, "dj": 1.8986180202650886, "dk": 0.0, "vw_i": -0.05969149556271314, "vw_j": 0.1591652740591733, "kt": 12.012849835259027, "train_sc_a": [0.342403702413845], "train_sc_v": [0.0034026322488351544], "val_sc_a": 0, "val_sc_v": 0, "total_sc_a": 0, "total_sc_v": 0}