{"c1": 0.05217184216989711, "c2": 0.5300532185043326, "ch1": -0.0054969909839489425, "ch2": 0.1069680655897596, "di": 3.65790662655567, "dj": 2.8888780183567087, "dk": 0.0, "vw_i": -0.30385018518098766, "vw_j": 0.13870639893708814, "kt": 9.727208303179788, "train_sc_a": [0.5898435218994714], "train_sc_v": [0.007670187061260584], "val_sc_a": 0, "val_sc_v": 0, "total_sc_a": 0, "total_sc_v": 0}