{"c1": 0.05062699313067655, "c2": 0.54042789093985, "ch1": 0.016295422585327634, "ch2": 0.10769629338997534, "di": 1.678235166982199, "dj": 0.5248173071282551, "dk": 0.4643146347326382, "vw_i": -0.8046605968247693, "vw_j": 0.13217029516948917, "kt": 10.265005043521503, "train_sc_a": [0.36569280634644546], "train_sc_v": [0.005008804426349845], "val_sc_a": 0, "val_sc_v": 0, "total_sc_a": 0, "total_sc_v": 0}