{"c1": 0.023218201514520934, "c2": 0.1483390780223097, "ch1": 0.031237563923147974, "ch2": 0.0960301918156727, "di": 0.31563750280687214, "dj": 2.23974507731272, "dk": 4.649400411402029, "vw_i": -0.9593966914959633, "vw_j": 0.7517512498005572, "kt": 10.869532505625438, "train_sc_a": [0.9332918592195475], "train_sc_v": [0.008137106747932511], "val_sc_a": 0, "val_sc_v": 0, "total_sc_a": 0, "total_sc_v": 0}