{"c1": 0.020470412322764763, "c2": 0.11983690721268961, "ch1": -0.011955811273208163, "ch2": 0.09262014886629862, "di": 2.4788528167050106, "dj": 1.9342178031907222, "dk": 0.19604264698832016, "vw_i": -1.1206776633687823, "vw_j": -0.55643318002029, "kt": 9.050607782684077, "train_sc_a": [0.4114354080761056], "train_sc_v": [0.0038700996645456686], "val_sc_a": 0, "val_sc_v": 0, "total_sc_a": 0, "total_sc_v": 0}