{"c1": 0.028579309569194137, "c2": 0.2500121121288081, "ch1": -0.015360228221966327, "ch2": 0.0955841305837564, "di": 2.453785287825564, "dj": 2.209816011809026, "dk": 0.9234896707731297, "vw_i": -2.0572474281073556, "vw_j": -0.12397283511343035, "kt": 6.333204463544349, "train_sc_a": [0.3821054531510389], "train_sc_v": [0.006058679272590575], "val_sc_a": 0, "val_sc_v": 0, "total_sc_a": 0, "total_sc_v": 0}