{"c1": 0.024247069651022534, "c2": 0.1781112686296576, "ch1": -0.0093408126561079, "ch2": 0.09243511145864562, "di": 3.726060682588292, "dj": 2.0654264648453267, "dk": 0.0, "vw_i": -2.320386705425513, "vw_j": -0.8552494146125078, "kt": 12.424794734412686, "train_sc_a": [0.2363776385974848], "train_sc_v": [0.0008275076266497403], "val_sc_a": 0, "val_sc_v": 0, "total_sc_a": 0, "total_sc_v": 0}