{"c1": 0.0420027912809997, "c2": 0.4403022036890182, "ch1": -0.03451923039419137, "ch2": 0.09554774846101857, "di": 7.59095423575957, "dj": 4.9234095147449555, "dk": 2.406290742975638, "vw_i": -0.2707361449089517, "vw_j": 0.12256966405399031, "kt": 11.29317239534038, "train_sc_a": [1.2013719119161395], "train_sc_v": [0.006928706339495836], "val_sc_a": 0, "val_sc_v": 0, "total_sc_a": 0, "total_sc_v": 0}