{"c1": 0.04122316289282718, "c2": 0.4328738167506039, "ch1": -0.14812402019745757, "ch2": 0.08561069605162573, "di": 3.3224613082216843, "dj": 9.160928005379116, "dk": 3.5862137788024393, "vw_i": -0.5158145788435294, "vw_j": -0.6135852653539576, "kt": 10.769154497814505, "train_sc_a": [3.7046518648417495], "train_sc_v": [0.01741701708264273], "val_sc_a": 0, "val_sc_v": 0, "total_sc_a": 0, "total_sc_v": 0}