{"c1": 0.04157920370196095, "c2": 0.4435158015256936, "ch1": -0.03739482302433977, "ch2": 0.09535297195264589, "di": 4.4820811233631535, "dj": 3.5306712381560974, "dk": 0.0, "vw_i": 0.6409501319065453, "vw_j": 0.41980447254573394, "kt": 11.519300828927562, "train_sc_a": [1.1637935294221193], "train_sc_v": [0.01015037678032984], "val_sc_a": 0, "val_sc_v": 0, "total_sc_a": 0, "total_sc_v": 0}