{"c1": 0.02822331344914759, "c2": 0.2136412356875312, "ch1": 0.038206086663925304, "ch2": 0.09642623900543308, "di": 1.2506705933927105, "dj": 1.8944020715496719, "dk": 2.518406046287576, "vw_i": -0.862303789009477, "vw_j": -0.4107014094539732, "kt": 12.921846915105451, "train_sc_a": [1.04309078138789], "train_sc_v": [0.006840803888784265], "val_sc_a": 0, "val_sc_v": 0, "total_sc_a": 0, "total_sc_v": 0}