{"c1": 0.05085443007669404, "c2": 0.44870664050706577, "ch1": 0.40952479246444556, "ch2": 0.1342692101837887, "di": 1.714330192051765, "dj": 8.922240352153647, "dk": 0.0, "vw_i": -1.5554291433850131, "vw_j": 0.0011711527046859294, "kt": 12.072206269655322, "train_sc_a": [13.068418574535066], "train_sc_v": [0.05203416363031609], "val_sc_a": 0, "val_sc_v": 0, "total_sc_a": 0, "total_sc_v": 0}