{"c1": 0.018992246393064034, "c2": 0.10568406273032971, "ch1": 0.006245112898614724, "ch2": 0.09340541878796274, "di": 0.987244397113856, "dj": 0.9616249706266227, "dk": 1.1561091450277732, "vw_i": -1.7554335415343736, "vw_j": -0.21738782996871747, "kt": 4.972342908640457, "train_sc_a": [0.2692802036519935], "train_sc_v": [0.0007920654629250209], "val_sc_a": 0, "val_sc_v": 0, "total_sc_a": 0, "total_sc_v": 0}