{"c1": 0.027721512086521388, "c2": 0.2208461421066712, "ch1": 0.005642528690894907, "ch2": 0.09413090486390703, "di": 0.7988888798514997, "dj": 0.08506851392552803, "dk": 0.275405964419056, "vw_i": -1.416045702972908, "vw_j": -0.16062220514314204, "kt": 13.150350475262234, "train_sc_a": [0.3515378137792048], "train_sc_v": [0.001958293473327409], "val_sc_a": 0, "val_sc_v": 0, "total_sc_a": 0, "total_sc_v": 0}