{"c1": 0.043503854037503016, "c2": 0.47272822850373397, "ch1": -0.09106608506560589, "ch2": 0.09673112672684073, "di": 13.577573639695508, "dj": 11.272525901032976, "dk": 0.0, "vw_i": -1.7683884876701919, "vw_j": 0.08739497050589629, "kt": 12.137507801337973, "train_sc_a": [0.8648030506559388], "train_sc_v": [0.007276633988091595], "val_sc_a": 0, "val_sc_v": 0, "total_sc_a": 0, "total_sc_v": 0}