{"c1": 0.0394231324863104, "c2": 0.5361568932994224, "ch1": 0.01581210376850377, "ch2": 0.10492800809582833, "di": 2.326571748351368, "dj": 4.857053561323629, "dk": 0.04291865576336436, "vw_i": -0.2895602931009069, "vw_j": -0.06227226429593634, "kt": 9.217330676937658, "train_sc_a": [3.2581776014077843], "train_sc_v": [0.013071189373485304], "val_sc_a": 0, "val_sc_v": 0, "total_sc_a": 0, "total_sc_v": 0}