{"c1": 0.0504057322178888, "c2": 0.5420696151159435, "ch1": -0.027051119690288977, "ch2": 0.10453865517865371, "di": 1.0931248097425867, "dj": 0.2035417059721649, "dk": 0.7285504831161298, "vw_i": -0.9318278339489257, "vw_j": 0.08744836218371771, "kt": 10.220642554877955, "train_sc_a": [0.3216031368127094], "train_sc_v": [0.004365195626131885], "val_sc_a": 0, "val_sc_v": 0, "total_sc_a": 0, "total_sc_v": 0}