{"c1": 0.024233558960963606, "c2": 0.1782741382982279, "ch1": -0.00955916870728457, "ch2": 0.09241515327989223, "di": 3.6131531761027165, "dj": 2.1829376898576287, "dk": 0.12396791472941866, "vw_i": -2.278267140182693, "vw_j": -0.9373934165076674, "kt": 13.201791467346688, "train_sc_a": [0.23955919302102827], "train_sc_v": [0.0008523747960240421], "val_sc_a": 0, "val_sc_v": 0, "total_sc_a": 0, "total_sc_v": 0}