{"c1": 0.019463432644292424, "c2": 0.11977395315882189, "ch1": -0.02894163500067366, "ch2": 0.09021419114490944, "di": 2.8661165794619294, "dj": 1.5167555538564672, "dk": 0.0, "vw_i": -1.7016321389371303, "vw_j": -0.750783093965802, "kt": 8.937070434776906, "train_sc_a": [1.9139821842597429], "train_sc_v": [0.015392336171235803], "val_sc_a": 0, "val_sc_v": 0, "total_sc_a": 0, "total_sc_v": 0}