{"c1": 0.05957813838693335, "c2": 0.5024684838946719, "ch1": -0.0015472646081487306, "ch2": 0.10756541608647675, "di": 1.539957021633686, "dj": 7.901742263687124, "dk": 4.198097884932197, "vw_i": -1.697521915361391, "vw_j": -0.56402233633048, "kt": 10.401704010440655, "train_sc_a": [3.7576072446179554], "train_sc_v": [0.013949286492749067], "val_sc_a": 0, "val_sc_v": 0, "total_sc_a": 0, "total_sc_v": 0}