{"c1": 0.02791527923732099, "c2": 0.23703704020312785, "ch1": -0.006729281220308122, "ch2": 0.0935854855334484, "di": 3.1659738698396245, "dj": 3.3338425552472835, "dk": 0.5921064271516889, "vw_i": -1.027111609285003, "vw_j": -0.4621461449722747, "kt": 12.463953028161916, "train_sc_a": [0.424605594023252], "train_sc_v": [0.0064618398390996375], "val_sc_a": 0, "val_sc_v": 0, "total_sc_a": 0, "total_sc_v": 0}