{"c1": 0.0463611812077703, "c2": 0.484957351326775, "ch1": 0.0051566051298423485, "ch2": 0.10522801868167951, "di": 1.843398529628474, "dj": 1.9462586156376809, "dk": 0.0, "vw_i": -1.2321418133290147, "vw_j": -0.07368852085307623, "kt": 10.085190668731961, "train_sc_a": [0.7279481946025266], "train_sc_v": [0.003694280704292514], "val_sc_a": 0, "val_sc_v": 0, "total_sc_a": 0, "total_sc_v": 0}