{"c1": 0.019839462192536357, "c2": 0.11114911091878775, "ch1": 0.003584713632807702, "ch2": 0.09288871270506069, "di": 2.310961381435391, "dj": 0.8499115603782864, "dk": 0.6272645784077374, "vw_i": -1.4699304080186022, "vw_j": -0.3869224649270062, "kt": 8.976527608630663, "train_sc_a": [0.532197376991542], "train_sc_v": [0.007452427499205249], "val_sc_a": 0, "val_sc_v": 0, "total_sc_a": 0, "total_sc_v": 0}