{"c1": 0.043470456585978305, "c2": 0.4294968853361663, "ch1": 0.004301166554908342, "ch2": 0.09831003996440112, "di": 8.939751136573507, "dj": 4.954821841531891, "dk": 0.0, "vw_i": -0.47922015432413817, "vw_j": -0.5957637014285108, "kt": 11.038152247179502, "train_sc_a": [0.43404055137207254], "train_sc_v": [0.005600325306860824], "val_sc_a": 0, "val_sc_v": 0, "total_sc_a": 0, "total_sc_v": 0}