{"c1": 0.01858924055685963, "c2": 0.10962257793483149, "ch1": -0.002717328037511499, "ch2": 0.09284091753936256, "di": 2.0516461794601413, "dj": 0.8557732493389946, "dk": 0.0, "vw_i": -1.8649616619455553, "vw_j": -0.7797157590603576, "kt": 8.056112247397849, "train_sc_a": [0.42804800454272307], "train_sc_v": [0.00309464771464213], "val_sc_a": 0, "val_sc_v": 0, "total_sc_a": 0, "total_sc_v": 0}