{"c1": 0.03402115181781361, "c2": 0.2659502211317319, "ch1": 0.011710642147192658, "ch2": 0.0988329437759945, "di": 1.808489956230272, "dj": 2.451258559695556, "dk": 0.0, "vw_i": -1.4203637060752787, "vw_j": -0.8227557247528512, "kt": 7.623704517888563, "train_sc_a": [0.2795997762989448], "train_sc_v": [0.0026056179378703965], "val_sc_a": 0, "val_sc_v": 0, "total_sc_a": 0, "total_sc_v": 0}