{"c1": 0.027472436242545667, "c2": 0.24334931473276003, "ch1": 0.0006705667457176975, "ch2": 0.09413099877664795, "di": 4.952930121207555, "dj": 1.9914948963564245, "dk": 0.16281705544870392, "vw_i": -1.0337134031698192, "vw_j": 0.1723502369746671, "kt": 11.938574147386243, "train_sc_a": [0.39272788127313024], "train_sc_v": [0.0077977097331262315], "val_sc_a": 0, "val_sc_v": 0, "total_sc_a": 0, "total_sc_v": 0}