{"c1": 0.039448943312198115, "c2": 0.39796234195378377, "ch1": 0.0183884014126688, "ch2": 0.09789409830454743, "di": 4.939225939999294, "dj": 4.448676535159443, "dk": 0.0, "vw_i": 0.27614209686106006, "vw_j": -0.10144916467560605, "kt": 9.383725973545701, "train_sc_a": [0.5756879727773592], "train_sc_v": [0.004451237646902273], "val_sc_a": 0, "val_sc_v": 0, "total_sc_a": 0, "total_sc_v": 0}