{"c1": 0.04744772813744787, "c2": 0.4745253705731749, "ch1": -0.006156038316961365, "ch2": 0.10312651093165019, "di": 2.0897867488849364, "dj": 1.980406075090683, "dk": 0.0, "vw_i": -0.8050964329124171, "vw_j": 0.020412740498561975, "kt": 8.343724705529578, "train_sc_a": [1.2891920306007287], "train_sc_v": [0.005632815568964296], "val_sc_a": 0, "val_sc_v": 0, "total_sc_a": 0, "total_sc_v": 0}