{"c1": 0.01973377010704269, "c2": 0.10780995375793423, "ch1": -0.0023579352932843333, "ch2": 0.09277082868202817, "di": 1.6936015119850247, "dj": 1.3193034438754208, "dk": 2.4298075280567097, "vw_i": -1.7993722630940603, "vw_j": -0.6881068407626847, "kt": 8.798272780218449, "train_sc_a": [0.23273326386319595], "train_sc_v": [0.0011430775714283427], "val_sc_a": 0, "val_sc_v": 0, "total_sc_a": 0, "total_sc_v": 0}