{"c1": 0.03098352183737626, "c2": 0.2744719559620343, "ch1": -0.010151239898340034, "ch2": 0.09700886232483388, "di": 0.036152456263073694, "dj": 0.555884556055046, "dk": 0.11415726115503327, "vw_i": -0.9336751345523304, "vw_j": -0.6304777485384955, "kt": 6.401072752910139, "train_sc_a": [0.3897366452530734], "train_sc_v": [0.0050047926905293525], "val_sc_a": 0, "val_sc_v": 0, "total_sc_a": 0, "total_sc_v": 0}