{"c1": 0.04471803980405581, "c2": 0.45879015062936707, "ch1": -0.047049956734607386, "ch2": 0.10137387289029769, "di": 6.2263532995049475, "dj": 2.145467691192177, "dk": 0.0, "vw_i": 2.568165240497609, "vw_j": 1.341601754831626, "kt": 13.4547410278844, "train_sc_a": [3.4143168642243906], "train_sc_v": [0.014755991498622697], "val_sc_a": 0, "val_sc_v": 0, "total_sc_a": 0, "total_sc_v": 0}