{"c1": 0.053308580596992096, "c2": 0.5637395333570309, "ch1": 0.007533772913822439, "ch2": 0.1082196493469415, "di": 6.745153625390131, "dj": 4.231441347484777, "dk": 0.0, "vw_i": -0.7287709675990492, "vw_j": 0.39525905819509666, "kt": 7.6382303436051275, "train_sc_a": [0.5107285172113434], "train_sc_v": [0.00798791558038202], "val_sc_a": 0, "val_sc_v": 0, "total_sc_a": 0, "total_sc_v": 0}