{"c1": 0.03352322165371791, "c2": 0.3177191068028536, "ch1": -0.11915346656837396, "ch2": 0.08844468205336875, "di": 2.794404110587792, "dj": 3.2355912428994675, "dk": 0.0, "vw_i": -1.7235889300484493, "vw_j": -0.8920502015312116, "kt": 8.969784066763133, "train_sc_a": [0.9828081881674984], "train_sc_v": [0.005645510927514921], "val_sc_a": 0, "val_sc_v": 0, "total_sc_a": 0, "total_sc_v": 0}