{"c1": 0.019574728819218762, "c2": 0.10340934399363139, "ch1": -0.0016330350011256373, "ch2": 0.09288422282242517, "di": 1.8043708827188305, "dj": 1.0460081167284099, "dk": 0.6990368957724321, "vw_i": -1.7751810834440274, "vw_j": -0.9014158192149531, "kt": 8.9998488607673, "train_sc_a": [0.29059861157090394], "train_sc_v": [0.003078435266275776], "val_sc_a": 0, "val_sc_v": 0, "total_sc_a": 0, "total_sc_v": 0}