{"c1": 0.0446793530286991, "c2": 0.5895866512576043, "ch1": -0.023218724717937754, "ch2": 0.10559149963935359, "di": 2.2862638370922856, "dj": 6.19356589149736, "dk": 1.1465387114241554, "vw_i": -1.9075270511446618, "vw_j": -0.242558406689368, "kt": 8.919169781455297, "train_sc_a": [2.9621824471319633], "train_sc_v": [0.012745648731496138], "val_sc_a": 0, "val_sc_v": 0, "total_sc_a": 0, "total_sc_v": 0}