{"c1": 0.050729982183683554, "c2": 0.5426771263946157, "ch1": 0.014363026969035547, "ch2": 0.10835492921840896, "di": 4.192939297278801, "dj": 3.415962659772419, "dk": 0.0, "vw_i": 0.6334484550812836, "vw_j": 0.3086580033284862, "kt": 8.093152384569851, "train_sc_a": [0.5352427488010639], "train_sc_v": [0.011586724772545872], "val_sc_a": 0, "val_sc_v": 0, "total_sc_a": 0, "total_sc_v": 0}