{"c1": 0.023362795348158473, "c2": 0.1664816184895713, "ch1": 0.020392897145141087, "ch2": 0.09499660795537515, "di": 2.1900161759099217, "dj": 0.042966721491430916, "dk": 0.0, "vw_i": -0.36981279755674434, "vw_j": 0.044582575323964604, "kt": 10.91278494371888, "train_sc_a": [0.4455504124138209], "train_sc_v": [0.005615584824561215], "val_sc_a": 0, "val_sc_v": 0, "total_sc_a": 0, "total_sc_v": 0}