{"c1": 0.029356019843351375, "c2": 0.23666822742955432, "ch1": -0.0030100025646770823, "ch2": 0.09651632837211783, "di": 1.1775511284482874, "dj": 0.8919977083775159, "dk": 0.0, "vw_i": -1.1908891663129026, "vw_j": -0.24622579676067388, "kt": 9.184627295748088, "train_sc_a": [0.3036409346184685], "train_sc_v": [0.0011932921600599793], "val_sc_a": 0, "val_sc_v": 0, "total_sc_a": 0, "total_sc_v": 0}