{"c1": 0.0385899056625931, "c2": 0.37340242503897847, "ch1": 0.023012521745648235, "ch2": 0.09881233554882039, "di": 1.9937281717733852, "dj": 1.3032747201184647, "dk": 0.0, "vw_i": -1.1917390970693875, "vw_j": -0.3233890056205166, "kt": 8.076012204875632, "train_sc_a": [0.5371778359130407], "train_sc_v": [0.003272967812135253], "val_sc_a": 0, "val_sc_v": 0, "total_sc_a": 0, "total_sc_v": 0}