{"c1": 0.014193396230198637, "c2": 0.17774383041912528, "ch1": 0.19868374993120458, "ch2": 0.10804366338369265, "di": 8.686939439841836, "dj": 6.038771480134559, "dk": 0.4533766138620153, "vw_i": -1.5373813975520427, "vw_j": -0.7409847059689596, "kt": 8.941844167680511, "train_sc_a": [10.954558121520352], "train_sc_v": [0.04630647001987984], "val_sc_a": 0, "val_sc_v": 0, "total_sc_a": 0, "total_sc_v": 0}