{"c1": 0.020042718616965265, "c2": 0.11328232661153809, "ch1": -0.01634455250068084, "ch2": 0.09120480248318442, "di": 1.4476215926961034, "dj": 1.5515779144389605, "dk": 0.0, "vw_i": -1.7926339860587115, "vw_j": -1.0717634854080857, "kt": 8.982031605284181, "train_sc_a": [0.6253334161478068], "train_sc_v": [0.005904742865750717], "val_sc_a": 0, "val_sc_v": 0, "total_sc_a": 0, "total_sc_v": 0}