{"c1": 0.024375779730062608, "c2": 0.18139693402019572, "ch1": -0.01707439792732182, "ch2": 0.09186935799816907, "di": 5.09605920437873, "dj": 2.1380921628868252, "dk": 0.4058677965903209, "vw_i": -2.128280667275433, "vw_j": -0.6926182610609608, "kt": 12.691368955735625, "train_sc_a": [0.54263516214832], "train_sc_v": [0.0053702202903193755], "val_sc_a": 0, "val_sc_v": 0, "total_sc_a": 0, "total_sc_v": 0}