{"c1": 0.05026786082688286, "c2": 0.5428064352428311, "ch1": 0.003659990841149191, "ch2": 0.10693800868581484, "di": 2.8728956782986894, "dj": 0.3178114736524075, "dk": 0.0, "vw_i": -1.4826463427683225, "vw_j": -0.12595538432372796, "kt": 10.35971717399824, "train_sc_a": [0.5905245747752119], "train_sc_v": [0.00820739412776909], "val_sc_a": 0, "val_sc_v": 0, "total_sc_a": 0, "total_sc_v": 0}