{"c1": 0.042653156146804545, "c2": 0.4360925529822449, "ch1": -0.018357497127076572, "ch2": 0.09671777740751812, "di": 1.9411557836835083, "dj": 1.840576641146563, "dk": 0.0, "vw_i": 1.139255415233711, "vw_j": 0.5649592123763901, "kt": 11.64497369930153, "train_sc_a": [0.2756777234108408], "train_sc_v": [0.004355198066406774], "val_sc_a": 0, "val_sc_v": 0, "total_sc_a": 0, "total_sc_v": 0}