{"c1": 0.018992246393063177, "c2": 0.10568406273033798, "ch1": 0.0062451128987734625, "ch2": 0.09340541878797412, "di": 0.987244397112854, "dj": 0.9616249706294427, "dk": 1.1561091450373897, "vw_i": -1.7554335415351843, "vw_j": -0.2173878299693874, "kt": 4.972342908654695, "train_sc_a": [0.2692802036519762], "train_sc_v": [0.0007920654629304736], "val_sc_a": 0, "val_sc_v": 0, "total_sc_a": 0, "total_sc_v": 0}