{"c1": 0.04410355959630283, "c2": 0.4684911099217664, "ch1": -0.14745195532457162, "ch2": 0.09274673048168822, "di": 13.25117816049415, "dj": 15.316601288068298, "dk": 0.26831178018534746, "vw_i": -0.46276230903816606, "vw_j": -0.6241872337733684, "kt": 12.121800338853213, "train_sc_a": [2.298585474999689], "train_sc_v": [0.008991403234513293], "val_sc_a": 0, "val_sc_v": 0, "total_sc_a": 0, "total_sc_v": 0}