{"c1": 0.027850700607492933, "c2": 0.2239798536072077, "ch1": -0.003443291423334621, "ch2": 0.09345612083163918, "di": 0.7220333828147545, "dj": 0.9262181222006752, "dk": 0.0, "vw_i": -1.5026158032762171, "vw_j": -0.6031919247530655, "kt": 13.191956350433026, "train_sc_a": [0.919871408941338], "train_sc_v": [0.00909048058801537], "val_sc_a": 0, "val_sc_v": 0, "total_sc_a": 0, "total_sc_v": 0}