{"c1": 0.03279361538023385, "c2": 0.276645363395561, "ch1": -0.134727947707037, "ch2": 0.08815260666991509, "di": 1.364932722254125, "dj": 2.3695490742214935, "dk": 0.12792906515164001, "vw_i": -0.6340674256839416, "vw_j": -0.016181109699372337, "kt": 7.50359846953099, "train_sc_a": [1.2809794101893406], "train_sc_v": [0.006246757403425713], "val_sc_a": 0, "val_sc_v": 0, "total_sc_a": 0, "total_sc_v": 0}