{"c1": 0.05101383927009365, "c2": 0.531280257619487, "ch1": 0.014342653881156653, "ch2": 0.10709512676888826, "di": 0.9611578655595522, "dj": 2.843957306896667, "dk": 0.12217104669875077, "vw_i": -0.5353319447228495, "vw_j": 0.47833976667326683, "kt": 10.36044951424225, "train_sc_a": [0.4213636022038731], "train_sc_v": [0.0034188409766527867], "val_sc_a": 0, "val_sc_v": 0, "total_sc_a": 0, "total_sc_v": 0}