{"c1": 0.03894119718580729, "c2": 0.3856195942317571, "ch1": -0.0061408155063571845, "ch2": 0.09681564733468535, "di": 3.4493657101131623, "dj": 4.66412350859048, "dk": 0.0, "vw_i": -0.3285684183240254, "vw_j": -0.438855255332355, "kt": 12.565938149361417, "train_sc_a": [0.8693730152809288], "train_sc_v": [0.007495032899902812], "val_sc_a": 0, "val_sc_v": 0, "total_sc_a": 0, "total_sc_v": 0}