{"c1": 0.040150733825433015, "c2": 0.37890493464646174, "ch1": 0.01081597626060347, "ch2": 0.09812870587918762, "di": 3.2814557217526317, "dj": 7.211785731523291, "dk": 0.0, "vw_i": -0.3222696043297578, "vw_j": -0.4324227836784935, "kt": 12.052480450173402, "train_sc_a": [0.6320425201418637], "train_sc_v": [0.006354110660184181], "val_sc_a": 0, "val_sc_v": 0, "total_sc_a": 0, "total_sc_v": 0}