{"c1": 0.04481566706831181, "c2": 0.46292375271256003, "ch1": -0.005855665506259098, "ch2": 0.1019841486179483, "di": 15.125854912243405, "dj": 23.710992343107144, "dk": 0.0, "vw_i": 0.09790936512090134, "vw_j": 0.5543587434138948, "kt": 13.356499151811493, "train_sc_a": [0.4231425956863718], "train_sc_v": [0.0047608822179199374], "val_sc_a": 0, "val_sc_v": 0, "total_sc_a": 0, "total_sc_v": 0}