{"c1": 0.052961772640320905, "c2": 0.6011267270966882, "ch1": -0.04414406115979503, "ch2": 0.10648422645840848, "di": 3.594361870113004, "dj": 5.997286657985638, "dk": 0.4173761045621176, "vw_i": -0.4964819362972647, "vw_j": -0.0652877356841697, "kt": 8.906269167959138, "train_sc_a": [0.3214511827497748], "train_sc_v": [0.0033495208099916635], "val_sc_a": 0, "val_sc_v": 0, "total_sc_a": 0, "total_sc_v": 0}