{"c1": 0.023128303157418914, "c2": 0.14903832469927833, "ch1": 0.01011889377483561, "ch2": 0.09433816679814959, "di": 0.4984948873602972, "dj": 0.6718433223671835, "dk": 4.974818438851698, "vw_i": -0.9678594630174703, "vw_j": 0.7827847673365838, "kt": 10.872998453332897, "train_sc_a": [0.6195181027745056], "train_sc_v": [0.01030992975317737], "val_sc_a": 0, "val_sc_v": 0, "total_sc_a": 0, "total_sc_v": 0}