{"c1": 0.02528694727239197, "c2": 0.18126172752731476, "ch1": -0.02024461031648457, "ch2": 0.09215449706038212, "di": 5.189963687759044, "dj": 6.312946975275008, "dk": 2.422522874314121, "vw_i": -1.1749605023349032, "vw_j": -0.4315420482128899, "kt": 12.541025072581927, "train_sc_a": [1.4659919610279601], "train_sc_v": [0.010488647892063468], "val_sc_a": 0, "val_sc_v": 0, "total_sc_a": 0, "total_sc_v": 0}