{"c1": 0.0384468978324508, "c2": 0.3921746237068982, "ch1": -0.006923585102938414, "ch2": 0.09658275689704238, "di": 2.380317530434957, "dj": 4.4840939347908755, "dk": 0.0, "vw_i": -1.7839968489914615, "vw_j": -0.11404279452681694, "kt": 11.422951239844876, "train_sc_a": [0.2734755087824108], "train_sc_v": [0.0010183610403933334], "val_sc_a": 0, "val_sc_v": 0, "total_sc_a": 0, "total_sc_v": 0}