{"c1": 0.02200355636247172, "c2": 0.15786294444765958, "ch1": 0.002825401835099252, "ch2": 0.09382863674574664, "di": 1.3286134105470435, "dj": 0.1420919103150783, "dk": 2.61249441040992, "vw_i": -1.4675806893010463, "vw_j": 0.07096498235196005, "kt": 10.991403262967136, "train_sc_a": [0.3908740810175853], "train_sc_v": [0.00567127071109361], "val_sc_a": 0, "val_sc_v": 0, "total_sc_a": 0, "total_sc_v": 0}