{"c1": 0.04748870310756034, "c2": 0.44225916291738754, "ch1": -0.09960314735391629, "ch2": 0.09575218573465678, "di": 18.581400876020858, "dj": 10.309769476858003, "dk": 0.0, "vw_i": -1.0561050246370327, "vw_j": -0.5597347326770332, "kt": 12.254831799631368, "train_sc_a": [2.5439081903197835], "train_sc_v": [0.009814059309159988], "val_sc_a": 0, "val_sc_v": 0, "total_sc_a": 0, "total_sc_v": 0}