{"c1": 0.02128340435539025, "c2": 0.13908940183078888, "ch1": 0.021138789270958896, "ch2": 0.09534592404296313, "di": 1.3007085628197355, "dj": 2.32067902214421, "dk": 0.017179741789195065, "vw_i": -1.2179451659210108, "vw_j": -0.47448689484515694, "kt": 10.239257881251875, "train_sc_a": [0.47825009400896035], "train_sc_v": [0.004698594354876118], "val_sc_a": 0, "val_sc_v": 0, "total_sc_a": 0, "total_sc_v": 0}