{"c1": 0.03475265318684111, "c2": 0.3072981949965125, "ch1": 0.024943069294374048, "ch2": 0.098941725896652, "di": 4.500309575201699, "dj": 2.3492586142584106, "dk": 0.0, "vw_i": -0.9158599449179096, "vw_j": -0.1411946514508247, "kt": 9.838203012553533, "train_sc_a": [0.5799646750974237], "train_sc_v": [0.004280182598212393], "val_sc_a": 0, "val_sc_v": 0, "total_sc_a": 0, "total_sc_v": 0}