{"c1": 0.053003220346266026, "c2": 0.6008223984262285, "ch1": -0.11550369605002764, "ch2": 0.10161185839970979, "di": 3.657533954607616, "dj": 6.371947163082183, "dk": 0.6742513100402293, "vw_i": -0.19007384049295875, "vw_j": -0.0433398194695408, "kt": 8.883006192144867, "train_sc_a": [3.777024681823225], "train_sc_v": [0.018725157454828566], "val_sc_a": 0, "val_sc_v": 0, "total_sc_a": 0, "total_sc_v": 0}