{"c1": 0.02723299582760541, "c2": 0.2453056645865963, "ch1": 0.44162955860788233, "ch2": 0.12662914976325804, "di": 6.009156584022744, "dj": 20.085655735012104, "dk": 0.836796164887365, "vw_i": -1.5676333507875728, "vw_j": 0.23533051869192, "kt": 11.457588099091097, "train_sc_a": [13.51586495039949], "train_sc_v": [0.05314245586080332], "val_sc_a": 0, "val_sc_v": 0, "total_sc_a": 0, "total_sc_v": 0}