{"c1": 0.02793853618111998, "c2": 0.2401664955365448, "ch1": -0.004419042696559862, "ch2": 0.09391759055929211, "di": 5.4882749552531145, "dj": 2.436505132937552, "dk": 0.7361381652742628, "vw_i": -1.2679185113969833, "vw_j": 0.07761822643996688, "kt": 11.59907919016705, "train_sc_a": [0.33685550872897424], "train_sc_v": [0.0035068424672384775], "val_sc_a": 0, "val_sc_v": 0, "total_sc_a": 0, "total_sc_v": 0}