{"c1": 0.02908037452986351, "c2": 0.24650221983116416, "ch1": -0.009434533708597766, "ch2": 0.0960308414778378, "di": 3.2468690324504648, "dj": 1.9298238081432193, "dk": 1.0071973616215413, "vw_i": -2.0377730623344767, "vw_j": -0.12040853037515438, "kt": 6.321201398561251, "train_sc_a": [0.24429034637970945], "train_sc_v": [0.0005795196514414453], "val_sc_a": 0, "val_sc_v": 0, "total_sc_a": 0, "total_sc_v": 0}