{"c1": 0.05168830492581718, "c2": 0.5358403465762608, "ch1": 0.015136531612721315, "ch2": 0.10845933562083908, "di": 4.4838309129407605, "dj": 2.6767051118099507, "dk": 0.14899593654242246, "vw_i": -0.6410190617042323, "vw_j": -0.34749635687197455, "kt": 8.909324642517651, "train_sc_a": [0.4473853455009886], "train_sc_v": [0.005469266326320654], "val_sc_a": 0, "val_sc_v": 0, "total_sc_a": 0, "total_sc_v": 0}