{"c1": 0.033998200715749605, "c2": 0.2967868861465748, "ch1": -0.0024957077247886685, "ch2": 0.09674357875457261, "di": 2.724287992059124, "dj": 1.6694425058699516, "dk": 0.028728876681445213, "vw_i": -1.6249383228006713, "vw_j": -0.8138588814917538, "kt": 8.833957675977903, "train_sc_a": [0.397641052714958], "train_sc_v": [0.004314661724358833], "val_sc_a": 0, "val_sc_v": 0, "total_sc_a": 0, "total_sc_v": 0}