{"c1": 0.0382831319596709, "c2": 0.39059541549727395, "ch1": 0.016092871738934745, "ch2": 0.09840595879460505, "di": 3.416116259877041, "dj": 4.167950563196902, "dk": 0.030228860242957113, "vw_i": -0.5845852549544168, "vw_j": -0.6583489275882316, "kt": 12.600562228592457, "train_sc_a": [0.31484562723789933], "train_sc_v": [0.0032936173833884165], "val_sc_a": 0, "val_sc_v": 0, "total_sc_a": 0, "total_sc_v": 0}