{"c1": 0.04269020168652712, "c2": 0.4100510958094459, "ch1": -0.01935301600448215, "ch2": 0.09499856833392138, "di": 3.5120611209985735, "dj": 8.888216552332523, "dk": 3.669835209452551, "vw_i": 0.30300682275181673, "vw_j": -0.7080122711682324, "kt": 10.477191615003504, "train_sc_a": [1.2501846447139668], "train_sc_v": [0.003758478870443416], "val_sc_a": 0, "val_sc_v": 0, "total_sc_a": 0, "total_sc_v": 0}