{"c1": 0.04752061766990024, "c2": 0.4412802973355806, "ch1": -0.01037433830514734, "ch2": 0.10267537083718778, "di": 18.593888420169563, "dj": 10.316698109546369, "dk": 0.0, "vw_i": -0.9560079718585657, "vw_j": -0.46660534354239824, "kt": 12.25900769085806, "train_sc_a": [5.546852046892385], "train_sc_v": [0.026057227667252974], "val_sc_a": 0, "val_sc_v": 0, "total_sc_a": 0, "total_sc_v": 0}