{"c1": 0.0529734264656099, "c2": 0.601029742139346, "ch1": -0.04602846579764515, "ch2": 0.1063516481932895, "di": 3.658519037782667, "dj": 6.37366331883646, "dk": 0.0, "vw_i": -0.2305245148096135, "vw_j": -0.08375097393016367, "kt": 8.867351952400549, "train_sc_a": [7.1480776527493095], "train_sc_v": [0.037940054836993226], "val_sc_a": 0, "val_sc_v": 0, "total_sc_a": 0, "total_sc_v": 0}