{"c1": 0.02957849443040156, "c2": 0.22679427142284744, "ch1": 0.013789624074018935, "ch2": 0.09755068664499415, "di": 2.504328842992417, "dj": 0.0, "dk": 0.0, "vw_i": -0.7627822070514214, "vw_j": 0.6992492313975758, "kt": 10.926811899995894, "train_sc_a": [1.9076775077395953], "train_sc_v": [0.012554052479898086], "val_sc_a": 0, "val_sc_v": 0, "total_sc_a": 0, "total_sc_v": 0}