{"c1": 0.023441235234874833, "c2": 0.16593316182675213, "ch1": 0.025913719876676698, "ch2": 0.09541718800136285, "di": 2.202829471318893, "dj": 0.08375239343583228, "dk": 0.0410819178709097, "vw_i": -0.5345404592467664, "vw_j": -0.2099688025803405, "kt": 11.005291012142077, "train_sc_a": [0.41015798466396997], "train_sc_v": [0.005536958953267045], "val_sc_a": 0, "val_sc_v": 0, "total_sc_a": 0, "total_sc_v": 0}