{"c1": 0.04628061529997301, "c2": 0.47514120653798575, "ch1": -0.19728925573625727, "ch2": 0.08827155192671644, "di": 12.86871458418679, "dj": 14.838082434450783, "dk": 0.0, "vw_i": -0.8924877676515685, "vw_j": -0.586479453989537, "kt": 12.396728706481072, "train_sc_a": [1.8508401582993443], "train_sc_v": [0.01126405974257057], "val_sc_a": 0, "val_sc_v": 0, "total_sc_a": 0, "total_sc_v": 0}