{"c1": 0.046037583905295006, "c2": 0.48013272079228914, "ch1": -0.06268479154706944, "ch2": 0.09835162163913902, "di": 10.828154169607773, "dj": 8.851396815116887, "dk": 0.0, "vw_i": -1.3038476734230386, "vw_j": 0.7745977426091859, "kt": 12.003184303343264, "train_sc_a": [1.2989760459956643], "train_sc_v": [0.012951802407474833], "val_sc_a": 0, "val_sc_v": 0, "total_sc_a": 0, "total_sc_v": 0}