{"c1": 0.04259388366256759, "c2": 0.43651097195202226, "ch1": -0.024649575740441902, "ch2": 0.09627331945043398, "di": 1.9368200740790493, "dj": 1.8364655822156726, "dk": 0.0, "vw_i": 1.128653021625884, "vw_j": 0.5606178772950863, "kt": 11.64012603109636, "train_sc_a": [0.4590754675049552], "train_sc_v": [0.001731975959395674], "val_sc_a": 0, "val_sc_v": 0, "total_sc_a": 0, "total_sc_v": 0}