{"c1": 0.05452189133543034, "c2": 0.5845422443085455, "ch1": 0.016368693952436533, "ch2": 0.11051498259116997, "di": 1.861228631985401, "dj": 2.5326067426142256, "dk": 0.0, "vw_i": -1.0122419895044104, "vw_j": 1.0736480391052614, "kt": 8.63208660317625, "train_sc_a": [0.8329544869856341], "train_sc_v": [0.005178080065666964], "val_sc_a": 0, "val_sc_v": 0, "total_sc_a": 0, "total_sc_v": 0}