{"c1": 0.019971011421713505, "c2": 0.12356537860498658, "ch1": -0.0005552700140274334, "ch2": 0.09321610428905419, "di": 1.723299753609102, "dj": 2.227254274441908, "dk": 0.4490620526319466, "vw_i": -1.0905603060123714, "vw_j": -0.4367864100919249, "kt": 8.784490704656198, "train_sc_a": [0.5462322115464422], "train_sc_v": [0.005924671992786946], "val_sc_a": 0, "val_sc_v": 0, "total_sc_a": 0, "total_sc_v": 0}