{"c1": 0.050364993075113905, "c2": 0.5448362614283174, "ch1": 0.0011383648564972045, "ch2": 0.10741701778797187, "di": 2.36594314814362, "dj": 3.7390209142538198, "dk": 0.12898344249444368, "vw_i": -1.5011200563676264, "vw_j": -0.45706328620215, "kt": 9.109815018989869, "train_sc_a": [0.2287397215735382], "train_sc_v": [0.0007835339793891426], "val_sc_a": 0, "val_sc_v": 0, "total_sc_a": 0, "total_sc_v": 0}