{"c1": 0.05146519821345035, "c2": 0.5359165057481018, "ch1": -0.001868495633366061, "ch2": 0.10741065120459917, "di": 3.6787999348093887, "dj": 3.6235301965767053, "dk": 0.0, "vw_i": -1.5185356406403745, "vw_j": -0.25905905000501206, "kt": 9.836467775155725, "train_sc_a": [0.38559055188285574], "train_sc_v": [0.006309297677260538], "val_sc_a": 0, "val_sc_v": 0, "total_sc_a": 0, "total_sc_v": 0}