{"c1": 0.03353223249454187, "c2": 0.3164442861985032, "ch1": -0.06233555146119371, "ch2": 0.09247328680939983, "di": 2.795908164812135, "dj": 2.799393281342185, "dk": 0.0, "vw_i": -0.9005621241126625, "vw_j": -0.4771213848531264, "kt": 8.96452777759191, "train_sc_a": [0.39886868504926276], "train_sc_v": [0.003405293642124495], "val_sc_a": 0, "val_sc_v": 0, "total_sc_a": 0, "total_sc_v": 0}