{"c1": 0.032154259514668854, "c2": 0.2961798408863321, "ch1": -0.01674973216842164, "ch2": 0.0966028515039896, "di": 5.174319631031186, "dj": 4.3368355346603655, "dk": 0.0, "vw_i": -0.9677508641091394, "vw_j": 0.16797986490855987, "kt": 7.466874795878817, "train_sc_a": [0.5828927245214173], "train_sc_v": [0.007560827625490565], "val_sc_a": 0, "val_sc_v": 0, "total_sc_a": 0, "total_sc_v": 0}