{"c1": 0.050710619045399925, "c2": 0.5414866455391477, "ch1": -0.002839825791681556, "ch2": 0.10727278661007161, "di": 3.7367396035504874, "dj": 3.4787377453947657, "dk": 0.0, "vw_i": -1.7557443810976203, "vw_j": -0.5332853503467306, "kt": 9.90116824506037, "train_sc_a": [0.5602966319209334], "train_sc_v": [0.006152562803356115], "val_sc_a": 0, "val_sc_v": 0, "total_sc_a": 0, "total_sc_v": 0}