{"c1": 0.022285995553289504, "c2": 0.13083369253945504, "ch1": -0.011541035817230474, "ch2": 0.09239490355201496, "di": 1.684307014441729, "dj": 1.3992311187733475, "dk": 0.34437063213153085, "vw_i": -1.0023708038418768, "vw_j": -0.16335329027817747, "kt": 11.034608404916725, "train_sc_a": [0.5027103690817197], "train_sc_v": [0.015447420842016498], "val_sc_a": 0, "val_sc_v": 0, "total_sc_a": 0, "total_sc_v": 0}