{"c1": 0.04513966112929846, "c2": 0.4553155927585209, "ch1": -0.0731643016688134, "ch2": 0.0992018063491053, "di": 5.523525386837851, "dj": 3.8273035110478673, "dk": 0.0, "vw_i": 2.205668542383025, "vw_j": 1.6293310923772266, "kt": 13.458211160942357, "train_sc_a": [2.732302308502997], "train_sc_v": [0.011751948374775311], "val_sc_a": 0, "val_sc_v": 0, "total_sc_a": 0, "total_sc_v": 0}