{"c1": 0.053543201249759365, "c2": 0.5208816761392824, "ch1": -0.023903699384135037, "ch2": 0.10544513739600371, "di": 2.366612345263304, "dj": 4.060551961808145, "dk": 0.2651435034050371, "vw_i": -0.9880008957710393, "vw_j": -0.21820137041829113, "kt": 8.945350986074452, "train_sc_a": [1.975217946698202], "train_sc_v": [0.009025230054649301], "val_sc_a": 0, "val_sc_v": 0, "total_sc_a": 0, "total_sc_v": 0}