{"c1": 0.01899224639306326, "c2": 0.10568406273033717, "ch1": 0.006245112898757922, "ch2": 0.09340541878797301, "di": 0.9872443971129521, "dj": 0.9616249706291666, "dk": 1.1561091450364482, "vw_i": -1.755433541535105, "vw_j": -0.21738782996932185, "kt": 4.972342908653301, "train_sc_a": [0.26928020365197786], "train_sc_v": [0.0007920654629299373], "val_sc_a": 0, "val_sc_v": 0, "total_sc_a": 0, "total_sc_v": 0}