{"c1": 0.046828949656981846, "c2": 0.480382478787356, "ch1": -0.15916441117156122, "ch2": 0.09152091940980647, "di": 0.012999156387868008, "dj": 1.9342381685466044, "dk": 0.37941639691427664, "vw_i": 1.3903502804622738, "vw_j": 1.0243944749274858, "kt": 11.960749883536284, "train_sc_a": [2.9544883291222632], "train_sc_v": [0.009385913799140897], "val_sc_a": 0, "val_sc_v": 0, "total_sc_a": 0, "total_sc_v": 0}