{"c1": 0.02546582423481761, "c2": 0.21558901313553414, "ch1": -0.0030239636657907604, "ch2": 0.09252661574816355, "di": 4.051779858686887, "dj": 0.9701538690735034, "dk": 0.27045575812870454, "vw_i": -0.8588813146301361, "vw_j": 0.02861639730397793, "kt": 12.096032065911535, "train_sc_a": [0.33809226111034413], "train_sc_v": [0.001365232965933473], "val_sc_a": 0, "val_sc_v": 0, "total_sc_a": 0, "total_sc_v": 0}