{"c1": 0.021219716496469185, "c2": 0.13469042467646267, "ch1": 0.026907835514666877, "ch2": 0.09585630164903904, "di": 1.6055475772350083, "dj": 2.058779680411533, "dk": 0.16600311748775043, "vw_i": -0.8075572826980264, "vw_j": -0.2191953743067832, "kt": 8.897165982353156, "train_sc_a": [0.3620217325216141], "train_sc_v": [0.0025189191544316603], "val_sc_a": 0, "val_sc_v": 0, "total_sc_a": 0, "total_sc_v": 0}