{"c1": 0.022705322874033165, "c2": 0.2519583254243339, "ch1": -0.0019127893223961686, "ch2": 0.09306505903426637, "di": 12.228254089283666, "dj": 1.2217254938754063, "dk": 5.884863660851051, "vw_i": -2.7989787309346488, "vw_j": -0.03336481202357314, "kt": 13.794558776247165, "train_sc_a": [5.035126278342135], "train_sc_v": [0.020659007804967447], "val_sc_a": 0, "val_sc_v": 0, "total_sc_a": 0, "total_sc_v": 0}