{"c1": 0.042527197390819615, "c2": 0.43663133307575414, "ch1": -0.05115483881139378, "ch2": 0.09411664514605361, "di": 7.018456286158586, "dj": 5.1603614749315465, "dk": 0.3815068183512747, "vw_i": 0.8120113494984045, "vw_j": -0.5215032024887103, "kt": 10.169095033870532, "train_sc_a": [0.36971665077768473], "train_sc_v": [0.003003115911459185], "val_sc_a": 0, "val_sc_v": 0, "total_sc_a": 0, "total_sc_v": 0}