{"c1": 0.05370676892868766, "c2": 0.5957453008989951, "ch1": -0.013413628577632782, "ch2": 0.10854384223398512, "di": 4.1967202660153236, "dj": 6.53048766523522, "dk": 0.8180826482725914, "vw_i": -0.21962702276457946, "vw_j": 0.052639697414740526, "kt": 9.115253804398614, "train_sc_a": [0.31046716615479875], "train_sc_v": [0.0011039246567838045], "val_sc_a": 0, "val_sc_v": 0, "total_sc_a": 0, "total_sc_v": 0}