{"c1": 0.0458886590874684, "c2": 0.4988999535309276, "ch1": 0.013426367940170174, "ch2": 0.10581284160930096, "di": 1.4916834289334846, "dj": 2.5693014972265007, "dk": 0.0, "vw_i": -1.0229417227873119, "vw_j": -0.5743622581380285, "kt": 9.780097559706787, "train_sc_a": [0.2718334497843088], "train_sc_v": [0.0010195924079358363], "val_sc_a": 0, "val_sc_v": 0, "total_sc_a": 0, "total_sc_v": 0}