{"c1": 0.05235483184909784, "c2": 0.5517411113249232, "ch1": -0.03390128949382923, "ch2": 0.1050925660500209, "di": 9.300092131981392, "dj": 5.096475986628316, "dk": 0.0, "vw_i": -0.17805737965729135, "vw_j": -0.12511817211589976, "kt": 8.542690008191917, "train_sc_a": [1.4680197442519514], "train_sc_v": [0.00739514537749546], "val_sc_a": 0, "val_sc_v": 0, "total_sc_a": 0, "total_sc_v": 0}