{"c1": 0.04127968639079508, "c2": 0.432456433551915, "ch1": -0.49136081176251, "ch2": 0.06059496099192109, "di": 3.2847015383770577, "dj": 9.36476459558115, "dk": 3.670729073599368, "vw_i": -0.4519612443100878, "vw_j": -0.5533640811377778, "kt": 10.761180083452736, "train_sc_a": [32.0135978690047], "train_sc_v": [0.1239728578647454], "val_sc_a": 0, "val_sc_v": 0, "total_sc_a": 0, "total_sc_v": 0}