{"c1": 0.05577197872811453, "c2": 0.5230337036129263, "ch1": 0.3402250368317702, "ch2": 0.13312203419059815, "di": 23.397466170593006, "dj": 4.43610151061987, "dk": 1.003763181904095, "vw_i": 3.2037873049689205, "vw_j": 5.3593220492709115, "kt": 8.835584868530935, "train_sc_a": [24.500311632887772], "train_sc_v": [0.10188141133873166], "val_sc_a": 0, "val_sc_v": 0, "total_sc_a": 0, "total_sc_v": 0}