{"c1": 0.04618913321679248, "c2": 0.45225243664184656, "ch1": -0.5088025220187922, "ch2": 0.06511261900333074, "di": 18.824986115167235, "dj": 7.283521397569135, "dk": 0.0, "vw_i": 0.5440893461412211, "vw_j": -2.22516057030244, "kt": 12.836143289519816, "train_sc_a": [21.891408529626883], "train_sc_v": [0.09137391131408562], "val_sc_a": 0, "val_sc_v": 0, "total_sc_a": 0, "total_sc_v": 0}