{"c1": 0.05023724178899319, "c2": 0.5429045168217733, "ch1": 0.005216096019738302, "ch2": 0.10737770221568438, "di": 3.6658512533180554, "dj": 0.11327390685832335, "dk": 0.0, "vw_i": -0.8518492638333233, "vw_j": 0.10503537190199344, "kt": 10.235599500441719, "train_sc_a": [0.9001148048999207], "train_sc_v": [0.015310290610392492], "val_sc_a": 0, "val_sc_v": 0, "total_sc_a": 0, "total_sc_v": 0}