{"c1": 0.03871261281145989, "c2": 0.38796535903835916, "ch1": -0.025482286580020774, "ch2": 0.09543735718430402, "di": 2.4820011668287507, "dj": 8.094367611477987, "dk": 0.0, "vw_i": 0.7368902906367354, "vw_j": -0.7895524220103913, "kt": 11.962658306635522, "train_sc_a": [0.5789611034798192], "train_sc_v": [0.009474816645831767], "val_sc_a": 0, "val_sc_v": 0, "total_sc_a": 0, "total_sc_v": 0}