{"c1": 0.03870309651734795, "c2": 0.38492861840912074, "ch1": -0.00584134072727337, "ch2": 0.09710791349431044, "di": 2.6961777233694537, "dj": 4.493775025464398, "dk": 0.0, "vw_i": -0.2640140245428591, "vw_j": -0.6641666650210015, "kt": 12.638012103917914, "train_sc_a": [6.247600923992061], "train_sc_v": [0.01542179025840552], "val_sc_a": 0, "val_sc_v": 0, "total_sc_a": 0, "total_sc_v": 0}