{"c1": 0.02124937775715007, "c2": 0.1395604961238078, "ch1": 0.017577875278057868, "ch2": 0.09509612647993664, "di": 1.3185082310178462, "dj": 2.256656930614999, "dk": 0.877879954855, "vw_i": -0.8070291461211714, "vw_j": -0.7038809823845287, "kt": 9.839002337150259, "train_sc_a": [0.5216539189549192], "train_sc_v": [0.004395992117744174], "val_sc_a": 0, "val_sc_v": 0, "total_sc_a": 0, "total_sc_v": 0}