{"c1": 0.05378648209028316, "c2": 0.518266287096058, "ch1": 2.8968705912069126e-05, "ch2": 0.10736100707094563, "di": 2.3221509507673748, "dj": 3.959570740075508, "dk": 0.0, "vw_i": -1.1517213241797912, "vw_j": -0.33720613137887, "kt": 8.9532431339091, "train_sc_a": [0.4059300631826884], "train_sc_v": [0.004137728925186478], "val_sc_a": 0, "val_sc_v": 0, "total_sc_a": 0, "total_sc_v": 0}