{"c1": 0.05213879442327303, "c2": 0.5303072757044739, "ch1": -0.009989680862482765, "ch2": 0.10662291306573854, "di": 3.5783620988710343, "dj": 2.8663048845539456, "dk": 0.0, "vw_i": -0.14159798522274544, "vw_j": 0.19821468690361754, "kt": 9.772273792976037, "train_sc_a": [0.611514348596191], "train_sc_v": [0.007776256914056602], "val_sc_a": 0, "val_sc_v": 0, "total_sc_a": 0, "total_sc_v": 0}