{"c1": 0.05355090513735488, "c2": 0.5916439181156378, "ch1": -0.037654426118569284, "ch2": 0.1066792667828448, "di": 0.5724704307112966, "dj": 0.8156059026966064, "dk": 0.0, "vw_i": -0.42670093576793544, "vw_j": -0.038656607950531066, "kt": 8.752964083957378, "train_sc_a": [0.5618238892309604], "train_sc_v": [0.002360948390117994], "val_sc_a": 0, "val_sc_v": 0, "total_sc_a": 0, "total_sc_v": 0}