{"c1": 0.05194075799835963, "c2": 0.5552157685903395, "ch1": -0.030340548061249098, "ch2": 0.10538003601709484, "di": 8.100875934495948, "dj": 4.983542122906048, "dk": 0.0, "vw_i": -0.5600907869655909, "vw_j": -0.6558286375992557, "kt": 8.307185907109563, "train_sc_a": [1.095231826479201], "train_sc_v": [0.007772138718843999], "val_sc_a": 0, "val_sc_v": 0, "total_sc_a": 0, "total_sc_v": 0}