{"c1": 0.03347217642967422, "c2": 0.1560287729507811, "ch1": -0.005011097565482044, "ch2": 0.09278201214060271, "di": 3.2109259482872763, "dj": 2.7074624436039314, "dk": 4.321692329440983, "vw_i": -0.10960970953664578, "vw_j": -0.6942026062485813, "kt": 13.881944127991591, "train_sc_a": [5.524378455272343], "train_sc_v": [0.02433863822027177], "val_sc_a": 0, "val_sc_v": 0, "total_sc_a": 0, "total_sc_v": 0}