{"c1": 0.04150803776134618, "c2": 0.4185463043314191, "ch1": -0.03586226787661095, "ch2": 0.09379328338480464, "di": 5.015839127050743, "dj": 6.761456869027286, "dk": 4.823714636048891, "vw_i": 0.6611136156943304, "vw_j": -0.7498593966530943, "kt": 10.8988840700816, "train_sc_a": [0.44580008910904456], "train_sc_v": [0.00647377465577156], "val_sc_a": 0, "val_sc_v": 0, "total_sc_a": 0, "total_sc_v": 0}