{"c1": 0.05034960535683946, "c2": 0.5449345178373254, "ch1": 0.0017087985343349397, "ch2": 0.10745755267511908, "di": 2.3762259654710722, "dj": 3.7383676923058364, "dk": 0.0, "vw_i": -1.5061389804749785, "vw_j": -0.4356232818947475, "kt": 8.742087639021667, "train_sc_a": [0.4974999342727702], "train_sc_v": [0.003482845137084599], "val_sc_a": 0, "val_sc_v": 0, "total_sc_a": 0, "total_sc_v": 0}