{"c1": 0.05055382797668567, "c2": 0.542706923999685, "ch1": -0.015923049272254894, "ch2": 0.10634605646296169, "di": 3.6552201823398542, "dj": 3.026539997655497, "dk": 0.8457856789141791, "vw_i": -1.6332317346044969, "vw_j": -0.5239086562662087, "kt": 10.14687784117107, "train_sc_a": [0.5698170057044216], "train_sc_v": [0.003211082450965664], "val_sc_a": 0, "val_sc_v": 0, "total_sc_a": 0, "total_sc_v": 0}