{"c1": 0.028014642496254096, "c2": 0.23266670700622388, "ch1": -0.014580999138429907, "ch2": 0.09298356022022636, "di": 2.4599040582605407, "dj": 2.582903063659508, "dk": 0.3142404788626735, "vw_i": -2.0262896834564064, "vw_j": -0.6590260449631511, "kt": 12.830511388203794, "train_sc_a": [0.5677579599935222], "train_sc_v": [0.007481571027622191], "val_sc_a": 0, "val_sc_v": 0, "total_sc_a": 0, "total_sc_v": 0}