{"c1": 0.046737470600148205, "c2": 0.4820222125986048, "ch1": -0.04429243462635037, "ch2": 0.10045510671516751, "di": 2.8201260651023747, "dj": 2.459007356421314, "dk": 0.0, "vw_i": -0.06445250085407539, "vw_j": 0.004705333989110634, "kt": 10.912072285491128, "train_sc_a": [3.3319089766135535], "train_sc_v": [0.01716730456596169], "val_sc_a": 0, "val_sc_v": 0, "total_sc_a": 0, "total_sc_v": 0}