{"c1": 0.0571163151002375, "c2": 0.533531330270938, "ch1": -0.02523139335822433, "ch2": 0.10585721322380005, "di": 6.629593769968614, "dj": 3.1587534932861807, "dk": 0.0, "vw_i": -0.8445720794736769, "vw_j": -0.07010140651583509, "kt": 7.904900933653361, "train_sc_a": [0.35937505846376566], "train_sc_v": [0.0020649503300749624], "val_sc_a": 0, "val_sc_v": 0, "total_sc_a": 0, "total_sc_v": 0}