{"c1": 0.03454983661726501, "c2": 0.4161669077679728, "ch1": -0.3829230771896655, "ch2": 0.06939925167646424, "di": 2.6053214267660567, "dj": 3.551886030721364, "dk": 0.0, "vw_i": -2.6869620007565898, "vw_j": 1.037513054733545, "kt": 12.31796795144682, "train_sc_a": [9.373516124220435], "train_sc_v": [0.03983869786273546], "val_sc_a": 0, "val_sc_v": 0, "total_sc_a": 0, "total_sc_v": 0}