{"c1": 0.027398243066821454, "c2": 0.23769978510992784, "ch1": -0.008701560129367668, "ch2": 0.0935670626501486, "di": 4.113798871070125, "dj": 1.2654569161332299, "dk": 0.019340522427789306, "vw_i": -2.106065275638333, "vw_j": -0.5028337697847511, "kt": 12.787006430858527, "train_sc_a": [0.4883269166332688], "train_sc_v": [0.004692989405464225], "val_sc_a": 0, "val_sc_v": 0, "total_sc_a": 0, "total_sc_v": 0}