{"c1": 0.04449280469783581, "c2": 0.4651834893085533, "ch1": -0.5808712888409803, "ch2": 0.060027519848807304, "di": 19.781201993241076, "dj": 19.07196824775004, "dk": 0.0, "vw_i": 0.392579844618567, "vw_j": 0.7639395312442859, "kt": 12.972094657765357, "train_sc_a": [14.493768625803943], "train_sc_v": [0.05654146532233602], "val_sc_a": 0, "val_sc_v": 0, "total_sc_a": 0, "total_sc_v": 0}