{"c1": 0.04145429008416133, "c2": 0.4206059163471079, "ch1": -0.05140932716141936, "ch2": 0.09261438397320036, "di": 4.725078392102677, "dj": 6.847338535784522, "dk": 4.336791448750728, "vw_i": 0.9311852915004735, "vw_j": -1.3546737255199246, "kt": 10.555585652949057, "train_sc_a": [0.4610682629107973], "train_sc_v": [0.0066009812843822015], "val_sc_a": 0, "val_sc_v": 0, "total_sc_a": 0, "total_sc_v": 0}