{"c1": 0.04243534266316723, "c2": 0.3602103581766018, "ch1": -0.3375138065898199, "ch2": 0.07256748431238608, "di": 3.0969691092740135, "dj": 3.788126701519269, "dk": 0.0412906920037825, "vw_i": 2.778614189433531, "vw_j": 2.7729767615231857, "kt": 12.538953011534609, "train_sc_a": [11.546105824903028], "train_sc_v": [0.04562167460252803], "val_sc_a": 0, "val_sc_v": 0, "total_sc_a": 0, "total_sc_v": 0}