{"c1": 0.02273374616662883, "c2": 0.17105775299207734, "ch1": 0.015707913730001844, "ch2": 0.09465519466165548, "di": 2.1688799464945703, "dj": 0.0, "dk": 0.0, "vw_i": -0.39387289853465396, "vw_j": 0.13691753640281992, "kt": 10.908092138747882, "train_sc_a": [0.6423454386941111], "train_sc_v": [0.014782648893696593], "val_sc_a": 0, "val_sc_v": 0, "total_sc_a": 0, "total_sc_v": 0}