{"c1": 0.047389181998153285, "c2": 0.47718294725569566, "ch1": -0.029289956364963104, "ch2": 0.1015769061803224, "di": 2.53809938636667, "dj": 3.5571340106515628, "dk": 0.0, "vw_i": -0.2695766941487924, "vw_j": -0.1395046962855308, "kt": 6.871690795056839, "train_sc_a": [0.3007538332923017], "train_sc_v": [0.0011835218812648051], "val_sc_a": 0, "val_sc_v": 0, "total_sc_a": 0, "total_sc_v": 0}