{"c1": 0.05100950561783991, "c2": 0.5398063833655785, "ch1": -0.11512636917558289, "ch2": 0.0993688654867088, "di": 4.442050069850204, "dj": 7.213271328417448, "dk": 0.0, "vw_i": 0.08635042023971945, "vw_j": -0.2150298244923983, "kt": 8.178332892320467, "train_sc_a": [3.6197473348062243], "train_sc_v": [0.023328069372662217], "val_sc_a": 0, "val_sc_v": 0, "total_sc_a": 0, "total_sc_v": 0}