{"c1": 0.024231592755413835, "c2": 0.17829395144811808, "ch1": -0.009539454868006064, "ch2": 0.09241617754333363, "di": 3.603265751518002, "dj": 2.1944542213202043, "dk": 0.15092544137239852, "vw_i": -2.2746538040008697, "vw_j": -0.9447343744957175, "kt": 13.26951050422219, "train_sc_a": [0.23988031320022696], "train_sc_v": [0.000855504826836406], "val_sc_a": 0, "val_sc_v": 0, "total_sc_a": 0, "total_sc_v": 0}