{"c1": 0.04443758853923455, "c2": 0.4618756021344956, "ch1": 0.015173771114878599, "ch2": 0.10520418605704529, "di": 2.3439800175206025, "dj": 2.4101071259439837, "dk": 0.11608110424178582, "vw_i": -0.4827892214109264, "vw_j": 0.12044121198811614, "kt": 10.457413900945948, "train_sc_a": [0.4706907544595026], "train_sc_v": [0.004961381077983341], "val_sc_a": 0, "val_sc_v": 0, "total_sc_a": 0, "total_sc_v": 0}