{"c1": 0.025729646602113312, "c2": 0.1462159819933533, "ch1": -0.015169532299678375, "ch2": 0.09176572941498311, "di": 2.0890189414678253, "dj": 4.855534853788926, "dk": 8.544121850745642, "vw_i": -4.837269598174699, "vw_j": -3.308371743695452, "kt": 24.633274737502937, "train_sc_a": [2.72448276088743], "train_sc_v": [0.01575253408229482], "val_sc_a": 0, "val_sc_v": 0, "total_sc_a": 0, "total_sc_v": 0}