{"c1": 0.043045014380417336, "c2": 0.41877815197276363, "ch1": 0.010770083885571803, "ch2": 0.09891966553742751, "di": 2.412023110952653, "dj": 0.3494278515120124, "dk": 0.0, "vw_i": -0.4799904228838785, "vw_j": 0.0634098249918172, "kt": 11.074328830129984, "train_sc_a": [2.827422549148963], "train_sc_v": [0.014814351807544883], "val_sc_a": 0, "val_sc_v": 0, "total_sc_a": 0, "total_sc_v": 0}