{"c1": 0.05082378616974888, "c2": 0.5390771555740258, "ch1": -0.05967733544792987, "ch2": 0.10218284880999408, "di": 1.0877051825432404, "dj": 0.4129076011189938, "dk": 1.3150987247317412, "vw_i": -1.12480642542118, "vw_j": -0.1090527923534308, "kt": 10.216562690963665, "train_sc_a": [0.4015505292024769], "train_sc_v": [0.004968348248572551], "val_sc_a": 0, "val_sc_v": 0, "total_sc_a": 0, "total_sc_v": 0}