{"c1": 0.046014948003248464, "c2": 0.5039240942627127, "ch1": 0.0015523735393176456, "ch2": 0.10504294880685959, "di": 1.6134144964558155, "dj": 1.8057829365390763, "dk": 0.0, "vw_i": -1.2891746773361494, "vw_j": 0.10979088485789851, "kt": 9.88398238500181, "train_sc_a": [0.3999874991807917], "train_sc_v": [0.007813014655552229], "val_sc_a": 0, "val_sc_v": 0, "total_sc_a": 0, "total_sc_v": 0}