{"c1": 0.03324760619216919, "c2": 0.31783355361362775, "ch1": -0.0008523878158943323, "ch2": 0.09679890159926206, "di": 2.231693177414532, "dj": 2.7388450718494437, "dk": 0.0, "vw_i": -0.4947671092986313, "vw_j": -0.15395369941747428, "kt": 8.906837881637717, "train_sc_a": [0.5446658535127276], "train_sc_v": [0.0098825432032281], "val_sc_a": 0, "val_sc_v": 0, "total_sc_a": 0, "total_sc_v": 0}