{"c1": 0.02409195426838976, "c2": 0.17928708294916126, "ch1": -0.016625894859256498, "ch2": 0.09191433219821797, "di": 3.5943628767231948, "dj": 1.9801012559691078, "dk": 0.0, "vw_i": -2.270493648678592, "vw_j": -0.9487622887331737, "kt": 13.317093634490169, "train_sc_a": [0.28696779928542665], "train_sc_v": [0.0011331557431420026], "val_sc_a": 0, "val_sc_v": 0, "total_sc_a": 0, "total_sc_v": 0}