{"c1": 0.02403146514598975, "c2": 0.18026636499744944, "ch1": -0.030337149091435936, "ch2": 0.09094995132870998, "di": 3.486185289654749, "dj": 3.1846706193883105, "dk": 1.3587598763084738, "vw_i": -2.5274840437845603, "vw_j": -1.1244805006698766, "kt": 13.72478625254286, "train_sc_a": [1.1615011880846822], "train_sc_v": [0.01169439669685168], "val_sc_a": 0, "val_sc_v": 0, "total_sc_a": 0, "total_sc_v": 0}