{"c1": 0.055364693471474824, "c2": 0.5784942881555161, "ch1": 0.01576497933822131, "ch2": 0.11041078326959725, "di": 0.9168350076291982, "dj": 5.1912160953911695, "dk": 0.03374385047397911, "vw_i": -0.6166072543930874, "vw_j": 0.26278891128873, "kt": 8.731126554825035, "train_sc_a": [0.5817482640574098], "train_sc_v": [0.00640296507842504], "val_sc_a": 0, "val_sc_v": 0, "total_sc_a": 0, "total_sc_v": 0}