{"c1": 0.04262940573321365, "c2": 0.4353791447293312, "ch1": -0.04288166528910285, "ch2": 0.09474241263967653, "di": 6.507189383399719, "dj": 5.83561217484939, "dk": 0.0, "vw_i": 1.4948738089715887, "vw_j": 0.06755440925243235, "kt": 10.061344174461032, "train_sc_a": [0.5859536761136397], "train_sc_v": [0.004448503802683019], "val_sc_a": 0, "val_sc_v": 0, "total_sc_a": 0, "total_sc_v": 0}