{"c1": 0.04268041277508181, "c2": 0.4749258574747057, "ch1": -0.415405334321027, "ch2": 0.07294293686648803, "di": 3.796917525180176, "dj": 0.0, "dk": 0.9164180746263475, "vw_i": 2.1636917240475064, "vw_j": -2.2549429541777526, "kt": 10.758979424162277, "train_sc_a": [8.49515674525964], "train_sc_v": [0.030234252253546402], "val_sc_a": 0, "val_sc_v": 0, "total_sc_a": 0, "total_sc_v": 0}