{"c1": 0.03401664456054287, "c2": 0.26600331937918104, "ch1": 0.00835889285360931, "ch2": 0.098541424205318, "di": 1.8127471788975287, "dj": 2.2958350959147293, "dk": 0.0, "vw_i": -1.1716271212314486, "vw_j": -0.6484121380547148, "kt": 7.633540142884793, "train_sc_a": [0.24432370541676685], "train_sc_v": [0.002323469299231758], "val_sc_a": 0, "val_sc_v": 0, "total_sc_a": 0, "total_sc_v": 0}