{"c1": 0.03803036930311066, "c2": 0.34895558006806504, "ch1": 0.008054950973235067, "ch2": 0.09759541583889043, "di": 2.023386053257205, "dj": 0.8004800079457806, "dk": 0.0, "vw_i": -1.2780126420819313, "vw_j": -0.137019172958747, "kt": 8.289678804920618, "train_sc_a": [0.3567370422506418], "train_sc_v": [0.006580399498146297], "val_sc_a": 0, "val_sc_v": 0, "total_sc_a": 0, "total_sc_v": 0}