{"c1": 0.040548025280835585, "c2": 0.3779956072887986, "ch1": 0.008814618147808411, "ch2": 0.09742751045187764, "di": 3.6922610706048986, "dj": 4.701896627439456, "dk": 0.0, "vw_i": -0.49079666314491266, "vw_j": -0.5434224053607923, "kt": 9.3795411433699, "train_sc_a": [0.2914773651503479], "train_sc_v": [0.0031555182992455545], "val_sc_a": 0, "val_sc_v": 0, "total_sc_a": 0, "total_sc_v": 0}