{"c1": 0.030847752236854386, "c2": 0.2720364334442556, "ch1": -0.0059179286846568965, "ch2": 0.09541056273971793, "di": 5.460948137038402, "dj": 3.1411216343305806, "dk": 0.13903546869668437, "vw_i": -1.9992150515448226, "vw_j": -0.6953957281447131, "kt": 6.834935955705064, "train_sc_a": [0.2233223330654387], "train_sc_v": [0.000807808498884291], "val_sc_a": 0, "val_sc_v": 0, "total_sc_a": 0, "total_sc_v": 0}