{"c1": 0.042596317033188495, "c2": 0.43553770485201, "ch1": -0.02238331552112118, "ch2": 0.0962699912536554, "di": 6.278291343378887, "dj": 6.936267554688004, "dk": 0.0, "vw_i": 1.359641066061611, "vw_j": 0.06023282135713244, "kt": 10.081775277862821, "train_sc_a": [0.8423241118929466], "train_sc_v": [0.013748861074642486], "val_sc_a": 0, "val_sc_v": 0, "total_sc_a": 0, "total_sc_v": 0}