{"c1": 0.02852520696311689, "c2": 0.23234745053299158, "ch1": 0.013387752387734105, "ch2": 0.09505404333732281, "di": 3.981156050258721, "dj": 3.1934355245290575, "dk": 0.25295196461433805, "vw_i": -1.1049029436746396, "vw_j": -0.5281976085626263, "kt": 12.461456317087185, "train_sc_a": [0.6554939261296023], "train_sc_v": [0.007440450131867296], "val_sc_a": 0, "val_sc_v": 0, "total_sc_a": 0, "total_sc_v": 0}