{"c1": 0.03442941733973389, "c2": 0.3085597956146913, "ch1": 0.001842921230005323, "ch2": 0.09716062071170901, "di": 2.553969707156761, "dj": 3.7091317225148197, "dk": 0.0, "vw_i": 0.08706985212616217, "vw_j": -0.02863566298564004, "kt": 8.909309322173845, "train_sc_a": [0.5208780461465472], "train_sc_v": [0.013556923569988234], "val_sc_a": 0, "val_sc_v": 0, "total_sc_a": 0, "total_sc_v": 0}