{"c1": 0.028541349216495284, "c2": 0.2357702947555061, "ch1": 0.020964978895768913, "ch2": 0.09562681142752619, "di": 5.0323810236781235, "dj": 1.499624455354544, "dk": 0.17245156817340782, "vw_i": -0.8920554957819657, "vw_j": -0.49960107009334864, "kt": 11.49518818719337, "train_sc_a": [0.3408994232204334], "train_sc_v": [0.002761576230336157], "val_sc_a": 0, "val_sc_v": 0, "total_sc_a": 0, "total_sc_v": 0}