{"c1": 0.02587553308919788, "c2": 0.21313782691605188, "ch1": -0.0633635112623034, "ch2": 0.08841773170192413, "di": 3.668380228587838, "dj": 0.0, "dk": 6.530075229721491, "vw_i": -1.2980021400549462, "vw_j": -0.6327083642192811, "kt": 13.96203300178157, "train_sc_a": [1.5754820694938974], "train_sc_v": [0.006304983996048619], "val_sc_a": 0, "val_sc_v": 0, "total_sc_a": 0, "total_sc_v": 0}