{"c1": 0.027536843350672035, "c2": 0.22213254901243676, "ch1": 0.013554925873825507, "ch2": 0.09472272522135683, "di": 0.796828939336195, "dj": 0.09844243951163359, "dk": 0.0, "vw_i": -1.4077971389598751, "vw_j": -0.4951958802385948, "kt": 12.40212055098302, "train_sc_a": [0.4495310988499063], "train_sc_v": [0.0037005496188641015], "val_sc_a": 0, "val_sc_v": 0, "total_sc_a": 0, "total_sc_v": 0}