{"c1": 0.02026721710549576, "c2": 0.12107364056229888, "ch1": 0.017452458336184185, "ch2": 0.09451434641991743, "di": 2.651390989052172, "dj": 1.1877247302248242, "dk": 0.0, "vw_i": -1.299314125574734, "vw_j": -0.2434871848968057, "kt": 8.587034225702794, "train_sc_a": [0.2600156252499421], "train_sc_v": [0.004069632445166399], "val_sc_a": 0, "val_sc_v": 0, "total_sc_a": 0, "total_sc_v": 0}