{"c1": 0.04182035827714082, "c2": 0.4165518534217153, "ch1": -0.01860514585054186, "ch2": 0.09502174450231417, "di": 4.703252557898723, "dj": 8.03274260180984, "dk": 4.089273648535753, "vw_i": 0.6646071408600942, "vw_j": -1.0845201620643294, "kt": 10.515244192952675, "train_sc_a": [0.8707267015537228], "train_sc_v": [0.00675161058353654], "val_sc_a": 0, "val_sc_v": 0, "total_sc_a": 0, "total_sc_v": 0}