{"c1": 0.05145697035531467, "c2": 0.5279061132880629, "ch1": -0.004047713914336032, "ch2": 0.10567852056825897, "di": 0.734627366945229, "dj": 2.6622078102933844, "dk": 0.0, "vw_i": 0.7028543353928496, "vw_j": 1.0955656538274352, "kt": 10.470980377018662, "train_sc_a": [1.044180279524767], "train_sc_v": [0.009157744187150726], "val_sc_a": 0, "val_sc_v": 0, "total_sc_a": 0, "total_sc_v": 0}