{"c1": 0.04752423913341981, "c2": 0.4761612041740393, "ch1": 0.023653300709064032, "ch2": 0.10628655460179488, "di": 2.330242145363306, "dj": 0.4911253427382018, "dk": 0.0010702852095947667, "vw_i": -0.6613897070502963, "vw_j": -0.05178134001608935, "kt": 10.428383896803401, "train_sc_a": [0.5693711268536499], "train_sc_v": [0.0063827584144863754], "val_sc_a": 0, "val_sc_v": 0, "total_sc_a": 0, "total_sc_v": 0}