{"c1": 0.04692841726078226, "c2": 0.4895362644910418, "ch1": -0.05088015837298421, "ch2": 0.10063860886440601, "di": 1.9172101003513624, "dj": 3.431181116523278, "dk": 0.0, "vw_i": -4.749611527829458, "vw_j": -1.0692718433279698, "kt": 9.875913870106583, "train_sc_a": [1.8884796130223744], "train_sc_v": [0.007796833028894163], "val_sc_a": 0, "val_sc_v": 0, "total_sc_a": 0, "total_sc_v": 0}