{"c1": 0.028287230014454576, "c2": 0.23350927711592245, "ch1": -0.0027496421030515712, "ch2": 0.09387521344993521, "di": 3.2967049492855587, "dj": 3.085784801083737, "dk": 0.20929450592189733, "vw_i": -1.0526740802417722, "vw_j": -0.49480026816886347, "kt": 12.433410577823388, "train_sc_a": [0.32244991771195414], "train_sc_v": [0.005550917990044617], "val_sc_a": 0, "val_sc_v": 0, "total_sc_a": 0, "total_sc_v": 0}