{"c1": 0.041812315920055416, "c2": 0.44165728385445996, "ch1": 0.004753066443363088, "ch2": 0.09819816929771302, "di": 6.289962376903543, "dj": 5.913533759369738, "dk": 0.37973520633442254, "vw_i": -0.0460599509045681, "vw_j": 0.2802273782953697, "kt": 11.318786528667001, "train_sc_a": [0.28289026590021443], "train_sc_v": [0.004925403577799847], "val_sc_a": 0, "val_sc_v": 0, "total_sc_a": 0, "total_sc_v": 0}