{"c1": 0.051247870939078934, "c2": 0.5601550716721192, "ch1": -0.0003316863486175249, "ch2": 0.10753407588024014, "di": 9.340526103646567, "dj": 6.920338617567739, "dk": 0.0, "vw_i": -0.2861204418363944, "vw_j": -0.4223356581738561, "kt": 8.25655872052327, "train_sc_a": [0.6297060692169669], "train_sc_v": [0.006649927532136887], "val_sc_a": 0, "val_sc_v": 0, "total_sc_a": 0, "total_sc_v": 0}