{"c1": 0.02970881794189944, "c2": 0.24128628243310143, "ch1": -0.011099026225340704, "ch2": 0.09590267394039552, "di": 3.4355680567474733, "dj": 1.8397292384648865, "dk": 0.0, "vw_i": -2.277237156671701, "vw_j": -0.4688591949798249, "kt": 6.252386543549742, "train_sc_a": [0.3466127495940859], "train_sc_v": [0.004657166916540318], "val_sc_a": 0, "val_sc_v": 0, "total_sc_a": 0, "total_sc_v": 0}