{"c1": 0.03898501967392776, "c2": 0.38611674724299233, "ch1": 0.03167663504562841, "ch2": 0.09890213667321776, "di": 4.635644984196302, "dj": 0.6851579460256323, "dk": 0.0, "vw_i": 0.1290942209004714, "vw_j": -0.8527261252679299, "kt": 10.05697171855898, "train_sc_a": [1.401320960054877], "train_sc_v": [0.00960166042572278], "val_sc_a": 0, "val_sc_v": 0, "total_sc_a": 0, "total_sc_v": 0}