{"c1": 0.04372703532785792, "c2": 0.46693520011413026, "ch1": 0.008545175406369062, "ch2": 0.10467803298353365, "di": 2.769589930719684, "dj": 1.8139295879115047, "dk": 0.17284394272956083, "vw_i": -0.6272159591772488, "vw_j": 0.21385517601975934, "kt": 10.749618749867137, "train_sc_a": [0.33496916125856285], "train_sc_v": [0.0033846972449289546], "val_sc_a": 0, "val_sc_v": 0, "total_sc_a": 0, "total_sc_v": 0}