{"c1": 0.05346992802520809, "c2": 0.5925041202351164, "ch1": -0.0957520139073835, "ch2": 0.10212390847284893, "di": 6.276391117159058, "dj": 5.450344057035618, "dk": 1.2014902655823176, "vw_i": -0.24522685298951746, "vw_j": 0.19916850573826234, "kt": 9.714330455785243, "train_sc_a": [3.16795849495178], "train_sc_v": [0.018561518272740385], "val_sc_a": 0, "val_sc_v": 0, "total_sc_a": 0, "total_sc_v": 0}