{"c1": 0.04119872571405013, "c2": 0.4460530060705032, "ch1": -0.06798314582458186, "ch2": 0.09321696705414788, "di": 7.952786044866948, "dj": 2.9470134410431155, "dk": 0.0, "vw_i": 0.09139811695967559, "vw_j": 0.2642632950310671, "kt": 11.465462883087051, "train_sc_a": [2.2061771791074145], "train_sc_v": [0.008779068270843356], "val_sc_a": 0, "val_sc_v": 0, "total_sc_a": 0, "total_sc_v": 0}