{"c1": 0.03907138469503146, "c2": 0.38820203379678286, "ch1": -0.10189265483794516, "ch2": 0.08983547008592925, "di": 0.11065781082353783, "dj": 3.610384221601589, "dk": 0.0, "vw_i": -0.8593674759363028, "vw_j": -0.007001207604894337, "kt": 12.387303730413123, "train_sc_a": [0.29978921847033674], "train_sc_v": [0.0011461553489339898], "val_sc_a": 0, "val_sc_v": 0, "total_sc_a": 0, "total_sc_v": 0}