{"c1": 0.02209650657042605, "c2": 0.13225644497744682, "ch1": -0.000372972985666813, "ch2": 0.09366947042455982, "di": 1.8897774627902775, "dj": 1.558508492620675, "dk": 0.15027124891011323, "vw_i": -1.0284705952154938, "vw_j": -0.1419204094769326, "kt": 11.046804920412342, "train_sc_a": [0.6530258513897916], "train_sc_v": [0.0081249298158747], "val_sc_a": 0, "val_sc_v": 0, "total_sc_a": 0, "total_sc_v": 0}