{"c1": 0.028887170849694277, "c2": 0.2478657230158392, "ch1": -0.014742283281750508, "ch2": 0.09565374441738399, "di": 3.1702783715936156, "dj": 1.8726294397923442, "dk": 0.7943465548334426, "vw_i": -2.0355535535987657, "vw_j": -0.12344196944619164, "kt": 6.32088411623559, "train_sc_a": [0.2980958409191498], "train_sc_v": [0.0028946957904708343], "val_sc_a": 0, "val_sc_v": 0, "total_sc_a": 0, "total_sc_v": 0}