{"c1": 0.05380530132306637, "c2": 0.518379678298535, "ch1": -0.0016653493246464575, "ch2": 0.10722907972307232, "di": 2.187908755084241, "dj": 4.082075210794113, "dk": 0.0, "vw_i": -1.1274332096106292, "vw_j": -0.45457059577013303, "kt": 9.142289485631046, "train_sc_a": [0.407384638266662], "train_sc_v": [0.004154160776787565], "val_sc_a": 0, "val_sc_v": 0, "total_sc_a": 0, "total_sc_v": 0}