{"c1": 0.0463459452481764, "c2": 0.48255425865570906, "ch1": 0.006196300802206364, "ch2": 0.10411775955303548, "di": 0.2158487220414782, "dj": 2.351752597301765, "dk": 0.0, "vw_i": -0.18522200951113615, "vw_j": 0.06019896700565953, "kt": 10.35732833500513, "train_sc_a": [0.5155548570139801], "train_sc_v": [0.005274249618847494], "val_sc_a": 0, "val_sc_v": 0, "total_sc_a": 0, "total_sc_v": 0}