{"c1": 0.03517877125315003, "c2": 0.3670184093736458, "ch1": 0.004726321855468124, "ch2": 0.09735696961439218, "di": 0.9229170771782601, "dj": 1.4885913458617994, "dk": 0.5794866168675956, "vw_i": -0.7456197599554877, "vw_j": -0.00594790975818754, "kt": 9.198538370627405, "train_sc_a": [0.7674807621944304], "train_sc_v": [0.0025151147758077836], "val_sc_a": 0, "val_sc_v": 0, "total_sc_a": 0, "total_sc_v": 0}