{"c1": 0.023698062357905336, "c2": 0.19255621277449902, "ch1": -0.017926943641189828, "ch2": 0.0921680180449424, "di": 4.7889735318648405, "dj": 5.732605932600234, "dk": 2.426012241641778, "vw_i": -1.4077613550021209, "vw_j": -0.5432213758709532, "kt": 12.532736050863885, "train_sc_a": [0.45884075255170653], "train_sc_v": [0.006599218915910234], "val_sc_a": 0, "val_sc_v": 0, "total_sc_a": 0, "total_sc_v": 0}