{"c1": 0.04623185468119934, "c2": 0.5023562310188522, "ch1": -0.0054759580167480365, "ch2": 0.10461116740582747, "di": 2.222856425366391, "dj": 1.1750113927297998, "dk": 0.0, "vw_i": -0.6995350198653691, "vw_j": -0.09486173322409261, "kt": 9.84768535665222, "train_sc_a": [0.46070033864181265], "train_sc_v": [0.004694666230073791], "val_sc_a": 0, "val_sc_v": 0, "total_sc_a": 0, "total_sc_v": 0}