{"c1": 0.03831621993846921, "c2": 0.39046250068210514, "ch1": 0.021728107562844063, "ch2": 0.09879861157514103, "di": 3.409720230862908, "dj": 4.29941078860404, "dk": 0.05348569420926965, "vw_i": -0.6952304984365071, "vw_j": -0.7168593427285087, "kt": 12.60402056703972, "train_sc_a": [0.3395703518745662], "train_sc_v": [0.003470980438466061], "val_sc_a": 0, "val_sc_v": 0, "total_sc_a": 0, "total_sc_v": 0}