{"c1": 0.027476889962437336, "c2": 0.21912839482609425, "ch1": 0.010094478596385554, "ch2": 0.09427822921313585, "di": 0.8855971451260822, "dj": 0.6414918142664905, "dk": 2.4835861063719213, "vw_i": -1.055272991903636, "vw_j": -0.2746514721795173, "kt": 12.910023370400861, "train_sc_a": [0.25156313019132165], "train_sc_v": [0.0015601947926912564], "val_sc_a": 0, "val_sc_v": 0, "total_sc_a": 0, "total_sc_v": 0}