{"c1": 0.018992246393063194, "c2": 0.10568406273033781, "ch1": 0.006245112898772231, "ch2": 0.09340541878797404, "di": 0.9872443971128597, "dj": 0.9616249706294107, "dk": 1.156109145037328, "vw_i": -1.755433541535174, "vw_j": -0.21738782996938097, "kt": 4.9723429086545865, "train_sc_a": [0.2692802036519759], "train_sc_v": [0.0007920654629304117], "val_sc_a": 0, "val_sc_v": 0, "total_sc_a": 0, "total_sc_v": 0}