{"c1": 0.03833746651258625, "c2": 0.33099238023238964, "ch1": 0.006056056620525654, "ch2": 0.09742604485693714, "di": 0.8597462323415597, "dj": 1.5840673329372863, "dk": 0.0, "vw_i": -0.9515945201167033, "vw_j": -0.1746682895993537, "kt": 9.388754519338164, "train_sc_a": [0.7087009583072126], "train_sc_v": [0.007874906296981097], "val_sc_a": 0, "val_sc_v": 0, "total_sc_a": 0, "total_sc_v": 0}