{"c1": 0.03872700028531751, "c2": 0.38734475402867263, "ch1": -0.003134251650989695, "ch2": 0.09700312646219547, "di": 3.441453756030893, "dj": 4.274956795713512, "dk": 0.0, "vw_i": -0.32496914634953883, "vw_j": -0.43994448082533877, "kt": 12.596087860197485, "train_sc_a": [0.43754793010628945], "train_sc_v": [0.00465530141354588], "val_sc_a": 0, "val_sc_v": 0, "total_sc_a": 0, "total_sc_v": 0}