{"c1": 0.030825752885922656, "c2": 0.27580244517197616, "ch1": -0.0023452840227478947, "ch2": 0.09757347286688291, "di": 0.18936174839368683, "dj": 0.6495014084345074, "dk": 0.008036096226442468, "vw_i": -0.8269138847468975, "vw_j": -0.7734640121682159, "kt": 6.331458718687399, "train_sc_a": [3.209927032737096], "train_sc_v": [0.016434910307459357], "val_sc_a": 0, "val_sc_v": 0, "total_sc_a": 0, "total_sc_v": 0}