{"c1": 0.04121353891324562, "c2": 0.43338172094221, "ch1": 0.04033530824046414, "ch2": 0.09927336055227565, "di": 3.200693172793529, "dj": 9.98286915207355, "dk": 3.660539412827112, "vw_i": -0.9470902008630631, "vw_j": -1.4971467075465656, "kt": 10.760600980038543, "train_sc_a": [1.3570472532176912], "train_sc_v": [0.006957286264875319], "val_sc_a": 0, "val_sc_v": 0, "total_sc_a": 0, "total_sc_v": 0}