{"c1": 0.051127578544980234, "c2": 0.5399751613143028, "ch1": -0.00013314403341752826, "ch2": 0.10734292886134685, "di": 1.8013955397229344, "dj": 4.857564898362724, "dk": 0.05937165546031783, "vw_i": -0.7171319618410255, "vw_j": -0.27262885416597993, "kt": 8.887634246909558, "train_sc_a": [0.3248968427345508], "train_sc_v": [0.005570503529200942], "val_sc_a": 0, "val_sc_v": 0, "total_sc_a": 0, "total_sc_v": 0}