{"c1": 0.03843084913692727, "c2": 0.3923039504940312, "ch1": -0.006699446128976938, "ch2": 0.0965987183946195, "di": 2.5828479410564307, "dj": 4.294818634142169, "dk": 0.0006751535160890392, "vw_i": -1.7658827335993874, "vw_j": -0.08632402609411087, "kt": 11.45078446330599, "train_sc_a": [0.27630268595771623], "train_sc_v": [0.00101992103401957], "val_sc_a": 0, "val_sc_v": 0, "total_sc_a": 0, "total_sc_v": 0}