{"c1": 0.02937037422592537, "c2": 0.22857669773686082, "ch1": 0.01601140886543691, "ch2": 0.09728131769386214, "di": 2.98116122537617, "dj": 0.0, "dk": 0.0, "vw_i": -0.780744371747983, "vw_j": 0.47096661369227466, "kt": 11.056533516747017, "train_sc_a": [1.9834312286403661], "train_sc_v": [0.012818559194022444], "val_sc_a": 0, "val_sc_v": 0, "total_sc_a": 0, "total_sc_v": 0}