{"c1": 0.041736111699136665, "c2": 0.4428746231199819, "ch1": 0.02088160214438294, "ch2": 0.09987887004767802, "di": 2.3293872855038975, "dj": 0.10701347219055275, "dk": 0.0, "vw_i": -0.6278593984703252, "vw_j": -0.3040740023480894, "kt": 11.036869550584441, "train_sc_a": [0.5100056992145333], "train_sc_v": [0.003298662148117004], "val_sc_a": 0, "val_sc_v": 0, "total_sc_a": 0, "total_sc_v": 0}