{"c1": 0.02559814996504566, "c2": 0.21786796993489219, "ch1": -0.004638761281674544, "ch2": 0.0927954655219519, "di": 3.2017559765254786, "dj": 1.9244235096831996, "dk": 4.39234338003167, "vw_i": -1.6539622371989646, "vw_j": -0.18431485242979817, "kt": 13.702079215806487, "train_sc_a": [0.28887422945912455], "train_sc_v": [0.004860759440373344], "val_sc_a": 0, "val_sc_v": 0, "total_sc_a": 0, "total_sc_v": 0}