{"c1": 0.0395334759159636, "c2": 0.3844093256714766, "ch1": -0.09968219827490479, "ch2": 0.09001330439869573, "di": 0.062479287476405895, "dj": 3.4437770234821046, "dk": 0.0, "vw_i": -0.946462103471662, "vw_j": -0.023724246300144237, "kt": 12.433274767663121, "train_sc_a": [0.39845222047978496], "train_sc_v": [0.0012551674574730121], "val_sc_a": 0, "val_sc_v": 0, "total_sc_a": 0, "total_sc_v": 0}