{"c1": 0.05465530811390591, "c2": 0.5836493132511512, "ch1": -0.007846943757448935, "ch2": 0.10883753302619158, "di": 0.5738804167938474, "dj": 0.8345165014531211, "dk": 0.0, "vw_i": -0.3737830550434317, "vw_j": -0.027151944691985768, "kt": 8.85734950015703, "train_sc_a": [0.8843391144829709], "train_sc_v": [0.003062155683238371], "val_sc_a": 0, "val_sc_v": 0, "total_sc_a": 0, "total_sc_v": 0}