{"c1": 0.04290256902429184, "c2": 0.4334594431478956, "ch1": -0.020733067786147908, "ch2": 0.09633068999825994, "di": 6.730026723134866, "dj": 5.559646906123232, "dk": 0.0, "vw_i": 1.7387365039571034, "vw_j": 0.07837083340495637, "kt": 10.08000877429099, "train_sc_a": [0.6991025655608881], "train_sc_v": [0.01734252418218484], "val_sc_a": 0, "val_sc_v": 0, "total_sc_a": 0, "total_sc_v": 0}