{"c1": 0.03451150981237996, "c2": 0.3091240413641324, "ch1": 0.010835358258843493, "ch2": 0.09785417570576543, "di": 3.7900534948919247, "dj": 2.1576950500368057, "dk": 0.0, "vw_i": -0.7038679712293145, "vw_j": -0.42508989643041645, "kt": 9.75520231763663, "train_sc_a": [0.4009477934151773], "train_sc_v": [0.005421678366899816], "val_sc_a": 0, "val_sc_v": 0, "total_sc_a": 0, "total_sc_v": 0}