{"c1": 0.024205674668091443, "c2": 0.18265703786550802, "ch1": -0.00719121367482712, "ch2": 0.09258688920678829, "di": 5.274867487107775, "dj": 2.3703956111590982, "dk": 0.526894291835693, "vw_i": -2.262845199563612, "vw_j": -0.6677267867862003, "kt": 12.708449781129632, "train_sc_a": [0.5511645846305507], "train_sc_v": [0.004640979216730007], "val_sc_a": 0, "val_sc_v": 0, "total_sc_a": 0, "total_sc_v": 0}