{"c1": 0.019905704283695855, "c2": 0.10054976485370237, "ch1": -0.007405702573358032, "ch2": 0.0923848525772954, "di": 1.765381739759173, "dj": 0.9886880828213661, "dk": 0.8199328031717471, "vw_i": -1.737459618956848, "vw_j": -0.8991981887075146, "kt": 8.939809728449887, "train_sc_a": [0.23680477512769255], "train_sc_v": [0.002655019380370125], "val_sc_a": 0, "val_sc_v": 0, "total_sc_a": 0, "total_sc_v": 0}