{"c1": 0.039343740920449524, "c2": 0.38702676807186365, "ch1": -0.010078578505960311, "ch2": 0.09601928155736766, "di": 4.098583874948238, "dj": 2.7678139900646475, "dk": 0.0, "vw_i": -0.8043203162032748, "vw_j": -0.4061708485800425, "kt": 9.413673889265116, "train_sc_a": [0.8925319643905446], "train_sc_v": [0.005537254113347049], "val_sc_a": 0, "val_sc_v": 0, "total_sc_a": 0, "total_sc_v": 0}