{"c1": 0.033761551539582914, "c2": 0.32067491503557244, "ch1": -0.00846530218148481, "ch2": 0.09638529400121006, "di": 3.855155605923777, "dj": 2.7321100723273197, "dk": 0.0, "vw_i": -0.4804941556530643, "vw_j": -0.2916551928630484, "kt": 9.749799295253323, "train_sc_a": [0.42586326045613215], "train_sc_v": [0.004451496746912476], "val_sc_a": 0, "val_sc_v": 0, "total_sc_a": 0, "total_sc_v": 0}