{"c1": 0.04698232218141448, "c2": 0.4970112276034406, "ch1": -0.024902832234144492, "ch2": 0.10233091351570013, "di": 6.678504669168365, "dj": 5.574467162574744, "dk": 0.0, "vw_i": -0.9293320598009381, "vw_j": -1.344350311800554, "kt": 9.738364541618646, "train_sc_a": [7.640043511955147], "train_sc_v": [0.040056887321004035], "val_sc_a": 0, "val_sc_v": 0, "total_sc_a": 0, "total_sc_v": 0}