{"c1": 0.05420163388813036, "c2": 0.5869195626611814, "ch1": -0.010923404138538964, "ch2": 0.10848257465358324, "di": 1.86546471589159, "dj": 2.6064810944302668, "dk": 0.0, "vw_i": -0.7921793646264443, "vw_j": 0.8640212689271429, "kt": 8.643813859928597, "train_sc_a": [0.5364093896982387], "train_sc_v": [0.003844687983087295], "val_sc_a": 0, "val_sc_v": 0, "total_sc_a": 0, "total_sc_v": 0}