{"c1": 0.046685562526580966, "c2": 0.49159428510981096, "ch1": -0.4748506299379531, "ch2": 0.06800766065650035, "di": 1.8874266675227598, "dj": 2.7942126337208255, "dk": 4.443726604080176, "vw_i": -3.4889859807104298, "vw_j": -0.5893889694006414, "kt": 9.799564982208956, "train_sc_a": [33.14871651293286], "train_sc_v": [0.13959722887023931], "val_sc_a": 0, "val_sc_v": 0, "total_sc_a": 0, "total_sc_v": 0}