{"c1": 0.023933123218179735, "c2": 0.18126599660001044, "ch1": -0.02441715318100517, "ch2": 0.09141313601956631, "di": 2.968536050474577, "dj": 2.860470501578689, "dk": 1.8659528726153722, "vw_i": -2.0821281441067256, "vw_j": -0.9590461423904184, "kt": 13.814137366016976, "train_sc_a": [0.5075209058582474], "train_sc_v": [0.0065671295736275314], "val_sc_a": 0, "val_sc_v": 0, "total_sc_a": 0, "total_sc_v": 0}