{"c1": 0.03857117228598245, "c2": 0.38849265515970005, "ch1": -0.008131255096496221, "ch2": 0.09663249690459456, "di": 3.387812371453093, "dj": 4.14387811154086, "dk": 0.04516839279325757, "vw_i": -0.3607758678144249, "vw_j": -0.4302800187508341, "kt": 12.598930277510348, "train_sc_a": [0.5402307015260458], "train_sc_v": [0.0047205168617189715], "val_sc_a": 0, "val_sc_v": 0, "total_sc_a": 0, "total_sc_v": 0}