{"c1": 0.04174710486180274, "c2": 0.3517327313393161, "ch1": -0.3703337024847412, "ch2": 0.07040681674177324, "di": 1.736918148578526, "dj": 1.466617345090398, "dk": 0.0, "vw_i": -1.7627913133915607, "vw_j": 3.1288785191611455, "kt": 7.956435312661085, "train_sc_a": [8.625136660814682], "train_sc_v": [0.031089889055809287], "val_sc_a": 0, "val_sc_v": 0, "total_sc_a": 0, "total_sc_v": 0}