{"c1": 0.03957381522787692, "c2": 0.3635302612579645, "ch1": 0.020134622181185086, "ch2": 0.09863801911784659, "di": 2.1101107507341905, "dj": 1.1386946819579797, "dk": 0.0, "vw_i": -0.8724021757564498, "vw_j": -0.4163238418778145, "kt": 7.828231743029826, "train_sc_a": [0.33378003993553923], "train_sc_v": [0.003277210324149056], "val_sc_a": 0, "val_sc_v": 0, "total_sc_a": 0, "total_sc_v": 0}