{"c1": 0.02033825431293002, "c2": 0.12065261103225129, "ch1": 0.010950644920131421, "ch2": 0.0940324480601633, "di": 2.6538015344310883, "dj": 1.06015240973828, "dk": 0.0, "vw_i": -1.3148111798736775, "vw_j": -0.19410697478028827, "kt": 8.423114655763815, "train_sc_a": [0.4249191674393322], "train_sc_v": [0.0031466515222567373], "val_sc_a": 0, "val_sc_v": 0, "total_sc_a": 0, "total_sc_v": 0}