{"c1": 0.04284488132534532, "c2": 0.43386788973734847, "ch1": -0.0498973565183598, "ch2": 0.09422919985600071, "di": 6.708009976700733, "dj": 5.541458964049445, "dk": 0.0, "vw_i": 1.5185441419021741, "vw_j": 0.056609315267335474, "kt": 10.075552524897875, "train_sc_a": [0.6291741620314852], "train_sc_v": [0.00495332464549108], "val_sc_a": 0, "val_sc_v": 0, "total_sc_a": 0, "total_sc_v": 0}