{"c1": 0.02719634815369435, "c2": 0.21474344400750836, "ch1": -0.022408950498144318, "ch2": 0.09221791861379251, "di": 3.6696495281967048, "dj": 3.3084954421119273, "dk": 0.17521766823567503, "vw_i": -0.0027417618271333936, "vw_j": -0.05145373090642617, "kt": 12.901727142465768, "train_sc_a": [0.4846310248923453], "train_sc_v": [0.010562461446063081], "val_sc_a": 0, "val_sc_v": 0, "total_sc_a": 0, "total_sc_v": 0}