{"c1": 0.04434701584427485, "c2": 0.4667224120977655, "ch1": -0.04919349888837897, "ch2": 0.09972837958881275, "di": 13.353952630797044, "dj": 14.439826649947648, "dk": 0.20648655220732734, "vw_i": -1.1068228651310676, "vw_j": -0.3632983162233869, "kt": 12.090728997881262, "train_sc_a": [0.4360321938308652], "train_sc_v": [0.004955251781554636], "val_sc_a": 0, "val_sc_v": 0, "total_sc_a": 0, "total_sc_v": 0}