{"c1": 0.051613532320286114, "c2": 0.5329120025118946, "ch1": -0.053924334515883604, "ch2": 0.10315723821678896, "di": 3.798395912019396, "dj": 0.0, "dk": 0.24551528093899522, "vw_i": -0.9704998022877733, "vw_j": -0.7992955628103159, "kt": 10.350029473404165, "train_sc_a": [1.3932707634241448], "train_sc_v": [0.006868114150850482], "val_sc_a": 0, "val_sc_v": 0, "total_sc_a": 0, "total_sc_v": 0}