{"c1": 0.051473061694993244, "c2": 0.5586224790196233, "ch1": -0.01936248505010457, "ch2": 0.10620785755142745, "di": 7.441914321904646, "dj": 6.472532641282568, "dk": 0.0, "vw_i": -0.6425500575437129, "vw_j": -0.47427936098149925, "kt": 8.355303855203044, "train_sc_a": [0.6138935715791571], "train_sc_v": [0.008087298962469234], "val_sc_a": 0, "val_sc_v": 0, "total_sc_a": 0, "total_sc_v": 0}