{"c1": 0.0510496123440701, "c2": 0.531027254062771, "ch1": 0.02362760121683971, "ch2": 0.107794180499404, "di": 0.8394328340352235, "dj": 3.285139571090124, "dk": 0.08460384908834638, "vw_i": -0.6895962838434113, "vw_j": 0.36903131264421474, "kt": 10.363129162878405, "train_sc_a": [0.4654038565921924], "train_sc_v": [0.003389136826290144], "val_sc_a": 0, "val_sc_v": 0, "total_sc_a": 0, "total_sc_v": 0}