{"c1": 0.0417405238483346, "c2": 0.42905271751468804, "ch1": 0.002623712853274541, "ch2": 0.09715518968154131, "di": 3.897591921832729, "dj": 0.5531632333916693, "dk": 0.0, "vw_i": -0.5431411885910148, "vw_j": -0.6853240177318748, "kt": 10.879827665138277, "train_sc_a": [0.5813686553732517], "train_sc_v": [0.008142540977512306], "val_sc_a": 0, "val_sc_v": 0, "total_sc_a": 0, "total_sc_v": 0}