{"c1": 0.03643786163534897, "c2": 0.30095633227667173, "ch1": -0.014076810480318953, "ch2": 0.09590893727729746, "di": 0.9291929068109338, "dj": 1.1178878205061653, "dk": 0.33058771477570864, "vw_i": -0.8092572019939359, "vw_j": 0.050615332220746864, "kt": 9.450502783822724, "train_sc_a": [2.2387898787608225], "train_sc_v": [0.010883356990712613], "val_sc_a": 0, "val_sc_v": 0, "total_sc_a": 0, "total_sc_v": 0}