{"c1": 0.02478506287313386, "c2": 0.2054600860041981, "ch1": -0.022843662591638066, "ch2": 0.09200571592256036, "di": 5.106497211277314, "dj": 6.23538206684687, "dk": 2.62042879805349, "vw_i": -0.7001630598641175, "vw_j": -0.2959724345207401, "kt": 12.376249869984619, "train_sc_a": [0.4050246832058251], "train_sc_v": [0.008006413049357319], "val_sc_a": 0, "val_sc_v": 0, "total_sc_a": 0, "total_sc_v": 0}