{"c1": 0.0510985137136894, "c2": 0.5305985323527802, "ch1": -0.005082785566505352, "ch2": 0.10563252087624182, "di": 1.0034715657860163, "dj": 2.1813981584550297, "dk": 0.1437358080442411, "vw_i": -0.23625799416207974, "vw_j": 0.635915680607988, "kt": 10.355638869097536, "train_sc_a": [0.5933586286043959], "train_sc_v": [0.00403041224915752], "val_sc_a": 0, "val_sc_v": 0, "total_sc_a": 0, "total_sc_v": 0}