{"c1": 0.044497760753019575, "c2": 0.4651536951613384, "ch1": -0.14303989746991835, "ch2": 0.09199553292666605, "di": 19.863350030753665, "dj": 19.022890075461017, "dk": 0.0, "vw_i": -0.4910366648535952, "vw_j": -0.0979528422862714, "kt": 12.9706240041013, "train_sc_a": [0.7774383499903081], "train_sc_v": [0.004176323285493741], "val_sc_a": 0, "val_sc_v": 0, "total_sc_a": 0, "total_sc_v": 0}