{"c1": 0.02986874041327984, "c2": 0.1346238198742256, "ch1": -0.16775669168019386, "ch2": 0.07982097168214516, "di": 3.3434958565771984, "dj": 3.0543221704496566, "dk": 1.3031458855621074, "vw_i": -6.332309245877516, "vw_j": -2.8619536023793577, "kt": 13.735012134873484, "train_sc_a": [8.033103964526465], "train_sc_v": [0.03618882242994979], "val_sc_a": 0, "val_sc_v": 0, "total_sc_a": 0, "total_sc_v": 0}