{"c1": 0.02859461813784906, "c2": 0.2352254912532215, "ch1": -0.0105971930278832, "ch2": 0.09318719969611396, "di": 4.851345816178015, "dj": 0.9646155910064168, "dk": 0.0, "vw_i": -0.8673082132287344, "vw_j": -0.4334920170601838, "kt": 11.536267856367303, "train_sc_a": [2.6041499029962867], "train_sc_v": [0.01448403625505991], "val_sc_a": 0, "val_sc_v": 0, "total_sc_a": 0, "total_sc_v": 0}