{"c1": 0.043916769144403914, "c2": 0.42661601148563044, "ch1": -0.01613405136078683, "ch2": 0.09689249738123779, "di": 1.5395113664964732, "dj": 0.889057149996533, "dk": 0.0, "vw_i": 1.3926501335924903, "vw_j": 0.6960626224622981, "kt": 11.71325177045958, "train_sc_a": [0.7785726881780449], "train_sc_v": [0.005888586310353193], "val_sc_a": 0, "val_sc_v": 0, "total_sc_a": 0, "total_sc_v": 0}