{"c1": 0.031774142813507884, "c2": 0.2726876527853508, "ch1": 0.016761625066829277, "ch2": 0.09932630301945479, "di": 0.7333624209117741, "dj": 1.8469100326615746, "dk": 0.8431983845320993, "vw_i": -0.7238580106667681, "vw_j": -0.12042045806181051, "kt": 7.6980410789540406, "train_sc_a": [0.3894882551448521], "train_sc_v": [0.006359369436387243], "val_sc_a": 0, "val_sc_v": 0, "total_sc_a": 0, "total_sc_v": 0}