{"c1": 0.018348348286285416, "c2": 0.11229023082229804, "ch1": -0.0016693534879835045, "ch2": 0.09288124646705001, "di": 1.8231031585688173, "dj": 1.0292249666278241, "dk": 0.7164914858896934, "vw_i": -1.8076698947172174, "vw_j": -0.8634293349196653, "kt": 9.008975610735567, "train_sc_a": [0.3230713571017245], "train_sc_v": [0.0037289730428331177], "val_sc_a": 0, "val_sc_v": 0, "total_sc_a": 0, "total_sc_v": 0}