{"c1": 0.0512602834621395, "c2": 0.578431466230574, "ch1": -0.008555577702049785, "ch2": 0.10711673114419411, "di": 5.037357260747652, "dj": 5.353492331880312, "dk": 0.0, "vw_i": -0.8470913858616655, "vw_j": -0.36783007573225607, "kt": 7.641656204848061, "train_sc_a": [0.4062554687568225], "train_sc_v": [0.0010715127324060984], "val_sc_a": 0, "val_sc_v": 0, "total_sc_a": 0, "total_sc_v": 0}