{"c1": 0.03318594901583531, "c2": 0.31949096597699267, "ch1": -0.002838109344040178, "ch2": 0.09665495554070702, "di": 2.2440188659555007, "dj": 2.7220422390327252, "dk": 0.0, "vw_i": -0.4222602585734822, "vw_j": -0.115858909886232, "kt": 8.902146825746005, "train_sc_a": [0.5555516225152719], "train_sc_v": [0.009707533728900737], "val_sc_a": 0, "val_sc_v": 0, "total_sc_a": 0, "total_sc_v": 0}