{"c1": 0.04768364637412757, "c2": 0.4751982999014073, "ch1": 0.011792206378285134, "ch2": 0.10566646830271506, "di": 1.7301333224432134, "dj": 2.2686014587856085, "dk": 0.0, "vw_i": -0.8680906931775213, "vw_j": -0.20244772811518086, "kt": 10.052430561293727, "train_sc_a": [0.24377040495765046], "train_sc_v": [0.0012240601539752316], "val_sc_a": 0, "val_sc_v": 0, "total_sc_a": 0, "total_sc_v": 0}