{"c1": 0.05217353050432169, "c2": 0.5553248819612239, "ch1": -0.026923007896827025, "ch2": 0.10562279352791694, "di": 1.4803123343415372, "dj": 7.344958960880488, "dk": 0.0, "vw_i": -1.906909954601074, "vw_j": -0.73285859052152, "kt": 7.43373903257322, "train_sc_a": [0.7031602480477205], "train_sc_v": [0.011111205224791457], "val_sc_a": 0, "val_sc_v": 0, "total_sc_a": 0, "total_sc_v": 0}