{"c1": 0.04486579863658626, "c2": 0.45974563308814304, "ch1": 0.001422879455478566, "ch2": 0.1044913874370357, "di": 2.7439991262034598, "dj": 3.3677439501303317, "dk": 0.0, "vw_i": -0.3402963256719816, "vw_j": 0.6116172368528335, "kt": 11.201404966168504, "train_sc_a": [0.6633041745170266], "train_sc_v": [0.011140591374426882], "val_sc_a": 0, "val_sc_v": 0, "total_sc_a": 0, "total_sc_v": 0}