{"c1": 0.03972412853990835, "c2": 0.3761699453463645, "ch1": 0.016959256707002483, "ch2": 0.09852560601712325, "di": 2.2053437415400974, "dj": 0.0, "dk": 0.0, "vw_i": 1.3234424264074909, "vw_j": -0.18304969864682918, "kt": 12.695016558108208, "train_sc_a": [1.400656206183606], "train_sc_v": [0.008920473468393437], "val_sc_a": 0, "val_sc_v": 0, "total_sc_a": 0, "total_sc_v": 0}