{"c1": 0.050378728913049085, "c2": 0.5451291976909614, "ch1": -0.18286756946867874, "ch2": 0.09416650463467506, "di": 4.094256366835344, "dj": 3.3103256290002636, "dk": 0.0, "vw_i": -1.402390298871177, "vw_j": -0.708773292150791, "kt": 8.111524202927482, "train_sc_a": [15.501774329801746], "train_sc_v": [0.07336888781307949], "val_sc_a": 0, "val_sc_v": 0, "total_sc_a": 0, "total_sc_v": 0}