{"c1": 0.03915289591811023, "c2": 0.38041396662219373, "ch1": 0.045609001436246605, "ch2": 0.10064646946089664, "di": 0.8969810169816717, "dj": 2.407017266799192, "dk": 0.018723582098956415, "vw_i": 0.6050407735091008, "vw_j": -0.20610336366351956, "kt": 12.607014084713777, "train_sc_a": [0.5299342492210768], "train_sc_v": [0.006148245974875613], "val_sc_a": 0, "val_sc_v": 0, "total_sc_a": 0, "total_sc_v": 0}