{"c1": 0.024315335796914, "c2": 0.18174819289864297, "ch1": -0.024366481812602946, "ch2": 0.09135552712244752, "di": 4.716844421084889, "dj": 2.70056512666913, "dk": 0.0, "vw_i": -1.973256566238233, "vw_j": -0.7182647580365741, "kt": 12.648920347445191, "train_sc_a": [1.094235947486537], "train_sc_v": [0.005866584748272837], "val_sc_a": 0, "val_sc_v": 0, "total_sc_a": 0, "total_sc_v": 0}