{"c1": 0.05164903167825919, "c2": 0.5571988395555999, "ch1": -0.10654292237150398, "ch2": 0.1000181874012068, "di": 7.37666924846159, "dj": 3.995225994823252, "dk": 0.00202768478983789, "vw_i": -0.9260848780686981, "vw_j": -0.2283149199752253, "kt": 10.495512956499798, "train_sc_a": [0.9848577411325886], "train_sc_v": [0.008664412639970058], "val_sc_a": 0, "val_sc_v": 0, "total_sc_a": 0, "total_sc_v": 0}