{"c1": 0.044544014419545655, "c2": 0.4647964714876802, "ch1": -0.20632832072932533, "ch2": 0.08712173889802724, "di": 19.769030742489957, "dj": 18.64216455707907, "dk": 0.0, "vw_i": -0.521476665335542, "vw_j": -0.07962557016621394, "kt": 12.957286747540437, "train_sc_a": [2.878154960871124], "train_sc_v": [0.018453920572121713], "val_sc_a": 0, "val_sc_v": 0, "total_sc_a": 0, "total_sc_v": 0}