{"c1": 0.04989112152932923, "c2": 0.545702356035237, "ch1": 0.018325159852164766, "ch2": 0.10770768916926235, "di": 1.0989234103438599, "dj": 0.437287518664566, "dk": 0.262956003418228, "vw_i": -0.4081333632319377, "vw_j": 0.2813728966223627, "kt": 10.161154748818232, "train_sc_a": [0.48925839393130965], "train_sc_v": [0.004541812829669188], "val_sc_a": 0, "val_sc_v": 0, "total_sc_a": 0, "total_sc_v": 0}