{"c1": 0.03801455368645598, "c2": 0.34907198094249653, "ch1": 0.008123187845753011, "ch2": 0.097611116303412, "di": 2.0239535455993196, "dj": 0.7214528984245759, "dk": 0.0, "vw_i": -1.2888702669077103, "vw_j": -0.1517071759940837, "kt": 8.31164153978565, "train_sc_a": [1.6268481867767774], "train_sc_v": [0.007768725349649954], "val_sc_a": 0, "val_sc_v": 0, "total_sc_a": 0, "total_sc_v": 0}