{"c1": 0.030821052159717817, "c2": 0.2924002949032018, "ch1": 0.006531140479530567, "ch2": 0.09848004090140829, "di": 1.0894390751331826, "dj": 2.050705889192862, "dk": 0.814525236057755, "vw_i": -0.22853551965117805, "vw_j": -0.18704118346249143, "kt": 7.619237713874924, "train_sc_a": [0.38739612085267655], "train_sc_v": [0.0010188243104907806], "val_sc_a": 0, "val_sc_v": 0, "total_sc_a": 0, "total_sc_v": 0}