{"c1": 0.050498029828173516, "c2": 0.5443384240060374, "ch1": 0.01652701875179417, "ch2": 0.10849406397603509, "di": 4.1653494424577655, "dj": 3.1863875952245895, "dk": 0.0, "vw_i": 0.7138802192158491, "vw_j": 0.313300139875034, "kt": 8.061853388369645, "train_sc_a": [0.51614987843998], "train_sc_v": [0.011525143693329567], "val_sc_a": 0, "val_sc_v": 0, "total_sc_a": 0, "total_sc_v": 0}