{"c1": 0.031168139489478112, "c2": 0.268996279085673, "ch1": -0.046388205098738575, "ch2": 0.09203359129003118, "di": 4.632527531321427, "dj": 2.0937140776414895, "dk": 0.0, "vw_i": -1.9378312208469715, "vw_j": -0.7631233005645679, "kt": 6.585493520352144, "train_sc_a": [3.654847599175339], "train_sc_v": [0.019020114441843875], "val_sc_a": 0, "val_sc_v": 0, "total_sc_a": 0, "total_sc_v": 0}