{"c1": 0.02392777225891462, "c2": 0.18381666050658924, "ch1": -0.018409240196542904, "ch2": 0.09174714983485553, "di": 4.029555590036176, "dj": 2.389843696691156, "dk": 0.43330785492992224, "vw_i": -2.303705434678192, "vw_j": -0.7880580162001615, "kt": 12.480547683458107, "train_sc_a": [0.5905639664441471], "train_sc_v": [0.005417204989604387], "val_sc_a": 0, "val_sc_v": 0, "total_sc_a": 0, "total_sc_v": 0}