{"c1": 0.03967597903408021, "c2": 0.3765182488896322, "ch1": -0.016590984847925462, "ch2": 0.09608728709397919, "di": 1.105312102602528, "dj": 1.1908599745259651, "dk": 0.0, "vw_i": 1.1837822874942934, "vw_j": -0.08316368031807242, "kt": 12.68363030475819, "train_sc_a": [0.3898019675233064], "train_sc_v": [0.007639834930317776], "val_sc_a": 0, "val_sc_v": 0, "total_sc_a": 0, "total_sc_v": 0}