{"c1": 0.04668677508428596, "c2": 0.4913880556166128, "ch1": -0.03484042503198545, "ch2": 0.10182502108596193, "di": 2.6772824732608305, "dj": 2.1756151890898088, "dk": 0.0, "vw_i": -4.938889297465922, "vw_j": -1.1433977385268765, "kt": 9.873473419208999, "train_sc_a": [2.0435543360856787], "train_sc_v": [0.008366464046509483], "val_sc_a": 0, "val_sc_v": 0, "total_sc_a": 0, "total_sc_v": 0}