{"c1": 0.04306712299157236, "c2": 0.41858934110734175, "ch1": 0.01187059096156545, "ch2": 0.09904302643601202, "di": 2.403578367658671, "dj": 0.33299419634283506, "dk": 0.0, "vw_i": -0.4626739040766551, "vw_j": 0.07190526459790623, "kt": 11.059321962583157, "train_sc_a": [2.82578668705215], "train_sc_v": [0.014881029033969517], "val_sc_a": 0, "val_sc_v": 0, "total_sc_a": 0, "total_sc_v": 0}