{"c1": 0.02838353442418007, "c2": 0.23695123033985988, "ch1": 0.02275885666284896, "ch2": 0.09576078618607053, "di": 5.042226513083494, "dj": 1.5464262167780252, "dk": 0.22366400853424442, "vw_i": -0.9328671977764376, "vw_j": -0.4815869096962949, "kt": 11.465041593799638, "train_sc_a": [0.35680395050731983], "train_sc_v": [0.0030724693556490506], "val_sc_a": 0, "val_sc_v": 0, "total_sc_a": 0, "total_sc_v": 0}