{"c1": 0.041185720560685556, "c2": 0.4331501922851277, "ch1": 0.007228790234857107, "ch2": 0.09691641322051904, "di": 3.286991539872534, "dj": 9.371293445973826, "dk": 3.673288202631281, "vw_i": -0.5568521186319623, "vw_j": -0.658325650664458, "kt": 10.768682475434556, "train_sc_a": [0.322575000765885], "train_sc_v": [0.0032564465941379633], "val_sc_a": 0, "val_sc_v": 0, "total_sc_a": 0, "total_sc_v": 0}