{"c1": 0.0404002297015578, "c2": 0.37742779438107155, "ch1": 0.004593355501566686, "ch2": 0.09745560915588448, "di": 3.138407962049682, "dj": 4.7363620801181385, "dk": 0.0, "vw_i": -1.7607061424533308, "vw_j": -0.07186718283864979, "kt": 10.79716798937118, "train_sc_a": [0.7311192314357624], "train_sc_v": [0.004349779457497662], "val_sc_a": 0, "val_sc_v": 0, "total_sc_a": 0, "total_sc_v": 0}