{"c1": 0.020330522694447427, "c2": 0.13854452166670464, "ch1": 0.014414458234860409, "ch2": 0.09538387737825112, "di": 2.5302486372900725, "dj": 0.3560883713092301, "dk": 4.837586772812815, "vw_i": -0.2999979902578346, "vw_j": -0.031473351850957794, "kt": 8.826654800896758, "train_sc_a": [0.5160842484566792], "train_sc_v": [0.004505831056578233], "val_sc_a": 0, "val_sc_v": 0, "total_sc_a": 0, "total_sc_v": 0}