{"c1": 0.034825533923130314, "c2": 0.1835027517374648, "ch1": 0.1525169081217113, "ch2": 0.10540970461079562, "di": 3.727422936430478, "dj": 10.208707079847544, "dk": 0.017524023210482586, "vw_i": -0.8944204860907458, "vw_j": -1.0819830964026067, "kt": 12.509222736792246, "train_sc_a": [6.872989186543976], "train_sc_v": [0.028556123948362013], "val_sc_a": 0, "val_sc_v": 0, "total_sc_a": 0, "total_sc_v": 0}