{"c1": 0.03938387568852333, "c2": 0.38575764174914656, "ch1": -0.10287428164324768, "ch2": 0.08977306669548045, "di": 0.07343807877079783, "dj": 3.525323973492178, "dk": 0.0, "vw_i": -0.978283656112686, "vw_j": -0.015347356569641386, "kt": 12.42366664970628, "train_sc_a": [0.34898607518946706], "train_sc_v": [0.0010168605565534837], "val_sc_a": 0, "val_sc_v": 0, "total_sc_a": 0, "total_sc_v": 0}