{"c1": 0.050707634716787374, "c2": 0.5415272468414388, "ch1": -0.0022108266048579033, "ch2": 0.10732282136970088, "di": 3.7298766299099984, "dj": 3.4891696573867494, "dk": 0.038213087271323117, "vw_i": -1.7717025398220863, "vw_j": -0.5433551752797231, "kt": 9.94741398608696, "train_sc_a": [0.5219161134243163], "train_sc_v": [0.0033901128996154206], "val_sc_a": 0, "val_sc_v": 0, "total_sc_a": 0, "total_sc_v": 0}