{"c1": 0.053817785740525495, "c2": 0.5897774665918589, "ch1": -0.09433869704656363, "ch2": 0.10227950620018045, "di": 1.8225405545743172, "dj": 2.4799631909160267, "dk": 0.0, "vw_i": -0.2487267258773626, "vw_j": 0.37913542019587465, "kt": 8.659550352177298, "train_sc_a": [1.051063079210537], "train_sc_v": [0.004493782687298961], "val_sc_a": 0, "val_sc_v": 0, "total_sc_a": 0, "total_sc_v": 0}