{"c1": 0.03326084894730193, "c2": 0.29593987741394207, "ch1": -0.021500182282792196, "ch2": 0.09518746749782996, "di": 1.283197365521964, "dj": 1.5923815809199522, "dk": 1.244373689362082, "vw_i": -1.8811823852453986, "vw_j": -0.5111680220226809, "kt": 8.964482663134502, "train_sc_a": [0.8900904074563255], "train_sc_v": [0.0061136538893862115], "val_sc_a": 0, "val_sc_v": 0, "total_sc_a": 0, "total_sc_v": 0}