{"c1": 0.024188089011904865, "c2": 0.17903038547408257, "ch1": -0.01921294153764886, "ch2": 0.09182842765442077, "di": 3.5236489701105795, "dj": 4.132407524552149, "dk": 0.6174581006080452, "vw_i": -2.5786601185243994, "vw_j": -1.1472364660714753, "kt": 13.72411718793591, "train_sc_a": [0.482664512961237], "train_sc_v": [0.00872854645568753], "val_sc_a": 0, "val_sc_v": 0, "total_sc_a": 0, "total_sc_v": 0}