{"c1": 0.02841731825583612, "c2": 0.2302499069130049, "ch1": -0.0014432312515935584, "ch2": 0.09409485401314611, "di": 4.0725219816946945, "dj": 1.769371191623154, "dk": 0.0, "vw_i": -1.7141140857681965, "vw_j": -0.6700516395888418, "kt": 12.712553851415779, "train_sc_a": [0.446955422762286], "train_sc_v": [0.005474670538192514], "val_sc_a": 0, "val_sc_v": 0, "total_sc_a": 0, "total_sc_v": 0}