{"c1": 0.027403600271466173, "c2": 0.21313357808319236, "ch1": -0.052514877917702624, "ch2": 0.08998329563842894, "di": 3.3896983304380996, "dj": 2.9950707796352636, "dk": 0.0, "vw_i": -0.08792343649638007, "vw_j": -0.08233809486240466, "kt": 12.921143277364946, "train_sc_a": [0.6964362107529257], "train_sc_v": [0.008930035685615002], "val_sc_a": 0, "val_sc_v": 0, "total_sc_a": 0, "total_sc_v": 0}