{"c1": 0.019959939787163285, "c2": 0.11391001649572007, "ch1": 0.002259026321174023, "ch2": 0.0926252385525574, "di": 1.9142859019558816, "dj": 1.9483348324036924, "dk": 0.010090642500373236, "vw_i": -1.8183344150495242, "vw_j": -1.0544715955635102, "kt": 8.980226413717393, "train_sc_a": [0.409989224530056], "train_sc_v": [0.005789360269138867], "val_sc_a": 0, "val_sc_v": 0, "total_sc_a": 0, "total_sc_v": 0}