{"c1": 0.05304567623240791, "c2": 0.5249532148750132, "ch1": -0.1936238294411232, "ch2": 0.09377385614801907, "di": 3.51682676880093, "dj": 2.703182532883177, "dk": 2.3158517774937866, "vw_i": -7.5511252440132735, "vw_j": -2.421950863349515, "kt": 9.920692584356031, "train_sc_a": [12.326931555826098], "train_sc_v": [0.0490738154268536], "val_sc_a": 0, "val_sc_v": 0, "total_sc_a": 0, "total_sc_v": 0}