{"c1": 0.046342694257955605, "c2": 0.3339670386258561, "ch1": 0.11695122644652013, "ch2": 0.10583750645929206, "di": 3.311696293887835, "dj": 9.614594033137278, "dk": 0.0, "vw_i": -1.4060115637071269, "vw_j": -0.6818475824094256, "kt": 11.86174136251283, "train_sc_a": [5.448970845391157], "train_sc_v": [0.024451042140067228], "val_sc_a": 0, "val_sc_v": 0, "total_sc_a": 0, "total_sc_v": 0}