{"c1": 0.02184484244910979, "c2": 0.1341669704530943, "ch1": 0.016569170442384363, "ch2": 0.09494658628417696, "di": 1.3374345862268642, "dj": 2.1153345828348313, "dk": 0.0, "vw_i": -1.1116569000584302, "vw_j": -0.21169752399745717, "kt": 11.062744901132545, "train_sc_a": [0.5023484492537192], "train_sc_v": [0.007841976399539338], "val_sc_a": 0, "val_sc_v": 0, "total_sc_a": 0, "total_sc_v": 0}