{"c1": 0.044834379091098706, "c2": 0.5055714206169413, "ch1": 0.006288029498726139, "ch2": 0.10531304437980911, "di": 2.2305788874826695, "dj": 3.0358694634435968, "dk": 2.9985273047624954, "vw_i": -2.776182925254076, "vw_j": -0.05039505607237139, "kt": 9.635156322262793, "train_sc_a": [0.7405220528467127], "train_sc_v": [0.009061526697062405], "val_sc_a": 0, "val_sc_v": 0, "total_sc_a": 0, "total_sc_v": 0}