{"c1": 0.03258011973946797, "c2": 0.2924938167623245, "ch1": -0.03006670447217084, "ch2": 0.09579666936773175, "di": 5.9683944260398105, "dj": 2.5089322080368857, "dk": 0.0, "vw_i": 0.3414732557357649, "vw_j": 0.8278873823092201, "kt": 10.437339461766753, "train_sc_a": [0.4210775428749029], "train_sc_v": [0.007842162288861736], "val_sc_a": 0, "val_sc_v": 0, "total_sc_a": 0, "total_sc_v": 0}