{"c1": 0.05156640474579405, "c2": 0.5578470183320225, "ch1": -0.0017497167812813778, "ch2": 0.10743431816579442, "di": 9.170440310229894, "dj": 6.68797960696729, "dk": 0.0, "vw_i": -0.2997831317943964, "vw_j": -0.5062702361481263, "kt": 8.279720895586351, "train_sc_a": [0.529957404099677], "train_sc_v": [0.0065000601082872604], "val_sc_a": 0, "val_sc_v": 0, "total_sc_a": 0, "total_sc_v": 0}