{"c1": 0.04728622542933615, "c2": 0.47532950998070356, "ch1": 0.04217498422727581, "ch2": 0.10680966639086283, "di": 0.291472002585766, "dj": 1.8709762561846044, "dk": 0.0, "vw_i": -0.22059355182511597, "vw_j": 0.3558986756359843, "kt": 12.011339760967822, "train_sc_a": [0.4255828042116535], "train_sc_v": [0.0033973637152221463], "val_sc_a": 0, "val_sc_v": 0, "total_sc_a": 0, "total_sc_v": 0}