{"c1": 0.04222927926002617, "c2": 0.4254898947912592, "ch1": -0.0002009744681080968, "ch2": 0.09702085329505794, "di": 4.101626269273879, "dj": 0.0030804677109289805, "dk": 0.102100510419896, "vw_i": -0.5594953753875591, "vw_j": -0.5558494696713314, "kt": 11.433128016552908, "train_sc_a": [0.4415111338186846], "train_sc_v": [0.005534392098994272], "val_sc_a": 0, "val_sc_v": 0, "total_sc_a": 0, "total_sc_v": 0}