{"c1": 0.044794278301684386, "c2": 0.463083582941196, "ch1": -0.010052766779270444, "ch2": 0.1016714166611942, "di": 15.07616298485204, "dj": 23.649641895702068, "dk": 0.0, "vw_i": 0.15790288479013423, "vw_j": 0.6184823378488954, "kt": 13.358019566909633, "train_sc_a": [0.4552064618949594], "train_sc_v": [0.004802009403183706], "val_sc_a": 0, "val_sc_v": 0, "total_sc_a": 0, "total_sc_v": 0}