{"c1": 0.039590475393758144, "c2": 0.3872287598358711, "ch1": -0.030180178393032008, "ch2": 0.09467532033252399, "di": 3.80508730117426, "dj": 3.4161667481264404, "dk": 0.0, "vw_i": -1.6275396548986711, "vw_j": -0.11630906919023022, "kt": 8.978348115077905, "train_sc_a": [0.9718876916011016], "train_sc_v": [0.00783142626030568], "val_sc_a": 0, "val_sc_v": 0, "total_sc_a": 0, "total_sc_v": 0}