{"c1": 0.04510139133936614, "c2": 0.5109692636721108, "ch1": -0.45492644416602146, "ch2": 0.07105760576472725, "di": 1.0696536010193474, "dj": 0.0, "dk": 0.59165844551256, "vw_i": -1.1555398292773407, "vw_j": 0.8740579691889105, "kt": 9.839369887591433, "train_sc_a": [13.739625125811072], "train_sc_v": [0.05628550106099809], "val_sc_a": 0, "val_sc_v": 0, "total_sc_a": 0, "total_sc_v": 0}