{"c1": 0.04902944213968711, "c2": 0.5546946115279224, "ch1": -0.01605529076792655, "ch2": 0.10494151657002046, "di": 5.469207487710379, "dj": 0.0, "dk": 0.0, "vw_i": 0.9775060776315299, "vw_j": 0.8057231277433352, "kt": 10.565645988266795, "train_sc_a": [0.687071738947813], "train_sc_v": [0.003941622826203308], "val_sc_a": 0, "val_sc_v": 0, "total_sc_a": 0, "total_sc_v": 0}