{"c1": 0.019959460496693893, "c2": 0.10015639184339674, "ch1": -0.009029576892765628, "ch2": 0.09224170880576112, "di": 1.6890026765215032, "dj": 1.0145786698540167, "dk": 1.2735218962779815, "vw_i": -1.7654387286853468, "vw_j": -0.8466317178926631, "kt": 8.90657848306018, "train_sc_a": [0.2295792932883587], "train_sc_v": [0.0026421308852482054], "val_sc_a": 0, "val_sc_v": 0, "total_sc_a": 0, "total_sc_v": 0}