{"c1": 0.04249156065632012, "c2": 0.4235013183756056, "ch1": -0.05289241040734433, "ch2": 0.09278463913613126, "di": 2.628833381024705, "dj": 2.5761745785923758, "dk": 0.0, "vw_i": -0.976733762878492, "vw_j": -0.1566389641243956, "kt": 11.449715086903973, "train_sc_a": [3.597891394857357], "train_sc_v": [0.018345848838222135], "val_sc_a": 0, "val_sc_v": 0, "total_sc_a": 0, "total_sc_v": 0}