{"c1": 0.046678028264651505, "c2": 0.4824553311626842, "ch1": -0.020989428652677625, "ch2": 0.10219851277017525, "di": 2.3811700490898287, "dj": 3.8676768302576083, "dk": 0.061333358927206365, "vw_i": -0.38776231786570053, "vw_j": -0.03308026838254909, "kt": 7.431609918744863, "train_sc_a": [0.36924271113869495], "train_sc_v": [0.0015980227488969372], "val_sc_a": 0, "val_sc_v": 0, "total_sc_a": 0, "total_sc_v": 0}