{"c1": 0.04644184269100015, "c2": 0.332730442491839, "ch1": -0.018094726862553163, "ch2": 0.09572261174903844, "di": 4.375425507999101, "dj": 4.306153675378004, "dk": 0.0, "vw_i": -1.303257951501955, "vw_j": 0.11699296621653035, "kt": 10.354508792207689, "train_sc_a": [4.426329678491961], "train_sc_v": [0.01942451601808624], "val_sc_a": 0, "val_sc_v": 0, "total_sc_a": 0, "total_sc_v": 0}