{"c1": 0.026976791191531953, "c2": 0.21788730501464104, "ch1": -0.014975153477703843, "ch2": 0.09200829032230445, "di": 3.611715533060532, "dj": 4.613549445273125, "dk": 1.9076582685628645, "vw_i": -0.5944070853669527, "vw_j": -0.39235881971644676, "kt": 13.371132409065819, "train_sc_a": [0.6986768303467672], "train_sc_v": [0.011287915598827912], "val_sc_a": 0, "val_sc_v": 0, "total_sc_a": 0, "total_sc_v": 0}