{"c1": 0.0153081622630617, "c2": 0.19703689721271944, "ch1": -0.002096071793213203, "ch2": 0.0925464096205184, "di": 1.8619456234539058, "dj": 1.0856483173774651, "dk": 0.4590249436417497, "vw_i": -2.918507560648039, "vw_j": -2.321243260916834, "kt": 9.052591978831385, "train_sc_a": [4.894874192472935], "train_sc_v": [0.019263441265175197], "val_sc_a": 0, "val_sc_v": 0, "total_sc_a": 0, "total_sc_v": 0}