{"c1": 0.052922009339308955, "c2": 0.6014006974989655, "ch1": -0.11820321791139796, "ch2": 0.1013760037499357, "di": 3.520170491573667, "dj": 5.774520061580737, "dk": 0.5071585924035827, "vw_i": -1.0603609954965874, "vw_j": -0.3743351344183776, "kt": 8.907570758372831, "train_sc_a": [0.5881801887156266], "train_sc_v": [0.003605200600788982], "val_sc_a": 0, "val_sc_v": 0, "total_sc_a": 0, "total_sc_v": 0}