{"c1": 0.046721906937810774, "c2": 0.4821657089680583, "ch1": -0.04658420810635215, "ch2": 0.10032941349316227, "di": 2.9370769359035918, "dj": 3.089680026263069, "dk": 0.2584775723209817, "vw_i": -0.10783207557550445, "vw_j": -0.04572389060868323, "kt": 10.915332357666175, "train_sc_a": [0.44507239790492237], "train_sc_v": [0.008353425525660004], "val_sc_a": 0, "val_sc_v": 0, "total_sc_a": 0, "total_sc_v": 0}