{"c1": 0.04193194281840911, "c2": 0.4411693202963042, "ch1": -0.03088104659126368, "ch2": 0.0958429530206895, "di": 1.8816424873469981, "dj": 3.0082718912862942, "dk": 0.0, "vw_i": 1.0966480781436492, "vw_j": 0.5477755977888823, "kt": 11.572923963526947, "train_sc_a": [0.2957270274957201], "train_sc_v": [0.0015943129257646094], "val_sc_a": 0, "val_sc_v": 0, "total_sc_a": 0, "total_sc_v": 0}