{"c1": 0.024427586758053295, "c2": 0.18695333123592284, "ch1": -0.04089264696616301, "ch2": 0.09041055791958645, "di": 4.722654816059721, "dj": 4.983137549173043, "dk": 4.629089691421076, "vw_i": -1.2785402038774472, "vw_j": -0.4928471852606935, "kt": 12.596049892208248, "train_sc_a": [1.2257084979896133], "train_sc_v": [0.008624513395524372], "val_sc_a": 0, "val_sc_v": 0, "total_sc_a": 0, "total_sc_v": 0}