{"c1": 0.03864509742433964, "c2": 0.3912339587057152, "ch1": -0.007948362986274863, "ch2": 0.09679461810802191, "di": 4.1325515531995425, "dj": 4.890490375272743, "dk": 0.0, "vw_i": -0.2765524698905208, "vw_j": -0.0651626421240476, "kt": 12.28659863238658, "train_sc_a": [0.5561039683888429], "train_sc_v": [0.009762664680092414], "val_sc_a": 0, "val_sc_v": 0, "total_sc_a": 0, "total_sc_v": 0}