{"c1": 0.039864867984355686, "c2": 0.5482165106971592, "ch1": 0.21693214958921156, "ch2": 0.1205387233382674, "di": 0.020366236323849592, "dj": 10.903734705934742, "dk": 0.031577449793152815, "vw_i": -1.7398228409162746, "vw_j": -1.2135258004290435, "kt": 10.418617003871617, "train_sc_a": [8.738922446925269], "train_sc_v": [0.036705936933375545], "val_sc_a": 0, "val_sc_v": 0, "total_sc_a": 0, "total_sc_v": 0}