{"c1": 0.05080233161185374, "c2": 0.5652980222621912, "ch1": -0.1600632046236142, "ch2": 0.09580599473810791, "di": 1.8895322294994508, "dj": 3.9705320614149553, "dk": 0.0, "vw_i": -0.8167998529766891, "vw_j": -0.34709796938611814, "kt": 7.652756248855111, "train_sc_a": [2.280622391752681], "train_sc_v": [0.008432854921281858], "val_sc_a": 0, "val_sc_v": 0, "total_sc_a": 0, "total_sc_v": 0}