{"c1": 0.019717074163436245, "c2": 0.11766562872889151, "ch1": 0.002611695046692717, "ch2": 0.09342177688888602, "di": 1.6961918237519247, "dj": 1.3935574477579236, "dk": 0.029190877925024398, "vw_i": -1.610961499722687, "vw_j": -0.7906875793707782, "kt": 8.900171567441479, "train_sc_a": [0.3038868304010536], "train_sc_v": [0.004833991375176987], "val_sc_a": 0, "val_sc_v": 0, "total_sc_a": 0, "total_sc_v": 0}