{"c1": 0.020687949010482567, "c2": 0.11893815373186228, "ch1": 0.0016474991581622719, "ch2": 0.09437994522424381, "di": 2.0941982687915837, "dj": 0.40319626771245265, "dk": 4.924683138158524, "vw_i": -0.3850016042720449, "vw_j": -0.180047736483, "kt": 8.752069518273863, "train_sc_a": [1.2845755631779898], "train_sc_v": [0.016190449267743143], "val_sc_a": 0, "val_sc_v": 0, "total_sc_a": 0, "total_sc_v": 0}