{"c1": 0.0318330806028083, "c2": 0.28362282951585477, "ch1": -0.03504656320278225, "ch2": 0.09540564746084813, "di": 1.3058227408026937, "dj": 2.4078545273104495, "dk": 0.03786920331439653, "vw_i": -0.009724024807179314, "vw_j": 0.33696634204368403, "kt": 7.287946350681095, "train_sc_a": [0.6768859119818194], "train_sc_v": [0.0050756703398986275], "val_sc_a": 0, "val_sc_v": 0, "total_sc_a": 0, "total_sc_v": 0}