{"c1": 0.04605561727806927, "c2": 0.5036450653749596, "ch1": 0.004951559941473718, "ch2": 0.10528585507827377, "di": 1.6102134369926933, "dj": 1.866991756271425, "dk": 0.0, "vw_i": -1.1339873760415897, "vw_j": 0.10914228038153917, "kt": 9.87835652031402, "train_sc_a": [0.407527447904783], "train_sc_v": [0.007611329567741335], "val_sc_a": 0, "val_sc_v": 0, "total_sc_a": 0, "total_sc_v": 0}