{"c1": 0.04650186515648172, "c2": 0.404397858940626, "ch1": -0.11345679176602305, "ch2": 0.08875719911366257, "di": 4.97561317317493, "dj": 5.1968480755411255, "dk": 0.0, "vw_i": -0.6506636223215957, "vw_j": -0.1529311398406654, "kt": 10.446215522578413, "train_sc_a": [3.2846149319496982], "train_sc_v": [0.0226503237299925], "val_sc_a": 0, "val_sc_v": 0, "total_sc_a": 0, "total_sc_v": 0}