{"c1": 0.05432162541754818, "c2": 0.5860312774925903, "ch1": -0.015119363286691358, "ch2": 0.10817259921774816, "di": 1.8502247379815848, "dj": 2.5176335492783006, "dk": 0.0, "vw_i": -0.7950784188783677, "vw_j": 0.8761106127403595, "kt": 8.639898006667403, "train_sc_a": [0.5940712119785551], "train_sc_v": [0.0039688366361040495], "val_sc_a": 0, "val_sc_v": 0, "total_sc_a": 0, "total_sc_v": 0}