{"c1": 0.02317684966555589, "c2": 0.14833657960138055, "ch1": 0.0053408563408586475, "ch2": 0.09398658455477174, "di": 0.0, "dj": 1.4923371953743665, "dk": 2.5859024033117346, "vw_i": -0.8707950202770731, "vw_j": 0.21010024407332475, "kt": 10.86357658250756, "train_sc_a": [0.3063274037499425], "train_sc_v": [0.0050168214071494655], "val_sc_a": 0, "val_sc_v": 0, "total_sc_a": 0, "total_sc_v": 0}