{"c1": 0.03797210277929293, "c2": 0.1931237365019471, "ch1": 0.04984014630470146, "ch2": 0.099949952189688, "di": 5.583352165551134, "dj": 5.7978496441066465, "dk": 0.42003552868714045, "vw_i": -1.921619387204911, "vw_j": -0.654827809704543, "kt": 6.973314082218741, "train_sc_a": [6.038161906047616], "train_sc_v": [0.024551957891715725], "val_sc_a": 0, "val_sc_v": 0, "total_sc_a": 0, "total_sc_v": 0}