{"c1": 0.04005160922306589, "c2": 0.37963858353783997, "ch1": 0.0068921195651684, "ch2": 0.09783414223428002, "di": 3.294229386437317, "dj": 7.079080432466671, "dk": 0.0, "vw_i": -0.044317330404486724, "vw_j": -0.44688190913673886, "kt": 12.0791997781409, "train_sc_a": [0.672656057472536], "train_sc_v": [0.006143186773998723], "val_sc_a": 0, "val_sc_v": 0, "total_sc_a": 0, "total_sc_v": 0}