{"c1": 0.02748937489527899, "c2": 0.22690780229514917, "ch1": 0.014637136547574401, "ch2": 0.09474076089569992, "di": 1.113579614867313, "dj": 0.40089189005585524, "dk": 0.8567537378519661, "vw_i": -1.6462271433857776, "vw_j": -0.6982769186186779, "kt": 13.344505162108208, "train_sc_a": [0.7853887747129612], "train_sc_v": [0.008810972937303664], "val_sc_a": 0, "val_sc_v": 0, "total_sc_a": 0, "total_sc_v": 0}