{"c1": 0.043370826769526756, "c2": 0.43096472149518683, "ch1": 0.007290089405472409, "ch2": 0.09890302561791652, "di": 2.6614046281539028, "dj": 0.19499362991903943, "dk": 0.0, "vw_i": -0.8858970705234457, "vw_j": 0.07542123194793518, "kt": 11.882329952889279, "train_sc_a": [0.6197758614457565], "train_sc_v": [0.00667967949919194], "val_sc_a": 0, "val_sc_v": 0, "total_sc_a": 0, "total_sc_v": 0}