{"c1": 0.055221481772325394, "c2": 0.5799189716651298, "ch1": 0.03366842401572349, "ch2": 0.11212660417745246, "di": 2.7923497818236735, "dj": 8.79026090310649, "dk": 0.8057489110105353, "vw_i": 0.15983866337825564, "vw_j": 0.07510612441652309, "kt": 9.48658002057932, "train_sc_a": [0.33698098573056057], "train_sc_v": [0.0034122170659844574], "val_sc_a": 0, "val_sc_v": 0, "total_sc_a": 0, "total_sc_v": 0}