{"c1": 0.02454754575951496, "c2": 0.15689515487006525, "ch1": -0.008389057220886292, "ch2": 0.09240942176255719, "di": 2.157968654918257, "dj": 1.4060631006401254, "dk": 2.953588067527878, "vw_i": -2.0788847101530057, "vw_j": -1.3442561232256265, "kt": 14.988927456353068, "train_sc_a": [0.31587186681010176], "train_sc_v": [0.00409511777517136], "val_sc_a": 0, "val_sc_v": 0, "total_sc_a": 0, "total_sc_v": 0}