{"c1": 0.04694351078344072, "c2": 0.48031255875250145, "ch1": 0.016586620044537287, "ch2": 0.10578379651321566, "di": 2.623123473940389, "dj": 0.19713039631893936, "dk": 0.0, "vw_i": 0.27373449578753584, "vw_j": 0.06734145887441731, "kt": 10.647375943619659, "train_sc_a": [0.5111731274953751], "train_sc_v": [0.0036384229360911535], "val_sc_a": 0, "val_sc_v": 0, "total_sc_a": 0, "total_sc_v": 0}