{"c1": 0.018992246393064065, "c2": 0.10568406273033096, "ch1": 0.006245112898720338, "ch2": 0.0934054187879703, "di": 0.9872443971131, "dj": 0.961624970628059, "dk": 1.1561091450347263, "vw_i": -1.755433541534742, "vw_j": -0.21738782996910885, "kt": 4.97234290865004, "train_sc_a": [0.26928020365197924], "train_sc_v": [0.0007920654629279027], "val_sc_a": 0, "val_sc_v": 0, "total_sc_a": 0, "total_sc_v": 0}