{"c1": 0.04381249059355019, "c2": 0.46768706136949495, "ch1": -0.030996485824707674, "ch2": 0.10209195358193017, "di": 1.5689640933458284, "dj": 1.8692104336922108, "dk": 0.0, "vw_i": -0.6420374601528713, "vw_j": -0.23959349667323487, "kt": 11.364762845230514, "train_sc_a": [0.3367129269600924], "train_sc_v": [0.0033845900355731076], "val_sc_a": 0, "val_sc_v": 0, "total_sc_a": 0, "total_sc_v": 0}