{"c1": 0.052171776472028954, "c2": 0.5553179453121974, "ch1": -0.01750240695484207, "ch2": 0.10630049920969578, "di": 1.626197714309233, "dj": 6.372652768105118, "dk": 0.0, "vw_i": -1.9371413080327495, "vw_j": -0.7121447120724758, "kt": 7.427186653429292, "train_sc_a": [0.668904416091149], "train_sc_v": [0.010792971361400039], "val_sc_a": 0, "val_sc_v": 0, "total_sc_a": 0, "total_sc_v": 0}