{"c1": 0.05378046720406013, "c2": 0.5952212846054515, "ch1": -0.027887249493251214, "ch2": 0.10751737076051097, "di": 4.187462937063678, "dj": 6.135644734032494, "dk": 0.942563936320923, "vw_i": -0.3224848617253304, "vw_j": -0.0013102501681022997, "kt": 9.07771236481777, "train_sc_a": [0.23100707007064658], "train_sc_v": [0.0008337429515213279], "val_sc_a": 0, "val_sc_v": 0, "total_sc_a": 0, "total_sc_v": 0}