{"c1": 0.039519447593805435, "c2": 0.3639591552945536, "ch1": 0.010625375162657052, "ch2": 0.09791576191046787, "di": 2.0064051449270726, "dj": 0.9871114902224976, "dk": 0.0, "vw_i": -0.7921850516586568, "vw_j": -0.47401658496148996, "kt": 7.8112316087716325, "train_sc_a": [0.28953742253015774], "train_sc_v": [0.003090414819026797], "val_sc_a": 0, "val_sc_v": 0, "total_sc_a": 0, "total_sc_v": 0}