{"c1": 0.054835121125040694, "c2": 0.5824664147725523, "ch1": 0.011872521241589308, "ch2": 0.1102100778163777, "di": 0.6837207122409079, "dj": 3.833857887814142, "dk": 0.0, "vw_i": -1.21313377676647, "vw_j": -0.03180969902791716, "kt": 8.585443257601211, "train_sc_a": [1.2393085789009382], "train_sc_v": [0.013339817372471778], "val_sc_a": 0, "val_sc_v": 0, "total_sc_a": 0, "total_sc_v": 0}