{"c1": 0.03742389859625701, "c2": 0.5168517985816643, "ch1": 0.006001889243328659, "ch2": 0.10472940859082726, "di": 0.7210184617781924, "dj": 2.2578619926216446, "dk": 5.0629798177635505, "vw_i": -0.01679400445967226, "vw_j": -1.736814540667462, "kt": 16.88900843086439, "train_sc_a": [4.028225409311815], "train_sc_v": [0.018372407716600186], "val_sc_a": 0, "val_sc_v": 0, "total_sc_a": 0, "total_sc_v": 0}