{"c1": 0.04599041259139179, "c2": 0.48496577692756243, "ch1": -0.0007103266042390112, "ch2": 0.1034192723436474, "di": 1.8951183268917007, "dj": 0.4141128369764673, "dk": 4.780003460131708, "vw_i": -0.27438445269196027, "vw_j": 0.7626181393985183, "kt": 12.06715868524347, "train_sc_a": [0.4800739563653378], "train_sc_v": [0.00595516019780641], "val_sc_a": 0, "val_sc_v": 0, "total_sc_a": 0, "total_sc_v": 0}