{"c1": 0.04602049625052845, "c2": 0.484740722043542, "ch1": -0.0017509877280357958, "ch2": 0.1033500276119735, "di": 1.491982571186948, "dj": 0.6228651682198281, "dk": 4.380308611233807, "vw_i": -0.23645030869796774, "vw_j": 0.7612513020238648, "kt": 12.062611259233782, "train_sc_a": [2.758475843792812], "train_sc_v": [0.01418082860658398], "val_sc_a": 0, "val_sc_v": 0, "total_sc_a": 0, "total_sc_v": 0}