{"c1": 0.044519506503493955, "c2": 0.4649868105401833, "ch1": -0.13422162946002686, "ch2": 0.09261223186530684, "di": 19.778763937007056, "dj": 18.651342944032752, "dk": 0.0, "vw_i": -0.4478815780145396, "vw_j": -0.005812939420200072, "kt": 12.96366621014386, "train_sc_a": [5.518289249709088], "train_sc_v": [0.02146471424660031], "val_sc_a": 0, "val_sc_v": 0, "total_sc_a": 0, "total_sc_v": 0}