{"c1": 0.03809223719800599, "c2": 0.3485536767552642, "ch1": 0.013686190273892906, "ch2": 0.0980148353203373, "di": 2.016518776653675, "dj": 0.92493475155983, "dk": 0.0, "vw_i": -1.2750995369236329, "vw_j": -0.11207893624105422, "kt": 8.376434367156438, "train_sc_a": [0.5941958811166078], "train_sc_v": [0.0034947445205108884], "val_sc_a": 0, "val_sc_v": 0, "total_sc_a": 0, "total_sc_v": 0}