{"c1": 0.049992808197893646, "c2": 0.5445989940368783, "ch1": 0.010840398522950831, "ch2": 0.1077671437474695, "di": 3.600782904348904, "dj": 0.00216302869013355, "dk": 0.0, "vw_i": -0.3453370371907641, "vw_j": 0.12130741361307347, "kt": 10.265483917280429, "train_sc_a": [0.7864278536077017], "train_sc_v": [0.015080851228031834], "val_sc_a": 0, "val_sc_v": 0, "total_sc_a": 0, "total_sc_v": 0}