{"c1": 0.04761649978179174, "c2": 0.4757124685497453, "ch1": 0.0077247972923137715, "ch2": 0.10535311023329161, "di": 1.7520867684976689, "dj": 2.1883926162791205, "dk": 0.0, "vw_i": -0.801910902615795, "vw_j": -0.1271715481102065, "kt": 10.111761428688961, "train_sc_a": [0.30005868232281346], "train_sc_v": [0.002903030883812735], "val_sc_a": 0, "val_sc_v": 0, "total_sc_a": 0, "total_sc_v": 0}