{"c1": 0.046876356037983825, "c2": 0.48086977864509584, "ch1": 0.012958619438867478, "ch2": 0.10536393109708561, "di": 2.6728546169396106, "dj": 0.22831461047422927, "dk": 0.0, "vw_i": 0.1954658866233525, "vw_j": 0.02954243925434506, "kt": 10.702515562377497, "train_sc_a": [2.9666130789913843], "train_sc_v": [0.014703678865012929], "val_sc_a": 0, "val_sc_v": 0, "total_sc_a": 0, "total_sc_v": 0}