{"c1": 0.05337920908484378, "c2": 0.5989557684648904, "ch1": 0.005317489758091992, "ch2": 0.10984434347828868, "di": 5.13580736299769, "dj": 7.657508441930874, "dk": 0.0, "vw_i": -0.6270614014366198, "vw_j": 0.4547174134136811, "kt": 9.317607488678638, "train_sc_a": [1.3000579656101388], "train_sc_v": [0.007338729517280637], "val_sc_a": 0, "val_sc_v": 0, "total_sc_a": 0, "total_sc_v": 0}