{"c1": 0.022982082590873722, "c2": 0.17020362797296598, "ch1": -0.0024119474753814853, "ch2": 0.09334057586518962, "di": 1.3451388436516452, "dj": 1.10117778322764, "dk": 0.10679648250265393, "vw_i": -0.46657457976792527, "vw_j": -0.1801315027698528, "kt": 10.920696825544168, "train_sc_a": [0.3328329388643616], "train_sc_v": [0.003096258358641253], "val_sc_a": 0, "val_sc_v": 0, "total_sc_a": 0, "total_sc_v": 0}