{"c1": 0.04581180001822555, "c2": 0.45606590946689823, "ch1": 0.39389691613126687, "ch2": 0.13184218905616318, "di": 15.084452208187688, "dj": 25.455178541758222, "dk": 0.18749168577278427, "vw_i": -1.5502023462253645, "vw_j": -0.749171604355636, "kt": 11.927991172069426, "train_sc_a": [11.428922949085209], "train_sc_v": [0.04639750416947565], "val_sc_a": 0, "val_sc_v": 0, "total_sc_a": 0, "total_sc_v": 0}