{"c1": 0.032546587683460186, "c2": 0.27842328744205974, "ch1": -0.021433736070092885, "ch2": 0.09645208839861409, "di": 1.761690881347967, "dj": 2.700990990557445, "dk": 0.7832563824765083, "vw_i": 0.17201450921171813, "vw_j": -0.12770905922061182, "kt": 7.723687559413124, "train_sc_a": [0.38493646346807125], "train_sc_v": [0.004058599287581347], "val_sc_a": 0, "val_sc_v": 0, "total_sc_a": 0, "total_sc_v": 0}