{"c1": 0.028394187929797303, "c2": 0.23270904894959035, "ch1": -0.004338096340578532, "ch2": 0.09375051633822125, "di": 3.7126430370210866, "dj": 2.546387901601251, "dk": 0.18175916347747104, "vw_i": -1.0484195646285002, "vw_j": -0.4144676518124965, "kt": 12.438093555004047, "train_sc_a": [0.34231649461527575], "train_sc_v": [0.005521036565868018], "val_sc_a": 0, "val_sc_v": 0, "total_sc_a": 0, "total_sc_v": 0}