{"c1": 0.028375463364027857, "c2": 0.2305131244769267, "ch1": -0.04118192087367125, "ch2": 0.09073094010401363, "di": 2.9765185473096683, "dj": 3.086391869904733, "dk": 0.0, "vw_i": -1.4945129023469814, "vw_j": -0.933635824735745, "kt": 12.599144731395162, "train_sc_a": [0.46889732330266415], "train_sc_v": [0.008390244249675037], "val_sc_a": 0, "val_sc_v": 0, "total_sc_a": 0, "total_sc_v": 0}