{"c1": 0.04298569861122234, "c2": 0.37012232256846794, "ch1": -0.038117447486552686, "ch2": 0.09355113854290995, "di": 4.856564024180387, "dj": 4.9789713004809135, "dk": 0.0, "vw_i": -0.9222404544856542, "vw_j": -0.5561261650162608, "kt": 9.559377205064342, "train_sc_a": [0.3693960920336931], "train_sc_v": [0.002189289267242034], "val_sc_a": 0, "val_sc_v": 0, "total_sc_a": 0, "total_sc_v": 0}