{"c1": 0.04193029616239149, "c2": 0.4411804893926844, "ch1": -0.030929818043412428, "ch2": 0.09583987716352829, "di": 1.8819485833342637, "dj": 3.009978400354966, "dk": 0.0, "vw_i": 1.096205616816258, "vw_j": 0.5477979485438763, "kt": 11.570701502107125, "train_sc_a": [0.29571616514319515], "train_sc_v": [0.001596654407936979], "val_sc_a": 0, "val_sc_v": 0, "total_sc_a": 0, "total_sc_v": 0}