{"c1": 0.04771105973244181, "c2": 0.46717711869867573, "ch1": -0.4766591573125201, "ch2": 0.06604077583864015, "di": 10.675674389487149, "dj": 8.488196231618247, "dk": 0.002143616080804416, "vw_i": 2.319096473684938, "vw_j": -0.0120551996697843, "kt": 12.232196552259255, "train_sc_a": [8.862684532501126], "train_sc_v": [0.0399327857841189], "val_sc_a": 0, "val_sc_v": 0, "total_sc_a": 0, "total_sc_v": 0}