{"c1": 0.041704312596002796, "c2": 0.442400171380395, "ch1": -0.036793764113378084, "ch2": 0.09530795653007952, "di": 6.389774949985533, "dj": 5.63421944375329, "dk": 0.0, "vw_i": -0.19155258094794653, "vw_j": 0.14327062247738084, "kt": 11.302688564049008, "train_sc_a": [0.5808243159201387], "train_sc_v": [0.007102986336576453], "val_sc_a": 0, "val_sc_v": 0, "total_sc_a": 0, "total_sc_v": 0}