{"c1": 0.0420034077217543, "c2": 0.44067030027375625, "ch1": -0.029254895552390605, "ch2": 0.09594696503328992, "di": 1.8852722680390888, "dj": 2.8977417023295566, "dk": 0.0, "vw_i": 1.1068153097682378, "vw_j": 0.5528815027710342, "kt": 11.589077831458987, "train_sc_a": [0.2999856383575495], "train_sc_v": [0.0015242830046326126], "val_sc_a": 0, "val_sc_v": 0, "total_sc_a": 0, "total_sc_v": 0}