{"c1": 0.044006061165988195, "c2": 0.4656770877149488, "ch1": -0.03177193471041974, "ch2": 0.10271644835184561, "di": 2.067809190046952, "dj": 3.106733567054943, "dk": 0.0, "vw_i": 0.7470047967614014, "vw_j": -0.2792514875387987, "kt": 13.504114587817664, "train_sc_a": [0.2508054911811826], "train_sc_v": [0.0012214391819099343], "val_sc_a": 0, "val_sc_v": 0, "total_sc_a": 0, "total_sc_v": 0}