{"c1": 0.01965962803921388, "c2": 0.11808828647994803, "ch1": 0.0010297585798992315, "ch2": 0.09330460316558781, "di": 1.5784602205323885, "dj": 1.4459967776338887, "dk": 0.01655298413408444, "vw_i": -1.6204442124962268, "vw_j": -0.7799155158316762, "kt": 8.899440726473037, "train_sc_a": [0.3322759350861514], "train_sc_v": [0.0046524573995367045], "val_sc_a": 0, "val_sc_v": 0, "total_sc_a": 0, "total_sc_v": 0}