{"c1": 0.0448610304621721, "c2": 0.46258476908911456, "ch1": 0.0030459584833631374, "ch2": 0.1026474212214627, "di": 15.23124642514349, "dj": 23.84111038860364, "dk": 0.0, "vw_i": -0.029330774959481498, "vw_j": 0.4183591357337432, "kt": 13.353274506364219, "train_sc_a": [0.37660184819940334], "train_sc_v": [0.004699066021040768], "val_sc_a": 0, "val_sc_v": 0, "total_sc_a": 0, "total_sc_v": 0}