{"c1": 0.020660358790652193, "c2": 0.11914458808608985, "ch1": -0.0002383758353882437, "ch2": 0.09419425031969197, "di": 2.4511382886582003, "dj": 0.25930926935119925, "dk": 4.854918852837575, "vw_i": -0.4347330120375298, "vw_j": -0.18225289044459383, "kt": 8.703409927889153, "train_sc_a": [1.3702632199198839], "train_sc_v": [0.015235610945201414], "val_sc_a": 0, "val_sc_v": 0, "total_sc_a": 0, "total_sc_v": 0}