{"c1": 0.03737504056260451, "c2": 0.17722879382836762, "ch1": -0.03121806199994827, "ch2": 0.0942195346993289, "di": 3.2388223420926407, "dj": 1.7343729079208656, "dk": 0.0, "vw_i": -2.1516574507170456, "vw_j": -0.580603965344018, "kt": 6.712748737454666, "train_sc_a": [6.795138134559589], "train_sc_v": [0.029499496182495616], "val_sc_a": 0, "val_sc_v": 0, "total_sc_a": 0, "total_sc_v": 0}