{"c1": 0.026666512459840922, "c2": 0.2197158980865683, "ch1": -0.019219882399000115, "ch2": 0.09151273632069296, "di": 3.201792643942953, "dj": 5.210493675235964, "dk": 0.0, "vw_i": 0.2667376106982353, "vw_j": 0.10942327905978698, "kt": 13.006904703477746, "train_sc_a": [0.433146426159859], "train_sc_v": [0.003680722626418116], "val_sc_a": 0, "val_sc_v": 0, "total_sc_a": 0, "total_sc_v": 0}