{"c1": 0.02758218169148921, "c2": 0.2195587273858359, "ch1": 0.01416391308168447, "ch2": 0.09443939273822576, "di": 1.3984324907693886, "dj": 0.7765089425136396, "dk": 0.0, "vw_i": -1.3848895812464577, "vw_j": 0.4404607345881431, "kt": 8.04472662629063, "train_sc_a": [0.5672788444666699], "train_sc_v": [0.0036226342002679238], "val_sc_a": 0, "val_sc_v": 0, "total_sc_a": 0, "total_sc_v": 0}