{"c1": 0.02664471081485923, "c2": 0.31094237655674567, "ch1": -0.29103868862632365, "ch2": 0.07493768466191109, "di": 3.0961680279934742, "dj": 0.806645487560084, "dk": 6.237277822054428, "vw_i": -2.536954826914093, "vw_j": 0.7704472691088126, "kt": 6.275011609114081, "train_sc_a": [16.071023985515588], "train_sc_v": [0.06786207513870703], "val_sc_a": 0, "val_sc_v": 0, "total_sc_a": 0, "total_sc_v": 0}