{"c1": 0.027848630743242904, "c2": 0.208939313353334, "ch1": -0.027217475761227662, "ch2": 0.09110885179677504, "di": 0.8531278701178014, "dj": 1.7737066258721526, "dk": 0.1929813212728261, "vw_i": -0.40362640898009167, "vw_j": -0.12267250267648122, "kt": 12.931339805024688, "train_sc_a": [1.8934696960806483], "train_sc_v": [0.012580720999407213], "val_sc_a": 0, "val_sc_v": 0, "total_sc_a": 0, "total_sc_v": 0}