{"c1": 0.05382384275004809, "c2": 0.5897182381084355, "ch1": -0.026323940218580612, "ch2": 0.10733722984075192, "di": 1.5697408410868487, "dj": 1.5933653071777694, "dk": 0.025801197343381082, "vw_i": -0.5141163778803776, "vw_j": 0.0010667151253337048, "kt": 8.75204853624124, "train_sc_a": [2.5421524848042463], "train_sc_v": [0.012627694950453917], "val_sc_a": 0, "val_sc_v": 0, "total_sc_a": 0, "total_sc_v": 0}