{"c1": 0.044107486335129224, "c2": 0.49508358733621033, "ch1": 0.02146066882629085, "ch2": 0.10592149173861715, "di": 2.3519571861833746, "dj": 0.5880730518850668, "dk": 0.44185384205042116, "vw_i": -1.2447531952229387, "vw_j": 1.1728501223665382, "kt": 10.172213664362454, "train_sc_a": [1.7264449412519713], "train_sc_v": [0.007887941261220888], "val_sc_a": 0, "val_sc_v": 0, "total_sc_a": 0, "total_sc_v": 0}