{"c1": 0.04676290964945247, "c2": 0.47441075894124884, "ch1": -0.036637682530350664, "ch2": 0.1000376316582379, "di": 9.44506363439176, "dj": 10.649249439587868, "dk": 0.0, "vw_i": 0.0589852782095711, "vw_j": 1.3224176885552084, "kt": 12.091491478729166, "train_sc_a": [0.6370489576794471], "train_sc_v": [0.014077714532215239], "val_sc_a": 0, "val_sc_v": 0, "total_sc_a": 0, "total_sc_v": 0}