{"c1": 0.027846586091537777, "c2": 0.2340980474394296, "ch1": -0.016000104444842504, "ch2": 0.09292948791730532, "di": 2.5653067719923017, "dj": 2.492658567433058, "dk": 0.19394315490621625, "vw_i": -2.0306417813395834, "vw_j": -0.649380701267197, "kt": 12.8110383702631, "train_sc_a": [0.5165856136253538], "train_sc_v": [0.007415465225601235], "val_sc_a": 0, "val_sc_v": 0, "total_sc_a": 0, "total_sc_v": 0}