{"c1": 0.0444111679459837, "c2": 0.4660067727767914, "ch1": -0.22145623530356404, "ch2": 0.08605796337419587, "di": 11.383648507153305, "dj": 21.216264053647844, "dk": 0.0, "vw_i": -0.5166911573790673, "vw_j": -0.08322692521528043, "kt": 13.484782249222546, "train_sc_a": [1.7061216189914563], "train_sc_v": [0.010971545349618894], "val_sc_a": 0, "val_sc_v": 0, "total_sc_a": 0, "total_sc_v": 0}