{"c1": 0.055288090076645126, "c2": 0.5790823318602921, "ch1": -0.008139544744808967, "ch2": 0.1086317776039306, "di": 1.157862904868953, "dj": 3.3819219925656854, "dk": 0.05858834426909, "vw_i": -1.1871586622059276, "vw_j": 0.05606479985664357, "kt": 8.62436229802886, "train_sc_a": [0.3942652947817665], "train_sc_v": [0.006867080075632703], "val_sc_a": 0, "val_sc_v": 0, "total_sc_a": 0, "total_sc_v": 0}