{"c1": 0.033713528695962815, "c2": 0.31428918274956835, "ch1": -0.03280268110589731, "ch2": 0.09455429084569802, "di": 2.136591489648764, "dj": 2.927589667425056, "dk": 0.23581462951826013, "vw_i": -0.6393996805007531, "vw_j": -0.27425636642777557, "kt": 8.901195588728376, "train_sc_a": [0.35403355613122295], "train_sc_v": [0.002642091471363132], "val_sc_a": 0, "val_sc_v": 0, "total_sc_a": 0, "total_sc_v": 0}