{"c1": 0.04693898490504633, "c2": 0.49725779350055216, "ch1": 0.0022821405182987544, "ch2": 0.10516554455708356, "di": 3.381746861453379, "dj": 0.5918389569615892, "dk": 0.0, "vw_i": -0.5059084898702907, "vw_j": -0.5152426773360156, "kt": 9.869428916865223, "train_sc_a": [0.826521941252835], "train_sc_v": [0.005417258143735632], "val_sc_a": 0, "val_sc_v": 0, "total_sc_a": 0, "total_sc_v": 0}