{"c1": 0.029131154648750567, "c2": 0.24610443100118518, "ch1": -0.023048229398699657, "ch2": 0.09485325886283381, "di": 2.8066506548658037, "dj": 2.5032935866210217, "dk": 0.9391786333425026, "vw_i": -2.041438659078661, "vw_j": -0.2975691752465681, "kt": 6.283218406201237, "train_sc_a": [1.157523517671704], "train_sc_v": [0.005812411783190359], "val_sc_a": 0, "val_sc_v": 0, "total_sc_a": 0, "total_sc_v": 0}