{"c1": 0.023035625968022527, "c2": 0.16885437983886042, "ch1": 0.006268796255879774, "ch2": 0.09397922374152225, "di": 1.9411410334394301, "dj": 0.7184151160355959, "dk": 0.09996409667717894, "vw_i": -0.5060686350200283, "vw_j": 0.006566352273286117, "kt": 10.877343260010932, "train_sc_a": [0.30443690505813265], "train_sc_v": [0.0029609245653994904], "val_sc_a": 0, "val_sc_v": 0, "total_sc_a": 0, "total_sc_v": 0}