{"c1": 0.027308357742259443, "c2": 0.21562805646530936, "ch1": -0.021788669111535566, "ch2": 0.09152644976542838, "di": 3.6338516349579546, "dj": 3.6972435366859404, "dk": 3.7310982535665858, "vw_i": -1.0567998018042193, "vw_j": -0.557441425462284, "kt": 13.51481179697609, "train_sc_a": [0.9649829689967235], "train_sc_v": [0.011697429537986996], "val_sc_a": 0, "val_sc_v": 0, "total_sc_a": 0, "total_sc_v": 0}