{"c1": 0.05094956872415476, "c2": 0.5322209526514465, "ch1": -0.00453788519071339, "ch2": 0.10565301780930876, "di": 5.52973538300055, "dj": 0.5341634951577121, "dk": 0.0, "vw_i": 1.5253443795210582, "vw_j": 1.1262985921900917, "kt": 10.544773611991346, "train_sc_a": [4.1244974451720795], "train_sc_v": [0.017716180981349722], "val_sc_a": 0, "val_sc_v": 0, "total_sc_a": 0, "total_sc_v": 0}