{"c1": 0.03348448865738864, "c2": 0.32406221085763437, "ch1": -0.010559735447752237, "ch2": 0.09621475016229482, "di": 4.523114055007711, "dj": 2.7000822840911334, "dk": 0.0, "vw_i": -0.6350168646049376, "vw_j": 0.2629693339751255, "kt": 9.655111445844048, "train_sc_a": [0.564424911305322], "train_sc_v": [0.0042452372290407835], "val_sc_a": 0, "val_sc_v": 0, "total_sc_a": 0, "total_sc_v": 0}