{"c1": 0.02659261137044383, "c2": 0.22026546449523063, "ch1": -0.018855757056630687, "ch2": 0.09154109643394741, "di": 3.41884102434271, "dj": 5.110488617994066, "dk": 0.0, "vw_i": 0.2740282867468096, "vw_j": 0.08160388601928024, "kt": 13.016567701991441, "train_sc_a": [0.4421424215751744], "train_sc_v": [0.003734985578249872], "val_sc_a": 0, "val_sc_v": 0, "total_sc_a": 0, "total_sc_v": 0}