{"c1": 0.019996515467359314, "c2": 0.11363293305250498, "ch1": -0.00022099553597917238, "ch2": 0.09243111734162522, "di": 1.741465042216481, "dj": 1.989750668226329, "dk": 0.004681667998461872, "vw_i": -1.8049771068961338, "vw_j": -1.0792099672115498, "kt": 8.981502402936874, "train_sc_a": [0.42349713668605515], "train_sc_v": [0.005756569482699267], "val_sc_a": 0, "val_sc_v": 0, "total_sc_a": 0, "total_sc_v": 0}