{"c1": 0.034163906624473744, "c2": 0.31069770034379784, "ch1": -0.0017750629801801276, "ch2": 0.09693520741036586, "di": 2.4048385944876896, "dj": 4.185604351280444, "dk": 0.0, "vw_i": -0.22394995541934098, "vw_j": -0.2016140535221275, "kt": 8.856197074217999, "train_sc_a": [0.6346839347163187], "train_sc_v": [0.01272293814756602], "val_sc_a": 0, "val_sc_v": 0, "total_sc_a": 0, "total_sc_v": 0}