{"c1": 0.0189941080670117, "c2": 0.10566934476731149, "ch1": 0.006133706276576627, "ch2": 0.09339742234669555, "di": 0.9877601129593263, "dj": 0.9587229487278524, "dk": 1.1505237995737003, "vw_i": -1.7545055062153645, "vw_j": -0.21680362094439926, "kt": 4.962579810523519, "train_sc_a": [0.26929480708537623], "train_sc_v": [0.0007867082699829716], "val_sc_a": 0, "val_sc_v": 0, "total_sc_a": 0, "total_sc_v": 0}