{"c1": 0.020024442576475187, "c2": 0.2497866699954966, "ch1": -0.09046130292472557, "ch2": 0.086673757613131, "di": 1.9537732010086746, "dj": 0.9594635820988847, "dk": 0.8624407420530545, "vw_i": -0.1935793823998812, "vw_j": 1.0253603252387236, "kt": 10.899788588774253, "train_sc_a": [4.5057173034015205], "train_sc_v": [0.01833074991005307], "val_sc_a": 0, "val_sc_v": 0, "total_sc_a": 0, "total_sc_v": 0}