{"c1": 0.02193955520771008, "c2": 0.13344822735760906, "ch1": -0.006764031173006832, "ch2": 0.09315062820924634, "di": 1.4750219983888309, "dj": 1.9754758944575908, "dk": 0.044939087839084596, "vw_i": -1.0010161283932777, "vw_j": -0.14836664243584485, "kt": 11.057293190564756, "train_sc_a": [0.7442790504429365], "train_sc_v": [0.007993496192347146], "val_sc_a": 0, "val_sc_v": 0, "total_sc_a": 0, "total_sc_v": 0}