{"c1": 0.03123949582835123, "c2": 0.2767226483778733, "ch1": 0.0031043177459559052, "ch2": 0.0982502133781276, "di": 0.41467872635638947, "dj": 1.8811952787346633, "dk": 0.49158688009972445, "vw_i": 0.06635605911209884, "vw_j": 0.04083734716665184, "kt": 6.658590446342681, "train_sc_a": [0.6302736566362243], "train_sc_v": [0.008107941651503693], "val_sc_a": 0, "val_sc_v": 0, "total_sc_a": 0, "total_sc_v": 0}