{"c1": 0.05129553389865349, "c2": 0.5387877068817392, "ch1": -0.006455320221927893, "ch2": 0.10680666654567286, "di": 4.456810704085006, "dj": 2.614461811188409, "dk": 0.0, "vw_i": -0.4811213292758233, "vw_j": -0.20999396885059401, "kt": 8.959339518471312, "train_sc_a": [0.6777431268394589], "train_sc_v": [0.010390254616460233], "val_sc_a": 0, "val_sc_v": 0, "total_sc_a": 0, "total_sc_v": 0}