{"c1": 0.04415245545799842, "c2": 0.4680055317821434, "ch1": 0.1366716469707431, "ch2": 0.1145543092748479, "di": 6.327605730964149, "dj": 18.913491505367542, "dk": 0.0, "vw_i": -0.28770502632773726, "vw_j": 0.006625519343463988, "kt": 13.506054749311883, "train_sc_a": [0.6449001179155565], "train_sc_v": [0.0028713984763023195], "val_sc_a": 0, "val_sc_v": 0, "total_sc_a": 0, "total_sc_v": 0}