{"c1": 0.021351170300277444, "c2": 0.13873534575423083, "ch1": 0.023787727623838132, "ch2": 0.0955338513161893, "di": 1.3197102099721412, "dj": 2.381497023565379, "dk": 0.6070178435993062, "vw_i": -1.1524967374485504, "vw_j": -0.5819356816628452, "kt": 10.01112718558206, "train_sc_a": [0.4897896598104831], "train_sc_v": [0.004769048081486038], "val_sc_a": 0, "val_sc_v": 0, "total_sc_a": 0, "total_sc_v": 0}