{"c1": 0.04002885748185599, "c2": 0.23941381693122815, "ch1": -0.07948938954404773, "ch2": 0.0922938387733977, "di": 5.453663680179779, "dj": 3.2376216272391165, "dk": 3.3569266165901226, "vw_i": 0.5996392428187113, "vw_j": 1.2551392297349027, "kt": 9.567388124908472, "train_sc_a": [6.599384895968732], "train_sc_v": [0.03006381618408053], "val_sc_a": 0, "val_sc_v": 0, "total_sc_a": 0, "total_sc_v": 0}