{"c1": 0.01899224739194261, "c2": 0.10568405311629431, "ch1": 0.006244928135904539, "ch2": 0.09340540554901516, "di": 0.9872455633790294, "dj": 0.9616216881978983, "dk": 1.156097951809132, "vw_i": -1.755432597782078, "vw_j": -0.2173870501713064, "kt": 4.97232633698507, "train_sc_a": [0.2692802239380756], "train_sc_v": [0.0007920591226809461], "val_sc_a": 0, "val_sc_v": 0, "total_sc_a": 0, "total_sc_v": 0}