{"c1": 0.052147724154359185, "c2": 0.5321979729361989, "ch1": -0.019511647616835354, "ch2": 0.1058075941147246, "di": 2.7311559409019046, "dj": 4.963965531971335, "dk": 1.3080510525780495, "vw_i": -0.6657445135397021, "vw_j": -0.015453368378564612, "kt": 8.892685165396415, "train_sc_a": [0.7542888165017925], "train_sc_v": [0.010108834298087963], "val_sc_a": 0, "val_sc_v": 0, "total_sc_a": 0, "total_sc_v": 0}