{"c1": 0.02753684335008523, "c2": 0.2221325490457493, "ch1": 0.01355492586594349, "ch2": 0.09472272522502395, "di": 0.7968289315497421, "dj": 0.0984424307355337, "dk": 0.0, "vw_i": -1.4077971392563637, "vw_j": -0.4951958923486399, "kt": 12.40212060738003, "train_sc_a": 0.0, "train_sc_v": 0.0, "val_sc_a": [0.6790978125987046], "val_sc_v": [4.461842617482308e-05], "total_sc_a": [0.8935617527632622], "total_sc_v": [0.007498385868943286]}