{"c1": 0.03971815544098182, "c2": 0.3762131699203827, "ch1": 0.001941216409832391, "ch2": 0.09743515369262708, "di": 2.2045812320422487, "dj": 0.0, "dk": 0.0, "vw_i": 1.2783367232446223, "vw_j": -0.15633404106275856, "kt": 12.693535690714894, "train_sc_a": [0.8295705706423433], "train_sc_v": [0.004574248402702013], "val_sc_a": 0, "val_sc_v": 0, "total_sc_a": 0, "total_sc_v": 0}