{"c1": 0.0417766440786003, "c2": 0.4422035778961547, "ch1": -0.03617275603078513, "ch2": 0.0954625330976783, "di": 3.141255699480582, "dj": 3.1261852124598684, "dk": 0.0, "vw_i": 0.8919728344846017, "vw_j": 0.49020688805705154, "kt": 11.548469513879127, "train_sc_a": [1.2201493906440666], "train_sc_v": [0.010447920992793718], "val_sc_a": 0, "val_sc_v": 0, "total_sc_a": 0, "total_sc_v": 0}