{"c1": 0.028359560228119408, "c2": 0.2306559633234945, "ch1": 0.003560954199858163, "ch2": 0.09451823980526777, "di": 4.321032565702667, "dj": 1.7263680003425979, "dk": 0.0, "vw_i": -1.3850150163186437, "vw_j": -1.036783794783036, "kt": 12.600928833476283, "train_sc_a": [0.4266199764318054], "train_sc_v": [0.005530815443433087], "val_sc_a": 0, "val_sc_v": 0, "total_sc_a": 0, "total_sc_v": 0}