{"c1": 0.05226437318595028, "c2": 0.5524219474187051, "ch1": -0.03516684930262903, "ch2": 0.10500256548500299, "di": 9.29753567202864, "dj": 5.126547539166814, "dk": 0.0, "vw_i": -0.1810321152335145, "vw_j": -0.12794165268093324, "kt": 8.52925273311, "train_sc_a": [1.4202907322090854], "train_sc_v": [0.007204390824897865], "val_sc_a": 0, "val_sc_v": 0, "total_sc_a": 0, "total_sc_v": 0}