{"c1": 0.04577236979208168, "c2": 0.4518427007488616, "ch1": 0.013514890157651066, "ch2": 0.10511134748972505, "di": 3.1050998646153998, "dj": 3.6113163687855434, "dk": 0.0, "vw_i": 0.5168882925551656, "vw_j": 0.25778806047137826, "kt": 10.344769873671336, "train_sc_a": [0.41584805297820765], "train_sc_v": [0.008738748072825268], "val_sc_a": 0, "val_sc_v": 0, "total_sc_a": 0, "total_sc_v": 0}