{"c1": 0.01899224639307198, "c2": 0.10568406273025324, "ch1": 0.006245112897145017, "ch2": 0.09340541878785744, "di": 0.9872443971231332, "dj": 0.9616249706005124, "dk": 1.1561091449387357, "vw_i": -1.7554335415268663, "vw_j": -0.21738782996251452, "kt": 4.972342908508637, "train_sc_a": [0.26928020365215505], "train_sc_v": [0.0007920654628745871], "val_sc_a": 0, "val_sc_v": 0, "total_sc_a": 0, "total_sc_v": 0}