{"c1": 0.04484478094935472, "c2": 0.4626226376063096, "ch1": -0.13663341134852322, "ch2": 0.09242501514268918, "di": 15.245665999311662, "dj": 23.35910964513398, "dk": 0.0, "vw_i": -1.0103711979117347, "vw_j": -0.348988494549432, "kt": 13.008264447125633, "train_sc_a": [1.1945521102099457], "train_sc_v": [0.00751820597704742], "val_sc_a": 0, "val_sc_v": 0, "total_sc_a": 0, "total_sc_v": 0}