{"c1": 0.04178605318869568, "c2": 0.4418382970504398, "ch1": -0.04179575504415325, "ch2": 0.09494262917790826, "di": 6.294181891927439, "dj": 5.885434615855667, "dk": 0.32113600558279015, "vw_i": -0.17668955400086558, "vw_j": 0.18791192133438794, "kt": 11.31538138877015, "train_sc_a": [0.6123203723120562], "train_sc_v": [0.007213125978539455], "val_sc_a": 0, "val_sc_v": 0, "total_sc_a": 0, "total_sc_v": 0}