{"c1": 0.04234532333351391, "c2": 0.4246321999618601, "ch1": -0.006664635356508131, "ch2": 0.09655961265206808, "di": 4.048727425241546, "dj": 0.6428397860379772, "dk": 0.10078371590431966, "vw_i": -0.6733375363155137, "vw_j": -0.4165346498484482, "kt": 11.43653344523845, "train_sc_a": [0.41665198075710813], "train_sc_v": [0.004846350585452293], "val_sc_a": 0, "val_sc_v": 0, "total_sc_a": 0, "total_sc_v": 0}