{"c1": 0.024173667009204203, "c2": 0.2594106936968688, "ch1": 0.36030328861121386, "ch2": 0.1179691391387229, "di": 2.9696249047089904, "dj": 23.725890718494615, "dk": 5.752322275482925, "vw_i": -2.1453096778265386, "vw_j": -0.02907454586331959, "kt": 13.411897980404019, "train_sc_a": [10.683656941749614], "train_sc_v": [0.044442658763173465], "val_sc_a": 0, "val_sc_v": 0, "total_sc_a": 0, "total_sc_v": 0}