{"c1": 0.02067264271043512, "c2": 0.11904940015013538, "ch1": 0.0012970482190712783, "ch2": 0.09432824743171433, "di": 2.24098488628182, "dj": 0.39948271822923204, "dk": 4.814090533100948, "vw_i": -0.39023303641191254, "vw_j": -0.17756462994585076, "kt": 8.729926064886952, "train_sc_a": [1.3009745889623419], "train_sc_v": [0.0160780028873264], "val_sc_a": 0, "val_sc_v": 0, "total_sc_a": 0, "total_sc_v": 0}