{"c1": 0.02269375110150188, "c2": 0.16434860205131102, "ch1": 0.02129393085274358, "ch2": 0.09505451751214979, "di": 0.8170658240406288, "dj": 1.0666648217252537, "dk": 0.21653125597907943, "vw_i": -0.3539397267818734, "vw_j": 0.006812279425024498, "kt": 10.8680830740929, "train_sc_a": [0.5229236456754409], "train_sc_v": [0.007275602195675647], "val_sc_a": 0, "val_sc_v": 0, "total_sc_a": 0, "total_sc_v": 0}