{"c1": 0.02780339468824798, "c2": 0.2092808959662983, "ch1": -0.020423997770426396, "ch2": 0.09161429541508366, "di": 0.32153954088218445, "dj": 1.9717528373039421, "dk": 0.0, "vw_i": -0.4292473598519108, "vw_j": -0.13445500929585114, "kt": 12.934683091944871, "train_sc_a": [2.3305382912353267], "train_sc_v": [0.016023920534804906], "val_sc_a": 0, "val_sc_v": 0, "total_sc_a": 0, "total_sc_v": 0}