{"c1": 0.05499662546057461, "c2": 0.5284242694292064, "ch1": 0.0031488934264137826, "ch2": 0.10810781054606884, "di": 8.089006616279985, "dj": 5.326323513374839, "dk": 0.9916300858951334, "vw_i": 1.7049372048038847, "vw_j": 1.6237482464976556, "kt": 8.872927779170336, "train_sc_a": [0.9603749829480629], "train_sc_v": [0.008743029885060793], "val_sc_a": 0, "val_sc_v": 0, "total_sc_a": 0, "total_sc_v": 0}