{"c1": 0.03334849146581726, "c2": 0.31676226580392425, "ch1": -0.0020776319341757887, "ch2": 0.09672038386029319, "di": 2.800480947670725, "dj": 2.8220207861972235, "dk": 0.0, "vw_i": -0.6938059052445675, "vw_j": -0.3769812949039819, "kt": 8.959699427798375, "train_sc_a": [0.4389125902503889], "train_sc_v": [0.0038788244654317135], "val_sc_a": 0, "val_sc_v": 0, "total_sc_a": 0, "total_sc_v": 0}