{"c1": 0.020817284955418, "c2": 0.13434891722913828, "ch1": -0.020251944710996825, "ch2": 0.09240123661092663, "di": 1.484605392797988, "dj": 1.4445195735007184, "dk": 4.763733314618805, "vw_i": -0.20964206849580863, "vw_j": 0.036501458098250186, "kt": 8.937198245832464, "train_sc_a": [4.816287768064713], "train_sc_v": [0.022453085807755218], "val_sc_a": 0, "val_sc_v": 0, "total_sc_a": 0, "total_sc_v": 0}