{"c1": 0.05229028245341267, "c2": 0.5291458392606276, "ch1": 0.0095789823805035, "ch2": 0.10811642521539351, "di": 3.5721489736869283, "dj": 3.1948328764922094, "dk": 0.0513799522177406, "vw_i": -1.140757713392247, "vw_j": -0.23627079709679047, "kt": 9.48382344328533, "train_sc_a": [0.5378224135748849], "train_sc_v": [0.007475572583666008], "val_sc_a": 0, "val_sc_v": 0, "total_sc_a": 0, "total_sc_v": 0}