{"c1": 0.04623691808911146, "c2": 0.4754523832201308, "ch1": -0.02522779634145832, "ch2": 0.10148197715612059, "di": 12.92475216884307, "dj": 15.090948770332254, "dk": 0.009006048439480649, "vw_i": -0.893502031424003, "vw_j": -0.6504541847450213, "kt": 12.272669265100994, "train_sc_a": [0.35739969921730014], "train_sc_v": [0.0019317609931888355], "val_sc_a": 0, "val_sc_v": 0, "total_sc_a": 0, "total_sc_v": 0}