{"c1": 0.053070122108640976, "c2": 0.595296311577166, "ch1": 0.004749361424114919, "ch2": 0.1089196153831571, "di": 6.663221235751027, "dj": 6.357572945619122, "dk": 0.0, "vw_i": 0.7722093527404208, "vw_j": -0.13655611464799686, "kt": 7.8375464439117675, "train_sc_a": [0.48832422794138375], "train_sc_v": [0.007776096814241123], "val_sc_a": 0, "val_sc_v": 0, "total_sc_a": 0, "total_sc_v": 0}