{"c1": 0.044841907400717265, "c2": 0.4626436683106192, "ch1": -0.12137342173134694, "ch2": 0.09354727831943681, "di": 15.442145828744785, "dj": 23.180462580878448, "dk": 0.0, "vw_i": -0.9727507446671008, "vw_j": -0.38243063231389535, "kt": 13.007817419754323, "train_sc_a": [1.034445324897045], "train_sc_v": [0.007244041454237399], "val_sc_a": 0, "val_sc_v": 0, "total_sc_a": 0, "total_sc_v": 0}