{"c1": 0.024881170290663678, "c2": 0.20466261020833382, "ch1": -0.5160888219006189, "ch2": 0.05668265643304981, "di": 5.004610573907593, "dj": 6.445068194766453, "dk": 2.489160659596589, "vw_i": -0.9798047337063858, "vw_j": -0.5598919146705444, "kt": 12.303948482436498, "train_sc_a": [34.69247352664516], "train_sc_v": [0.13571338943616212], "val_sc_a": 0, "val_sc_v": 0, "total_sc_a": 0, "total_sc_v": 0}