{"c1": 0.028333711546766574, "c2": 0.22489524206840975, "ch1": 0.011822072144529827, "ch2": 0.0945931764368049, "di": 0.893397523147107, "dj": 2.2001268053095866, "dk": 0.0, "vw_i": -1.7109738122710376, "vw_j": -0.7856547709768774, "kt": 13.014592370807263, "train_sc_a": [1.2353464737156805], "train_sc_v": [0.011593014205635169], "val_sc_a": 0, "val_sc_v": 0, "total_sc_a": 0, "total_sc_v": 0}