{"c1": 0.04417682627283476, "c2": 0.46454793552310103, "ch1": -0.078766393696592, "ch2": 0.09767182257639685, "di": 2.34987810480984, "dj": 4.545522757541564, "dk": 0.0, "vw_i": 0.6568694891295819, "vw_j": 0.7045261175746215, "kt": 10.719141777920651, "train_sc_a": [3.7540086686424723], "train_sc_v": [0.01417143360601088], "val_sc_a": 0, "val_sc_v": 0, "total_sc_a": 0, "total_sc_v": 0}