{"c1": 0.0386458428734978, "c2": 0.39118944040932113, "ch1": -0.008215471509436058, "ch2": 0.09677422068526285, "di": 4.109819183868655, "dj": 4.935414177751375, "dk": 0.0, "vw_i": -0.25982692121613865, "vw_j": -0.07291743797619218, "kt": 12.282160164386678, "train_sc_a": [0.5558505096967776], "train_sc_v": [0.00975191067368726], "val_sc_a": 0, "val_sc_v": 0, "total_sc_a": 0, "total_sc_v": 0}