{"c1": 0.05182136688662376, "c2": 0.5559976700661612, "ch1": -0.029531093254266248, "ch2": 0.1055990557356015, "di": 7.689023515767674, "dj": 4.164397994583915, "dk": 0.002113544135773671, "vw_i": -0.3914077337216141, "vw_j": -0.46627989125252345, "kt": 10.439445676100355, "train_sc_a": [0.47541325159579295], "train_sc_v": [0.008033679026863695], "val_sc_a": 0, "val_sc_v": 0, "total_sc_a": 0, "total_sc_v": 0}