{"c1": 0.023348213166540212, "c2": 0.18561274502402578, "ch1": -0.013504934552185667, "ch2": 0.09230306597344899, "di": 3.6042288534783853, "dj": 3.1162174531681077, "dk": 1.392693887028135, "vw_i": -2.097931778325738, "vw_j": -0.897525789213457, "kt": 13.750900059225089, "train_sc_a": [0.3091473882890177], "train_sc_v": [0.00117627143294282], "val_sc_a": 0, "val_sc_v": 0, "total_sc_a": 0, "total_sc_v": 0}