{"c1": 0.039312268430231556, "c2": 0.3655111493276492, "ch1": 0.0028371125211600796, "ch2": 0.09732144322433853, "di": 2.0500134067829077, "dj": 0.7206680304190889, "dk": 0.0, "vw_i": -0.826208106753247, "vw_j": -0.3268967610105356, "kt": 7.846614296544669, "train_sc_a": [0.3350873293330085], "train_sc_v": [0.0029631325373644978], "val_sc_a": 0, "val_sc_v": 0, "total_sc_a": 0, "total_sc_v": 0}