{"c1": 0.05147808722966022, "c2": 0.5358242703095005, "ch1": -0.013323553760664136, "ch2": 0.10653869615039391, "di": 3.618541416146083, "dj": 3.368700509840471, "dk": 0.0, "vw_i": -1.5105393588077285, "vw_j": -0.2583293490866629, "kt": 9.846656056975329, "train_sc_a": [0.4601797003866185], "train_sc_v": [0.006049228433812123], "val_sc_a": 0, "val_sc_v": 0, "total_sc_a": 0, "total_sc_v": 0}