{"c1": 0.030512683533246574, "c2": 0.37372430263127293, "ch1": -0.11358383095862902, "ch2": 0.08838092962481568, "di": 1.1771736550351495, "dj": 1.4608116383247864, "dk": 9.328445924171765, "vw_i": -2.8580781680132885, "vw_j": -0.763852090419705, "kt": 9.0276890177516, "train_sc_a": [6.550644121896594], "train_sc_v": [0.02719110568366909], "val_sc_a": 0, "val_sc_v": 0, "total_sc_a": 0, "total_sc_v": 0}