{"c1": 0.05094353702371782, "c2": 0.5642183291558326, "ch1": -0.009484797238806159, "ch2": 0.10683254480743709, "di": 2.523431362692223, "dj": 4.782105904041901, "dk": 0.0, "vw_i": -1.8295068793847122, "vw_j": -0.6417410513024847, "kt": 7.659948056870437, "train_sc_a": [0.39518254596042135], "train_sc_v": [0.0030028074459501515], "val_sc_a": 0, "val_sc_v": 0, "total_sc_a": 0, "total_sc_v": 0}