{"c1": 0.049952410326545876, "c2": 0.5469873161834241, "ch1": 0.038987445301429405, "ch2": 0.11023064156049574, "di": 3.8186119993846233, "dj": 3.0531902661435333, "dk": 0.4293193770333725, "vw_i": 0.04165140875468125, "vw_j": -0.00599329552722841, "kt": 10.271000787359004, "train_sc_a": [0.3252765119764177], "train_sc_v": [0.0037721351656102007], "val_sc_a": 0, "val_sc_v": 0, "total_sc_a": 0, "total_sc_v": 0}