{"c1": 0.019831097637104573, "c2": 0.11495418251125765, "ch1": -0.014136714503706956, "ch2": 0.09135982232860466, "di": 1.731047413560817, "dj": 1.5280361672814209, "dk": 0.0, "vw_i": -1.805463402768968, "vw_j": -1.0637289581077483, "kt": 8.963576783340038, "train_sc_a": [0.7385601988074736], "train_sc_v": [0.008754930353741284], "val_sc_a": 0, "val_sc_v": 0, "total_sc_a": 0, "total_sc_v": 0}