{"c1": 0.05674369919153458, "c2": 0.5360177658955889, "ch1": -0.03980384955053447, "ch2": 0.10453042693127726, "di": 4.351571709270467, "dj": 4.323127588581676, "dk": 0.0, "vw_i": 0.42579900111386987, "vw_j": 0.024348701776031156, "kt": 7.559526766053253, "train_sc_a": [0.34485734396842993], "train_sc_v": [0.0014130984166364022], "val_sc_a": 0, "val_sc_v": 0, "total_sc_a": 0, "total_sc_v": 0}