{"c1": 0.04783957012939915, "c2": 0.46302718868648657, "ch1": -0.12547267139759613, "ch2": 0.09374129832804079, "di": 9.773916993564452, "dj": 7.961595768785133, "dk": 0.0, "vw_i": -0.699273572031338, "vw_j": -1.0792798867503488, "kt": 12.092213817877388, "train_sc_a": [1.5939947206084855], "train_sc_v": [0.008216926211371326], "val_sc_a": 0, "val_sc_v": 0, "total_sc_a": 0, "total_sc_v": 0}