{"c1": 0.019551144394392636, "c2": 0.1167997479972063, "ch1": 0.006671212367263351, "ch2": 0.09314863283233515, "di": 2.355993527415955, "dj": 0.6338200297017877, "dk": 0.5966919273434792, "vw_i": -1.5771949661556837, "vw_j": -0.6008217968705485, "kt": 8.976493705194963, "train_sc_a": [0.3449529177225908], "train_sc_v": [0.003530991465589524], "val_sc_a": 0, "val_sc_v": 0, "total_sc_a": 0, "total_sc_v": 0}