{"c1": 0.018992246393069304, "c2": 0.10568406273028952, "ch1": 0.006245112898406698, "ch2": 0.0934054187879478, "di": 0.9872443971145518, "dj": 0.9616249706198889, "dk": 1.156109145019002, "vw_i": -1.755433541532129, "vw_j": -0.21738782996746414, "kt": 4.9723429086225535, "train_sc_a": [0.2692802036519975], "train_sc_v": [0.0007920654629127449], "val_sc_a": 0, "val_sc_v": 0, "total_sc_a": 0, "total_sc_v": 0}