{"c1": 0.023455466388704386, "c2": 0.27636958389266664, "ch1": 0.012313352715348079, "ch2": 0.09464961819618155, "di": 5.140394136296493, "dj": 7.2503430402187234, "dk": 3.4139668210037146, "vw_i": 1.1542064926293414, "vw_j": 0.07929838933305997, "kt": 11.9415514620721, "train_sc_a": [4.0343830579855195], "train_sc_v": [0.014070223754142479], "val_sc_a": 0, "val_sc_v": 0, "total_sc_a": 0, "total_sc_v": 0}