{"c1": 0.05598096997396605, "c2": 0.5012196818744996, "ch1": -0.31067586812538817, "ch2": 0.08445448526396865, "di": 3.853908640197269, "dj": 0.0018553598979504137, "dk": 0.42187389366553457, "vw_i": -2.189029666801883, "vw_j": -0.4631169531927707, "kt": 11.123332106371235, "train_sc_a": [3.9451382439236755], "train_sc_v": [0.01522376358141255], "val_sc_a": 0, "val_sc_v": 0, "total_sc_a": 0, "total_sc_v": 0}