{"c1": 0.01947489764472029, "c2": 0.1310206663317334, "ch1": -0.022127685922649763, "ch2": 0.09166086510776456, "di": 2.080967091712848, "dj": 0.7119394126742178, "dk": 0.0, "vw_i": -1.2147346295044577, "vw_j": -0.6148644807259347, "kt": 8.930083409808667, "train_sc_a": [0.6763258693416282], "train_sc_v": [0.008924478335725178], "val_sc_a": 0, "val_sc_v": 0, "total_sc_a": 0, "total_sc_v": 0}