{"c1": 0.024646110115699598, "c2": 0.17462828746476197, "ch1": -0.006600252748829868, "ch2": 0.09260940419994494, "di": 3.7733585712128566, "dj": 1.635058750503033, "dk": 2.359633068739194, "vw_i": -2.221280275602829, "vw_j": -0.8943714040045337, "kt": 13.891334495334876, "train_sc_a": [1.0253822308465916], "train_sc_v": [0.007835440876462143], "val_sc_a": 0, "val_sc_v": 0, "total_sc_a": 0, "total_sc_v": 0}