{"c1": 0.04250114195402326, "c2": 0.4234195164368977, "ch1": -0.04597501691868131, "ch2": 0.09338746659634033, "di": 2.626689330238039, "dj": 2.3203687691168775, "dk": 0.0, "vw_i": -0.9602197449868413, "vw_j": -0.15294195130097188, "kt": 11.44220339791789, "train_sc_a": [3.524464975632472], "train_sc_v": [0.01792797312773362], "val_sc_a": 0, "val_sc_v": 0, "total_sc_a": 0, "total_sc_v": 0}