{"c1": 0.0469460489701723, "c2": 0.6410926582878325, "ch1": 0.135510371764402, "ch2": 0.11877576593542094, "di": 8.123731754794504, "dj": 7.835565799926755, "dk": 2.970716226460744, "vw_i": -1.9029279286489118, "vw_j": 1.842921800378757, "kt": 13.43280408269229, "train_sc_a": [7.530143160771447], "train_sc_v": [0.030981009582991468], "val_sc_a": 0, "val_sc_v": 0, "total_sc_a": 0, "total_sc_v": 0}