{"c1": 0.024248487694861067, "c2": 0.1823224462918197, "ch1": -0.012660441795947842, "ch2": 0.09220159131777664, "di": 5.061726554314546, "dj": 2.326120995484811, "dk": 0.34970722662693743, "vw_i": -2.1577427767240254, "vw_j": -0.6960841894061544, "kt": 12.688537846085163, "train_sc_a": [0.5058636960323027], "train_sc_v": [0.00497445444917494], "val_sc_a": 0, "val_sc_v": 0, "total_sc_a": 0, "total_sc_v": 0}