{"c1": 0.04905393147396765, "c2": 0.4536441767445806, "ch1": 0.03191389334289256, "ch2": 0.10662499194811066, "di": 10.971679851586389, "dj": 0.0, "dk": 0.0, "vw_i": -0.07306972061144001, "vw_j": -2.0655481202276533, "kt": 11.848456730150932, "train_sc_a": [2.5582956814973445], "train_sc_v": [0.015603871636482107], "val_sc_a": 0, "val_sc_v": 0, "total_sc_a": 0, "total_sc_v": 0}