{"c1": 0.027536981469509402, "c2": 0.22212470811565393, "ch1": 0.01355678109401231, "ch2": 0.09472186207655592, "di": 0.7986616659331872, "dj": 0.10050810303975072, "dk": 0.0, "vw_i": -1.4077273533174972, "vw_j": -0.49234549353532575, "kt": 12.388846174991835, "train_sc_a": [0.4495517289426497], "train_sc_v": [0.0037001823480514516], "val_sc_a": 0, "val_sc_v": 0, "total_sc_a": 0, "total_sc_v": 0}