{"c1": 0.030460347887142605, "c2": 0.25200372206522265, "ch1": -0.04217617431488633, "ch2": 0.09307273929404548, "di": 4.141755020425926, "dj": 3.9492006110443443, "dk": 0.43435796115600916, "vw_i": -2.1469098989093913, "vw_j": -0.7230949573598683, "kt": 6.798997808804982, "train_sc_a": [0.5025905781988816], "train_sc_v": [0.006622447124317679], "val_sc_a": 0, "val_sc_v": 0, "total_sc_a": 0, "total_sc_v": 0}