{"c1": 0.020472263819799993, "c2": 0.11973074024400553, "ch1": -0.005199892712722438, "ch2": 0.09312937783067156, "di": 2.4676313612749152, "dj": 1.9819119394928932, "dk": 0.06237310464490547, "vw_i": -1.0701313317637178, "vw_j": -0.56903348752866, "kt": 9.139029925610503, "train_sc_a": [0.41461511587012007], "train_sc_v": [0.0038597724269915077], "val_sc_a": 0, "val_sc_v": 0, "total_sc_a": 0, "total_sc_v": 0}