{"c1": 0.04705264937451768, "c2": 0.4965280958538893, "ch1": -0.025585573069462138, "ch2": 0.10226872561794859, "di": 6.372418109575658, "dj": 5.872661208247939, "dk": 0.26764268483721193, "vw_i": -1.2666285717533612, "vw_j": -0.9274788896729856, "kt": 10.034932444577555, "train_sc_a": [0.3703178656074284], "train_sc_v": [0.005002088377444647], "val_sc_a": 0, "val_sc_v": 0, "total_sc_a": 0, "total_sc_v": 0}