{"c1": 0.024247069651073865, "c2": 0.17811126862923932, "ch1": -0.00934081265590883, "ch2": 0.09243511145866315, "di": 3.7260606826994094, "dj": 2.065426464731389, "dk": 0.0, "vw_i": -2.320386705466219, "vw_j": -0.8552494145353379, "kt": 12.424794733814549, "train_sc_a": [0.23637763859700398], "train_sc_v": [0.000827507626585035], "val_sc_a": 0, "val_sc_v": 0, "total_sc_a": 0, "total_sc_v": 0}