{"c1": 0.05383248847358425, "c2": 0.5948491867656647, "ch1": -0.028953616215042093, "ch2": 0.10744106976475647, "di": 4.179342640184875, "dj": 6.115772641789604, "dk": 0.9845831265301688, "vw_i": -0.32767156475699283, "vw_j": -0.014320570271712223, "kt": 8.980892201936168, "train_sc_a": [0.5730592739257755], "train_sc_v": [0.0024309646074753568], "val_sc_a": 0, "val_sc_v": 0, "total_sc_a": 0, "total_sc_v": 0}