{"c1": 0.03262261593699453, "c2": 0.29277387454378584, "ch1": -0.02253243157497084, "ch2": 0.09620495557054816, "di": 5.217306789688967, "dj": 4.1473527543294715, "dk": 0.02390134457912244, "vw_i": -0.8376292631734044, "vw_j": 0.25010122275173474, "kt": 7.703020993614282, "train_sc_a": [0.4607882276165955], "train_sc_v": [0.007959328406649794], "val_sc_a": 0, "val_sc_v": 0, "total_sc_a": 0, "total_sc_v": 0}