{"c1": 0.020971922704037298, "c2": 0.1327910950507013, "ch1": -0.01204685120169696, "ch2": 0.09299685868416718, "di": 1.4973260486757631, "dj": 2.387513065192893, "dk": 0.5726623242595172, "vw_i": -0.056044871198571294, "vw_j": 0.0924253402945783, "kt": 8.942059204910972, "train_sc_a": [0.4902331380687303], "train_sc_v": [0.010872408378379637], "val_sc_a": 0, "val_sc_v": 0, "total_sc_a": 0, "total_sc_v": 0}