{"c1": 0.020877354281469307, "c2": 0.2538795319003891, "ch1": -0.275488657996506, "ch2": 0.07247288138718283, "di": 6.715924800398461, "dj": 1.7783856221221133, "dk": 5.75187971859599, "vw_i": -1.8422032689038064, "vw_j": 0.053548624506683795, "kt": 13.106657675452398, "train_sc_a": [7.712968477684058], "train_sc_v": [0.031085831101658214], "val_sc_a": 0, "val_sc_v": 0, "total_sc_a": 0, "total_sc_v": 0}