{"c1": 0.036645554285073226, "c2": 0.3597395114567301, "ch1": 0.0003624161779903835, "ch2": 0.09707005739247275, "di": 2.021729782038614, "dj": 0.6326927536187749, "dk": 0.0, "vw_i": -1.3887730220629853, "vw_j": -0.013079099352440018, "kt": 8.98760499896232, "train_sc_a": [0.34438100805784744], "train_sc_v": [0.005287265478537628], "val_sc_a": 0, "val_sc_v": 0, "total_sc_a": 0, "total_sc_v": 0}