{"c1": 0.03894724894112621, "c2": 0.38261530038119757, "ch1": 0.0015542447110631391, "ch2": 0.0974131315463628, "di": 0.7176366176742669, "dj": 1.4475531861976911, "dk": 0.0, "vw_i": 0.2971873732876457, "vw_j": -0.21921824049294134, "kt": 12.557676765487443, "train_sc_a": [0.7155157577408499], "train_sc_v": [0.003259546548162511], "val_sc_a": 0, "val_sc_v": 0, "total_sc_a": 0, "total_sc_v": 0}