{"c1": 0.01949466059184084, "c2": 0.11329651814706454, "ch1": 0.00502756850809792, "ch2": 0.09295925735339046, "di": 1.6448243762573262, "dj": 1.7128123405448412, "dk": 2.405662260126956, "vw_i": -1.7407810602531781, "vw_j": -0.47354198487362914, "kt": 8.966750327660703, "train_sc_a": [0.9210171691348014], "train_sc_v": [0.0071706802018579605], "val_sc_a": 0, "val_sc_v": 0, "total_sc_a": 0, "total_sc_v": 0}