{"c1": 0.038580554701687454, "c2": 0.3734567194272331, "ch1": 0.020181023541946425, "ch2": 0.0986070950310108, "di": 1.9743444144064068, "dj": 1.2658179700996968, "dk": 0.0, "vw_i": -1.1192790950708738, "vw_j": -0.3643585016431321, "kt": 8.071965387748351, "train_sc_a": [0.5356312301845694], "train_sc_v": [0.0032255077513097885], "val_sc_a": 0, "val_sc_v": 0, "total_sc_a": 0, "total_sc_v": 0}