{"c1": 0.05298739063247384, "c2": 0.6009493477481632, "ch1": -0.018303739146819282, "ch2": 0.10825195928881527, "di": 3.6692423747412133, "dj": 6.122128052374163, "dk": 0.5308514723421334, "vw_i": -0.37642065827432847, "vw_j": 0.10363571211158848, "kt": 8.925659303075728, "train_sc_a": [0.29922880083716785], "train_sc_v": [0.002597286490919028], "val_sc_a": 0, "val_sc_v": 0, "total_sc_a": 0, "total_sc_v": 0}