{"c1": 0.050377496627171066, "c2": 0.4717146798089051, "ch1": -0.01246967687154769, "ch2": 0.10398352254486784, "di": 1.5236531765878063, "dj": 1.9956786493231946, "dk": 0.0, "vw_i": -1.3145967974204364, "vw_j": -0.052517029931584865, "kt": 10.116100341724023, "train_sc_a": [0.788055005389128], "train_sc_v": [0.0011172144747340603], "val_sc_a": 0, "val_sc_v": 0, "total_sc_a": 0, "total_sc_v": 0}