{"c1": 0.044487267378681646, "c2": 0.4652352776884676, "ch1": -0.0876056636621399, "ch2": 0.09605684646191145, "di": 19.918616317718147, "dj": 19.20445572925436, "dk": 0.0, "vw_i": -0.6466999010932024, "vw_j": -0.2727604854655187, "kt": 12.973948339694177, "train_sc_a": [0.42083879709042443], "train_sc_v": [0.005071200779984258], "val_sc_a": 0, "val_sc_v": 0, "total_sc_a": 0, "total_sc_v": 0}