{"c1": 0.019878493187388564, "c2": 0.10618858587716758, "ch1": 0.007116634367923574, "ch2": 0.09349549145658867, "di": 1.66411659485022, "dj": 1.7309523718656912, "dk": 2.428670184715158, "vw_i": -1.8635319261968468, "vw_j": -0.7244835293502905, "kt": 8.814647588699616, "train_sc_a": [0.37454378376554975], "train_sc_v": [0.002049597741057523], "val_sc_a": 0, "val_sc_v": 0, "total_sc_a": 0, "total_sc_v": 0}