{"c1": 0.04518084352186539, "c2": 0.5031689277184275, "ch1": -0.022411795517310776, "ch2": 0.10304478711453137, "di": 1.8919428259416207, "dj": 2.9110585748167472, "dk": 3.04141595169754, "vw_i": -2.948564900837785, "vw_j": -2.662226271318186e-05, "kt": 9.658705020716551, "train_sc_a": [4.166917961830321], "train_sc_v": [0.01574019504891181], "val_sc_a": 0, "val_sc_v": 0, "total_sc_a": 0, "total_sc_v": 0}