{"c1": 0.043901868499802335, "c2": 0.42697442479022363, "ch1": 0.028492070333158672, "ch2": 0.10048211214367614, "di": 0.977180005190578, "dj": 2.210537314391158, "dk": 0.0, "vw_i": -0.6492988236746715, "vw_j": -0.5044325958654243, "kt": 11.828468455750096, "train_sc_a": [0.6044589349778663], "train_sc_v": [0.008046552726826193], "val_sc_a": 0, "val_sc_v": 0, "total_sc_a": 0, "total_sc_v": 0}