{"c1": 0.06033593270528343, "c2": 0.5414542985130668, "ch1": 0.2616033620227391, "ch2": 0.1284711669089901, "di": 8.815036974660572, "dj": 0.5529661933207615, "dk": 1.8145452063830152, "vw_i": -1.143327439412986, "vw_j": 1.0758901929762352, "kt": 5.5844381712851, "train_sc_a": [8.527727140798813], "train_sc_v": [0.03563755724361941], "val_sc_a": 0, "val_sc_v": 0, "total_sc_a": 0, "total_sc_v": 0}