{"c1": 0.052178121052683796, "c2": 0.5557817088157793, "ch1": -0.009145271399571797, "ch2": 0.10701705032352217, "di": 1.561112669424375, "dj": 7.770138288400158, "dk": 0.2179916459082725, "vw_i": -1.6160905333320237, "vw_j": -0.4838632843086732, "kt": 10.536024677013197, "train_sc_a": [0.24747085588471301], "train_sc_v": [0.0015414499996707993], "val_sc_a": 0, "val_sc_v": 0, "total_sc_a": 0, "total_sc_v": 0}