{"c1": 0.05337306007439256, "c2": 0.45128166845803097, "ch1": -0.14698122639309077, "ch2": 0.094476797967427, "di": 6.2792513165999875, "dj": 1.652264613792899, "dk": 0.0, "vw_i": 1.3143361663664035, "vw_j": -1.2473845370157153, "kt": 9.84070970109349, "train_sc_a": [4.132216266077274], "train_sc_v": [0.017581388938945723], "val_sc_a": 0, "val_sc_v": 0, "total_sc_a": 0, "total_sc_v": 0}