{"c1": 0.032946557756755666, "c2": 0.30474853936820956, "ch1": -0.005135565964666945, "ch2": 0.09645394640027623, "di": 2.231949188443904, "dj": 2.617419216853173, "dk": 1.9329176344811516, "vw_i": -1.9624613431586477, "vw_j": -0.5476137883291953, "kt": 8.955058171677738, "train_sc_a": [0.9226705338939262], "train_sc_v": [0.006286226960626119], "val_sc_a": 0, "val_sc_v": 0, "total_sc_a": 0, "total_sc_v": 0}