{"c1": 0.02753684335008523, "c2": 0.22213254904574928, "ch1": 0.013554925865943467, "ch2": 0.09472272522502395, "di": 0.7968289315497467, "dj": 0.09844243073553811, "dk": 0.0, "vw_i": -1.4077971392563635, "vw_j": -0.4951958923486328, "kt": 12.402120607379999, "train_sc_a": [0.44953109876622477], "train_sc_v": [0.003700549620425946], "val_sc_a": 0, "val_sc_v": 0, "total_sc_a": 0, "total_sc_v": 0}