{"c1": 0.033759307965786814, "c2": 0.31393689981723166, "ch1": -0.030716218849822268, "ch2": 0.09470316151250828, "di": 2.13261738811771, "dj": 2.981253821907729, "dk": 0.12096600700949989, "vw_i": -0.6397858514131337, "vw_j": -0.30735242539647034, "kt": 8.870129359002016, "train_sc_a": [0.3507128084379698], "train_sc_v": [0.0025406002507676775], "val_sc_a": 0, "val_sc_v": 0, "total_sc_a": 0, "total_sc_v": 0}