{"c1": 0.05533886871632234, "c2": 0.5790025299841135, "ch1": -0.06985832101728337, "ch2": 0.10418771685683233, "di": 2.776298601852297, "dj": 8.67040702934249, "dk": 0.8036214203835764, "vw_i": 1.6345825646200547, "vw_j": 0.31318003198081357, "kt": 9.488877593570368, "train_sc_a": [1.5613467820956368], "train_sc_v": [0.012239356190371323], "val_sc_a": 0, "val_sc_v": 0, "total_sc_a": 0, "total_sc_v": 0}