{"c1": 0.047413321161142025, "c2": 0.49378457913583446, "ch1": 0.0019629605187821116, "ch2": 0.10501085040635742, "di": 0.8863997898324849, "dj": 0.43575111016115625, "dk": 0.031179153325428862, "vw_i": -1.0353863279084223, "vw_j": -0.8220600851259512, "kt": 9.93263260863938, "train_sc_a": [0.5868813742652484], "train_sc_v": [0.0049909657544824635], "val_sc_a": 0, "val_sc_v": 0, "total_sc_a": 0, "total_sc_v": 0}