{"c1": 0.05296667571882359, "c2": 0.6010892998677786, "ch1": -0.04400657509660189, "ch2": 0.10649308088250102, "di": 3.6162313814830385, "dj": 6.07010907838929, "dk": 0.3028976479431986, "vw_i": -0.4146424863631524, "vw_j": -0.07815802322846732, "kt": 8.89742748925835, "train_sc_a": [0.3188012378112061], "train_sc_v": [0.003345462138434756], "val_sc_a": 0, "val_sc_v": 0, "total_sc_a": 0, "total_sc_v": 0}