{"c1": 0.02285874655841603, "c2": 0.17021732674958803, "ch1": 0.011403531156291594, "ch2": 0.09439239425261019, "di": 2.165203287493962, "dj": 0.4199434112169433, "dk": 0.0, "vw_i": -0.49251876919784326, "vw_j": 0.1327252612852917, "kt": 10.747395856222358, "train_sc_a": [0.6595454347351799], "train_sc_v": [0.0148234960424758], "val_sc_a": 0, "val_sc_v": 0, "total_sc_a": 0, "total_sc_v": 0}