{"c1": 0.022884589103783007, "c2": 0.17003541345829698, "ch1": 0.010034325549835695, "ch2": 0.09429593616861866, "di": 2.1649799829901735, "dj": 0.37476596822514546, "dk": 0.0, "vw_i": -0.5027523250281742, "vw_j": 0.1323452317781414, "kt": 10.73348730308054, "train_sc_a": [0.6661023587912661], "train_sc_v": [0.014717877357725317], "val_sc_a": 0, "val_sc_v": 0, "total_sc_a": 0, "total_sc_v": 0}