{"c1": 0.02424706954966774, "c2": 0.1781112694555491, "ch1": -0.009340813049167975, "ch2": 0.09243511142402921, "di": 3.7260604631893726, "dj": 2.0654266898133984, "dk": 0.0, "vw_i": -2.320386625052335, "vw_j": -0.8552495669830756, "kt": 12.424795915420411, "train_sc_a": [0.23637763954642083], "train_sc_v": [0.0008275077544168011], "val_sc_a": 0, "val_sc_v": 0, "total_sc_a": 0, "total_sc_v": 0}