{"c1": 0.02753684343039236, "c2": 0.22213254553988737, "ch1": 0.013554923826506889, "ch2": 0.09472272485317922, "di": 0.796829340562759, "dj": 0.09844283485978389, "dk": 0.0, "vw_i": -1.4077971019693394, "vw_j": -0.4951952431482156, "kt": 12.402117634058465, "train_sc_a": [0.4495311025594719], "train_sc_v": [0.003700549726280067], "val_sc_a": 0, "val_sc_v": 0, "total_sc_a": 0, "total_sc_v": 0}