{"c1": 0.03815778634415168, "c2": 0.39163476067480385, "ch1": 0.001995797444025229, "ch2": 0.09742250445559489, "di": 3.3931989997230754, "dj": 3.891347483538188, "dk": 0.0, "vw_i": -0.3757641457001943, "vw_j": -0.5800017350181186, "kt": 12.597801446723677, "train_sc_a": [0.3944454770472275], "train_sc_v": [0.0032956799840823396], "val_sc_a": 0, "val_sc_v": 0, "total_sc_a": 0, "total_sc_v": 0}