{"c1": 0.04391172131402045, "c2": 0.46697188694097386, "ch1": 0.0105837634538814, "ch2": 0.10508942542593565, "di": 1.5618382917907732, "dj": 3.174861503048297, "dk": 0.0, "vw_i": -0.4830002465291449, "vw_j": -0.20507557949970567, "kt": 11.351711009312417, "train_sc_a": [0.37334120492707135], "train_sc_v": [0.003346263470878027], "val_sc_a": 0, "val_sc_v": 0, "total_sc_a": 0, "total_sc_v": 0}