{"c1": 0.028949016316807512, "c2": 0.07633180668589164, "ch1": -0.009447438453446422, "ch2": 0.09279423342943799, "di": 1.299515267655177, "dj": 2.0043404655538506, "dk": 0.014837920853024544, "vw_i": -0.5332457741571874, "vw_j": 0.5259055645799364, "kt": 10.770575407297162, "train_sc_a": [7.858684840883182], "train_sc_v": [0.0273468052916658], "val_sc_a": 0, "val_sc_v": 0, "total_sc_a": 0, "total_sc_v": 0}