{"c1": 0.03132907867700272, "c2": 0.43542573701622306, "ch1": -0.09305793642068019, "ch2": 0.09045310457131797, "di": 1.6061453865396709, "dj": 1.0446392598513652, "dk": 0.0, "vw_i": 0.1673644776152608, "vw_j": -1.8505944465318565, "kt": 8.03159955138874, "train_sc_a": [3.699371051848174], "train_sc_v": [0.014996621202341052], "val_sc_a": 0, "val_sc_v": 0, "total_sc_a": 0, "total_sc_v": 0}