{"c1": 0.0440993219391551, "c2": 0.4642521625717641, "ch1": 0.0029779735640831566, "ch2": 0.10427624923908618, "di": 2.8167474309751555, "dj": 1.4361396203226982, "dk": 0.1757869373523453, "vw_i": -0.5342695214640232, "vw_j": 0.10912915561619581, "kt": 10.767359420609191, "train_sc_a": [0.3487926371023875], "train_sc_v": [0.00533066748448914], "val_sc_a": 0, "val_sc_v": 0, "total_sc_a": 0, "total_sc_v": 0}