{"c1": 0.023455849119105678, "c2": 0.16579050857769892, "ch1": 0.025179042114030534, "ch2": 0.09535561701455086, "di": 2.215656715255112, "dj": 0.08854768156422844, "dk": 0.0, "vw_i": -0.40585794553274346, "vw_j": -0.07496729139235837, "kt": 10.928641717836195, "train_sc_a": [0.4205499102948352], "train_sc_v": [0.005617664214852331], "val_sc_a": 0, "val_sc_v": 0, "total_sc_a": 0, "total_sc_v": 0}