{"c1": 0.051084306002694736, "c2": 0.5312837212770124, "ch1": -0.015293579290755229, "ch2": 0.10484572135880477, "di": 4.829161521563717, "dj": 1.0987196725681374, "dk": 0.0, "vw_i": 1.882179932026995, "vw_j": 0.9360576755085732, "kt": 10.559237920637592, "train_sc_a": [0.807196257835862], "train_sc_v": [0.010667868800101258], "val_sc_a": 0, "val_sc_v": 0, "total_sc_a": 0, "total_sc_v": 0}