{"c1": 0.05334620386032878, "c2": 0.5634371154013903, "ch1": -0.024114831372862813, "ch2": 0.10594661901025873, "di": 6.8851491519254475, "dj": 2.85788810512383, "dk": 0.0, "vw_i": -1.0304695482995188, "vw_j": 0.05086783502325756, "kt": 7.6047854833501365, "train_sc_a": [0.4195556786729045], "train_sc_v": [0.005419957363160338], "val_sc_a": 0, "val_sc_v": 0, "total_sc_a": 0, "total_sc_v": 0}