{"c1": 0.03394253278593584, "c2": 0.2972391872713688, "ch1": -0.007345576256195095, "ch2": 0.09635231127171391, "di": 2.9523923381188424, "dj": 1.2710962013681009, "dk": 0.0, "vw_i": -1.6421660988749602, "vw_j": -0.8046442775643905, "kt": 8.861443517943874, "train_sc_a": [0.38541275884678106], "train_sc_v": [0.005205600395009875], "val_sc_a": 0, "val_sc_v": 0, "total_sc_a": 0, "total_sc_v": 0}