{"c1": 0.027536843350085247, "c2": 0.2221325490457482, "ch1": 0.013554925865943753, "ch2": 0.09472272522502383, "di": 0.7968289315500032, "dj": 0.09844243073582788, "dk": 0.0, "vw_i": -1.4077971392563537, "vw_j": -0.495195892348234, "kt": 12.40212060737814, "train_sc_a": [0.4495310987662278], "train_sc_v": [0.0037005496204258865], "val_sc_a": 0, "val_sc_v": 0, "total_sc_a": 0, "total_sc_v": 0}