{"c1": 0.051621231127115336, "c2": 0.4621253610373084, "ch1": -0.012284787016558886, "ch2": 0.10405244004056982, "di": 1.6276628994933011, "dj": 2.1328045942382063, "dk": 0.0, "vw_i": -1.263284916433893, "vw_j": -0.09772693839431872, "kt": 10.171723119552677, "train_sc_a": [0.20156529686509403], "train_sc_v": [0.0025018194981853412], "val_sc_a": 0, "val_sc_v": 0, "total_sc_a": 0, "total_sc_v": 0}