{"c1": 0.025356289180867974, "c2": 0.2195511393263944, "ch1": -0.005741731664209675, "ch2": 0.09271504478346457, "di": 3.0824981886590614, "dj": 1.7475020270860384, "dk": 4.247473916139357, "vw_i": -1.6467878680294101, "vw_j": -0.2265318288020879, "kt": 13.710988561377215, "train_sc_a": [0.3971056266080427], "train_sc_v": [0.004694131633938544], "val_sc_a": 0, "val_sc_v": 0, "total_sc_a": 0, "total_sc_v": 0}