{"c1": 0.05162924874701627, "c2": 0.5345341269958455, "ch1": -0.02902529272085557, "ch2": 0.10517635616655464, "di": 2.823744337269654, "dj": 3.933325545326988, "dk": 0.0, "vw_i": -0.9969368028472716, "vw_j": -0.054216004754734384, "kt": 9.79197600195305, "train_sc_a": [1.5026877515165413], "train_sc_v": [0.015115849276088191], "val_sc_a": 0, "val_sc_v": 0, "total_sc_a": 0, "total_sc_v": 0}