{"c1": 0.044077314519228236, "c2": 0.4251161800267895, "ch1": 0.014452379185107563, "ch2": 0.09921060713956993, "di": 1.5373721608239628, "dj": 0.780390812773629, "dk": 0.0, "vw_i": 1.506931602981846, "vw_j": 0.7341559683953652, "kt": 11.721284338050506, "train_sc_a": [0.7506963260807905], "train_sc_v": [0.016095392301364708], "val_sc_a": 0, "val_sc_v": 0, "total_sc_a": 0, "total_sc_v": 0}