{"c1": 0.024550650857536715, "c2": 0.1568981404312543, "ch1": -0.008068978529112685, "ch2": 0.09243657012970871, "di": 2.1544544069436227, "dj": 1.428289292893012, "dk": 3.089029240852772, "vw_i": -2.0793327760289886, "vw_j": -1.3540316831130226, "kt": 15.00185153054961, "train_sc_a": [0.3182399392766291], "train_sc_v": [0.004091421163215358], "val_sc_a": 0, "val_sc_v": 0, "total_sc_a": 0, "total_sc_v": 0}