{"c1": 0.042647429614559515, "c2": 0.43738489913300715, "ch1": -0.0006831370747815689, "ch2": 0.0983018538722651, "di": 1.3744364615921996, "dj": 2.4295217632244137, "dk": 0.6019110123826897, "vw_i": -1.0698429110085432, "vw_j": 0.05514600557191106, "kt": 11.628012945151255, "train_sc_a": [5.2709532050956325], "train_sc_v": [0.013144922366044072], "val_sc_a": 0, "val_sc_v": 0, "total_sc_a": 0, "total_sc_v": 0}