{"c1": 0.04505854340649716, "c2": 0.45835439435675307, "ch1": 0.05696770733894958, "ch2": 0.10864642054153725, "di": 6.14350596984049, "dj": 2.659532779125377, "dk": 0.0, "vw_i": 0.5749797567441965, "vw_j": 1.0168976315503269, "kt": 11.492850440256207, "train_sc_a": [1.4047201779772873], "train_sc_v": [0.005868838769759332], "val_sc_a": 0, "val_sc_v": 0, "total_sc_a": 0, "total_sc_v": 0}