{"c1": 0.043430110398090804, "c2": 0.2919622790276619, "ch1": 0.004272070704819542, "ch2": 0.09729204189979196, "di": 0.8768349455545231, "dj": 1.5253002440894912, "dk": 0.0, "vw_i": -1.068958825831159, "vw_j": -0.22792263622053624, "kt": 8.964965502114985, "train_sc_a": [3.6079377385149236], "train_sc_v": [0.011267983412907521], "val_sc_a": 0, "val_sc_v": 0, "total_sc_a": 0, "total_sc_v": 0}