{"c1": 0.05515699018602789, "c2": 0.5800527673927308, "ch1": -0.01463340207953746, "ch2": 0.1081634885434681, "di": 1.249094055562926, "dj": 2.885183363419611, "dk": 0.0, "vw_i": -1.0919635484095227, "vw_j": 0.11271509177810399, "kt": 8.638221486755778, "train_sc_a": [0.7979481575910911], "train_sc_v": [0.0046150090865257265], "val_sc_a": 0, "val_sc_v": 0, "total_sc_a": 0, "total_sc_v": 0}