{"c1": 0.020480579848203645, "c2": 0.13998203586229868, "ch1": 0.017249327296014156, "ch2": 0.09513907080092726, "di": 1.7133384227421098, "dj": 1.7701135607164125, "dk": 0.08958131886374188, "vw_i": -0.3792547873850794, "vw_j": 0.3057176987221146, "kt": 8.735640330557471, "train_sc_a": [0.7560067822076105], "train_sc_v": [0.004321428828659659], "val_sc_a": 0, "val_sc_v": 0, "total_sc_a": 0, "total_sc_v": 0}