{"c1": 0.0521769095681098, "c2": 0.5557983527014481, "ch1": -0.009087481505476645, "ch2": 0.10702114294834157, "di": 1.5643691211241442, "dj": 7.768413633819707, "dk": 0.2858671327603553, "vw_i": -1.6154683695411631, "vw_j": -0.48218535321106226, "kt": 10.587871249531654, "train_sc_a": [0.2477001676907975], "train_sc_v": [0.0015429904771864225], "val_sc_a": 0, "val_sc_v": 0, "total_sc_a": 0, "total_sc_v": 0}