{"c1": 0.02184627632829269, "c2": 0.13787440585292118, "ch1": 0.01633888351761979, "ch2": 0.09477298190409518, "di": 0.8620556294092622, "dj": 0.9560111720713473, "dk": 0.506686566110791, "vw_i": -1.0978009689583093, "vw_j": -0.18118843593424835, "kt": 11.018701852767887, "train_sc_a": [0.557794298946268], "train_sc_v": [0.006376753004228506], "val_sc_a": 0, "val_sc_v": 0, "total_sc_a": 0, "total_sc_v": 0}