{"c1": 0.04739650539739288, "c2": 0.4665002696259449, "ch1": -0.09474544951512202, "ch2": 0.09645811390691082, "di": 12.766754413661857, "dj": 7.204610485214485, "dk": 0.0, "vw_i": -0.5713028687384071, "vw_j": -1.0617377598495505, "kt": 12.176372105240004, "train_sc_a": [1.1015210285007933], "train_sc_v": [0.008380412606464507], "val_sc_a": 0, "val_sc_v": 0, "total_sc_a": 0, "total_sc_v": 0}