{"c1": 0.052342494942783445, "c2": 0.5286154251369163, "ch1": -0.47534112554428554, "ch2": 0.06831059400952805, "di": 2.5963895753330615, "dj": 4.140019318249295, "dk": 0.0, "vw_i": 0.4121805844119425, "vw_j": 1.4871518382084012, "kt": 9.87301939048686, "train_sc_a": [14.81503465733963], "train_sc_v": [0.06917381508572361], "val_sc_a": 0, "val_sc_v": 0, "total_sc_a": 0, "total_sc_v": 0}