{"c1": 0.04396131432522875, "c2": 0.4666135326684178, "ch1": 0.006451766451776963, "ch2": 0.10479270712135005, "di": 1.5486294035350172, "dj": 3.0743928415633093, "dk": 0.0, "vw_i": -0.45215923500674227, "vw_j": -0.1432620907664216, "kt": 11.340768228204388, "train_sc_a": [0.35177349693696786], "train_sc_v": [0.003430777149743533], "val_sc_a": 0, "val_sc_v": 0, "total_sc_a": 0, "total_sc_v": 0}