{"c1": 0.051108847962177344, "c2": 0.5401146619104429, "ch1": 0.0003919205806110629, "ch2": 0.10738425517221546, "di": 1.849467852175098, "dj": 4.813724491522133, "dk": 0.03851186330797846, "vw_i": -0.6983544997188278, "vw_j": -0.2887792981969617, "kt": 8.892674906785201, "train_sc_a": [0.8148942755404461], "train_sc_v": [0.007923675784650062], "val_sc_a": 0, "val_sc_v": 0, "total_sc_a": 0, "total_sc_v": 0}