{"c1": 0.046053745331481266, "c2": 0.5036524187898243, "ch1": 0.0005184274785368609, "ch2": 0.10496828874553993, "di": 1.6115763968326262, "dj": 1.7701303833232567, "dk": 0.0, "vw_i": -1.2546050617918212, "vw_j": 0.10374366121780418, "kt": 9.883837233608613, "train_sc_a": [0.4025723988257896], "train_sc_v": [0.007829690931994416], "val_sc_a": 0, "val_sc_v": 0, "total_sc_a": 0, "total_sc_v": 0}