{"c1": 0.04534944097214697, "c2": 0.4561869146184422, "ch1": -0.009177635201146589, "ch2": 0.10368487939578983, "di": 2.941482944704731, "dj": 2.787654569532555, "dk": 0.0, "vw_i": -0.4654393061390569, "vw_j": 0.5984066081859576, "kt": 11.414626113049135, "train_sc_a": [0.8086416157959168], "train_sc_v": [0.012100302285957706], "val_sc_a": 0, "val_sc_v": 0, "total_sc_a": 0, "total_sc_v": 0}