{"c1": 0.04149084277532676, "c2": 0.41898649561951795, "ch1": -0.04392940695174534, "ch2": 0.0931630398516828, "di": 4.830405776565443, "dj": 6.7879491186924, "dk": 4.1770753535175285, "vw_i": 0.7726851142037782, "vw_j": -1.1042533082179598, "kt": 10.520338819727993, "train_sc_a": [0.42064723894029143], "train_sc_v": [0.006499526626827621], "val_sc_a": 0, "val_sc_v": 0, "total_sc_a": 0, "total_sc_v": 0}