{"c1": 0.0552230803921116, "c2": 0.5795741645479341, "ch1": 0.0597980167221378, "ch2": 0.11376851964895, "di": 1.3855496956358475, "dj": 5.897115509328847, "dk": 0.06821539199221441, "vw_i": -1.7483626210757264, "vw_j": -0.019411793253040037, "kt": 8.652953403221181, "train_sc_a": [1.9190256410460198], "train_sc_v": [0.011373082554224432], "val_sc_a": 0, "val_sc_v": 0, "total_sc_a": 0, "total_sc_v": 0}