{"c1": 0.02073818531743227, "c2": 0.20737107467578875, "ch1": 0.3895145932267875, "ch2": 0.12030881512288576, "di": 3.4499348232450378, "dj": 23.77856297470061, "dk": 1.5505474829190675, "vw_i": -2.65348809685598, "vw_j": -1.154257160061119, "kt": 13.68837220448035, "train_sc_a": [17.99162752256047], "train_sc_v": [0.07281407931097338], "val_sc_a": 0, "val_sc_v": 0, "total_sc_a": 0, "total_sc_v": 0}