{"c1": 0.04354295495700088, "c2": 0.4294655874247492, "ch1": -0.016623923294191035, "ch2": 0.09685632438934616, "di": 1.5482377841474917, "dj": 1.2578736077075467, "dk": 0.0, "vw_i": 1.3158673195527495, "vw_j": 0.6568710033948812, "kt": 11.696939874194156, "train_sc_a": [0.5757426486983137], "train_sc_v": [0.005322102687806963], "val_sc_a": 0, "val_sc_v": 0, "total_sc_a": 0, "total_sc_v": 0}