{"c1": 0.03852258103889145, "c2": 0.3740644434027064, "ch1": 0.014893378374516777, "ch2": 0.09823611589162497, "di": 1.9727785447471569, "dj": 1.1147925149385924, "dk": 0.0, "vw_i": -0.9408643753526258, "vw_j": -0.5310176872745905, "kt": 7.789252993107196, "train_sc_a": [0.5553927128042109], "train_sc_v": [0.003055291451671075], "val_sc_a": 0, "val_sc_v": 0, "total_sc_a": 0, "total_sc_v": 0}