{"c1": 0.045327283313874214, "c2": 0.5020420295606022, "ch1": -0.02143803636805675, "ch2": 0.10309919179340558, "di": 1.8691943908124138, "dj": 3.063108725355574, "dk": 0.0, "vw_i": -3.1396082251910573, "vw_j": -0.10947218786073429, "kt": 9.672914887799685, "train_sc_a": [2.3533788114708067], "train_sc_v": [0.010037992817180597], "val_sc_a": 0, "val_sc_v": 0, "total_sc_a": 0, "total_sc_v": 0}