{"c1": 0.02509086755673201, "c2": 0.2212812429478226, "ch1": 0.008428688966052441, "ch2": 0.0936738011390232, "di": 3.013329335739492, "dj": 1.645398354121272, "dk": 4.0200345418513335, "vw_i": -1.7187354079780284, "vw_j": -0.42050462663518523, "kt": 13.753343600944849, "train_sc_a": [0.39878999784100555], "train_sc_v": [0.004299919353364306], "val_sc_a": 0, "val_sc_v": 0, "total_sc_a": 0, "total_sc_v": 0}