{"c1": 0.05116876720872418, "c2": 0.539669937267863, "ch1": -0.012416485483965293, "ch2": 0.10643478750796656, "di": 1.9685774448110274, "dj": 4.801884865565922, "dk": 0.041495164152351854, "vw_i": -0.5898638791115919, "vw_j": -0.21515958200202057, "kt": 8.891372128642521, "train_sc_a": [0.718103427278309], "train_sc_v": [0.007029246958354811], "val_sc_a": 0, "val_sc_v": 0, "total_sc_a": 0, "total_sc_v": 0}