{"c1": 0.02757987430419095, "c2": 0.21129462677275251, "ch1": -0.5184533994104898, "ch2": 0.046945574943505014, "di": 3.6575371927976894, "dj": 3.2975751604465913, "dk": 0.17463933094509818, "vw_i": -0.49783457293989697, "vw_j": -0.5463857594422975, "kt": 12.92794378320262, "train_sc_a": [48.103013971407165], "train_sc_v": [0.20063504023832932], "val_sc_a": 0, "val_sc_v": 0, "total_sc_a": 0, "total_sc_v": 0}