{"c1": 0.050203891499355856, "c2": 0.5431363916384662, "ch1": 0.008251582757477739, "ch2": 0.1075994869195881, "di": 3.6568516528163695, "dj": 0.3500051981022715, "dk": 0.0, "vw_i": -0.7878735680667508, "vw_j": 0.10627221596113227, "kt": 10.239175060719127, "train_sc_a": [0.8472239833763658], "train_sc_v": [0.015592748012368103], "val_sc_a": 0, "val_sc_v": 0, "total_sc_a": 0, "total_sc_v": 0}