{"c1": 0.039130446850367984, "c2": 0.3805355349246729, "ch1": 0.027073406912890927, "ch2": 0.09924329829816754, "di": 0.6969453037208232, "dj": 2.0725189914069095, "dk": 0.021365586719918603, "vw_i": 1.097134249352537, "vw_j": -0.17883983429451805, "kt": 12.654302869898512, "train_sc_a": [0.6872930298411771], "train_sc_v": [0.004972068817662139], "val_sc_a": 0, "val_sc_v": 0, "total_sc_a": 0, "total_sc_v": 0}