{"c1": 0.01950547937419313, "c2": 0.12739078163019885, "ch1": -0.0031418006648598943, "ch2": 0.09300621560473238, "di": 1.9823793348144159, "dj": 1.3788303024266095, "dk": 0.0, "vw_i": -1.1362674197766855, "vw_j": -0.5265866458366376, "kt": 8.978179188311687, "train_sc_a": [0.9865246553370699], "train_sc_v": [0.0036780319125230857], "val_sc_a": 0, "val_sc_v": 0, "total_sc_a": 0, "total_sc_v": 0}