{"c1": 0.05342735252148573, "c2": 0.4342759998639551, "ch1": -0.04230937086944077, "ch2": 0.10070165317172317, "di": 2.1759488678166923, "dj": 3.73993471254169, "dk": 0.7037210682808189, "vw_i": -0.7461359924321137, "vw_j": 0.08930767898469683, "kt": 7.810320004416263, "train_sc_a": [3.353536438707117], "train_sc_v": [0.013212687673530902], "val_sc_a": 0, "val_sc_v": 0, "total_sc_a": 0, "total_sc_v": 0}