{"c1": 0.041803985781028195, "c2": 0.44171789877992684, "ch1": 0.0057146748834610555, "ch2": 0.0982597682572011, "di": 6.5290876006590794, "dj": 5.890768354487349, "dk": 0.3689007293464622, "vw_i": 0.003928678105780152, "vw_j": 0.2840549837367579, "kt": 11.350796922593236, "train_sc_a": [0.28632706165130145], "train_sc_v": [0.004930270172205035], "val_sc_a": 0, "val_sc_v": 0, "total_sc_a": 0, "total_sc_v": 0}