{"c1": 0.0448924181061392, "c2": 0.46232130342224953, "ch1": -0.03312712216596278, "ch2": 0.10003195157320763, "di": 15.2455844213085, "dj": 23.551953500285357, "dk": 0.0, "vw_i": -1.3619928998137185, "vw_j": -0.6800709613658442, "kt": 13.252682351497244, "train_sc_a": [0.5216291857777574], "train_sc_v": [0.003827983195454518], "val_sc_a": 0, "val_sc_v": 0, "total_sc_a": 0, "total_sc_v": 0}