{"c1": 0.028439142702873857, "c2": 0.2300929601203986, "ch1": -0.002876885573016018, "ch2": 0.09397814333089831, "di": 4.04060774591004, "dj": 1.7437167912059088, "dk": 0.0, "vw_i": -1.7672518620060482, "vw_j": -0.6038121297923802, "kt": 12.731430836001712, "train_sc_a": [0.4569047185494902], "train_sc_v": [0.005508388576089159], "val_sc_a": 0, "val_sc_v": 0, "total_sc_a": 0, "total_sc_v": 0}