{"c1": 0.053003857808884794, "c2": 0.5957698012308231, "ch1": 0.0002401723593858042, "ch2": 0.10860661314849426, "di": 6.374161415370209, "dj": 6.297644128784653, "dk": 0.0, "vw_i": 0.712788317333397, "vw_j": -0.21848715405752306, "kt": 7.8113203867473375, "train_sc_a": [0.4802216205726807], "train_sc_v": [0.00778924960424768], "val_sc_a": 0, "val_sc_v": 0, "total_sc_a": 0, "total_sc_v": 0}