{"c1": 0.04046618155366584, "c2": 0.3720550413194792, "ch1": 0.011393865636892056, "ch2": 0.0983267552640683, "di": 0.0, "dj": 3.2623567349530305, "dk": 0.0, "vw_i": 0.5431080919219803, "vw_j": 0.36857700333437154, "kt": 12.46526403835884, "train_sc_a": 0.0, "train_sc_v": 0.0, "val_sc_a": [3.9870245806004534], "val_sc_v": [0.023230956018389644], "total_sc_a": 0, "total_sc_v": 0}