{"c1": 0.04409519522888353, "c2": 0.466492953344086, "ch1": -0.004617068818197881, "ch2": 0.104136829965189, "di": 2.5641575360498825, "dj": 4.50894679742265, "dk": 0.4177878975272445, "vw_i": 0.25449783510588253, "vw_j": 0.43874309648322624, "kt": 10.322244956959432, "train_sc_a": [0.42919418937202874], "train_sc_v": [0.0048918750761802335], "val_sc_a": 0, "val_sc_v": 0, "total_sc_a": 0, "total_sc_v": 0}