{"c1": 0.03826790084804497, "c2": 0.39361131469066546, "ch1": -0.01937561311924281, "ch2": 0.09571518022918926, "di": 2.2053349162794182, "dj": 4.1743978721916, "dk": 0.0, "vw_i": -1.6818789933399956, "vw_j": -0.1251416627255728, "kt": 11.442271430032644, "train_sc_a": [0.40277517917005407], "train_sc_v": [0.000908036096344967], "val_sc_a": 0, "val_sc_v": 0, "total_sc_a": 0, "total_sc_v": 0}