{"c1": 0.04294224982627567, "c2": 0.4341386520738712, "ch1": -0.0005709978968182891, "ch2": 0.09830779004130666, "di": 0.723915618799763, "dj": 1.6510727007992003, "dk": 0.0, "vw_i": -0.6662129365721745, "vw_j": -0.10429236942659759, "kt": 11.846236467327502, "train_sc_a": [0.36304967612981676], "train_sc_v": [0.006325947090812573], "val_sc_a": 0, "val_sc_v": 0, "total_sc_a": 0, "total_sc_v": 0}