{"c1": 0.03876349531520401, "c2": 0.38441158808177084, "ch1": -0.059072791355232725, "ch2": 0.09246881632547235, "di": 2.6936086636238445, "dj": 4.419618891377219, "dk": 0.0, "vw_i": -0.21229738296197634, "vw_j": -0.6290020163943173, "kt": 12.641522831063032, "train_sc_a": [2.8956874445754965], "train_sc_v": [0.017257642561721066], "val_sc_a": 0, "val_sc_v": 0, "total_sc_a": 0, "total_sc_v": 0}