{"c1": 0.04675344426492857, "c2": 0.403534058590863, "ch1": 0.19376481486801483, "ch2": 0.11282176572335739, "di": 6.8741474971995755, "dj": 19.385095994262926, "dk": 0.3405092759570124, "vw_i": 6.647114192060436, "vw_j": 2.58447480508805, "kt": 10.377603426636288, "train_sc_a": [28.29139516475799], "train_sc_v": [0.12298830528069435], "val_sc_a": 0, "val_sc_v": 0, "total_sc_a": 0, "total_sc_v": 0}