{"c1": 0.04454999244288262, "c2": 0.46475014671580345, "ch1": -0.19965691642535677, "ch2": 0.08763692087186017, "di": 19.7633805789258, "dj": 18.36805098485883, "dk": 0.0, "vw_i": -0.5739285633673717, "vw_j": -0.08767879764643607, "kt": 12.954794827663395, "train_sc_a": [2.8013143866885333], "train_sc_v": [0.01805647905320278], "val_sc_a": 0, "val_sc_v": 0, "total_sc_a": 0, "total_sc_v": 0}