{"c1": 0.03224904492722138, "c2": 0.26289951354744756, "ch1": 0.018357029833112867, "ch2": 0.09941114569565439, "di": 4.190766162211982, "dj": 0.0, "dk": 0.0, "vw_i": 0.6644014859135174, "vw_j": -0.09607130884025916, "kt": 6.293597208760897, "train_sc_a": [1.226662983144241], "train_sc_v": [0.014325420538907355], "val_sc_a": 0, "val_sc_v": 0, "total_sc_a": 0, "total_sc_v": 0}