{"c1": 0.03401173495356319, "c2": 0.266061157552293, "ch1": 0.004707942677607, "ch2": 0.09822388153292688, "di": 1.8173844314140153, "dj": 2.126537432890881, "dk": 0.0, "vw_i": -0.9006865470207439, "vw_j": -0.45850540793053707, "kt": 7.644253765434014, "train_sc_a": [0.2770642373510511], "train_sc_v": [0.002183169321089339], "val_sc_a": 0, "val_sc_v": 0, "total_sc_a": 0, "total_sc_v": 0}