{"c1": 0.024133444690582408, "c2": 0.1794611871588585, "ch1": -0.019572965078144256, "ch2": 0.09180598083284143, "di": 3.511104062643089, "dj": 4.106609376172536, "dk": 0.7148509866829992, "vw_i": -2.5492332625895058, "vw_j": -1.1324978824275858, "kt": 13.724446325014306, "train_sc_a": [0.4966122375146075], "train_sc_v": [0.00867005581158774], "val_sc_a": 0, "val_sc_v": 0, "total_sc_a": 0, "total_sc_v": 0}