{"c1": 0.0471307434233627, "c2": 0.4767945236613379, "ch1": 0.0015202234334465597, "ch2": 0.10372279949570357, "di": 0.010597155363461756, "dj": 1.9678474162903188, "dk": 0.1264090657522462, "vw_i": 0.22956957303653494, "vw_j": 0.20467022214674266, "kt": 11.998108901493694, "train_sc_a": [0.9389124499988364], "train_sc_v": [0.0054282625548251855], "val_sc_a": 0, "val_sc_v": 0, "total_sc_a": 0, "total_sc_v": 0}