{"c1": 0.02205682330442127, "c2": 0.1359827900350619, "ch1": 0.024864499856972463, "ch2": 0.09540985642434152, "di": 0.8921489606836274, "dj": 1.3756418752295863, "dk": 0.43978717864753714, "vw_i": -1.139300281799118, "vw_j": -0.20505403181536486, "kt": 11.031012761863828, "train_sc_a": [0.6312122556674911], "train_sc_v": [0.006871913212733009], "val_sc_a": 0, "val_sc_v": 0, "total_sc_a": 0, "total_sc_v": 0}