{"c1": 0.038976373357878485, "c2": 0.372175528486302, "ch1": -0.008809589748609426, "ch2": 0.09647666729918207, "di": 3.3962781009804086, "dj": 2.721432184736698, "dk": 0.0, "vw_i": -0.7645992620458646, "vw_j": -0.35331150844814685, "kt": 12.590915294738172, "train_sc_a": [1.188879317191662], "train_sc_v": [0.008729073022995722], "val_sc_a": 0, "val_sc_v": 0, "total_sc_a": 0, "total_sc_v": 0}