{"c1": 0.026684175474282253, "c2": 0.21955709913519286, "ch1": -0.10029840389885826, "ch2": 0.08465508519813075, "di": 3.3699329222601286, "dj": 5.005427890175896, "dk": 0.0, "vw_i": 0.2419043550374344, "vw_j": 0.09340468927071634, "kt": 13.004246122999872, "train_sc_a": [1.4734658861242274], "train_sc_v": [0.010763994915274815], "val_sc_a": 0, "val_sc_v": 0, "total_sc_a": 0, "total_sc_v": 0}