{"c1": 0.028812112770074158, "c2": 0.08655086320165961, "ch1": 0.029309403492403418, "ch2": 0.09589053986559919, "di": 1.141908293663989, "dj": 2.7789136926521727, "dk": 4.268495799356716, "vw_i": -2.5326320241673885, "vw_j": -0.14103182322772823, "kt": 10.878995597129979, "train_sc_a": [8.460997732443879], "train_sc_v": [0.036836433480570176], "val_sc_a": 0, "val_sc_v": 0, "total_sc_a": 0, "total_sc_v": 0}