{"c1": 0.05276780743990011, "c2": 0.6024452026970235, "ch1": -0.4773905881043247, "ch2": 0.0765981524389806, "di": 3.3580924281334927, "dj": 4.982197449936879, "dk": 0.43757129923192645, "vw_i": -3.4739597455242577, "vw_j": -2.202759883160255, "kt": 8.869572282794168, "train_sc_a": [13.383106276016449], "train_sc_v": [0.054783109909605464], "val_sc_a": 0, "val_sc_v": 0, "total_sc_a": 0, "total_sc_v": 0}