{"c1": 0.018674018522562282, "c2": 0.10984821049392664, "ch1": -0.007894104949267016, "ch2": 0.09243026162138976, "di": 1.0267307441721236, "dj": 1.526427359956346, "dk": 0.0, "vw_i": -1.899782542738508, "vw_j": -0.7194141874605058, "kt": 7.804378263784464, "train_sc_a": [0.7109891891132534], "train_sc_v": [0.0070239154235708584], "val_sc_a": 0, "val_sc_v": 0, "total_sc_a": 0, "total_sc_v": 0}