{"c1": 0.03868398453369366, "c2": 0.38956716216569137, "ch1": -0.017033729636746254, "ch2": 0.09609428361665497, "di": 3.2904322395629975, "dj": 6.527882828033563, "dk": 0.0, "vw_i": 0.2517026156799206, "vw_j": -0.3958025080253966, "kt": 12.126473260612581, "train_sc_a": [0.5493911459319992], "train_sc_v": [0.00953252884307965], "val_sc_a": 0, "val_sc_v": 0, "total_sc_a": 0, "total_sc_v": 0}