{"c1": 0.03617471979478711, "c2": 0.30302223641142856, "ch1": -0.0483247739245064, "ch2": 0.09318296711971898, "di": 4.625265056896466, "dj": 2.3686137977628112, "dk": 0.04206053690318545, "vw_i": -0.9368428313076754, "vw_j": 0.12923349017304367, "kt": 9.47541248680845, "train_sc_a": [1.9542635174650755], "train_sc_v": [0.013218527965831856], "val_sc_a": 0, "val_sc_v": 0, "total_sc_a": 0, "total_sc_v": 0}