{"c1": 0.04440681715772138, "c2": 0.4621151923692157, "ch1": -0.004110407773760536, "ch2": 0.10378543063727964, "di": 2.7344106342268644, "dj": 1.440430871052937, "dk": 0.2313131510752539, "vw_i": -0.5166440606586226, "vw_j": 0.47282906564904004, "kt": 10.648628179313096, "train_sc_a": [0.49386290172448705], "train_sc_v": [0.0053556135136523944], "val_sc_a": 0, "val_sc_v": 0, "total_sc_a": 0, "total_sc_v": 0}