{"c1": 0.020497502306886916, "c2": 0.12020437192868452, "ch1": -0.04458380479800521, "ch2": 0.09016262909418554, "di": 2.575218608712966, "dj": 1.6742555115491546, "dk": 1.0575437863234596, "vw_i": -1.0223104681268362, "vw_j": -0.6184433311525666, "kt": 8.509793802017299, "train_sc_a": [1.3673837586152588], "train_sc_v": [0.006560011804949052], "val_sc_a": 0, "val_sc_v": 0, "total_sc_a": 0, "total_sc_v": 0}