{"c1": 0.044052837811029526, "c2": 0.4669563049248379, "ch1": 0.00022767000115578125, "ch2": 0.10446513681666263, "di": 2.3974446164986807, "dj": 4.656506893001504, "dk": 0.4243268810732701, "vw_i": 0.10121940496464239, "vw_j": 0.4047667429230458, "kt": 10.302213483597198, "train_sc_a": [0.3990676000879195], "train_sc_v": [0.004685578043005021], "val_sc_a": 0, "val_sc_v": 0, "total_sc_a": 0, "total_sc_v": 0}