{"c1": 0.01899224640727255, "c2": 0.10568406261800192, "ch1": 0.006245112048453418, "ch2": 0.09340541872694064, "di": 0.9872444010490968, "dj": 0.9616249484795262, "dk": 1.1561091024067893, "vw_i": -1.7554335344518799, "vw_j": -0.2173878255103648, "kt": 4.97234283413706, "train_sc_a": [0.26928020370219036], "train_sc_v": [0.0007920654218271255], "val_sc_a": 0, "val_sc_v": 0, "total_sc_a": 0, "total_sc_v": 0}