{"c1": 0.0277326420913104, "c2": 0.22072841291103817, "ch1": 0.00805554017862357, "ch2": 0.09432239567871961, "di": 0.7858746626504746, "dj": 0.0704696548786515, "dk": 0.14386868225813415, "vw_i": -1.3795752082367285, "vw_j": -0.4042109119294527, "kt": 12.478553454976838, "train_sc_a": [0.35454366025870543], "train_sc_v": [0.0019436401471054697], "val_sc_a": 0, "val_sc_v": 0, "total_sc_a": 0, "total_sc_v": 0}