{"c1": 0.046453017806003, "c2": 0.48165236443585385, "ch1": 0.013177908703575335, "ch2": 0.1046135552535108, "di": 0.0, "dj": 2.1408306350947504, "dk": 0.0, "vw_i": -0.38021013882298793, "vw_j": -0.2046361065574268, "kt": 9.697386311171655, "train_sc_a": [0.5719709479459228], "train_sc_v": [0.007216084118450518], "val_sc_a": 0, "val_sc_v": 0, "total_sc_a": 0, "total_sc_v": 0}