{"c1": 0.05217436589447806, "c2": 0.5553262402965551, "ch1": -0.0320178321132584, "ch2": 0.10524898557998089, "di": 1.4207362788868718, "dj": 7.733146311971644, "dk": 0.0, "vw_i": -1.902146381233141, "vw_j": -0.7496614323075996, "kt": 7.4362543243369785, "train_sc_a": [0.721337519493627], "train_sc_v": [0.011385897127872151], "val_sc_a": 0, "val_sc_v": 0, "total_sc_a": 0, "total_sc_v": 0}