{"c1": 0.027536843350094774, "c2": 0.22213254904520763, "ch1": 0.013554925866071656, "ch2": 0.09472272522496432, "di": 0.7968289316763549, "dj": 0.0984424308782387, "dk": 0.0, "vw_i": -1.4077971392515427, "vw_j": -0.49519589215172277, "kt": 12.40212060646298, "train_sc_a": [0.449531098767586], "train_sc_v": [0.003700549620400553], "val_sc_a": 0, "val_sc_v": 0, "total_sc_a": 0, "total_sc_v": 0}