{"c1": 0.03248978208771886, "c2": 0.2785816938197128, "ch1": 0.01867322299815774, "ch2": 0.09937943407095973, "di": 1.803142783567227, "dj": 2.2323978660560835, "dk": 0.03575746588947496, "vw_i": -0.17765327920756924, "vw_j": -0.11871038654138952, "kt": 7.57805092661257, "train_sc_a": [0.3207251268418842], "train_sc_v": [0.003062531804781666], "val_sc_a": 0, "val_sc_v": 0, "total_sc_a": 0, "total_sc_v": 0}