{"c1": 0.019029129847722644, "c2": 0.19818375670209457, "ch1": 0.40248332288006994, "ch2": 0.12302592185893989, "di": 10.961127454365817, "dj": 11.856752795815034, "dk": 0.0808994241592369, "vw_i": -2.1212652603143716, "vw_j": 1.1438674159250124, "kt": 10.56075366298311, "train_sc_a": [25.147503767844537], "train_sc_v": [0.10045309219349602], "val_sc_a": 0, "val_sc_v": 0, "total_sc_a": 0, "total_sc_v": 0}