{"c1": 0.0445628609114082, "c2": 0.46201458587394184, "ch1": -0.029317752946696713, "ch2": 0.10228108524391624, "di": 1.8171971681352495, "dj": 2.6920125232660896, "dk": 0.0, "vw_i": 0.6407123340415826, "vw_j": 0.6265239977276055, "kt": 11.499246627367175, "train_sc_a": [0.3757146041016503], "train_sc_v": [0.007735510721509283], "val_sc_a": 0, "val_sc_v": 0, "total_sc_a": 0, "total_sc_v": 0}