{"c1": 0.0278791791208736, "c2": 0.21613742739313593, "ch1": 0.010883247002983936, "ch2": 0.09433661211369365, "di": 0.8863058974560127, "dj": 0.6493182379672235, "dk": 2.5199482916848237, "vw_i": -1.0132779750129726, "vw_j": -0.23673862922295774, "kt": 12.940797593331736, "train_sc_a": [0.3839338805027844], "train_sc_v": [0.0010516330394766756], "val_sc_a": 0, "val_sc_v": 0, "total_sc_a": 0, "total_sc_v": 0}