{"c1": 0.019049626605895428, "c2": 0.11666445297427273, "ch1": -0.004258852961596061, "ch2": 0.0922664088976905, "di": 2.00105005912215, "dj": 1.2424655651389105, "dk": 2.652527864807181, "vw_i": -1.829161505645196, "vw_j": -0.4750630051021288, "kt": 8.920407511599961, "train_sc_a": [0.5079214001873993], "train_sc_v": [0.006366348207699909], "val_sc_a": 0, "val_sc_v": 0, "total_sc_a": 0, "total_sc_v": 0}