{"c1": 0.026187202293850756, "c2": 0.1952017879961957, "ch1": -0.011117064946758022, "ch2": 0.09183747832708261, "di": 3.573670579863149, "dj": 1.2486476818117382, "dk": 0.3099157523727764, "vw_i": -1.0023526177243525, "vw_j": 0.08230244970814965, "kt": 12.166428993920848, "train_sc_a": [0.30683882974711457], "train_sc_v": [0.0066561077822069785], "val_sc_a": 0, "val_sc_v": 0, "total_sc_a": 0, "total_sc_v": 0}