{"c1": 0.030981334449746704, "c2": 0.29239102585988824, "ch1": -0.02831673500155652, "ch2": 0.09600513900831999, "di": 0.2772908864167267, "dj": 2.174614704018614, "dk": 0.8392455662052342, "vw_i": -0.34874322986273104, "vw_j": 0.039172483424996414, "kt": 7.6281513182837655, "train_sc_a": [0.7120200815089935], "train_sc_v": [0.0011286518856956208], "val_sc_a": 0, "val_sc_v": 0, "total_sc_a": 0, "total_sc_v": 0}