{"c1": 0.028711936621016922, "c2": 0.21726719619633275, "ch1": -0.006575294059681509, "ch2": 0.09323047979495767, "di": 0.8195526915949288, "dj": 1.0603873830198984, "dk": 0.0, "vw_i": -1.4661962807440523, "vw_j": -0.6570277678949461, "kt": 13.099895284071938, "train_sc_a": [1.6537421833820305], "train_sc_v": [0.012417540050569338], "val_sc_a": 0, "val_sc_v": 0, "total_sc_a": 0, "total_sc_v": 0}