{"c1": 0.053594046593228944, "c2": 0.596537528493044, "ch1": -0.048244362276586635, "ch2": 0.10608930931735878, "di": 4.131479466106025, "dj": 5.652912286944833, "dk": 0.0, "vw_i": -0.26682347403836454, "vw_j": 0.16464319324747728, "kt": 9.17748562661619, "train_sc_a": [0.2857149659112826], "train_sc_v": [0.0016728272945434883], "val_sc_a": 0, "val_sc_v": 0, "total_sc_a": 0, "total_sc_v": 0}