{"c1": 0.04426164392434674, "c2": 0.4638123420183464, "ch1": -0.02343527853236058, "ch2": 0.10335332309422131, "di": 2.434561970816365, "dj": 2.586138323170583, "dk": 0.32300780581673905, "vw_i": 0.8827631020998555, "vw_j": -0.3038761690614016, "kt": 13.569101719462, "train_sc_a": [0.5622886575123539], "train_sc_v": [0.008083539069675334], "val_sc_a": 0, "val_sc_v": 0, "total_sc_a": 0, "total_sc_v": 0}