{"c1": 0.021278647599704624, "c2": 0.16292315670325228, "ch1": 0.009624505998136945, "ch2": 0.09429556985577424, "di": 0.5021605384900074, "dj": 0.6508713981971089, "dk": 5.011400456627337, "vw_i": -2.077992221892813, "vw_j": -0.00923307303974232, "kt": 10.933286652551285, "train_sc_a": [0.261534570052794], "train_sc_v": [0.00514535255846746], "val_sc_a": 0, "val_sc_v": 0, "total_sc_a": 0, "total_sc_v": 0}