{"c1": 0.03903340887271545, "c2": 0.3812896717571623, "ch1": 0.059415708384715646, "ch2": 0.10166096300656, "di": 0.9085054836008936, "dj": 2.9949196868095633, "dk": 0.03276908411061699, "vw_i": 0.7611874110061823, "vw_j": -0.2515424309707689, "kt": 12.611039039045192, "train_sc_a": [0.6036229254740375], "train_sc_v": [0.006391154587206212], "val_sc_a": 0, "val_sc_v": 0, "total_sc_a": 0, "total_sc_v": 0}