{"c1": 0.041998893232787896, "c2": 0.4403745644587167, "ch1": -0.5265363822753449, "ch2": 0.061677845049101454, "di": 6.3860826927806995, "dj": 5.472674534828113, "dk": 3.87235213022686, "vw_i": -1.3247206810241017, "vw_j": -1.0071470712195432, "kt": 11.309210785922506, "train_sc_a": [23.400690389954658], "train_sc_v": [0.09038203470642076], "val_sc_a": 0, "val_sc_v": 0, "total_sc_a": 0, "total_sc_v": 0}