{"c1": 0.02458199334836507, "c2": 0.1755976025765198, "ch1": -0.015948937473735526, "ch2": 0.09190569633999325, "di": 3.6324187985333536, "dj": 1.8124350844001411, "dk": 2.3642440669029483, "vw_i": -2.181747777076209, "vw_j": -0.9195576191588716, "kt": 13.883224691206214, "train_sc_a": [0.8771425535361914], "train_sc_v": [0.008127311597792676], "val_sc_a": 0, "val_sc_v": 0, "total_sc_a": 0, "total_sc_v": 0}