{"c1": 0.018992246393063305, "c2": 0.10568406273033695, "ch1": 0.006245112898765732, "ch2": 0.09340541878797357, "di": 0.9872443971128898, "dj": 0.9616249706292413, "dk": 1.1561091450370022, "vw_i": -1.7554335415351199, "vw_j": -0.21738782996934689, "kt": 4.972342908654018, "train_sc_a": [0.26928020365197664], "train_sc_v": [0.0007920654629300984], "val_sc_a": 0, "val_sc_v": 0, "total_sc_a": 0, "total_sc_v": 0}