{"c1": 0.03127584072156541, "c2": 0.27621596228536927, "ch1": 0.011732044183528485, "ch2": 0.09888379127447652, "di": 0.7713938417918165, "dj": 1.9040633979557755, "dk": 0.4583384898398364, "vw_i": 0.08192696705094503, "vw_j": 0.09799692806271464, "kt": 6.574185563032, "train_sc_a": [0.5923829850050722], "train_sc_v": [0.008079841149023256], "val_sc_a": 0, "val_sc_v": 0, "total_sc_a": 0, "total_sc_v": 0}