{"c1": 0.040030854829065786, "c2": 0.45541747535450194, "ch1": -0.3721322556257277, "ch2": 0.07005599217685207, "di": 6.165918754124118, "dj": 5.122972678533455, "dk": 0.8214617188293398, "vw_i": 3.4335259716955595, "vw_j": 1.497637395595588, "kt": 10.17348400288007, "train_sc_a": [12.910493851231031], "train_sc_v": [0.0520106406287509], "val_sc_a": 0, "val_sc_v": 0, "total_sc_a": 0, "total_sc_v": 0}