{"c1": 0.04161906164510059, "c2": 0.4429902218500683, "ch1": -0.48792610538713355, "ch2": 0.06372734810833124, "di": 6.23765275070836, "dj": 5.8643546511478695, "dk": 0.37657718956003877, "vw_i": -1.2931317266064308, "vw_j": -0.6259092862944184, "kt": 11.294832964135349, "train_sc_a": [16.378400653168217], "train_sc_v": [0.06657305752474774], "val_sc_a": 0, "val_sc_v": 0, "total_sc_a": 0, "total_sc_v": 0}