{"c1": 0.026465840246547634, "c2": 0.05395453231739832, "ch1": 0.0045682502417062065, "ch2": 0.09333567704767488, "di": 1.754672656746811, "dj": 1.3947726600621357, "dk": 0.6755811809699126, "vw_i": -1.6751234053539352, "vw_j": -1.0557127887194344, "kt": 9.016931717388871, "train_sc_a": [7.855535457089024], "train_sc_v": [0.031909747593973595], "val_sc_a": 0, "val_sc_v": 0, "total_sc_a": 0, "total_sc_v": 0}