{"c1": 0.02216036673473138, "c2": 0.13204706456712667, "ch1": -0.48959630371934293, "ch2": 0.04271635462153044, "di": 2.2984139653694227, "dj": 1.101041302083139, "dk": 1.396783258081103, "vw_i": 0.1942974384580494, "vw_j": -0.45733471961402267, "kt": 11.054376369300439, "train_sc_a": [45.47321316427322], "train_sc_v": [0.19360154800107038], "val_sc_a": 0, "val_sc_v": 0, "total_sc_a": 0, "total_sc_v": 0}