{"c1": 0.027909652847433627, "c2": 0.06530050801525338, "ch1": -0.030770756245424767, "ch2": 0.09126281526414824, "di": 2.445358943010127, "dj": 1.808944127075658, "dk": 0.21403389163099557, "vw_i": -1.4661304655623517, "vw_j": -0.47780198588865774, "kt": 9.80910621977584, "train_sc_a": [8.174062163351932], "train_sc_v": [0.03174834839967224], "val_sc_a": 0, "val_sc_v": 0, "total_sc_a": 0, "total_sc_v": 0}