{"c1": 0.05087686329815471, "c2": 0.5410846745771407, "ch1": -0.003419963262238148, "ch2": 0.10708191913657822, "di": 2.2973517590625274, "dj": 3.691728726724388, "dk": 0.0, "vw_i": -1.3975067590478607, "vw_j": -0.48703255819228825, "kt": 8.835362948815744, "train_sc_a": [0.42768880320807245], "train_sc_v": [0.0026916890238897983], "val_sc_a": 0, "val_sc_v": 0, "total_sc_a": 0, "total_sc_v": 0}