{"c1": 0.01967396314211661, "c2": 0.1008824521998863, "ch1": -0.25764649886955704, "ch2": 0.07484786161839146, "di": 0.9544162830882155, "dj": 0.9544162830882155, "dk": 1.8257512908365663, "vw_i": -6.8375575367676795, "vw_j": -0.8557560769106853, "kt": 4.966913484088619, "train_sc_a": [15.709076040735146], "train_sc_v": [0.062313413827318545], "val_sc_a": 0, "val_sc_v": 0, "total_sc_a": 0, "total_sc_v": 0}