{"c1": 0.02239545595178398, "c2": 0.13356097298272085, "ch1": 0.008953290994808596, "ch2": 0.09430200053915405, "di": 0.9419641131118395, "dj": 0.12393003868042186, "dk": 0.8672510997754974, "vw_i": -1.3776957083993264, "vw_j": -0.1936657849408162, "kt": 10.916930550787377, "train_sc_a": [0.269239284234432], "train_sc_v": [0.0009601406693173945], "val_sc_a": 0, "val_sc_v": 0, "total_sc_a": 0, "total_sc_v": 0}