{"c1": 0.05094727894876774, "c2": 0.5394298420276022, "ch1": 0.04695835410186025, "ch2": 0.1107863727007768, "di": 4.098389681243661, "dj": 2.719532688977392, "dk": 0.378970784710136, "vw_i": 0.15950247630817982, "vw_j": -0.49532775920551, "kt": 10.329887765387037, "train_sc_a": [0.7624356173181032], "train_sc_v": [0.005232523847585282], "val_sc_a": 0, "val_sc_v": 0, "total_sc_a": 0, "total_sc_v": 0}