{"c1": 0.03098896754714795, "c2": 0.23058959740218601, "ch1": -0.014458617640711813, "ch2": 0.09562161374404662, "di": 3.4027143344632442, "dj": 1.822136237109552, "dk": 0.0, "vw_i": -2.256267140673093, "vw_j": -0.4875189744759167, "kt": 6.329260450029714, "train_sc_a": [0.2277009252372058], "train_sc_v": [0.0019362937279896635], "val_sc_a": 0, "val_sc_v": 0, "total_sc_a": 0, "total_sc_v": 0}