{"c1": 0.047479202999957275, "c2": 0.47654871096588547, "ch1": -0.019046642651445546, "ch2": 0.10235069513562378, "di": 2.147651658389667, "dj": 4.075785479005313, "dk": 0.16798402350482947, "vw_i": -0.6359620862639248, "vw_j": 0.2104404734445969, "kt": 8.043141547146828, "train_sc_a": [0.3043906998625773], "train_sc_v": [0.0011558526059811615], "val_sc_a": 0, "val_sc_v": 0, "total_sc_a": 0, "total_sc_v": 0}