{"c1": 0.0591346295444043, "c2": 0.550989068098024, "ch1": -0.329490605648645, "ch2": 0.08523949889587497, "di": 1.6511275430811163, "dj": 3.4844077625790733, "dk": 1.421541952612796, "vw_i": 1.2153790102108264, "vw_j": 1.0573923287362466, "kt": 9.169816607964137, "train_sc_a": [8.739383379687839], "train_sc_v": [0.035139653409148944], "val_sc_a": 0, "val_sc_v": 0, "total_sc_a": 0, "total_sc_v": 0}