{"c1": 0.03866763450528075, "c2": 0.39110724968364174, "ch1": -0.006327258408228893, "ch2": 0.0969118874012142, "di": 4.157455284825529, "dj": 4.8898041965392345, "dk": 0.0, "vw_i": -0.30365245032345856, "vw_j": -0.06893841484598347, "kt": 12.290457793911973, "train_sc_a": [0.5568606660201499], "train_sc_v": [0.009816899493354427], "val_sc_a": 0, "val_sc_v": 0, "total_sc_a": 0, "total_sc_v": 0}