{"c1": 0.023735158898189772, "c2": 0.19232919410240143, "ch1": -0.02077361684383814, "ch2": 0.09190430442133807, "di": 4.8568888802346235, "dj": 5.867290589542979, "dk": 2.932782126893421, "vw_i": -1.3547300267131568, "vw_j": -0.5806233761816716, "kt": 12.576489362944972, "train_sc_a": [0.465718947856403], "train_sc_v": [0.006665836775985969], "val_sc_a": 0, "val_sc_v": 0, "total_sc_a": 0, "total_sc_v": 0}