{"c1": 0.05461853361628452, "c2": 0.5839798271228259, "ch1": -0.0032739292523448304, "ch2": 0.10846518960234727, "di": 5.942156750508404, "dj": 8.216507081415681, "dk": 0.0, "vw_i": -0.6566493139277576, "vw_j": 0.040117754156007865, "kt": 8.28202393465096, "train_sc_a": [0.6624543286003577], "train_sc_v": [0.00730045555524585], "val_sc_a": 0, "val_sc_v": 0, "total_sc_a": 0, "total_sc_v": 0}