{"c1": 0.03252873055089182, "c2": 0.2785414923137267, "ch1": -0.016859730777196782, "ch2": 0.09681061681342013, "di": 1.7711965199498712, "dj": 2.9007570449682816, "dk": 0.6387869130776682, "vw_i": 0.1632763216637126, "vw_j": -0.12737946254780563, "kt": 7.715478445036984, "train_sc_a": [0.6369288000742205], "train_sc_v": [0.010901873236578765], "val_sc_a": 0, "val_sc_v": 0, "total_sc_a": 0, "total_sc_v": 0}