{"c1": 0.037757646979173345, "c2": 0.3513467148888634, "ch1": 0.022140236852207514, "ch2": 0.09866912402025715, "di": 2.150024451220471, "dj": 1.1978590734070078, "dk": 0.0, "vw_i": -1.4350361328878178, "vw_j": -0.04363418847771663, "kt": 8.849512527533546, "train_sc_a": [0.6854027014381241], "train_sc_v": [0.0037510727161800764], "val_sc_a": 0, "val_sc_v": 0, "total_sc_a": 0, "total_sc_v": 0}