{"c1": 0.05145200837724759, "c2": 0.5376354316281408, "ch1": 0.013175941502862115, "ch2": 0.10832569619604242, "di": 4.547091806924021, "dj": 2.515294149660817, "dk": 0.276222587393737, "vw_i": -0.5739574509476748, "vw_j": -0.388151554875259, "kt": 9.127958630174977, "train_sc_a": [0.4269360180099763], "train_sc_v": [0.00546237270039053], "val_sc_a": 0, "val_sc_v": 0, "total_sc_a": 0, "total_sc_v": 0}