{"c1": 0.04492835666436542, "c2": 0.4620784056835143, "ch1": 0.0024974179273685583, "ch2": 0.10260502754440914, "di": 15.242170593809679, "dj": 23.847906209840755, "dk": 0.0, "vw_i": 0.06125785185424965, "vw_j": 0.287651569372422, "kt": 13.341993044294881, "train_sc_a": [0.8560324140890954], "train_sc_v": [0.004350711739258151], "val_sc_a": 0, "val_sc_v": 0, "total_sc_a": 0, "total_sc_v": 0}