{"c1": 0.022884080938291206, "c2": 0.17008003085072732, "ch1": 0.0092416141551804, "ch2": 0.09420642851199916, "di": 2.273477596270663, "dj": 0.5082647633020666, "dk": 0.04175923719280601, "vw_i": -0.5115173657739959, "vw_j": 0.14205775400995665, "kt": 10.819851689872644, "train_sc_a": [0.28893720050161764], "train_sc_v": [0.004425204578895221], "val_sc_a": 0, "val_sc_v": 0, "total_sc_a": 0, "total_sc_v": 0}