{"c1": 0.042252731178899765, "c2": 0.4391536077855383, "ch1": 0.01568051920353084, "ch2": 0.09952107780357494, "di": 2.547201571515216, "dj": 0.02928006319691751, "dk": 0.0, "vw_i": -0.5005767380118732, "vw_j": -0.021612430663134875, "kt": 11.410288026942046, "train_sc_a": [0.5578984108811806], "train_sc_v": [0.00528115604923444], "val_sc_a": 0, "val_sc_v": 0, "total_sc_a": 0, "total_sc_v": 0}