{"c1": 0.0459961325719188, "c2": 0.4849229983232879, "ch1": -0.00012524485868249387, "ch2": 0.10346300557338448, "di": 1.8950278630251973, "dj": 0.6317099285876081, "dk": 4.77977528567486, "vw_i": -0.26803553906182137, "vw_j": 0.7620004449728466, "kt": 12.06658265692013, "train_sc_a": [2.874048395280594], "train_sc_v": [0.015122145068110552], "val_sc_a": 0, "val_sc_v": 0, "total_sc_a": 0, "total_sc_v": 0}