{"c1": 0.05091424976241804, "c2": 0.46175519547180877, "ch1": -0.3067792084744293, "ch2": 0.08263139520734639, "di": 1.2804249629198512, "dj": 2.263511989038711, "dk": 0.0, "vw_i": 2.5251937117029764, "vw_j": 2.0758442237475236, "kt": 10.512307753162817, "train_sc_a": [13.218608301522421], "train_sc_v": [0.05195647517429517], "val_sc_a": 0, "val_sc_v": 0, "total_sc_a": 0, "total_sc_v": 0}