{"c1": 0.03354722877984936, "c2": 0.2757532394898388, "ch1": -0.019478900938102495, "ch2": 0.09630355101266017, "di": 2.48314643112738, "dj": 2.5669097159918537, "dk": 0.0, "vw_i": -1.1479281081063268, "vw_j": -0.42473522581654133, "kt": 7.573079657701329, "train_sc_a": [1.5833794829026338], "train_sc_v": [0.008082998603702289], "val_sc_a": 0, "val_sc_v": 0, "total_sc_a": 0, "total_sc_v": 0}