{"c1": 0.018370609284078188, "c2": 0.11191610554313886, "ch1": -0.0010870892040698863, "ch2": 0.09295481930091562, "di": 2.012825316970804, "dj": 0.9687378444522449, "dk": 0.033588051018784044, "vw_i": -1.8550475394809585, "vw_j": -0.7939605526207629, "kt": 8.206758701306306, "train_sc_a": [0.3425739042079999], "train_sc_v": [0.0036302048380823884], "val_sc_a": 0, "val_sc_v": 0, "total_sc_a": 0, "total_sc_v": 0}