{"c1": 0.049237078022426904, "c2": 0.5561096900073318, "ch1": 0.07992134482385078, "ch2": 0.11163842538879166, "di": 5.698751950911605, "dj": 2.424935210261193, "dk": 0.0, "vw_i": -0.36602336915216194, "vw_j": -1.16887370813473, "kt": 10.580320071653693, "train_sc_a": [1.6837022110288915], "train_sc_v": [0.007893996042585534], "val_sc_a": 0, "val_sc_v": 0, "total_sc_a": 0, "total_sc_v": 0}