{"c1": 0.054303614716416336, "c2": 0.5865124359909787, "ch1": -0.47769904093908183, "ch2": 0.07294232571605548, "di": 1.3671121394461796, "dj": 2.8294361395417487, "dk": 0.0, "vw_i": 1.0091719940911155, "vw_j": 1.5696941329362868, "kt": 8.565243242120903, "train_sc_a": [9.403450625549103], "train_sc_v": [0.03616916014982248], "val_sc_a": 0, "val_sc_v": 0, "total_sc_a": 0, "total_sc_v": 0}