{"c1": 0.04172613142723651, "c2": 0.44293387916013627, "ch1": 0.019228532214219798, "ch2": 0.09976390188178473, "di": 2.3291281540180284, "dj": 0.07568754795313672, "dk": 0.0, "vw_i": -0.6085081021310899, "vw_j": -0.28076949305165044, "kt": 11.156867591391105, "train_sc_a": [0.6409508379914782], "train_sc_v": [0.005403886162960121], "val_sc_a": 0, "val_sc_v": 0, "total_sc_a": 0, "total_sc_v": 0}