{"c1": 0.01904614797723649, "c2": 0.10530373093911301, "ch1": 0.007773924879398902, "ch2": 0.09351403407790096, "di": 0.9882453559213626, "dj": 0.9882453559213626, "dk": 1.2129359600061471, "vw_i": -1.763196611795618, "vw_j": -0.22067327510134818, "kt": 4.991468001192331, "train_sc_a": [0.27456582833240395], "train_sc_v": [0.0008032770725983695], "val_sc_a": 0, "val_sc_v": 0, "total_sc_a": 0, "total_sc_v": 0}