{"c1": 0.03339541356044759, "c2": 0.324704462261093, "ch1": 0.001901537146877815, "ch2": 0.09710387793929433, "di": 4.51373108141216, "dj": 2.684458739110758, "dk": 0.0102563507559586, "vw_i": -0.7086861790900087, "vw_j": 0.20974859031601617, "kt": 9.65636423939176, "train_sc_a": [0.8325453868406901], "train_sc_v": [0.005785685057101063], "val_sc_a": 0, "val_sc_v": 0, "total_sc_a": 0, "total_sc_v": 0}