{"c1": 0.027963197049443146, "c2": 0.2399868653132663, "ch1": -0.02000985301337102, "ch2": 0.0927742180361529, "di": 5.47006849378701, "dj": 1.8196114615190657, "dk": 0.7326198496148301, "vw_i": -1.2574425291914413, "vw_j": 0.07210568268141927, "kt": 11.604024751605943, "train_sc_a": [0.2928988620215478], "train_sc_v": [0.0015598505693976365], "val_sc_a": 0, "val_sc_v": 0, "total_sc_a": 0, "total_sc_v": 0}