{"c1": 0.04114399492527001, "c2": 0.4335833661947507, "ch1": 0.0030630897545254614, "ch2": 0.09664139280694406, "di": 3.4002694500757027, "dj": 9.284554433400123, "dk": 3.560445468761566, "vw_i": -0.014669298683515413, "vw_j": -0.8785701708979854, "kt": 10.638489877662021, "train_sc_a": [0.3931553176432606], "train_sc_v": [0.003131172524114017], "val_sc_a": 0, "val_sc_v": 0, "total_sc_a": 0, "total_sc_v": 0}