{"c1": 0.04521317752555015, "c2": 0.45767743608271644, "ch1": 0.0027455369175889985, "ch2": 0.1045577164250691, "di": 2.983276137082803, "dj": 4.627939789822608, "dk": 0.15572475975190592, "vw_i": 0.2092544487578006, "vw_j": 0.07560359877183001, "kt": 10.336183329263845, "train_sc_a": [0.8038157028875591], "train_sc_v": [0.005668647024534292], "val_sc_a": 0, "val_sc_v": 0, "total_sc_a": 0, "total_sc_v": 0}