{"c1": 0.04746379003510419, "c2": 0.4852668653336369, "ch1": -0.045012037209116035, "ch2": 0.10106141151949945, "di": 4.207701028059219, "dj": 3.7169052398952283, "dk": 0.0, "vw_i": -4.058382587017727, "vw_j": -0.8504288315076519, "kt": 9.917743268147728, "train_sc_a": [2.3254634942793366], "train_sc_v": [0.012065662456082064], "val_sc_a": 0, "val_sc_v": 0, "total_sc_a": 0, "total_sc_v": 0}