{"c1": 0.0417297335539698, "c2": 0.4430411104150322, "ch1": 0.017250949374246687, "ch2": 0.09962634680769956, "di": 2.3287258790806042, "dj": 0.045457053483135605, "dk": 0.0, "vw_i": -0.5631490135703644, "vw_j": -0.2180669474243856, "kt": 10.795085099749576, "train_sc_a": [0.5144143646672295], "train_sc_v": [0.003235445625552545], "val_sc_a": 0, "val_sc_v": 0, "total_sc_a": 0, "total_sc_v": 0}