{"c1": 0.027547586691865883, "c2": 0.22181928967332676, "ch1": 0.006377847537932012, "ch2": 0.0940287637417897, "di": 0.7646839098278586, "dj": 0.5145837067782121, "dk": 0.0, "vw_i": -1.2869834619914369, "vw_j": -0.2130701293939236, "kt": 13.076977281222534, "train_sc_a": [0.4847893390507684], "train_sc_v": [0.007615194266228206], "val_sc_a": 0, "val_sc_v": 0, "total_sc_a": 0, "total_sc_v": 0}