{"c1": 0.03479928613298094, "c2": 0.3145931016738539, "ch1": -0.46964493164324633, "ch2": 0.06337835058597382, "di": 4.600548794048471, "dj": 2.5810627150365995, "dk": 0.009861311758254583, "vw_i": 1.5730244437998866, "vw_j": 1.7597217326782366, "kt": 9.638858974662382, "train_sc_a": [6.358004999006602], "train_sc_v": [0.02398827534676711], "val_sc_a": 0, "val_sc_v": 0, "total_sc_a": 0, "total_sc_v": 0}