{"c1": 0.033637516650632686, "c2": 0.32295651939172515, "ch1": -0.008439727436343756, "ch2": 0.09637102033135987, "di": 4.5452635945670075, "dj": 2.755089112690427, "dk": 0.0, "vw_i": -0.6300535010310893, "vw_j": 0.27789680237452835, "kt": 9.652536902157248, "train_sc_a": [0.512108332264645], "train_sc_v": [0.004269645529095895], "val_sc_a": 0, "val_sc_v": 0, "total_sc_a": 0, "total_sc_v": 0}