{"c1": 0.03142918605939214, "c2": 0.28655677897722787, "ch1": 0.006868386914219816, "ch2": 0.09845547310743678, "di": 1.2809676293265093, "dj": 2.4239615583616105, "dk": 0.0, "vw_i": 0.25280566048738956, "vw_j": 0.48546104742294954, "kt": 7.197266954029724, "train_sc_a": [1.029742573830233], "train_sc_v": [0.006082436295397904], "val_sc_a": 0, "val_sc_v": 0, "total_sc_a": 0, "total_sc_v": 0}