{"c1": 0.028545862635927465, "c2": 0.24298126798222275, "ch1": 0.0018079841958054785, "ch2": 0.09669257833351425, "di": 1.4209540064419155, "dj": 1.7458286970950931, "dk": 0.18015441444342062, "vw_i": -1.0500220327497227, "vw_j": -0.23816979072246364, "kt": 10.758879937659357, "train_sc_a": [0.4684649695180062], "train_sc_v": [0.004912828405132953], "val_sc_a": 0, "val_sc_v": 0, "total_sc_a": 0, "total_sc_v": 0}