{"c1": 0.02808141850988224, "c2": 0.21765377196715865, "ch1": 0.00515192167854119, "ch2": 0.09395002944021037, "di": 0.8588882623676688, "dj": 0.6378590564521334, "dk": 0.0, "vw_i": -1.3474222136540568, "vw_j": -0.27989465848155803, "kt": 13.036806419750347, "train_sc_a": [0.2517170412532996], "train_sc_v": [0.0012316235221156554], "val_sc_a": 0, "val_sc_v": 0, "total_sc_a": 0, "total_sc_v": 0}