{"c1": 0.03959260084984121, "c2": 0.37712428347688576, "ch1": -0.01749985272864667, "ch2": 0.09600051347780192, "di": 0.8596183244417401, "dj": 1.254676511746163, "dk": 0.0, "vw_i": 1.1771921428476078, "vw_j": -0.08199602698184977, "kt": 12.686061484855799, "train_sc_a": [0.35299905149479716], "train_sc_v": [0.007770898152581033], "val_sc_a": 0, "val_sc_v": 0, "total_sc_a": 0, "total_sc_v": 0}