{"c1": 0.03537676725434072, "c2": 0.257880967656073, "ch1": -0.40279961075069165, "ch2": 0.06864711207211589, "di": 1.523896315195477, "dj": 2.2665347896159376, "dk": 0.37012571055598975, "vw_i": -2.3131048368890488, "vw_j": -0.9658952931369937, "kt": 8.083548501590505, "train_sc_a": [5.1478030456141965], "train_sc_v": [0.02021896167031361], "val_sc_a": 0, "val_sc_v": 0, "total_sc_a": 0, "total_sc_v": 0}