{"c1": 0.031138850022680634, "c2": 0.2693246545310723, "ch1": -0.01119306000588897, "ch2": 0.09506449995701238, "di": 5.321737167431928, "dj": 3.0747818587637044, "dk": 0.0, "vw_i": -1.946354419520585, "vw_j": -0.7218562825417907, "kt": 6.55188356554418, "train_sc_a": [0.30832084725863695], "train_sc_v": [0.005047144564385942], "val_sc_a": 0, "val_sc_v": 0, "total_sc_a": 0, "total_sc_v": 0}