{"c1": 0.018792298384734167, "c2": 0.11429983974954161, "ch1": -0.08302093486933501, "ch2": 0.0866181705458885, "di": 0.776299844848376, "dj": 1.5752711950086307, "dk": 0.3756845796578511, "vw_i": -1.5137747886722392, "vw_j": -0.5209330863749181, "kt": 7.755817503106889, "train_sc_a": [1.6824653105126743], "train_sc_v": [0.009861456691237083], "val_sc_a": 0, "val_sc_v": 0, "total_sc_a": 0, "total_sc_v": 0}