{"c1": 0.04402795591736418, "c2": 0.4654934866061464, "ch1": -0.024155960521522694, "ch2": 0.10330203209704544, "di": 3.020633859810265, "dj": 2.834974336297926, "dk": 0.0, "vw_i": 0.7243763719930686, "vw_j": -0.14592152197682626, "kt": 13.485969156743959, "train_sc_a": [3.3670148312314314], "train_sc_v": [0.01596480684684261], "val_sc_a": 0, "val_sc_v": 0, "total_sc_a": 0, "total_sc_v": 0}