{"c1": 0.018992246395110986, "c2": 0.10568406271414843, "ch1": 0.006245112776227905, "ch2": 0.09340541877917816, "di": 0.9872443976801334, "dj": 0.9616249674372637, "dk": 1.1561091388935962, "vw_i": -1.7554335405143597, "vw_j": -0.21738782932676654, "kt": 4.972342897915438, "train_sc_a": [0.26928020365921307], "train_sc_v": [0.0007920654570067803], "val_sc_a": 0, "val_sc_v": 0, "total_sc_a": 0, "total_sc_v": 0}