{"c1": 0.05525242606865241, "c2": 0.5796810379566829, "ch1": 0.03273960351063346, "ch2": 0.11205179247012705, "di": 2.7914338649972543, "dj": 8.802056098461504, "dk": 0.804189277691438, "vw_i": 0.2807725093579736, "vw_j": -0.02589472118884939, "kt": 9.483553824026659, "train_sc_a": [0.35306056788014384], "train_sc_v": [0.003510845818830431], "val_sc_a": 0, "val_sc_v": 0, "total_sc_a": 0, "total_sc_v": 0}