{"c1": 0.027244366944796608, "c2": 0.22865973426182895, "ch1": 0.003302969194182394, "ch2": 0.09396631272512784, "di": 1.3895495836262401, "dj": 0.5306798601259317, "dk": 0.5352455799828238, "vw_i": -1.560016806031864, "vw_j": -0.5292855282670051, "kt": 13.246133519409312, "train_sc_a": [1.439721798380676], "train_sc_v": [0.010485993956687135], "val_sc_a": 0, "val_sc_v": 0, "total_sc_a": 0, "total_sc_v": 0}