{"c1": 0.020414432965057783, "c2": 0.13793308944681862, "ch1": 0.0011033427421145868, "ch2": 0.09447028737841463, "di": 2.2720848656601644, "dj": 0.32517655058341544, "dk": 4.840589161431703, "vw_i": -0.3280185276012352, "vw_j": 0.2207709385652416, "kt": 8.899825933859601, "train_sc_a": [0.5085645352879358], "train_sc_v": [0.007129762557977589], "val_sc_a": 0, "val_sc_v": 0, "total_sc_a": 0, "total_sc_v": 0}