{"c1": 0.039038997907360554, "c2": 0.3884618775210573, "ch1": 0.3410131207768207, "ch2": 0.12243351301693094, "di": 11.778696598615323, "dj": 21.987128135372394, "dk": 0.0, "vw_i": 0.2507930536101477, "vw_j": -0.7396637631928107, "kt": 12.357140442723127, "train_sc_a": [10.395676616380943], "train_sc_v": [0.041025006836758776], "val_sc_a": 0, "val_sc_v": 0, "total_sc_a": 0, "total_sc_v": 0}