{"c1": 0.03864388704861083, "c2": 0.3741776279755124, "ch1": -0.07647200091058422, "ch2": 0.0916047821560423, "di": 1.8156525765475056, "dj": 1.5330990487962277, "dk": 0.0, "vw_i": -1.1930868078896928, "vw_j": 0.2643465919474496, "kt": 7.97998476720308, "train_sc_a": [2.157769802267498], "train_sc_v": [0.01086394840531597], "val_sc_a": 0, "val_sc_v": 0, "total_sc_a": 0, "total_sc_v": 0}