{"c1": 0.024045926355777143, "c2": 0.18015016183077626, "ch1": -0.022369326874438253, "ch2": 0.09158734619953969, "di": 3.4982328581901485, "dj": 3.808874726881723, "dk": 0.9673076384484638, "vw_i": -2.51313178228252, "vw_j": -1.1166243138137097, "kt": 13.724633527943435, "train_sc_a": [0.6095767472857413], "train_sc_v": [0.009332518633970341], "val_sc_a": 0, "val_sc_v": 0, "total_sc_a": 0, "total_sc_v": 0}