{"c1": 0.05164247009851037, "c2": 0.5262127452064792, "ch1": 0.010633563630277221, "ch2": 0.10709237998225739, "di": 1.1305950970536696, "dj": 0.5343157657488952, "dk": 0.0, "vw_i": 0.030959981981710412, "vw_j": 0.416305306822365, "kt": 10.28540084374035, "train_sc_a": [2.8728938871813816], "train_sc_v": [0.013766747049967276], "val_sc_a": 0, "val_sc_v": 0, "total_sc_a": 0, "total_sc_v": 0}