{"c1": 0.05165412634941902, "c2": 0.5345228104160443, "ch1": 0.0024691372285117683, "ch2": 0.10773936596704686, "di": 3.9855857414967626, "dj": 3.6170006755439, "dk": 0.0, "vw_i": -1.5151108911983633, "vw_j": -0.16567805182258868, "kt": 9.828636789941692, "train_sc_a": [0.4198826454743259], "train_sc_v": [0.006665449144284686], "val_sc_a": 0, "val_sc_v": 0, "total_sc_a": 0, "total_sc_v": 0}