{"c1": 0.02437861315632591, "c2": 0.18745000592643812, "ch1": -0.013860978427282952, "ch2": 0.09223881525846742, "di": 4.713984808347258, "dj": 5.491562905502486, "dk": 4.190754200291178, "vw_i": -1.2189608465343977, "vw_j": -0.3764673635049677, "kt": 12.620755311600085, "train_sc_a": [0.9103010909733704], "train_sc_v": [0.008549237749895673], "val_sc_a": 0, "val_sc_v": 0, "total_sc_a": 0, "total_sc_v": 0}