{"c1": 0.048321421542356274, "c2": 0.4780632651044284, "ch1": -0.01857716894030089, "ch2": 0.10274635489596506, "di": 6.5508282601494505, "dj": 1.8737960756032224, "dk": 0.0, "vw_i": -2.274311858179545, "vw_j": -0.23949350457047636, "kt": 10.071320856924034, "train_sc_a": [1.25728248636344], "train_sc_v": [0.006586227454142386], "val_sc_a": 0, "val_sc_v": 0, "total_sc_a": 0, "total_sc_v": 0}