{"c1": 0.050379534164644274, "c2": 0.5451244258630531, "ch1": -0.1832458490813232, "ch2": 0.09413939887983278, "di": 4.094226144885989, "dj": 3.3126938151635086, "dk": 0.0, "vw_i": -1.4044373939839687, "vw_j": -0.7097202918340108, "kt": 8.113314591024068, "train_sc_a": [0.4135438055952751], "train_sc_v": [0.00269100823914974], "val_sc_a": 0, "val_sc_v": 0, "total_sc_a": 0, "total_sc_v": 0}