{"c1": 0.033480334793320674, "c2": 0.323619298942415, "ch1": -0.0003473238231605593, "ch2": 0.09693766785694433, "di": 3.984893060151223, "dj": 3.0761320648045727, "dk": 0.0, "vw_i": -0.5569955814154033, "vw_j": -0.23703422062522836, "kt": 9.736782918622353, "train_sc_a": [0.2960988783046518], "train_sc_v": [0.0045379755696611885], "val_sc_a": 0, "val_sc_v": 0, "total_sc_a": 0, "total_sc_v": 0}