{"c1": 0.03214123447125935, "c2": 0.2971167109799846, "ch1": 0.003819582475714391, "ch2": 0.09821889064192588, "di": 5.339596445833732, "dj": 4.2421439154019955, "dk": 0.0, "vw_i": -0.36136815165414393, "vw_j": 0.17625895902154046, "kt": 8.841732784242327, "train_sc_a": [0.3647230401311058], "train_sc_v": [0.0032613702087015087], "val_sc_a": 0, "val_sc_v": 0, "total_sc_a": 0, "total_sc_v": 0}