{"c1": 0.03349866178615601, "c2": 0.2855451224089859, "ch1": -0.007385118442050973, "ch2": 0.0963793704868276, "di": 1.7765750926908277, "dj": 1.847043711945244, "dk": 0.0, "vw_i": -1.593094672355486, "vw_j": -0.4296558226018019, "kt": 8.938804957688612, "train_sc_a": [0.728190053140483], "train_sc_v": [0.006568863727473727], "val_sc_a": 0, "val_sc_v": 0, "total_sc_a": 0, "total_sc_v": 0}