{"c1": 0.046497557387974446, "c2": 0.49438201337976334, "ch1": -0.0049533327278907125, "ch2": 0.10448243846909926, "di": 1.687456744339276, "dj": 2.654408050676433, "dk": 0.0, "vw_i": -0.6589796363681987, "vw_j": -0.340922785644861, "kt": 9.817299474134803, "train_sc_a": [0.9444940051996674], "train_sc_v": [0.0068886862388784515], "val_sc_a": 0, "val_sc_v": 0, "total_sc_a": 0, "total_sc_v": 0}