{"c1": 0.03213905443425693, "c2": 0.29711884199859623, "ch1": 0.005009668484391603, "ch2": 0.09830440245558264, "di": 5.150560704091217, "dj": 4.463077360026917, "dk": 0.0, "vw_i": -0.3822462085899784, "vw_j": -0.0015925772720988898, "kt": 8.824835702768988, "train_sc_a": [0.3602698780563907], "train_sc_v": [0.0032512837088311316], "val_sc_a": 0, "val_sc_v": 0, "total_sc_a": 0, "total_sc_v": 0}