{"c1": 0.054355033242571266, "c2": 0.586009081091205, "ch1": -0.0010785749139565351, "ch2": 0.10926485103804037, "di": 1.0411295647062158, "dj": 4.022565265946701, "dk": 0.0, "vw_i": -1.7773034495611475, "vw_j": -0.41529444286177025, "kt": 8.940258644520158, "train_sc_a": [0.7826562956099011], "train_sc_v": [0.010866242353063911], "val_sc_a": 0, "val_sc_v": 0, "total_sc_a": 0, "total_sc_v": 0}