{"c1": 0.03426042627760961, "c2": 0.3984240974781499, "ch1": 0.010268527471070588, "ch2": 0.09778316961361382, "di": 0.9514350479830285, "dj": 1.5673866622984824, "dk": 0.31083262085195984, "vw_i": -0.7187180930895978, "vw_j": 0.016918946458679935, "kt": 8.88576440493973, "train_sc_a": [1.812967372119165], "train_sc_v": [0.005603147615205881], "val_sc_a": 0, "val_sc_v": 0, "total_sc_a": 0, "total_sc_v": 0}