{"c1": 0.02737516999030682, "c2": 0.2378754822671334, "ch1": -0.008190034082626498, "ch2": 0.09357275423070177, "di": 4.185190981958355, "dj": 1.285852413915952, "dk": 0.0, "vw_i": -2.077898470796753, "vw_j": -0.5385792439328814, "kt": 12.794165939350647, "train_sc_a": [0.48931730128155115], "train_sc_v": [0.004696486915834611], "val_sc_a": 0, "val_sc_v": 0, "total_sc_a": 0, "total_sc_v": 0}