{"c1": 0.05529894202479531, "c2": 0.5789965736345686, "ch1": 0.01012014168669123, "ch2": 0.10999101335139987, "di": 0.8525044633734555, "dj": 4.707029860403559, "dk": 0.05481812605557454, "vw_i": -0.9155488590817029, "vw_j": 0.10724560363695362, "kt": 8.687462456575547, "train_sc_a": [0.5616937465056724], "train_sc_v": [0.006431323473844697], "val_sc_a": 0, "val_sc_v": 0, "total_sc_a": 0, "total_sc_v": 0}