{"c1": 0.03254079654828074, "c2": 0.2783939935807888, "ch1": -0.022764559483298676, "ch2": 0.09634647285209898, "di": 1.4745212076365821, "dj": 3.0024969010586906, "dk": 0.21763280898357473, "vw_i": -0.008240475029542492, "vw_j": 0.1617958328128298, "kt": 7.497453322861679, "train_sc_a": [0.3974471811414366], "train_sc_v": [0.004074956904030897], "val_sc_a": 0, "val_sc_v": 0, "total_sc_a": 0, "total_sc_v": 0}