{"c1": 0.041892494706681535, "c2": 0.441104333334795, "ch1": -0.05439469890066263, "ch2": 0.09410983649106544, "di": 6.407153980615435, "dj": 4.928597057852213, "dk": 2.4098308039334078, "vw_i": -0.2683386416642901, "vw_j": 0.09330529014587596, "kt": 11.299500229330421, "train_sc_a": [1.5357340411032792], "train_sc_v": [0.007967897522600168], "val_sc_a": 0, "val_sc_v": 0, "total_sc_a": 0, "total_sc_v": 0}