{"c1": 0.04317092264100081, "c2": 0.41770333340416194, "ch1": 0.01676630885566811, "ch2": 0.09959958517954763, "di": 2.362236165067912, "dj": 0.0, "dk": 0.0, "vw_i": -0.3759746189067134, "vw_j": 0.11355480608440621, "kt": 10.989742009113348, "train_sc_a": [1.376969499491715], "train_sc_v": [0.007475045906862386], "val_sc_a": 0, "val_sc_v": 0, "total_sc_a": 0, "total_sc_v": 0}