{"c1": 0.03263673070343805, "c2": 0.2922285717633811, "ch1": -0.030952697565287172, "ch2": 0.09570370090685734, "di": 5.780752951498003, "dj": 2.7569599182120847, "dk": 0.0, "vw_i": 0.04195186011805602, "vw_j": 0.6840589290038384, "kt": 9.751815208385157, "train_sc_a": [0.4351577774266487], "train_sc_v": [0.007879653746338654], "val_sc_a": 0, "val_sc_v": 0, "total_sc_a": 0, "total_sc_v": 0}