{"c1": 0.04452693748534583, "c2": 0.4621971430591463, "ch1": 0.0034253455921001955, "ch2": 0.10463991475895283, "di": 2.611074530778335, "dj": 3.810392457309083, "dk": 0.0, "vw_i": -0.09360237440620545, "vw_j": 0.6370159141959986, "kt": 11.031648697778802, "train_sc_a": [0.5966548075185654], "train_sc_v": [0.01103007953000757], "val_sc_a": 0, "val_sc_v": 0, "total_sc_a": 0, "total_sc_v": 0}