{"c1": 0.027493635116924233, "c2": 0.21900144445949407, "ch1": 0.009773287783035831, "ch2": 0.0942548870593379, "di": 0.8851394567772404, "dj": 0.6382189166019919, "dk": 2.4682631840144205, "vw_i": -1.084479449980321, "vw_j": -0.29974923267510906, "kt": 12.891473982842507, "train_sc_a": [0.24889715205190932], "train_sc_v": [0.0015231393795856673], "val_sc_a": 0, "val_sc_v": 0, "total_sc_a": 0, "total_sc_v": 0}