{"c1": 0.043509072495561955, "c2": 0.4685096577105681, "ch1": 0.004124896336987244, "ch2": 0.10436691590910098, "di": 2.751393995947551, "dj": 1.4434013283517082, "dk": 0.18907608343893045, "vw_i": -0.7341096693702827, "vw_j": 0.42951591279680246, "kt": 10.721942603290765, "train_sc_a": [0.24168402148163554], "train_sc_v": [0.0025785626456925055], "val_sc_a": 0, "val_sc_v": 0, "total_sc_a": 0, "total_sc_v": 0}