{"c1": 0.03297728461559398, "c2": 0.32003621600490095, "ch1": -0.029064754735421052, "ch2": 0.09508367605423797, "di": 3.718056335650154, "dj": 3.160611740118312, "dk": 0.0, "vw_i": -0.0397915236513883, "vw_j": -0.3379802106352249, "kt": 9.969409642216553, "train_sc_a": [0.42381131810962475], "train_sc_v": [0.0057705006609452434], "val_sc_a": 0, "val_sc_v": 0, "total_sc_a": 0, "total_sc_v": 0}