{"c1": 0.04266407855432352, "c2": 0.43601670841481116, "ch1": -0.018645615949085363, "ch2": 0.0966954189944553, "di": 1.8519338922224988, "dj": 1.875984484754514, "dk": 0.0, "vw_i": 1.1548462463594258, "vw_j": 0.5708323912053999, "kt": 11.649945676425745, "train_sc_a": [0.2761839454444839], "train_sc_v": [0.004361102296909987], "val_sc_a": 0, "val_sc_v": 0, "total_sc_a": 0, "total_sc_v": 0}