{"c1": 0.020455200084053455, "c2": 0.12052813049306643, "ch1": 0.017715448295096185, "ch2": 0.09494676446033835, "di": 2.667255241744335, "dj": 4.815747167621204, "dk": 1.079088461351108, "vw_i": -0.3118809641992695, "vw_j": -0.23556954695473625, "kt": 8.51221084987003, "train_sc_a": [0.3485502936074965], "train_sc_v": [0.003453013653639906], "val_sc_a": 0, "val_sc_v": 0, "total_sc_a": 0, "total_sc_v": 0}