{"c1": 0.020476586807527907, "c2": 0.12036432257339143, "ch1": 0.04643736708509251, "ch2": 0.09713637365536515, "di": 2.6735796681762714, "dj": 6.022071716102947, "dk": 1.0711884927797792, "vw_i": -0.7165298195301129, "vw_j": -0.4748063960589356, "kt": 8.511185520881076, "train_sc_a": [1.16397215374574], "train_sc_v": [0.005429118474869292], "val_sc_a": 0, "val_sc_v": 0, "total_sc_a": 0, "total_sc_v": 0}