{"c1": 0.036156162952046024, "c2": 0.3031671448696631, "ch1": -0.008823077012485516, "ch2": 0.0962679458347896, "di": 4.740902128183407, "dj": 2.2976925045328906, "dk": 0.0, "vw_i": -0.971590929913675, "vw_j": 0.13761171093462374, "kt": 9.47517570636735, "train_sc_a": [0.3582614081859884], "train_sc_v": [0.0038104306851283057], "val_sc_a": 0, "val_sc_v": 0, "total_sc_a": 0, "total_sc_v": 0}