{"c1": 0.02434248316284209, "c2": 0.1875241092303132, "ch1": -0.0596327330246361, "ch2": 0.08915693668219123, "di": 4.750229943368123, "dj": 5.261192363908088, "dk": 4.001739364652256, "vw_i": -1.3556883462169407, "vw_j": -0.5721110657420498, "kt": 12.593456316726815, "train_sc_a": [0.8937618334618829], "train_sc_v": [0.0024341637147146126], "val_sc_a": 0, "val_sc_v": 0, "total_sc_a": 0, "total_sc_v": 0}