{"c1": 0.0458045524990774, "c2": 0.4515279749666973, "ch1": -0.4821650163477693, "ch2": 0.06958091992745073, "di": 2.7563667847275077, "dj": 3.8018018380066474, "dk": 0.0, "vw_i": -0.19977895696732495, "vw_j": -0.45974889424941795, "kt": 10.329340944276913, "train_sc_a": [24.454570873493733], "train_sc_v": [0.094129050296428], "val_sc_a": 0, "val_sc_v": 0, "total_sc_a": 0, "total_sc_v": 0}