{"c1": 0.04791079087970171, "c2": 0.4624203803768329, "ch1": -0.13314530196794694, "ch2": 0.09312006124524293, "di": 8.380949019881056, "dj": 8.599902739034752, "dk": 0.0, "vw_i": -0.8060722105168344, "vw_j": -1.0921705189806077, "kt": 12.08242031121795, "train_sc_a": [1.2454933111165603], "train_sc_v": [0.007387004685383208], "val_sc_a": 0, "val_sc_v": 0, "total_sc_a": 0, "total_sc_v": 0}