{"c1": 0.04557331521536084, "c2": 0.4527863065352433, "ch1": -0.023274413903153848, "ch2": 0.10333701459800104, "di": 4.192377937564698, "dj": 1.385405794553946, "dk": 0.0, "vw_i": 3.0706831472987988, "vw_j": 1.053429438247775, "kt": 13.401571431684495, "train_sc_a": [0.38822172052326775], "train_sc_v": [0.0013498019590916712], "val_sc_a": 0, "val_sc_v": 0, "total_sc_a": 0, "total_sc_v": 0}