{"c1": 0.03551255896148125, "c2": 0.3533198943697442, "ch1": 0.005825852679929574, "ch2": 0.09741129701914741, "di": 0.8615506211519954, "dj": 1.5690967296632525, "dk": 0.0, "vw_i": -0.8091063272579928, "vw_j": -0.09253580753707216, "kt": 9.549149872126497, "train_sc_a": [0.5284883224594839], "train_sc_v": [0.0031552512684937147], "val_sc_a": 0, "val_sc_v": 0, "total_sc_a": 0, "total_sc_v": 0}