{"c1": 0.05879930589864973, "c2": 0.5579587978801318, "ch1": -0.00552573573211388, "ch2": 0.1096265468545297, "di": 2.6285307643006472, "dj": 0.9822240801759987, "dk": 2.3806556060988435, "vw_i": -0.8165092246694063, "vw_j": -0.9611043104820873, "kt": 9.386703583029524, "train_sc_a": [0.4897299158015318], "train_sc_v": [0.0010832087518035938], "val_sc_a": 0, "val_sc_v": 0, "total_sc_a": 0, "total_sc_v": 0}