{"c1": 0.05149616676601494, "c2": 0.5607200553533679, "ch1": -0.009644294824540297, "ch2": 0.10698084462405401, "di": 1.5702756791915726, "dj": 7.75527704063966, "dk": 0.0, "vw_i": -1.6075131135851701, "vw_j": -0.4729825755582296, "kt": 10.660892734329467, "train_sc_a": [0.2383066493567839], "train_sc_v": [0.0007328974983813133], "val_sc_a": 0, "val_sc_v": 0, "total_sc_a": 0, "total_sc_v": 0}