{"c1": 0.038470659835602765, "c2": 0.3760380242385395, "ch1": -0.001805770870424397, "ch2": 0.096998961737903, "di": 3.2914406389865034, "dj": 2.2853153254186727, "dk": 0.8731219092111383, "vw_i": -1.080795510692238, "vw_j": -0.17254737925437896, "kt": 10.502722083712367, "train_sc_a": [0.9566589892949691], "train_sc_v": [0.00816539880650413], "val_sc_a": 0, "val_sc_v": 0, "total_sc_a": 0, "total_sc_v": 0}