{"c1": 0.0442103079268947, "c2": 0.4648199171758206, "ch1": 0.13569930968517324, "ch2": 0.11410885973867745, "di": 1.5403966561737497, "dj": 7.103583662347004, "dk": 0.0, "vw_i": -0.004455067054204009, "vw_j": -0.10121068843094436, "kt": 11.312437854183575, "train_sc_a": [1.3283602792840155], "train_sc_v": [0.005256313839026347], "val_sc_a": 0, "val_sc_v": 0, "total_sc_a": 0, "total_sc_v": 0}