{"c1": 0.039046257604139836, "c2": 0.3884176509474446, "ch1": -0.02107071333142758, "ch2": 0.0957889808764149, "di": 2.71065453091672, "dj": 6.458121750955308, "dk": 0.0, "vw_i": -0.5075103964683016, "vw_j": -0.11024596702065764, "kt": 12.363052815243423, "train_sc_a": [0.6114608806440439], "train_sc_v": [0.008143214240639025], "val_sc_a": 0, "val_sc_v": 0, "total_sc_a": 0, "total_sc_v": 0}