{"c1": 0.029015438576722646, "c2": 0.2344406489900627, "ch1": 0.01912403819936159, "ch2": 0.0979628776115466, "di": 2.3092344527534956, "dj": 1.2657708444993938, "dk": 0.1438159898546762, "vw_i": -0.9870538646925786, "vw_j": 0.19851065721998878, "kt": 10.88896505590996, "train_sc_a": [0.5846651685661814], "train_sc_v": [0.006470771457989821], "val_sc_a": 0, "val_sc_v": 0, "total_sc_a": 0, "total_sc_v": 0}