{"c1": 0.0431399092314336, "c2": 0.43188724846497917, "ch1": -0.020785455449712872, "ch2": 0.09644311313968532, "di": 8.407255698623242, "dj": 4.205400385953107, "dk": 0.0, "vw_i": -0.8333099216904484, "vw_j": -0.4492395170606647, "kt": 10.534265178193875, "train_sc_a": [0.24718381890327018], "train_sc_v": [0.0014784543940715874], "val_sc_a": 0, "val_sc_v": 0, "total_sc_a": 0, "total_sc_v": 0}