{"c1": 0.05356911855707715, "c2": 0.5967131551361957, "ch1": -0.044361002709495015, "ch2": 0.10636322630199531, "di": 4.137870896703888, "dj": 5.662365155253195, "dk": 0.0, "vw_i": -0.25579670744764355, "vw_j": 0.15870227820376573, "kt": 9.176453025523754, "train_sc_a": [0.2623244443320798], "train_sc_v": [0.0014379622896985799], "val_sc_a": 0, "val_sc_v": 0, "total_sc_a": 0, "total_sc_v": 0}