{"c1": 0.03667409698627171, "c2": 0.384330679507464, "ch1": 0.006775493629785228, "ch2": 0.09754999915097542, "di": 2.0726322972208386, "dj": 0.6196880729469741, "dk": 0.0, "vw_i": -0.9384698089954113, "vw_j": -0.10465005051252732, "kt": 8.015930199688876, "train_sc_a": [0.3761264780337777], "train_sc_v": [0.004181637753267293], "val_sc_a": 0, "val_sc_v": 0, "total_sc_a": 0, "total_sc_v": 0}