{"c1": 0.06116023463687196, "c2": 0.5391714598971116, "ch1": -0.023866622961610896, "ch2": 0.10803784348167178, "di": 2.6198941298513674, "dj": 0.4934394586120263, "dk": 3.624457750556992, "vw_i": -0.9503345702298326, "vw_j": -1.1410864620323802, "kt": 9.560231750831262, "train_sc_a": [1.0261387141006215], "train_sc_v": [0.005683827921220692], "val_sc_a": 0, "val_sc_v": 0, "total_sc_a": 0, "total_sc_v": 0}