{"c1": 0.04510638337558774, "c2": 0.45786536170875225, "ch1": -0.029702821449407665, "ch2": 0.10274210520299977, "di": 3.237676412399651, "dj": 1.5479506718686118, "dk": 0.0, "vw_i": 0.6577395334856979, "vw_j": -0.28680509026339573, "kt": 12.947957243852523, "train_sc_a": [0.4905133250678329], "train_sc_v": [0.0025134775616357722], "val_sc_a": 0, "val_sc_v": 0, "total_sc_a": 0, "total_sc_v": 0}