{"c1": 0.04526971081889255, "c2": 0.4567766706832311, "ch1": -0.005747633375825979, "ch2": 0.10394879196707968, "di": 2.9052785605022144, "dj": 2.8960253925379065, "dk": 0.0, "vw_i": -0.45584987677680655, "vw_j": 0.6013770370846292, "kt": 11.379966917942355, "train_sc_a": [0.7696139000653499], "train_sc_v": [0.011827823351133521], "val_sc_a": 0, "val_sc_v": 0, "total_sc_a": 0, "total_sc_v": 0}