{"c1": 0.03872003605348028, "c2": 0.38839309209328143, "ch1": -0.02343982339594925, "ch2": 0.09560301871126604, "di": 2.698577465563451, "dj": 7.676729493901854, "dk": 0.0, "vw_i": 0.6188965548620955, "vw_j": -0.5826307340581484, "kt": 12.022141019179514, "train_sc_a": [0.5668447735311722], "train_sc_v": [0.009425180726997285], "val_sc_a": 0, "val_sc_v": 0, "total_sc_a": 0, "total_sc_v": 0}