{"c1": 0.03828952076888564, "c2": 0.33124038009700996, "ch1": 0.006338648796535907, "ch2": 0.09745026319515807, "di": 0.8666610731554298, "dj": 1.5903746185646117, "dk": 0.0, "vw_i": -0.9808421184087456, "vw_j": -0.17945536572596207, "kt": 9.379700934316647, "train_sc_a": [0.707420485804618], "train_sc_v": [0.007935124221489264], "val_sc_a": 0, "val_sc_v": 0, "total_sc_a": 0, "total_sc_v": 0}