{"c1": 0.05469554079323291, "c2": 0.5837042378640025, "ch1": 0.06843931448298654, "ch2": 0.11481827303270369, "di": 5.451255021858636, "dj": 8.352334245079797, "dk": 0.9738407271530416, "vw_i": 1.0078907142900375, "vw_j": -0.3225118984096137, "kt": 9.492087341001163, "train_sc_a": [0.9878375564404569], "train_sc_v": [0.007218627312863085], "val_sc_a": 0, "val_sc_v": 0, "total_sc_a": 0, "total_sc_v": 0}