{"c1": 0.0384413093323038, "c2": 0.3922228953215275, "ch1": -0.007126924091736777, "ch2": 0.09656877730816979, "di": 2.119310554606357, "dj": 4.731995173704117, "dk": 0.0, "vw_i": -1.8116939297759236, "vw_j": -0.14820814211928485, "kt": 11.346903043490391, "train_sc_a": [0.2720879889788166], "train_sc_v": [0.0010444276141879875], "val_sc_a": 0, "val_sc_v": 0, "total_sc_a": 0, "total_sc_v": 0}