{"c1": 0.024039793527231925, "c2": 0.1791498535779979, "ch1": -0.014413630196121427, "ch2": 0.09201759509997401, "di": 3.8222659852658207, "dj": 1.383503580732061, "dk": 2.703755134878609, "vw_i": -2.170345832938734, "vw_j": -1.0450194007891327, "kt": 14.627385179071794, "train_sc_a": [0.4890949585910712], "train_sc_v": [0.008397446603573182], "val_sc_a": 0, "val_sc_v": 0, "total_sc_a": 0, "total_sc_v": 0}