{"c1": 0.019688519121818262, "c2": 0.11559263309617188, "ch1": 0.021503001207737446, "ch2": 0.09418282495874294, "di": 2.195738265663663, "dj": 1.1481010365752764, "dk": 0.6901023510944684, "vw_i": -1.8622474147003418, "vw_j": -0.9986749664014978, "kt": 8.962993963002393, "train_sc_a": [0.28030860230944554], "train_sc_v": [0.0032461190346517723], "val_sc_a": 0, "val_sc_v": 0, "total_sc_a": 0, "total_sc_v": 0}