{"c1": 0.01899343408943358, "c2": 0.1056726313559969, "ch1": 0.006025424535460675, "ch2": 0.09338967728513957, "di": 0.9886311211268395, "dj": 0.957722065149125, "dk": 1.1428000748197453, "vw_i": -1.7543113919575914, "vw_j": -0.2164606276308911, "kt": 4.952638717014624, "train_sc_a": [0.2693150266368904], "train_sc_v": [0.0007845543368068252], "val_sc_a": 0, "val_sc_v": 0, "total_sc_a": 0, "total_sc_v": 0}