{"c1": 0.01899224639310571, "c2": 0.10568406273000171, "ch1": 0.006245112896228152, "ch2": 0.09340541878779142, "di": 0.9872443971246366, "dj": 0.9616249705631402, "dk": 1.1561091449097811, "vw_i": -1.7554335415139817, "vw_j": -0.21738782995603997, "kt": 4.972342908431637, "train_sc_a": [0.26928020365212657], "train_sc_v": [0.0007920654628074367], "val_sc_a": 0, "val_sc_v": 0, "total_sc_a": 0, "total_sc_v": 0}