{"c1": 0.02753684335008523, "c2": 0.2221325490457493, "ch1": 0.01355492586594349, "ch2": 0.09472272522502395, "di": 0.7968289315497423, "dj": 0.0984424307355339, "dk": 0.0, "vw_i": -1.4077971392563637, "vw_j": -0.49519589234863964, "kt": 12.402120607380029, "train_sc_a": [0.4495310987662246], "train_sc_v": [0.0037005496204259468], "val_sc_a": 0, "val_sc_v": 0, "total_sc_a": 0, "total_sc_v": 0}