{"c1": 0.053278541608707, "c2": 0.5446150608370981, "ch1": -0.04043442497198374, "ch2": 0.10453998205758736, "di": 8.911468281877374, "dj": 5.3110818209143575, "dk": 1.1742961141267325, "vw_i": 0.3352654966124804, "vw_j": -0.1918522517617265, "kt": 8.710779177345884, "train_sc_a": [0.7745252099523521], "train_sc_v": [0.007264685443174424], "val_sc_a": 0, "val_sc_v": 0, "total_sc_a": 0, "total_sc_v": 0}