{"c1": 0.041829829537528104, "c2": 0.4418496324756518, "ch1": -0.03601835434305514, "ch2": 0.09547967272032401, "di": 2.7156571499353745, "dj": 3.001331417742335, "dk": 0.0, "vw_i": 0.9582153270541629, "vw_j": 0.5088601131859474, "kt": 11.556249074617467, "train_sc_a": [1.2503122715134647], "train_sc_v": [0.010521191380338829], "val_sc_a": 0, "val_sc_v": 0, "total_sc_a": 0, "total_sc_v": 0}