{"c1": 0.054685905850200715, "c2": 0.5835679411251954, "ch1": -0.01208469776356003, "ch2": 0.10844646566314525, "di": 0.7592927529666997, "dj": 3.856265668633088, "dk": 0.0, "vw_i": -1.5223201055512334, "vw_j": -0.23957138474899844, "kt": 8.678401281405666, "train_sc_a": [0.9021771630151145], "train_sc_v": [0.01095308828198843], "val_sc_a": 0, "val_sc_v": 0, "total_sc_a": 0, "total_sc_v": 0}