{"c1": 0.04585722057487905, "c2": 0.4864053999268073, "ch1": 0.00986614449973413, "ch2": 0.10440860497712498, "di": 0.1805677246131799, "dj": 2.2944517237813313, "dk": 0.700189074368626, "vw_i": 0.31465510766894034, "vw_j": 0.3349634622406925, "kt": 11.852128570641945, "train_sc_a": [0.7698352903864415], "train_sc_v": [0.007355889545454188], "val_sc_a": 0, "val_sc_v": 0, "total_sc_a": 0, "total_sc_v": 0}