{"c1": 0.030855150191829456, "c2": 0.2906166608836038, "ch1": 0.021051797945148644, "ch2": 0.09951802949450317, "di": 1.2944422578630401, "dj": 1.9541293304839797, "dk": 0.8048495768971424, "vw_i": -0.3094148196977193, "vw_j": -0.08250648487856405, "kt": 7.612697715783217, "train_sc_a": [0.3074802968525242], "train_sc_v": [0.0016988818118791273], "val_sc_a": 0, "val_sc_v": 0, "total_sc_a": 0, "total_sc_v": 0}