{"c1": 0.023575670238255308, "c2": 0.18399802828189848, "ch1": -0.013425100264396382, "ch2": 0.09230406891859264, "di": 3.716070150279174, "dj": 2.9958396239643266, "dk": 1.7626998498913444, "vw_i": -2.137505003021867, "vw_j": -0.883492390443965, "kt": 13.774428586837459, "train_sc_a": [0.37180046171773756], "train_sc_v": [0.0013098203520202716], "val_sc_a": 0, "val_sc_v": 0, "total_sc_a": 0, "total_sc_v": 0}