{"c1": 0.045792665709516574, "c2": 0.4516128346788123, "ch1": -0.03805774908241245, "ch2": 0.10144275450485236, "di": 2.9424947912201467, "dj": 3.1602364023659604, "dk": 0.0, "vw_i": 0.3011781943105212, "vw_j": 0.03994694189809005, "kt": 10.329146907144516, "train_sc_a": [0.512073525792202], "train_sc_v": [0.005030486099615699], "val_sc_a": 0, "val_sc_v": 0, "total_sc_a": 0, "total_sc_v": 0}