{"c1": 0.053113807904313914, "c2": 0.5252337155528048, "ch1": -0.42819058941502236, "ch2": 0.07561408543744264, "di": 5.834997973494886, "dj": 4.417558365609245, "dk": 0.13833619410350056, "vw_i": 2.9318538381811035, "vw_j": 2.174612523776605, "kt": 8.84908260314161, "train_sc_a": [9.546826949198065], "train_sc_v": [0.04177340387318289], "val_sc_a": 0, "val_sc_v": 0, "total_sc_a": 0, "total_sc_v": 0}