{"c1": 0.02423911569742107, "c2": 0.17817608157373954, "ch1": -0.009371658573649433, "ch2": 0.09243239488977512, "di": 3.7088430576272113, "dj": 2.083081136542035, "dk": 0.0, "vw_i": -2.3140793122925234, "vw_j": -0.8672068996352794, "kt": 12.517475902388064, "train_sc_a": [0.23655048632269765], "train_sc_v": [0.0008379323751374505], "val_sc_a": 0, "val_sc_v": 0, "total_sc_a": 0, "total_sc_v": 0}