{"c1": 0.04507978177235067, "c2": 0.45772195324450726, "ch1": -0.012848427703031226, "ch2": 0.1041438586175675, "di": 3.5012564203125938, "dj": 1.9974355268363129, "dk": 0.05326165843363243, "vw_i": 0.8196658910113934, "vw_j": -0.43088939617741184, "kt": 13.658629895299013, "train_sc_a": [0.8454811966767887], "train_sc_v": [0.008176710435715887], "val_sc_a": 0, "val_sc_v": 0, "total_sc_a": 0, "total_sc_v": 0}