{"c1": 0.04712155634888211, "c2": 0.471720865758416, "ch1": -0.16320187905228392, "ch2": 0.09088217160270347, "di": 10.018484894390822, "dj": 9.533247184743118, "dk": 0.61845508338803, "vw_i": 0.07188633898327927, "vw_j": 1.1909562065045791, "kt": 11.885621244312665, "train_sc_a": [4.18846188232964], "train_sc_v": [0.022690701590685227], "val_sc_a": 0, "val_sc_v": 0, "total_sc_a": 0, "total_sc_v": 0}