{"c1": 0.05377825713606258, "c2": 0.44732887334363647, "ch1": -0.16533456043480874, "ch2": 0.09217204373608368, "di": 7.916150180130444, "dj": 1.3590429304767928, "dk": 0.07454564973558707, "vw_i": 1.534087988962399, "vw_j": -3.4459462473215114, "kt": 8.801598986201316, "train_sc_a": [5.94162793027803], "train_sc_v": [0.024505324648615323], "val_sc_a": 0, "val_sc_v": 0, "total_sc_a": 0, "total_sc_v": 0}