{"c1": 0.025061672256363816, "c2": 0.22158745210368022, "ch1": 0.008936570597633638, "ch2": 0.0937164356707229, "di": 3.0080664158159585, "dj": 1.6073507937625668, "dk": 4.063320641805924, "vw_i": -1.7312182012785782, "vw_j": -0.28865874606676756, "kt": 13.719302240533867, "train_sc_a": [0.38975419059304434], "train_sc_v": [0.004325067819759999], "val_sc_a": 0, "val_sc_v": 0, "total_sc_a": 0, "total_sc_v": 0}