{"c1": 0.03763950851800328, "c2": 0.3814664790067073, "ch1": 0.015740024938867423, "ch2": 0.09825614004114375, "di": 1.9183694709371961, "dj": 1.4839899095105136, "dk": 0.0, "vw_i": -1.0208370814950538, "vw_j": -0.5838500009274348, "kt": 8.0991364827886, "train_sc_a": [0.27263553087528997], "train_sc_v": [0.0009984779634810042], "val_sc_a": 0, "val_sc_v": 0, "total_sc_a": 0, "total_sc_v": 0}