{"c1": 0.020481502971974187, "c2": 0.1399368782225224, "ch1": 0.017557341790151074, "ch2": 0.09514308764660044, "di": 1.6772375337681107, "dj": 1.8297861850564652, "dk": 0.06678222521779975, "vw_i": -0.31287934222364766, "vw_j": 0.13216817665247968, "kt": 8.819666054308989, "train_sc_a": [0.3213038911992276], "train_sc_v": [0.003415545116284912], "val_sc_a": 0, "val_sc_v": 0, "total_sc_a": 0, "total_sc_v": 0}