{"c1": 0.051989661173045855, "c2": 0.5548683278848426, "ch1": -0.03305942053246125, "ch2": 0.10518038403932371, "di": 8.240456145007826, "dj": 4.811670952885525, "dk": 0.0773513043982973, "vw_i": -0.5703519236428166, "vw_j": -0.6647733800613094, "kt": 8.30729056466867, "train_sc_a": [1.1396679666452503], "train_sc_v": [0.007837346093694039], "val_sc_a": 0, "val_sc_v": 0, "total_sc_a": 0, "total_sc_v": 0}