{"c1": 0.04937686336639907, "c2": 0.543624930172197, "ch1": -0.009179604100830211, "ch2": 0.10530203140765527, "di": 5.744118734210325, "dj": 0.0, "dk": 0.00570570653662845, "vw_i": 0.7759760377352378, "vw_j": 1.0541552359353321, "kt": 10.498497250131027, "train_sc_a": [1.2109510424779488], "train_sc_v": [0.010481156504032033], "val_sc_a": 0, "val_sc_v": 0, "total_sc_a": 0, "total_sc_v": 0}