{"c1": 0.04720417011176584, "c2": 0.49533405835777694, "ch1": -0.00013379242573612787, "ch2": 0.1048707741195407, "di": 0.4414057157283605, "dj": 1.1684545408423168, "dk": 0.05705973847136279, "vw_i": -1.0740624969864832, "vw_j": -0.7681753454546069, "kt": 9.92234928072672, "train_sc_a": [0.515752397692119], "train_sc_v": [0.00470226477042401], "val_sc_a": 0, "val_sc_v": 0, "total_sc_a": 0, "total_sc_v": 0}