{"c1": 0.04758003388608881, "c2": 0.4759690049675704, "ch1": 0.00922729935935519, "ch2": 0.10552600498494613, "di": 1.6602246070573545, "dj": 2.274298781504551, "dk": 0.0, "vw_i": -0.9043623584891247, "vw_j": -0.18675672219071351, "kt": 10.122692045645767, "train_sc_a": [0.3134717851361304], "train_sc_v": [0.0030625350125153506], "val_sc_a": 0, "val_sc_v": 0, "total_sc_a": 0, "total_sc_v": 0}