{"c1": 0.03719143467421248, "c2": 0.49298552454800676, "ch1": 0.026709573592814624, "ch2": 0.0984619795302366, "di": 3.2943826442748847, "dj": 9.668088532997995, "dk": 3.197137307049877, "vw_i": 0.005592006732553015, "vw_j": -0.7639770284127936, "kt": 10.937078907688536, "train_sc_a": [2.560898217736424], "train_sc_v": [0.012314458421543625], "val_sc_a": 0, "val_sc_v": 0, "total_sc_a": 0, "total_sc_v": 0}