{"c1": 0.0503825248356489, "c2": 0.545105076670913, "ch1": -0.17417812674264307, "ch2": 0.09479050403160498, "di": 4.094764418112899, "dj": 3.2393506774604828, "dk": 0.0, "vw_i": -1.2382201036290503, "vw_j": -0.647904513271269, "kt": 8.116952823093841, "train_sc_a": [0.513040823167127], "train_sc_v": [0.0031911343681620854], "val_sc_a": 0, "val_sc_v": 0, "total_sc_a": 0, "total_sc_v": 0}