{"c1": 0.03690322955584662, "c2": 0.35787118393038675, "ch1": -0.0013596951097473043, "ch2": 0.09692145938963227, "di": 0.9515035158162112, "dj": 1.7460605779088416, "dk": 0.0025937699816760674, "vw_i": -1.3670777939964651, "vw_j": -0.10785116765532245, "kt": 9.006454095921217, "train_sc_a": [0.46047901544398956], "train_sc_v": [0.005892353565918071], "val_sc_a": 0, "val_sc_v": 0, "total_sc_a": 0, "total_sc_v": 0}