{"c1": 0.04504359932273548, "c2": 0.4573295615201729, "ch1": 0.026106322712882577, "ch2": 0.1060322640098401, "di": 3.990714433824577, "dj": 0.0, "dk": 0.0, "vw_i": -0.5362829965031983, "vw_j": 0.24412955812560835, "kt": 10.794701305603004, "train_sc_a": [2.9116871031571283], "train_sc_v": [0.00685263519968141], "val_sc_a": 0, "val_sc_v": 0, "total_sc_a": 0, "total_sc_v": 0}