{"c1": 0.050024015676309846, "c2": 0.5625278089571294, "ch1": -0.03356899423798576, "ch2": 0.10516186775938578, "di": 6.430075641991903, "dj": 4.229199562323859, "dk": 0.0, "vw_i": 2.6931875475731646, "vw_j": 1.5993703235195693, "kt": 8.136231106311275, "train_sc_a": [0.7337398048328562], "train_sc_v": [0.007057279659450679], "val_sc_a": 0, "val_sc_v": 0, "total_sc_a": 0, "total_sc_v": 0}