{"c1": 0.033989545662074655, "c2": 0.296848496272559, "ch1": -0.005317106781662424, "ch2": 0.09654416505655573, "di": 2.8456131298211087, "dj": 1.2715490859274374, "dk": 0.0, "vw_i": -1.6139064046214662, "vw_j": -0.847015654149838, "kt": 8.832295925784459, "train_sc_a": [0.3783476228498423], "train_sc_v": [0.00521565775385755], "val_sc_a": 0, "val_sc_v": 0, "total_sc_a": 0, "total_sc_v": 0}