{"c1": 0.051264939407493486, "c2": 0.4132264705150938, "ch1": -0.07856105349539695, "ch2": 0.0985180191742975, "di": 2.149786491801453, "dj": 3.2525752375473433, "dk": 0.18185779463156979, "vw_i": 1.7863885310032375, "vw_j": 0.029049442014547275, "kt": 10.252881515740384, "train_sc_a": [4.471359496497007], "train_sc_v": [0.018686146129209602], "val_sc_a": 0, "val_sc_v": 0, "total_sc_a": 0, "total_sc_v": 0}