{"c1": 0.04671245499228343, "c2": 0.48223013394056224, "ch1": -0.03719517566624756, "ch2": 0.10095455531915051, "di": 2.8218039683376865, "dj": 2.497695591767475, "dk": 0.0, "vw_i": -0.08806920038417859, "vw_j": -0.01551357682499526, "kt": 10.91597159582319, "train_sc_a": [0.39982809105666756], "train_sc_v": [0.00797757895387664], "val_sc_a": 0, "val_sc_v": 0, "total_sc_a": 0, "total_sc_v": 0}