{"c1": 0.03937763118704033, "c2": 0.38444526051031647, "ch1": -0.008290478492435013, "ch2": 0.096469070012185, "di": 2.9045557089724943, "dj": 3.7755607260938655, "dk": 0.0, "vw_i": -1.711892279007122, "vw_j": -0.0045291624365750936, "kt": 11.482304840127696, "train_sc_a": [0.5341235844079734], "train_sc_v": [0.011392161615334705], "val_sc_a": 0, "val_sc_v": 0, "total_sc_a": 0, "total_sc_v": 0}