{"c1": 0.027536843350085785, "c2": 0.22213254904572502, "ch1": 0.013554925865929362, "ch2": 0.09472272522502137, "di": 0.7968289315525753, "dj": 0.09844243073833302, "dk": 0.0, "vw_i": -1.4077971392561053, "vw_j": -0.495195892344143, "kt": 12.402120607359436, "train_sc_a": [0.4495310987662519], "train_sc_v": [0.00370054962042667], "val_sc_a": 0, "val_sc_v": 0, "total_sc_a": 0, "total_sc_v": 0}