{"c1": 0.04587006374885761, "c2": 0.49912448134817416, "ch1": 0.013509411090602766, "ch2": 0.1058188449153496, "di": 1.5650217097887817, "dj": 2.5009531725205725, "dk": 0.0, "vw_i": -1.0245687710716356, "vw_j": -0.5163785632160777, "kt": 9.851668515469687, "train_sc_a": [0.2728895743611359], "train_sc_v": [0.0010251566310290716], "val_sc_a": 0, "val_sc_v": 0, "total_sc_a": 0, "total_sc_v": 0}