{"c1": 0.04213278725099663, "c2": 0.42619397379555624, "ch1": -0.0010579675662295359, "ch2": 0.09689841725997642, "di": 3.893879940933735, "dj": 0.5426201485230417, "dk": 0.0, "vw_i": -0.508375020054099, "vw_j": -0.6996157319821243, "kt": 11.034517383628549, "train_sc_a": [0.5170346571901352], "train_sc_v": [0.008261899505566302], "val_sc_a": 0, "val_sc_v": 0, "total_sc_a": 0, "total_sc_v": 0}