{"c1": 0.032043916492130564, "c2": 0.28207411620869344, "ch1": -0.029571066576006357, "ch2": 0.09581487604547301, "di": 1.3411585688231524, "dj": 2.634877251027386, "dk": 0.062009313076779204, "vw_i": -0.03817877695860951, "vw_j": 0.28160772094568215, "kt": 7.337745965655918, "train_sc_a": [0.5439092682770138], "train_sc_v": [0.0046754390967811265], "val_sc_a": 0, "val_sc_v": 0, "total_sc_a": 0, "total_sc_v": 0}