{"c1": 0.04012227839468924, "c2": 0.26941099743914604, "ch1": 0.13901653803689998, "ch2": 0.10699223794415876, "di": 6.298211617869294, "dj": 3.583851388556879, "dk": 0.0, "vw_i": 2.572830406246234, "vw_j": -0.7374044241787974, "kt": 9.985467022146034, "train_sc_a": [6.467740159101896], "train_sc_v": [0.02947923040008629], "val_sc_a": 0, "val_sc_v": 0, "total_sc_a": 0, "total_sc_v": 0}