{"c1": 0.020467772260782113, "c2": 0.12043181301315559, "ch1": 0.020940355781748334, "ch2": 0.0951910466974823, "di": 2.663910708322409, "dj": 4.9358208073314715, "dk": 1.074394898293793, "vw_i": -0.3332369516859165, "vw_j": -0.25875571791626323, "kt": 8.511434192160795, "train_sc_a": [0.37424672560771727], "train_sc_v": [0.0034778292314492565], "val_sc_a": 0, "val_sc_v": 0, "total_sc_a": 0, "total_sc_v": 0}