{"c1": 0.02057371147623621, "c2": 0.11977736800047761, "ch1": -0.48273424486747285, "ch2": 0.060003568139479886, "di": 2.6900316412490994, "dj": 4.656336907080976, "dk": 4.735941447047902, "vw_i": -0.10883123931718464, "vw_j": 0.02035967287477524, "kt": 8.638250852243791, "train_sc_a": [34.27463754551613], "train_sc_v": [0.1271331743976757], "val_sc_a": 0, "val_sc_v": 0, "total_sc_a": 0, "total_sc_v": 0}