{"c1": 0.054077031860266404, "c2": 0.588024619598848, "ch1": 0.008436011937767579, "ch2": 0.1097833865265441, "di": 3.3797527686775073, "dj": 0.4522737385749223, "dk": 3.3136470592197647, "vw_i": -0.36369487038085724, "vw_j": -0.0038521795034172452, "kt": 9.469434468425233, "train_sc_a": [0.42433317603888077], "train_sc_v": [0.006478803416189068], "val_sc_a": 0, "val_sc_v": 0, "total_sc_a": 0, "total_sc_v": 0}