{"c1": 0.025509697129922754, "c2": 0.21561204244382648, "ch1": 0.0025799379144989852, "ch2": 0.09292247912535695, "di": 4.409986876320112, "dj": 0.7706368969983493, "dk": 0.2669875851301817, "vw_i": -0.8762452719631487, "vw_j": 0.1390402164940165, "kt": 12.065495129417572, "train_sc_a": [0.8954665052419917], "train_sc_v": [0.01012380756699881], "val_sc_a": 0, "val_sc_v": 0, "total_sc_a": 0, "total_sc_v": 0}