{"c1": 0.03250559564890812, "c2": 0.16718949602968572, "ch1": 0.1673367191027653, "ch2": 0.10456509653350979, "di": 4.382517450947943, "dj": 11.545189387118777, "dk": 16.317642103016887, "vw_i": 0.3435256259583752, "vw_j": 0.6216328048952224, "kt": 13.753345820204865, "train_sc_a": [14.603068914953951], "train_sc_v": [0.06716082513184815], "val_sc_a": 0, "val_sc_v": 0, "total_sc_a": 0, "total_sc_v": 0}