{"c1": 0.05525750294523741, "c2": 0.5793165764196307, "ch1": -0.0006157559857184625, "ch2": 0.1092042461210038, "di": 1.114284987942052, "dj": 3.165290858603716, "dk": 0.0700322273622164, "vw_i": -1.3250802862077808, "vw_j": -0.01110125095366737, "kt": 8.612311700973297, "train_sc_a": [0.5517899410330395], "train_sc_v": [0.006245524862689048], "val_sc_a": 0, "val_sc_v": 0, "total_sc_a": 0, "total_sc_v": 0}