{"c1": 0.023037483091660947, "c2": 0.14944217418377856, "ch1": 0.009298331935916622, "ch2": 0.094295533567417, "di": 0.0, "dj": 0.6026300370021301, "dk": 2.9917408542263355, "vw_i": -0.9381050561226473, "vw_j": 0.27096966629701985, "kt": 10.871061841912827, "train_sc_a": [0.39110807423056937], "train_sc_v": [0.004513260250643133], "val_sc_a": 0, "val_sc_v": 0, "total_sc_a": 0, "total_sc_v": 0}