{"c1": 0.03517207206330543, "c2": 0.2881699840447505, "ch1": 0.3595711112056155, "ch2": 0.12339644028918492, "di": 30.60966979901496, "dj": 2.531974483091509, "dk": 1.8698182151760432, "vw_i": -1.7898489552620889, "vw_j": -1.0352530665551822, "kt": 8.79792090841832, "train_sc_a": [17.75882684575669], "train_sc_v": [0.07285911107800762], "val_sc_a": 0, "val_sc_v": 0, "total_sc_a": 0, "total_sc_v": 0}