{"c1": 0.01935821339807209, "c2": 0.11295896712581965, "ch1": -0.007367455010576875, "ch2": 0.09201530687188307, "di": 1.1686689500433027, "dj": 0.8192928205030157, "dk": 2.5392159630747013, "vw_i": -1.8280125764463455, "vw_j": -0.5557228613193264, "kt": 8.927355827952136, "train_sc_a": [0.6834798147946488], "train_sc_v": [0.0063715330024793765], "val_sc_a": 0, "val_sc_v": 0, "total_sc_a": 0, "total_sc_v": 0}