{"c1": 0.04479604591583126, "c2": 0.4607512827570883, "ch1": 0.009523576073085582, "ch2": 0.10503176083868494, "di": 1.5928251329587904, "dj": 1.6258651128349122, "dk": 0.0, "vw_i": -0.45923192108161226, "vw_j": -0.28007340294734806, "kt": 11.413817929908324, "train_sc_a": [0.9348440404239514], "train_sc_v": [0.008396783701007462], "val_sc_a": 0, "val_sc_v": 0, "total_sc_a": 0, "total_sc_v": 0}