{"c1": 0.027843131076192042, "c2": 0.23051766406014493, "ch1": 0.004920016533871027, "ch2": 0.09412474070938122, "di": 0.5889933659315718, "dj": 2.03864258909682, "dk": 0.0, "vw_i": -1.9662923945341524, "vw_j": -0.8750670485718809, "kt": 12.950652639654155, "train_sc_a": [0.9088089223465543], "train_sc_v": [0.010170910003951315], "val_sc_a": 0, "val_sc_v": 0, "total_sc_a": 0, "total_sc_v": 0}