{"c1": 0.05255061947033099, "c2": 0.5499869862225933, "ch1": -0.009295620631329011, "ch2": 0.10688408230982208, "di": 9.311584951119782, "dj": 5.0389356817276205, "dk": 1.0881745011421018, "vw_i": -0.039507722670854076, "vw_j": -0.07732515746395427, "kt": 8.572129792172726, "train_sc_a": [0.48540630297703957], "train_sc_v": [0.006225962381962999], "val_sc_a": 0, "val_sc_v": 0, "total_sc_a": 0, "total_sc_v": 0}