{"c1": 0.024247069651083357, "c2": 0.178111268629162, "ch1": -0.009340812655872029, "ch2": 0.0924351114586664, "di": 3.72606068271995, "dj": 2.065426464710327, "dk": 0.0, "vw_i": -2.3203867054737435, "vw_j": -0.8552494145210726, "kt": 12.424794733703983, "train_sc_a": [0.2363776385969156], "train_sc_v": [0.0008275076265730698], "val_sc_a": 0, "val_sc_v": 0, "total_sc_a": 0, "total_sc_v": 0}