{"c1": 0.045509200138952675, "c2": 0.45726405345200727, "ch1": 0.11277542696516682, "ch2": 0.11275205283102022, "di": 6.18057098820761, "dj": 17.457976088363466, "dk": 0.0, "vw_i": -0.026486910968147315, "vw_j": 0.18667415962633244, "kt": 13.489023263306374, "train_sc_a": [1.3101015727907472], "train_sc_v": [0.004869331030721622], "val_sc_a": 0, "val_sc_v": 0, "total_sc_a": 0, "total_sc_v": 0}