{"c1": 0.04382634685594819, "c2": 0.47044478909077053, "ch1": -0.08887218175226555, "ch2": 0.09687675638381592, "di": 12.970920361675212, "dj": 13.225580956392596, "dk": 0.1323391946074503, "vw_i": -1.4722664215004326, "vw_j": -0.12684394180152858, "kt": 12.12619591270893, "train_sc_a": [0.6870445483549567], "train_sc_v": [0.00708648918823611], "val_sc_a": 0, "val_sc_v": 0, "total_sc_a": 0, "total_sc_v": 0}