{"c1": 0.05140932883336861, "c2": 0.528230887055915, "ch1": -0.05841525967920673, "ch2": 0.10100714561708922, "di": 0.42717612975225405, "dj": 3.3640111807656017, "dk": 0.0, "vw_i": -0.38784512196190085, "vw_j": 0.2318150382999856, "kt": 10.362975769504859, "train_sc_a": [4.199253030125485], "train_sc_v": [0.021049625334547968], "val_sc_a": 0, "val_sc_v": 0, "total_sc_a": 0, "total_sc_v": 0}