{"c1": 0.033290500606280964, "c2": 0.3178602869356379, "ch1": -0.04675144055045762, "ch2": 0.0939018863189039, "di": 3.7522589409654103, "dj": 4.424235531600913, "dk": 0.055602491404543264, "vw_i": -0.01680208615249023, "vw_j": -0.3344531540394181, "kt": 9.972407515577355, "train_sc_a": [0.5616307282794702], "train_sc_v": [0.005389321475445478], "val_sc_a": 0, "val_sc_v": 0, "total_sc_a": 0, "total_sc_v": 0}