{"c1": 0.03199223781622623, "c2": 0.29843007107478997, "ch1": 0.001943052615026187, "ch2": 0.09808336551517965, "di": 5.799970087091321, "dj": 3.7289055476718667, "dk": 0.0, "vw_i": -0.2787519926086658, "vw_j": 0.5750690052557131, "kt": 8.87078795170145, "train_sc_a": [0.39731493747525504], "train_sc_v": [0.003204147715746706], "val_sc_a": 0, "val_sc_v": 0, "total_sc_a": 0, "total_sc_v": 0}