{"c1": 0.0541873665471393, "c2": 0.5145408669000617, "ch1": -0.22184993753478696, "ch2": 0.09018372242776318, "di": 2.0501841117447572, "dj": 0.8195333781686749, "dk": 0.0, "vw_i": -7.276445313423562, "vw_j": -3.8916313356541665, "kt": 8.18333551907356, "train_sc_a": [19.516357681467806], "train_sc_v": [0.07745038079846953], "val_sc_a": 0, "val_sc_v": 0, "total_sc_a": 0, "total_sc_v": 0}