{"c1": 0.04743001787173864, "c2": 0.4768890187241608, "ch1": -0.02480400721467821, "ch2": 0.10191559318315489, "di": 2.3868293109144454, "dj": 3.7651252510224333, "dk": 0.06324209281117818, "vw_i": -0.3979412238450947, "vw_j": -0.030054438900265785, "kt": 7.24651512312703, "train_sc_a": [0.5277603949178382], "train_sc_v": [0.002361095461820218], "val_sc_a": 0, "val_sc_v": 0, "total_sc_a": 0, "total_sc_v": 0}