{"c1": 0.024723872158451614, "c2": 0.18551510474211802, "ch1": 0.007689230593580794, "ch2": 0.0939074700799644, "di": 4.703374335744821, "dj": 6.326050875886981, "dk": 4.021801275673961, "vw_i": -1.498758057090115, "vw_j": -0.5279391588552668, "kt": 12.610985165594018, "train_sc_a": [1.1076700933732737], "train_sc_v": [0.00919796107819641], "val_sc_a": 0, "val_sc_v": 0, "total_sc_a": 0, "total_sc_v": 0}