{"c1": 0.04444787235468354, "c2": 0.46598562312943187, "ch1": -0.04412210031566248, "ch2": 0.10009794845695917, "di": 13.385558429265974, "dj": 14.551474496790314, "dk": 0.15820012217466986, "vw_i": -1.1359651863922569, "vw_j": -0.4146862466980361, "kt": 12.075393573343662, "train_sc_a": [0.4124841879754808], "train_sc_v": [0.004991472764667674], "val_sc_a": 0, "val_sc_v": 0, "total_sc_a": 0, "total_sc_v": 0}