{"c1": 0.0203236819259255, "c2": 0.1385935565972151, "ch1": 0.013301573091333799, "ch2": 0.09531449798237812, "di": 2.606981510520545, "dj": 0.1598089706124498, "dk": 4.823402434877829, "vw_i": -0.3346976997437128, "vw_j": 0.21733758432696892, "kt": 8.859526827459767, "train_sc_a": [0.5068424557007266], "train_sc_v": [0.00468044427789576], "val_sc_a": 0, "val_sc_v": 0, "total_sc_a": 0, "total_sc_v": 0}