{"c1": 0.04578006225853998, "c2": 0.4991429350524394, "ch1": 0.012452323050191928, "ch2": 0.10573989685374999, "di": 2.4730911913659916, "dj": 2.895818903456144, "dk": 0.0008551692987736198, "vw_i": -0.5832132208976565, "vw_j": -0.17044365777799053, "kt": 9.951236273704467, "train_sc_a": [0.3838318779743332], "train_sc_v": [0.00501681203207337], "val_sc_a": 0, "val_sc_v": 0, "total_sc_a": 0, "total_sc_v": 0}