{"c1": 0.021181084049482216, "c2": 0.1349727720641704, "ch1": 0.02089061377960802, "ch2": 0.09541165377052142, "di": 1.6611233966972256, "dj": 1.9004385039619116, "dk": 0.1873157251427221, "vw_i": -0.639036900402456, "vw_j": 0.00018097125702648607, "kt": 8.824360099039788, "train_sc_a": [0.40598922607481], "train_sc_v": [0.0024364313455645065], "val_sc_a": 0, "val_sc_v": 0, "total_sc_a": 0, "total_sc_v": 0}