{"c1": 0.05139418788086708, "c2": 0.5283983035675506, "ch1": -0.005433178776786254, "ch2": 0.105567386444666, "di": 0.7033280015752214, "dj": 2.635007370595262, "dk": 0.0, "vw_i": 0.7103682458808807, "vw_j": 1.0985588974757567, "kt": 10.481444946135495, "train_sc_a": [1.0654206812932296], "train_sc_v": [0.008986606669332575], "val_sc_a": 0, "val_sc_v": 0, "total_sc_a": 0, "total_sc_v": 0}