{"c1": 0.047573637801139594, "c2": 0.49259471612895606, "ch1": 0.01115396790103635, "ch2": 0.10568611128777358, "di": 1.1570769484117207, "dj": 0.0, "dk": 0.0, "vw_i": -1.0094370007167741, "vw_j": -0.8877505110943154, "kt": 9.93968694741334, "train_sc_a": [1.4514423595740735], "train_sc_v": [0.010779892960726916], "val_sc_a": 0, "val_sc_v": 0, "total_sc_a": 0, "total_sc_v": 0}