{"c1": 0.03797599428882615, "c2": 0.3901215322621727, "ch1": -0.0008321512119166374, "ch2": 0.09727621588275538, "di": 0.0, "dj": 3.2494251223773314, "dk": 0.00432692926301713, "vw_i": 0.08646991754615574, "vw_j": -0.13222773022749473, "kt": 12.51484924719472, "train_sc_a": [1.5806910562053818], "train_sc_v": [0.0068968341822162466], "val_sc_a": 0, "val_sc_v": 0, "total_sc_a": 0, "total_sc_v": 0}