{"c1": 0.04420981856095906, "c2": 0.4675961443787041, "ch1": -0.33739435114820004, "ch2": 0.07699282869309573, "di": 8.241976359907618, "dj": 16.47035558753058, "dk": 0.0, "vw_i": -0.7477636676687672, "vw_j": 0.39174932484264635, "kt": 13.569798265071032, "train_sc_a": [3.775246580057888], "train_sc_v": [0.019017602299082646], "val_sc_a": 0, "val_sc_v": 0, "total_sc_a": 0, "total_sc_v": 0}