{"c1": 0.040038833601966806, "c2": 0.37979478450185833, "ch1": -0.021008053120526886, "ch2": 0.09567977730016385, "di": 3.740628791392602, "dj": 5.242719414873999, "dk": 0.06027181208302067, "vw_i": -1.368820624782223, "vw_j": 0.07205821698628828, "kt": 11.820724648979079, "train_sc_a": [0.6505910651996584], "train_sc_v": [0.011687856443752786], "val_sc_a": 0, "val_sc_v": 0, "total_sc_a": 0, "total_sc_v": 0}