{"c1": 0.05540619817023032, "c2": 0.5781769717591745, "ch1": 0.00987841585653293, "ch2": 0.10998199090923912, "di": 0.8631419279860051, "dj": 5.08177202003663, "dk": 0.0, "vw_i": -0.4641902105805744, "vw_j": 0.3418203374095694, "kt": 8.759216840308696, "train_sc_a": [0.3100661664150506], "train_sc_v": [0.0028814653444375203], "val_sc_a": 0, "val_sc_v": 0, "total_sc_a": 0, "total_sc_v": 0}