{"c1": 0.03291051896685216, "c2": 0.30460309276626923, "ch1": -0.01791627408816726, "ch2": 0.09549123704307134, "di": 1.2809074229607487, "dj": 2.5779144401134135, "dk": 2.0669061802140147, "vw_i": -1.9835637280550267, "vw_j": -0.5384395189064274, "kt": 8.96800948304782, "train_sc_a": [0.4805000747663035], "train_sc_v": [0.004619628655823034], "val_sc_a": 0, "val_sc_v": 0, "total_sc_a": 0, "total_sc_v": 0}