{"c1": 0.028957612357658053, "c2": 0.23496253377170884, "ch1": 0.00789108126228388, "ch2": 0.09710807296588364, "di": 2.4517604850414347, "dj": 0.7678052845997744, "dk": 0.1336478391406841, "vw_i": -0.8748764412736885, "vw_j": 0.2879337841720169, "kt": 10.901975869014436, "train_sc_a": [0.6203922162284556], "train_sc_v": [0.006142736374481705], "val_sc_a": 0, "val_sc_v": 0, "total_sc_a": 0, "total_sc_v": 0}