{"c1": 0.027640280288281735, "c2": 0.23579615524899955, "ch1": -0.010160292025684862, "ch2": 0.0933944494545251, "di": 3.050498286825247, "dj": 2.290039874184345, "dk": 0.0, "vw_i": -2.0342002336195035, "vw_j": -0.6349159395812305, "kt": 12.797064103665399, "train_sc_a": [0.5647374785454189], "train_sc_v": [0.004620883940911549], "val_sc_a": 0, "val_sc_v": 0, "total_sc_a": 0, "total_sc_v": 0}