{"c1": 0.02754448652761232, "c2": 0.23460530346906136, "ch1": 0.005729620165765098, "ch2": 0.09419580548662622, "di": 0.422361778509851, "dj": 2.2066903649985736, "dk": 0.0, "vw_i": -2.1723556983746124, "vw_j": -0.928918725735224, "kt": 12.90178610795417, "train_sc_a": [0.8295946733086405], "train_sc_v": [0.009559093296633294], "val_sc_a": 0, "val_sc_v": 0, "total_sc_a": 0, "total_sc_v": 0}