{"c1": 0.04493820489660355, "c2": 0.4604427455584409, "ch1": -0.012152708252088723, "ch2": 0.10366611167659615, "di": 2.5260210140971995, "dj": 4.228496964513113, "dk": 0.0, "vw_i": 0.02528326776249936, "vw_j": 0.12049808176692907, "kt": 10.677965418142845, "train_sc_a": [0.5406671053650075], "train_sc_v": [0.0027065541730088593], "val_sc_a": 0, "val_sc_v": 0, "total_sc_a": 0, "total_sc_v": 0}