{"c1": 0.029365216730290147, "c2": 0.23669868080123352, "ch1": -0.0010480326594978979, "ch2": 0.0966640370411418, "di": 1.1688083192074303, "dj": 0.8985014605404197, "dk": 0.004279234499943183, "vw_i": -0.8963251406034469, "vw_j": -0.21886946086530748, "kt": 10.41787171666432, "train_sc_a": [0.3152225152950972], "train_sc_v": [0.001259176778983634], "val_sc_a": 0, "val_sc_v": 0, "total_sc_a": 0, "total_sc_v": 0}