{"c1": 0.04586285278946716, "c2": 0.49854107809603376, "ch1": 0.006297579229341311, "ch2": 0.10530281436468324, "di": 3.1873429987082575, "dj": 2.0071329265671487, "dk": 0.02189075807504627, "vw_i": -0.6690143884358997, "vw_j": 0.33911203975678395, "kt": 9.863898509273934, "train_sc_a": [0.26617790191857843], "train_sc_v": [0.005135726037828849], "val_sc_a": 0, "val_sc_v": 0, "total_sc_a": 0, "total_sc_v": 0}