{"c1": 0.03399311479239628, "c2": 0.29682310897321973, "ch1": -0.002465158229800972, "ch2": 0.09674520089297832, "di": 2.8142991160490185, "dj": 1.6008060248490668, "dk": 0.012518367451522131, "vw_i": -1.6139991717288928, "vw_j": -0.8325096493341693, "kt": 8.832934576031395, "train_sc_a": [0.4021435209903066], "train_sc_v": [0.004216094729434001], "val_sc_a": 0, "val_sc_v": 0, "total_sc_a": 0, "total_sc_v": 0}