{"c1": 0.04185225454822736, "c2": 0.26093873491542596, "ch1": -0.014274281923563292, "ch2": 0.0959193911808012, "di": 4.550672945452085, "dj": 2.675439418312035, "dk": 0.0, "vw_i": -0.684671571056217, "vw_j": 0.24057158897098765, "kt": 9.621360458376815, "train_sc_a": [4.702924903983019], "train_sc_v": [0.022258303893644932], "val_sc_a": 0, "val_sc_v": 0, "total_sc_a": 0, "total_sc_v": 0}