{"c1": 0.046456154589133804, "c2": 0.4817527109256998, "ch1": 0.017444356070732945, "ch2": 0.10494762853886325, "di": 0.0, "dj": 2.381617283582756, "dk": 0.0, "vw_i": -0.2871454966101572, "vw_j": -0.03373940869336079, "kt": 10.426242719076969, "train_sc_a": [0.5675143305817156], "train_sc_v": [0.007357091583049568], "val_sc_a": 0, "val_sc_v": 0, "total_sc_a": 0, "total_sc_v": 0}