{"c1": 0.031050021866541037, "c2": 0.26998898884383576, "ch1": -0.012574920002119315, "ch2": 0.09494049919824647, "di": 5.415083848932365, "dj": 3.1378513033692026, "dk": 0.0778860881340386, "vw_i": -1.950441062892484, "vw_j": -0.7005672745499096, "kt": 6.544163790208679, "train_sc_a": [0.31773988934427727], "train_sc_v": [0.004917927204228705], "val_sc_a": 0, "val_sc_v": 0, "total_sc_a": 0, "total_sc_v": 0}