{"c1": 0.01899224639398915, "c2": 0.1056840627214256, "ch1": 0.006245112727495185, "ch2": 0.09340541877570138, "di": 0.9872443981940024, "dj": 0.9616249675865737, "dk": 1.1561091346610795, "vw_i": -1.7554335406603094, "vw_j": -0.21738782924650152, "kt": 4.972342893292479, "train_sc_a": [0.2692802036707746], "train_sc_v": [0.000792065457052936], "val_sc_a": 0, "val_sc_v": 0, "total_sc_a": 0, "total_sc_v": 0}