{"c1": 0.021046879502757635, "c2": 0.13216181996793433, "ch1": -0.021997481641235512, "ch2": 0.09218358638773394, "di": 1.4825140364580796, "dj": 2.29346286081012, "dk": 0.7677114294015323, "vw_i": -0.0587764830405279, "vw_j": 0.09204520454909333, "kt": 8.950094802900642, "train_sc_a": [0.7416646285109838], "train_sc_v": [0.017445838654384333], "val_sc_a": 0, "val_sc_v": 0, "total_sc_a": 0, "total_sc_v": 0}