{"c1": 0.028083734323191126, "c2": 0.21763749053180056, "ch1": 0.005589276167796327, "ch2": 0.09398327367935604, "di": 0.8709663324312746, "dj": 0.6368596872159186, "dk": 0.0, "vw_i": -1.3501130590164923, "vw_j": -0.2764625306166759, "kt": 13.047431616344518, "train_sc_a": [0.2518774620746931], "train_sc_v": [0.0012497701380871928], "val_sc_a": 0, "val_sc_v": 0, "total_sc_a": 0, "total_sc_v": 0}