{"c1": 0.04685814330425497, "c2": 0.4918222550974136, "ch1": -0.4934008965313893, "ch2": 0.06852930990851655, "di": 1.3815336710253867, "dj": 3.2000106369803203, "dk": 0.0, "vw_i": -3.8639650734473823, "vw_j": -0.10545629826700778, "kt": 9.873606269504668, "train_sc_a": [20.605723505106305], "train_sc_v": [0.08173027532530254], "val_sc_a": 0, "val_sc_v": 0, "total_sc_a": 0, "total_sc_v": 0}