{"c1": 0.02919000892464227, "c2": 0.2456144009539301, "ch1": -0.022278311948475994, "ch2": 0.09492070345759991, "di": 2.851110773997571, "dj": 2.501238871804632, "dk": 0.0, "vw_i": -2.072019175331477, "vw_j": -0.3163249519589711, "kt": 6.280282043745484, "train_sc_a": [0.6837423571456394], "train_sc_v": [0.004808975756446243], "val_sc_a": 0, "val_sc_v": 0, "total_sc_a": 0, "total_sc_v": 0}