{"c1": 0.032172285649493336, "c2": 0.2968365362886255, "ch1": -0.06534932914250884, "ch2": 0.09226241671579245, "di": 5.149620347207665, "dj": 4.462262519515671, "dk": 0.0, "vw_i": -0.4095624742865484, "vw_j": -0.028978340307507077, "kt": 8.827223947300674, "train_sc_a": [2.2769120781327343], "train_sc_v": [0.00995325131250791], "val_sc_a": 0, "val_sc_v": 0, "total_sc_a": 0, "total_sc_v": 0}