{"c1": 0.04989962035028112, "c2": 0.5455254323737087, "ch1": 0.013513005787686331, "ch2": 0.10735457511395428, "di": 1.0922409452143143, "dj": 0.3367158861408879, "dk": 0.2697590842203653, "vw_i": -0.3572148109027541, "vw_j": 0.2861907025097514, "kt": 10.198046013517834, "train_sc_a": [0.3297329058281288], "train_sc_v": [0.003521770254319262], "val_sc_a": 0, "val_sc_v": 0, "total_sc_a": 0, "total_sc_v": 0}