{"c1": 0.027536843354686934, "c2": 0.22213254878451424, "ch1": 0.01355492592775384, "ch2": 0.09472272519626657, "di": 0.7968289926106731, "dj": 0.0984424995572218, "dk": 0.0, "vw_i": -1.4077971369313165, "vw_j": -0.49519579738233876, "kt": 12.402120165117799, "train_sc_a": [0.44953109942244807], "train_sc_v": [0.0037005496081781624], "val_sc_a": 0, "val_sc_v": 0, "total_sc_a": 0, "total_sc_v": 0}