{"c1": 0.03209992045788919, "c2": 0.297451192674748, "ch1": -0.0004779027586233358, "ch2": 0.09790691808319853, "di": 5.591907980773799, "dj": 3.8972594106011553, "dk": 0.0, "vw_i": -0.29132799723925207, "vw_j": 0.4099828047645895, "kt": 8.859833017876003, "train_sc_a": [0.37761584826109995], "train_sc_v": [0.0032111220121916065], "val_sc_a": 0, "val_sc_v": 0, "total_sc_a": 0, "total_sc_v": 0}