{"c1": 0.033292379588950136, "c2": 0.3177941811344051, "ch1": 0.07250599424146204, "ch2": 0.10227320836331667, "di": 3.762877374045452, "dj": 4.544614289332092, "dk": 0.21120672128200124, "vw_i": 0.04548683320764099, "vw_j": -0.26452683870966065, "kt": 9.847904468606709, "train_sc_a": [0.5855342621890981], "train_sc_v": [0.0050332901953206565], "val_sc_a": 0, "val_sc_v": 0, "total_sc_a": 0, "total_sc_v": 0}