{"c1": 0.043590727512391014, "c2": 0.46921014906012143, "ch1": -0.41086609076914526, "ch2": 0.07249501124756427, "di": 2.794888420291714, "dj": 2.64872638142796, "dk": 0.0, "vw_i": 3.5068103033856564, "vw_j": -0.7639323490573969, "kt": 10.845756016621356, "train_sc_a": [11.144482806962221], "train_sc_v": [0.04532535142848071], "val_sc_a": 0, "val_sc_v": 0, "total_sc_a": 0, "total_sc_v": 0}