{"c1": 0.04702121051173801, "c2": 0.4967542353317912, "ch1": -0.025020662111731366, "ch2": 0.10231143386220753, "di": 6.420502189401196, "dj": 5.838219900461027, "dk": 0.21106619206620142, "vw_i": -1.2281239301862081, "vw_j": -0.9812244595331869, "kt": 10.0020648180764, "train_sc_a": [0.36637846562442716], "train_sc_v": [0.004993931853472694], "val_sc_a": 0, "val_sc_v": 0, "total_sc_a": 0, "total_sc_v": 0}