{"c1": 0.052355805048145146, "c2": 0.551359090342964, "ch1": -0.00046217871325689706, "ch2": 0.10754438123855868, "di": 9.758546496899742, "dj": 4.640710042215005, "dk": 1.133025386585988, "vw_i": -0.14865253993748553, "vw_j": 0.08646074978202646, "kt": 8.596961404984592, "train_sc_a": [0.4923766557958447], "train_sc_v": [0.005762156855571621], "val_sc_a": 0, "val_sc_v": 0, "total_sc_a": 0, "total_sc_v": 0}