{"c1": 0.03962689194549536, "c2": 0.3849114782662882, "ch1": -0.010849820177795887, "ch2": 0.0959594957827821, "di": 3.867238908084268, "dj": 3.4225601586932353, "dk": 0.0, "vw_i": -0.6987284604853315, "vw_j": -0.4774611443382174, "kt": 9.412648444930486, "train_sc_a": [0.7517612224307945], "train_sc_v": [0.005810682634094615], "val_sc_a": 0, "val_sc_v": 0, "total_sc_a": 0, "total_sc_v": 0}