{"c1": 0.0342114106414711, "c2": 0.2952716214742911, "ch1": 0.3335380941063615, "ch2": 0.12041034223602329, "di": 2.6406829701458068, "dj": 37.543135080298725, "dk": 0.7849894515350666, "vw_i": -1.2179750960947233, "vw_j": 0.13314385906911405, "kt": 8.868997602290648, "train_sc_a": [37.326466488514626], "train_sc_v": [0.1532370737396512], "val_sc_a": 0, "val_sc_v": 0, "total_sc_a": 0, "total_sc_v": 0}