{"c1": 0.028008002777346684, "c2": 0.23190740676404342, "ch1": -0.013041326657607575, "ch2": 0.09284260410504708, "di": 0.4688433739970948, "dj": 2.8670326322357442, "dk": 0.3025680378683301, "vw_i": -2.1017859219908113, "vw_j": -0.8197559702086192, "kt": 12.880840878215613, "train_sc_a": [0.6417260732905067], "train_sc_v": [0.003934077978722122], "val_sc_a": 0, "val_sc_v": 0, "total_sc_a": 0, "total_sc_v": 0}