{"c1": 0.031744752014860086, "c2": 0.2729327953840546, "ch1": 0.01867066218604921, "ch2": 0.0995234084928575, "di": 0.0, "dj": 2.2281998413888093, "dk": 0.8599255923585246, "vw_i": -1.0667134276523573, "vw_j": -0.2759646150126425, "kt": 7.700733789231403, "train_sc_a": [0.35383065792835994], "train_sc_v": [0.006175265281661505], "val_sc_a": 0, "val_sc_v": 0, "total_sc_a": 0, "total_sc_v": 0}