{"c1": 0.05210728062571361, "c2": 0.5538892556667946, "ch1": -0.004391940885516137, "ch2": 0.10723377795293873, "di": 8.7397546858124, "dj": 5.207369826226651, "dk": 0.13481229176268916, "vw_i": -0.3693800445050204, "vw_j": -0.6820906257049064, "kt": 8.314372441900867, "train_sc_a": [0.43076439918970877], "train_sc_v": [0.006118450157501456], "val_sc_a": 0, "val_sc_v": 0, "total_sc_a": 0, "total_sc_v": 0}