{"c1": 0.039286685326424445, "c2": 0.3832557348560453, "ch1": -0.06912171045504908, "ch2": 0.09217647435709221, "di": 3.3339580828216913, "dj": 4.078005039657439, "dk": 0.044450374380253996, "vw_i": 0.22053248708046763, "vw_j": 0.1628542829100854, "kt": 12.587824526017327, "train_sc_a": [0.9860114152272966], "train_sc_v": [0.005370849028434515], "val_sc_a": 0, "val_sc_v": 0, "total_sc_a": 0, "total_sc_v": 0}