{"c1": 0.05286612940167501, "c2": 0.526572623722612, "ch1": -0.08195886139953745, "ch2": 0.10093139734561202, "di": 2.752113696246581, "dj": 4.7764299501252765, "dk": 1.4652358729194193, "vw_i": 0.5936992464332171, "vw_j": 0.8293367041155517, "kt": 8.827901299371906, "train_sc_a": [2.125339126986758], "train_sc_v": [0.015916138178209433], "val_sc_a": 0, "val_sc_v": 0, "total_sc_a": 0, "total_sc_v": 0}