{"c1": 0.03249185588550915, "c2": 0.27878433698575883, "ch1": -0.014334899326631623, "ch2": 0.09699372336368728, "di": 1.783853559216448, "dj": 2.792195656213518, "dk": 0.06416309209785996, "vw_i": 0.12636509640451848, "vw_j": -0.13643120520292135, "kt": 7.698124182110979, "train_sc_a": [0.6092736068847668], "train_sc_v": [0.010792150243443096], "val_sc_a": 0, "val_sc_v": 0, "total_sc_a": 0, "total_sc_v": 0}