{"c1": 0.05135178624264329, "c2": 0.5591326531009552, "ch1": -0.03758588431636002, "ch2": 0.10505250692002936, "di": 6.674868683100045, "dj": 4.602507157115571, "dk": 0.0, "vw_i": 0.7065026878272286, "vw_j": 0.5394413341311984, "kt": 10.759084015840143, "train_sc_a": [0.37095720762525974], "train_sc_v": [0.007572139623376648], "val_sc_a": 0, "val_sc_v": 0, "total_sc_a": 0, "total_sc_v": 0}