{"c1": 0.054799569176872086, "c2": 0.5827483546837963, "ch1": 0.006685261748209, "ch2": 0.10977000660987016, "di": 1.8535187763607959, "dj": 3.069318229333596, "dk": 0.0, "vw_i": -1.1371008364724908, "vw_j": 0.13223338816207156, "kt": 8.603412457226087, "train_sc_a": [0.3804315565445437], "train_sc_v": [0.006424691337185056], "val_sc_a": 0, "val_sc_v": 0, "total_sc_a": 0, "total_sc_v": 0}