{"c1": 0.05382811568107086, "c2": 0.594881951433701, "ch1": -0.02891623916491223, "ch2": 0.10744366290191952, "di": 4.183113387091721, "dj": 6.113601040068463, "dk": 1.0067480594765261, "vw_i": -0.3293197403259427, "vw_j": -0.009966708889948404, "kt": 9.02958776608183, "train_sc_a": [0.22936392881584572], "train_sc_v": [0.000802211679414616], "val_sc_a": 0, "val_sc_v": 0, "total_sc_a": 0, "total_sc_v": 0}