{"c1": 0.05105245500432579, "c2": 0.561130516241603, "ch1": -0.04955875240509153, "ch2": 0.10421145194357262, "di": 6.030833384246714, "dj": 4.775932634823663, "dk": 0.0, "vw_i": 1.373805917430913, "vw_j": 1.1836873698377843, "kt": 10.973933914678751, "train_sc_a": [0.40694338013401277], "train_sc_v": [0.007155821681386426], "val_sc_a": 0, "val_sc_v": 0, "total_sc_a": 0, "total_sc_v": 0}