{"c1": 0.04526124002363787, "c2": 0.502642327806679, "ch1": -0.00559753460731314, "ch2": 0.10448660299291704, "di": 2.4640634245502264, "dj": 2.6677139902213702, "dk": 0.317103976720678, "vw_i": -1.6487329455486393, "vw_j": 0.10818202642441961, "kt": 9.73127530645775, "train_sc_a": [0.8373708379888947], "train_sc_v": [0.009773048630490245], "val_sc_a": 0, "val_sc_v": 0, "total_sc_a": 0, "total_sc_v": 0}