{"c1": 0.04397106151118856, "c2": 0.42645505005161555, "ch1": 0.009160824439153888, "ch2": 0.09900106504036851, "di": 0.6063742186586129, "dj": 1.9493359304354994, "dk": 0.0, "vw_i": -0.5968859955122262, "vw_j": -0.3350643952245761, "kt": 11.806587766335639, "train_sc_a": [0.5277790142824949], "train_sc_v": [0.007855949619949152], "val_sc_a": 0, "val_sc_v": 0, "total_sc_a": 0, "total_sc_v": 0}