{"c1": 0.034026653203661196, "c2": 0.29658372047476517, "ch1": -0.0043032066477119895, "ch2": 0.09662020046907759, "di": 2.1536387542835165, "dj": 1.8980179291200574, "dk": 0.06541211097812304, "vw_i": -1.6990305543592308, "vw_j": -0.7025486884716757, "kt": 8.841088659850138, "train_sc_a": [0.379166864369166], "train_sc_v": [0.004400138840675617], "val_sc_a": 0, "val_sc_v": 0, "total_sc_a": 0, "total_sc_v": 0}