{"c1": 0.04443660171456755, "c2": 0.46189728798328195, "ch1": 0.004468646635311715, "ch2": 0.10441359850695536, "di": 2.66191761480423, "dj": 1.7392282715799714, "dk": 0.19580511946407697, "vw_i": -0.5112783519748246, "vw_j": 0.4435521687150382, "kt": 10.606858294726655, "train_sc_a": [0.4853782598826739], "train_sc_v": [0.005239427729473359], "val_sc_a": 0, "val_sc_v": 0, "total_sc_a": 0, "total_sc_v": 0}