{"c1": 0.050654078162330335, "c2": 0.5644434204826305, "ch1": -0.014706718612464819, "ch2": 0.1064856846343963, "di": 9.750082912689386, "dj": 6.43973423156187, "dk": 0.0, "vw_i": -0.23682644399885722, "vw_j": -0.16524793321194428, "kt": 8.264965588657311, "train_sc_a": [0.4151263345839622], "train_sc_v": [0.005460626821425275], "val_sc_a": 0, "val_sc_v": 0, "total_sc_a": 0, "total_sc_v": 0}