{"c1": 0.04579326096525721, "c2": 0.5716516663167306, "ch1": -0.04942706024120755, "ch2": 0.10220755640175119, "di": 1.0771969718016134, "dj": 1.8253076655545764, "dk": 0.8305938443135168, "vw_i": -4.49788987668707, "vw_j": -1.4636246921660676, "kt": 10.404255895698384, "train_sc_a": [3.5242319822952326], "train_sc_v": [0.014282074844124784], "val_sc_a": 0, "val_sc_v": 0, "total_sc_a": 0, "total_sc_v": 0}