{"c1": 0.05162655606997034, "c2": 0.46207956892219726, "ch1": -0.009838553239142926, "ch2": 0.10426788252983796, "di": 1.6693863465824994, "dj": 2.2011588463337026, "dk": 0.0, "vw_i": -1.2757707897784643, "vw_j": -0.09720454377464931, "kt": 10.16287810216973, "train_sc_a": [3.179562463886053], "train_sc_v": [0.013661689645188223], "val_sc_a": 0, "val_sc_v": 0, "total_sc_a": 0, "total_sc_v": 0}