{"c1": 0.04351510849011378, "c2": 0.4147634775520514, "ch1": 0.034170101664907845, "ch2": 0.1015426811300771, "di": 2.232463026759028, "dj": 0.0, "dk": 0.0, "vw_i": -0.11179029332144715, "vw_j": 0.24404786191335937, "kt": 10.75523868062703, "train_sc_a": [3.288447703876286], "train_sc_v": [0.017623017090338186], "val_sc_a": 0, "val_sc_v": 0, "total_sc_a": 0, "total_sc_v": 0}