{"c1": 0.024350868702448576, "c2": 0.15809983016571927, "ch1": 0.0055455852580034905, "ch2": 0.09365081935300718, "di": 2.1796964049627903, "dj": 0.0, "dk": 0.20771691856245086, "vw_i": -0.8564365317124554, "vw_j": -0.5198652415444615, "kt": 11.089777105276816, "train_sc_a": [0.6107733376427615], "train_sc_v": [0.008070481415648614], "val_sc_a": 0, "val_sc_v": 0, "total_sc_a": 0, "total_sc_v": 0}