{"c1": 0.04223597849857109, "c2": 0.4254411553483773, "ch1": 0.00040823614260492827, "ch2": 0.09703197101339502, "di": 4.106210882006938, "dj": 0.2739759772620499, "dk": 0.056527705959788524, "vw_i": -0.5412430634612098, "vw_j": -0.612275080114713, "kt": 11.227794652329544, "train_sc_a": [0.5062536757283571], "train_sc_v": [0.008305043434285574], "val_sc_a": 0, "val_sc_v": 0, "total_sc_a": 0, "total_sc_v": 0}