{"c1": 0.04342336739074372, "c2": 0.429598227169792, "ch1": 0.018213102592833402, "ch2": 0.09935104769595193, "di": 7.33618432368787, "dj": 8.016835173199775, "dk": 0.3633961612496392, "vw_i": 2.2819068424285476, "vw_j": 0.032841261996648385, "kt": 10.165975047820346, "train_sc_a": [1.6021341299742236], "train_sc_v": [0.01792858356372623], "val_sc_a": 0, "val_sc_v": 0, "total_sc_a": 0, "total_sc_v": 0}