{"c1": 0.04139246716533872, "c2": 0.44462489329739113, "ch1": 0.020309829457300407, "ch2": 0.09927413356251946, "di": 7.299898557776727, "dj": 5.971559046328624, "dk": 0.18412339160017915, "vw_i": -0.2137261726429947, "vw_j": 0.3794753183214187, "kt": 11.414186569708985, "train_sc_a": [0.4973639316959197], "train_sc_v": [0.005993097201478705], "val_sc_a": 0, "val_sc_v": 0, "total_sc_a": 0, "total_sc_v": 0}