{"c1": 0.0524716207189167, "c2": 0.5277457474200449, "ch1": -0.04441007719653064, "ch2": 0.10395207963025704, "di": 3.3300829132793073, "dj": 2.53377113064659, "dk": 0.0, "vw_i": -1.300778459545748, "vw_j": -0.4662521803267532, "kt": 9.514123038336596, "train_sc_a": [1.0226904952513902], "train_sc_v": [0.008806501425891603], "val_sc_a": 0, "val_sc_v": 0, "total_sc_a": 0, "total_sc_v": 0}