{"c1": 0.04275218284183791, "c2": 0.434519893725759, "ch1": -0.043621508683760954, "ch2": 0.09468409276244792, "di": 6.621778442287475, "dj": 5.674139970497051, "dk": 0.0, "vw_i": 1.5199479246293344, "vw_j": 0.06000067550090114, "kt": 10.069028564955158, "train_sc_a": [0.5982140921474293], "train_sc_v": [0.004635556964827913], "val_sc_a": 0, "val_sc_v": 0, "total_sc_a": 0, "total_sc_v": 0}