{"c1": 0.050128073810580036, "c2": 0.5436627113978119, "ch1": 0.008689979816996285, "ch2": 0.10762379992262122, "di": 3.6362466458534146, "dj": 0.18864158079190893, "dk": 0.0, "vw_i": -0.6320924235219615, "vw_j": 0.11098888973279229, "kt": 10.247880391698791, "train_sc_a": [0.8216314302902039], "train_sc_v": [0.01534871816830602], "val_sc_a": 0, "val_sc_v": 0, "total_sc_a": 0, "total_sc_v": 0}