{"c1": 0.05142499149557117, "c2": 0.558915835390075, "ch1": 0.4283035189705633, "ch2": 0.13819054566587682, "di": 17.450506819317113, "dj": 15.182995230767244, "dk": 0.0, "vw_i": -0.5916856850189055, "vw_j": 0.4471262928792801, "kt": 8.231283792965714, "train_sc_a": [13.741998737651363], "train_sc_v": [0.05360418531380238], "val_sc_a": 0, "val_sc_v": 0, "total_sc_a": 0, "total_sc_v": 0}