{"c1": 0.01782033892802291, "c2": 0.14715164404281508, "ch1": -0.4158691541856517, "ch2": 0.06082155470154868, "di": 1.0585068990128894, "dj": 1.4937963427299301, "dk": 1.1973702768128662, "vw_i": 0.25024907449957196, "vw_j": 0.4522720832981302, "kt": 7.730985234727261, "train_sc_a": [7.557227747368671], "train_sc_v": [0.02761079544467816], "val_sc_a": 0, "val_sc_v": 0, "total_sc_a": 0, "total_sc_v": 0}