{"c1": 0.033909066970856924, "c2": 0.26689834374173427, "ch1": 0.005315083991990339, "ch2": 0.09828711334214964, "di": 1.8089991286415343, "dj": 2.1805104451507273, "dk": 0.0, "vw_i": -1.2507454217922744, "vw_j": -0.7175057587595941, "kt": 7.613364012599601, "train_sc_a": [2.1083317078780257], "train_sc_v": [0.010280469911155311], "val_sc_a": 0, "val_sc_v": 0, "total_sc_a": 0, "total_sc_v": 0}