{"c1": 0.028866987464317272, "c2": 0.2480134272583311, "ch1": -0.015073490540403588, "ch2": 0.09562814042930749, "di": 3.0270671750025304, "dj": 1.9718326427512418, "dk": 0.8048156244656623, "vw_i": -2.0343915066544267, "vw_j": -0.12505005260341565, "kt": 6.323142792988078, "train_sc_a": [0.29981106751651154], "train_sc_v": [0.002912839673195772], "val_sc_a": 0, "val_sc_v": 0, "total_sc_a": 0, "total_sc_v": 0}