{"c1": 0.028641451966047206, "c2": 0.22705598938444932, "ch1": -0.004848055260699583, "ch2": 0.09367102481909707, "di": 2.2719490028477014, "dj": 2.1804239460235997, "dk": 0.0, "vw_i": -1.9552103085453325, "vw_j": -0.7002866655392463, "kt": 12.870791417284854, "train_sc_a": [1.014308856361858], "train_sc_v": [0.008172884104059905], "val_sc_a": 0, "val_sc_v": 0, "total_sc_a": 0, "total_sc_v": 0}