{"c1": 0.0406768498099696, "c2": 0.3595097175796298, "ch1": -0.4552115048452927, "ch2": 0.0633689191722496, "di": 3.0234116377149336, "dj": 2.284412183858412, "dk": 0.0, "vw_i": 1.628133276984542, "vw_j": 0.7728515837922076, "kt": 12.450255242350039, "train_sc_a": [10.305585843369899], "train_sc_v": [0.04219309968187731], "val_sc_a": 0, "val_sc_v": 0, "total_sc_a": 0, "total_sc_v": 0}