{"c1": 0.05522507699842887, "c2": 0.5798780091612271, "ch1": 0.002480679493284201, "ch2": 0.10973792268762152, "di": 2.795826148417068, "dj": 8.73139174362648, "dk": 0.8092738220007936, "vw_i": 0.5910303344535777, "vw_j": 0.15317002447567885, "kt": 9.48881660425588, "train_sc_a": [0.5519237319844392], "train_sc_v": [0.008137683778052598], "val_sc_a": 0, "val_sc_v": 0, "total_sc_a": 0, "total_sc_v": 0}