{"c1": 0.02785016663944482, "c2": 0.24080120523836934, "ch1": -0.002817217456643065, "ch2": 0.09407239523037417, "di": 5.322523856799747, "dj": 2.6867992256077864, "dk": 0.6804862852809007, "vw_i": -1.2230887038347933, "vw_j": -0.0067381679091995245, "kt": 11.525032531219203, "train_sc_a": [0.3245547632586206], "train_sc_v": [0.0033989375711352045], "val_sc_a": 0, "val_sc_v": 0, "total_sc_a": 0, "total_sc_v": 0}