{"c1": 0.030368300325010065, "c2": 0.10621971836931327, "ch1": -0.11170710267082551, "ch2": 0.08353027859208263, "di": 2.0492925291141186, "dj": 0.07791486195284834, "dk": 0.038218513266997885, "vw_i": -2.632685023619912, "vw_j": -2.289212697310917, "kt": 11.10002985203516, "train_sc_a": [8.003812113565113], "train_sc_v": [0.03098359979809277], "val_sc_a": 0, "val_sc_v": 0, "total_sc_a": 0, "total_sc_v": 0}