{"c1": 0.03375759424952702, "c2": 0.27414364031647587, "ch1": -0.031053415146107575, "ch2": 0.09540049794658792, "di": 2.1636499916544794, "dj": 2.1707700458852703, "dk": 0.0, "vw_i": -1.1377958801537693, "vw_j": -0.459588528777849, "kt": 7.580672123140511, "train_sc_a": [1.9322873438391648], "train_sc_v": [0.009066859293322344], "val_sc_a": 0, "val_sc_v": 0, "total_sc_a": 0, "total_sc_v": 0}