{"c1": 0.05216447376221088, "c2": 0.5553237649557213, "ch1": 0.00045169108720062925, "ch2": 0.10757153709804262, "di": 1.952669882470068, "dj": 4.103205149223961, "dk": 0.0, "vw_i": -2.0096522237896726, "vw_j": -0.6823010139475282, "kt": 7.41112666206058, "train_sc_a": [0.8593552407454277], "train_sc_v": [0.003508451686311003], "val_sc_a": 0, "val_sc_v": 0, "total_sc_a": 0, "total_sc_v": 0}