{"c1": 0.0510151532470976, "c2": 0.5375579953501753, "ch1": 0.01858210927151771, "ch2": 0.10788040640330171, "di": 0.7193314685810107, "dj": 0.7560235816209192, "dk": 0.32782539388627835, "vw_i": -0.9531260730410701, "vw_j": 0.06081503665939346, "kt": 10.285680627341074, "train_sc_a": [0.3009751550829545], "train_sc_v": [0.0050666126878943195], "val_sc_a": 0, "val_sc_v": 0, "total_sc_a": 0, "total_sc_v": 0}