{"c1": 0.018992246393063194, "c2": 0.10568406273033781, "ch1": 0.006245112898772354, "ch2": 0.09340541878797404, "di": 0.9872443971128593, "dj": 0.961624970629414, "dk": 1.1561091450373342, "vw_i": -1.7554335415351752, "vw_j": -0.21738782996938158, "kt": 4.972342908654598, "train_sc_a": [0.26928020365197575], "train_sc_v": [0.000792065462930414], "val_sc_a": 0, "val_sc_v": 0, "total_sc_a": 0, "total_sc_v": 0}