{"c1": 0.01989759004278601, "c2": 0.11439669144009926, "ch1": 0.004240237947764615, "ch2": 0.09289758108309683, "di": 3.019975667742645, "dj": 1.0624343338092062, "dk": 0.0887826007372337, "vw_i": -1.8379058801682868, "vw_j": -0.7687304351136579, "kt": 8.956317338238486, "train_sc_a": [0.3745949581792764], "train_sc_v": [0.006191350183096608], "val_sc_a": 0, "val_sc_v": 0, "total_sc_a": 0, "total_sc_v": 0}