{"c1": 0.03658428499459926, "c2": 0.45866989781434486, "ch1": -0.15418265723540586, "ch2": 0.08504080275350624, "di": 4.612990760901991, "dj": 4.198868571500388, "dk": 0.0, "vw_i": 2.1264325986524257, "vw_j": 0.5824760462760822, "kt": 9.680623327130046, "train_sc_a": [3.5844419617852057], "train_sc_v": [0.014581894029461579], "val_sc_a": 0, "val_sc_v": 0, "total_sc_a": 0, "total_sc_v": 0}