{"c1": 0.044764148112411306, "c2": 0.4584102472013692, "ch1": -0.049752449141063325, "ch2": 0.10114901546406593, "di": 6.127456449679387, "dj": 2.37511607419715, "dk": 0.0, "vw_i": 2.5264459680454987, "vw_j": 1.3744088919642707, "kt": 13.45512104133225, "train_sc_a": [3.2805801984386065], "train_sc_v": [0.013991225510601496], "val_sc_a": 0, "val_sc_v": 0, "total_sc_a": 0, "total_sc_v": 0}