{"c1": 0.03627340198753317, "c2": 0.3029302545404364, "ch1": -0.010651375778328677, "ch2": 0.0961930662738377, "di": 4.575318121076366, "dj": 2.7444312604193044, "dk": 0.0, "vw_i": -0.6517198783114093, "vw_j": 0.2773818969955345, "kt": 9.630452273558403, "train_sc_a": [0.3645941733778828], "train_sc_v": [0.004015575406591335], "val_sc_a": 0, "val_sc_v": 0, "total_sc_a": 0, "total_sc_v": 0}