{"c1": 0.05200008885141729, "c2": 0.5565274700147905, "ch1": -0.01891943461032375, "ch2": 0.10615165765978506, "di": 1.945050356528102, "dj": 4.087194005527634, "dk": 0.0, "vw_i": -1.8656974019565773, "vw_j": -0.6418483177560776, "kt": 7.440286803724132, "train_sc_a": [0.7332281751060655], "train_sc_v": [0.002268121608808056], "val_sc_a": 0, "val_sc_v": 0, "total_sc_a": 0, "total_sc_v": 0}