{"c1": 0.0513834326390782, "c2": 0.5284564786477802, "ch1": 0.020183870152340598, "ch2": 0.10754428160354126, "di": 0.24439732874384879, "dj": 3.6670865432833337, "dk": 0.012331352136343288, "vw_i": -0.42437169034239963, "vw_j": 0.2125246854448669, "kt": 10.364927306697544, "train_sc_a": [0.3405293616625991], "train_sc_v": [0.0033684706386458156], "val_sc_a": 0, "val_sc_v": 0, "total_sc_a": 0, "total_sc_v": 0}