{"c1": 0.0467518742676884, "c2": 0.4922560852113884, "ch1": 0.0019086944805632047, "ch2": 0.10499300636006262, "di": 1.9960347662547764, "dj": 2.7137749475228836, "dk": 0.0, "vw_i": -0.4721484925079006, "vw_j": -0.35623049139954266, "kt": 9.93621436886278, "train_sc_a": [0.9188088537716581], "train_sc_v": [0.0073232465576317345], "val_sc_a": 0, "val_sc_v": 0, "total_sc_a": 0, "total_sc_v": 0}