{"c1": 0.027748136210415823, "c2": 0.24144361175774165, "ch1": 0.007334586053438524, "ch2": 0.09467725067200558, "di": 5.299496388152479, "dj": 0.8330839506549053, "dk": 0.0, "vw_i": -1.0646636343646438, "vw_j": -0.016444639682233298, "kt": 11.542513822274989, "train_sc_a": [0.4126351429353355], "train_sc_v": [0.0013375709111502871], "val_sc_a": 0, "val_sc_v": 0, "total_sc_a": 0, "total_sc_v": 0}