{"c1": 0.04669434124523886, "c2": 0.48233839157716246, "ch1": -0.02046580909201106, "ch2": 0.10223754115307361, "di": 2.3708921795964013, "dj": 3.899402856593919, "dk": 0.08177932066694217, "vw_i": -0.3735697426018444, "vw_j": -0.033706520880924726, "kt": 7.569673584249695, "train_sc_a": [0.3680281394097981], "train_sc_v": [0.0016136920610743347], "val_sc_a": 0, "val_sc_v": 0, "total_sc_a": 0, "total_sc_v": 0}