{"c1": 0.046646181596089215, "c2": 0.49169896794836215, "ch1": -0.024347867822132795, "ch2": 0.10261528803726319, "di": 2.712545589337546, "dj": 2.120992114709243, "dk": 0.0, "vw_i": -4.987976002091031, "vw_j": -1.162209882023517, "kt": 9.873030950160876, "train_sc_a": [2.2366411066295355], "train_sc_v": [0.008624280573366954], "val_sc_a": 0, "val_sc_v": 0, "total_sc_a": 0, "total_sc_v": 0}