{"c1": 0.04768353053514467, "c2": 0.4751915633646399, "ch1": 0.011168159676345294, "ch2": 0.10561902263818103, "di": 1.6910751778948, "dj": 2.2906785096301223, "dk": 0.0, "vw_i": -0.8655406406508025, "vw_j": -0.2702800445120275, "kt": 9.882063936738753, "train_sc_a": [0.24226145114540515], "train_sc_v": [0.0011993562158557213], "val_sc_a": 0, "val_sc_v": 0, "total_sc_a": 0, "total_sc_v": 0}