{"c1": 0.04449529103620509, "c2": 0.4627531239184616, "ch1": -0.023605306310549863, "ch2": 0.1026937372355963, "di": 1.5794239383789779, "dj": 3.0744850074446717, "dk": 0.12440187858722576, "vw_i": -0.6790757296248233, "vw_j": 0.13014522118630942, "kt": 11.210069217411501, "train_sc_a": [0.46816254833932996], "train_sc_v": [0.007773729169563171], "val_sc_a": 0, "val_sc_v": 0, "total_sc_a": 0, "total_sc_v": 0}