{"c1": 0.054698449790876236, "c2": 0.5837467779542631, "ch1": 0.023907004454034042, "ch2": 0.1114182104562002, "di": 2.930777857979886, "dj": 8.553412908727967, "dk": 0.8676667003113745, "vw_i": 0.3593820139121322, "vw_j": -0.26390474010888376, "kt": 9.476739159080742, "train_sc_a": [0.4536811618864351], "train_sc_v": [0.0036518782638824154], "val_sc_a": 0, "val_sc_v": 0, "total_sc_a": 0, "total_sc_v": 0}