{"c1": 0.04125273023339144, "c2": 0.4326557774149862, "ch1": -0.13173467752817952, "ch2": 0.08685057622761326, "di": 3.467269773419153, "dj": 8.32781801082539, "dk": 3.241189745804871, "vw_i": -0.4858418286701768, "vw_j": -0.5688915670740275, "kt": 10.780639718865372, "train_sc_a": [3.4483212599556934], "train_sc_v": [0.0166815513787697], "val_sc_a": 0, "val_sc_v": 0, "total_sc_a": 0, "total_sc_v": 0}