{"c1": 0.04414769225807892, "c2": 0.46810820773027784, "ch1": -0.36174882981036394, "ch2": 0.07486613850133847, "di": 6.326923104125037, "dj": 18.911451103757233, "dk": 0.0, "vw_i": -0.30385610068969754, "vw_j": -0.00955730761791353, "kt": 13.606021014471576, "train_sc_a": [7.370472647952388], "train_sc_v": [0.03405063104585821], "val_sc_a": 0, "val_sc_v": 0, "total_sc_a": 0, "total_sc_v": 0}