{"c1": 0.05147172298705759, "c2": 0.5276912533450652, "ch1": -0.007068284471423741, "ch2": 0.10543651964125267, "di": 1.5701874511061913, "dj": 0.982348777173081, "dk": 0.0, "vw_i": -0.2798436869564183, "vw_j": 0.31646525458483, "kt": 10.339300604702972, "train_sc_a": [3.0854823860449967], "train_sc_v": [0.015238424924856886], "val_sc_a": 0, "val_sc_v": 0, "total_sc_a": 0, "total_sc_v": 0}