{"c1": 0.04406073798952859, "c2": 0.4257838655540776, "ch1": 0.011346220022348098, "ch2": 0.09917503271090751, "di": 0.18774127044982913, "dj": 2.3350905718010937, "dk": 0.03863912356438216, "vw_i": -0.9798120656634983, "vw_j": -0.26636897622070305, "kt": 11.675934520576, "train_sc_a": [0.5022172397376047], "train_sc_v": [0.007764754326063581], "val_sc_a": 0, "val_sc_v": 0, "total_sc_a": 0, "total_sc_v": 0}