{"c1": 0.0466901979349828, "c2": 0.47816744001996825, "ch1": -0.01775875685815822, "ch2": 0.10216019110666347, "di": 0.5824490806591823, "dj": 0.0, "dk": 4.763841178968111, "vw_i": -0.04204275324741734, "vw_j": 0.9198407517232897, "kt": 11.985446153546896, "train_sc_a": [0.882995395988382], "train_sc_v": [0.007771534789427061], "val_sc_a": 0, "val_sc_v": 0, "total_sc_a": 0, "total_sc_v": 0}