{"c1": 0.037522030705840585, "c2": 0.2223523136543375, "ch1": -0.2824533299531158, "ch2": 0.07548144896629373, "di": 3.4314926251298936, "dj": 1.9375125379725924, "dk": 0.9991623809040612, "vw_i": -0.9752400532788412, "vw_j": -0.04882528367281383, "kt": 6.713388552046899, "train_sc_a": [7.277429221687627], "train_sc_v": [0.027303661573324634], "val_sc_a": 0, "val_sc_v": 0, "total_sc_a": 0, "total_sc_v": 0}