{"c1": 0.050226602656933766, "c2": 0.542978523101904, "ch1": 0.009139325935810145, "ch2": 0.10766773761406018, "di": 3.6633328478052833, "dj": 0.5044400686363143, "dk": 0.0, "vw_i": -0.8357746236907218, "vw_j": 0.10462597934077511, "kt": 10.236733261088588, "train_sc_a": [0.862080367070317], "train_sc_v": [0.01582269038926536], "val_sc_a": 0, "val_sc_v": 0, "total_sc_a": 0, "total_sc_v": 0}