{"c1": 0.02753684335008524, "c2": 0.22213254904574886, "ch1": 0.013554925865943234, "ch2": 0.09472272522502391, "di": 0.7968289315497933, "dj": 0.09844243073558435, "dk": 0.0, "vw_i": -1.407797139256359, "vw_j": -0.4951958923485586, "kt": 12.402120607379658, "train_sc_a": [0.44953109876622593], "train_sc_v": [0.0037005496204259563], "val_sc_a": 0, "val_sc_v": 0, "total_sc_a": 0, "total_sc_v": 0}