{"c1": 0.05039546015213588, "c2": 0.5627113283287158, "ch1": -0.0409092784456367, "ch2": 0.1046604571713842, "di": 9.171756164167313, "dj": 3.1731125789342682, "dk": 0.0, "vw_i": 3.100728653026822, "vw_j": 2.578237278553379, "kt": 8.107712374352504, "train_sc_a": [1.3377813026520975], "train_sc_v": [0.008367291261025438], "val_sc_a": 0, "val_sc_v": 0, "total_sc_a": 0, "total_sc_v": 0}