{"c1": 0.041551895467239496, "c2": 0.4174408644416072, "ch1": -0.033404653735528304, "ch2": 0.09398162888307096, "di": 5.053794545978397, "dj": 6.728434701390172, "dk": 4.893798683081689, "vw_i": 0.5679931974962553, "vw_j": -0.5757225994784568, "kt": 10.968592629824402, "train_sc_a": [0.46646935630807124], "train_sc_v": [0.006492466165053599], "val_sc_a": 0, "val_sc_v": 0, "total_sc_a": 0, "total_sc_v": 0}