{"c1": 0.045678106696523224, "c2": 0.45189871840574586, "ch1": 0.25748174013010816, "ch2": 0.12644721279545273, "di": 5.512357332536946, "dj": 41.078568032907235, "dk": 0.0, "vw_i": 1.707588500912705, "vw_j": 0.8430228720262023, "kt": 13.406735934003883, "train_sc_a": [57.31517351710421], "train_sc_v": [0.2204368768524607], "val_sc_a": 0, "val_sc_v": 0, "total_sc_a": 0, "total_sc_v": 0}