{"c1": 0.027462686872633202, "c2": 0.23592202367327328, "ch1": 0.006490355782274079, "ch2": 0.09425066079253325, "di": 0.27176876224356955, "dj": 2.3604323192375296, "dk": 0.7769207850482664, "vw_i": -2.302354530848904, "vw_j": -0.9054857907968703, "kt": 12.880622419237994, "train_sc_a": [0.8089085345205919], "train_sc_v": [0.009417542482824354], "val_sc_a": 0, "val_sc_v": 0, "total_sc_a": 0, "total_sc_v": 0}