{"c1": 0.031729364678173604, "c2": 0.27304764606371074, "ch1": 0.01963822822883198, "ch2": 0.09956952535067781, "di": 0.2648690780365777, "dj": 2.120351228662095, "dk": 0.8579912708818829, "vw_i": -1.0371587639442628, "vw_j": -0.2902569189571984, "kt": 7.702414496991053, "train_sc_a": [0.35577769029824086], "train_sc_v": [0.0062216623073672785], "val_sc_a": 0, "val_sc_v": 0, "total_sc_a": 0, "total_sc_v": 0}