{"c1": 0.02117939519805749, "c2": 0.13498828518288994, "ch1": 0.026796099954107814, "ch2": 0.09584323785377216, "di": 1.5286603550805131, "dj": 2.1155470168842694, "dk": 0.10062743183905101, "vw_i": -0.8397088507042623, "vw_j": -0.43309710348076874, "kt": 9.010330313919344, "train_sc_a": [0.34648451946690245], "train_sc_v": [0.0026896418220829117], "val_sc_a": 0, "val_sc_v": 0, "total_sc_a": 0, "total_sc_v": 0}