{"c1": 0.04390915851402452, "c2": 0.42755309924369667, "ch1": -0.010184842920577777, "ch2": 0.09753060251431767, "di": 0.28870254917809, "dj": 2.3445446792289744, "dk": 0.12751334440329062, "vw_i": -0.878571586353753, "vw_j": -0.16248298914732814, "kt": 11.66963785397356, "train_sc_a": [1.183127868604683], "train_sc_v": [0.008209360560992928], "val_sc_a": 0, "val_sc_v": 0, "total_sc_a": 0, "total_sc_v": 0}