{"c1": 0.018944295018025536, "c2": 0.11742720175746874, "ch1": -0.002854224786817521, "ch2": 0.0923699642255608, "di": 2.4719966856491644, "dj": 0.7298890950852643, "dk": 2.6630803444051505, "vw_i": -1.8675095814803964, "vw_j": -0.4266592800698027, "kt": 8.916148578836323, "train_sc_a": [0.6627213782842947], "train_sc_v": [0.005902956925584985], "val_sc_a": 0, "val_sc_v": 0, "total_sc_a": 0, "total_sc_v": 0}