{"c1": 0.03617138265403773, "c2": 0.3030483229271235, "ch1": -0.04696540107773496, "ch2": 0.09328886385365438, "di": 4.7399842329449315, "dj": 2.2972476438392153, "dk": 0.035724925284708935, "vw_i": -0.9423610279429444, "vw_j": 0.13365582371856363, "kt": 9.475574294946018, "train_sc_a": [2.0144049907625825], "train_sc_v": [0.013367527056298772], "val_sc_a": 0, "val_sc_v": 0, "total_sc_a": 0, "total_sc_v": 0}