{"c1": 0.04719248786954138, "c2": 0.39882670158209277, "ch1": -0.13753601331179896, "ch2": 0.08675966761088659, "di": 4.92303433963396, "dj": 3.255399463826283, "dk": 0.0, "vw_i": -1.4349127583325094, "vw_j": -0.48811415560703353, "kt": 10.486443450318355, "train_sc_a": [1.2505388531756445], "train_sc_v": [0.0060227111280636144], "val_sc_a": 0, "val_sc_v": 0, "total_sc_a": 0, "total_sc_v": 0}