{"c1": 0.02753684335011444, "c2": 0.22213254904447424, "ch1": 0.013554925865201748, "ch2": 0.09472272522488871, "di": 0.7968289316984999, "dj": 0.09844243088251335, "dk": 0.0, "vw_i": -1.4077971392428024, "vw_j": -0.4951958921125263, "kt": 12.402120606298636, "train_sc_a": [0.44953109876760483], "train_sc_v": [0.003700549620464438], "val_sc_a": 0, "val_sc_v": 0, "total_sc_a": 0, "total_sc_v": 0}