{"c1": 0.046514009053727046, "c2": 0.5752915994520417, "ch1": 0.3122767083506044, "ch2": 0.1311304594619478, "di": 6.506155392140964, "dj": 6.7228845150124465, "dk": 2.029706589254118, "vw_i": -2.11497964357976, "vw_j": -3.578904892349396, "kt": 10.022237342929557, "train_sc_a": [19.63650369903024], "train_sc_v": [0.07858181802614324], "val_sc_a": 0, "val_sc_v": 0, "total_sc_a": 0, "total_sc_v": 0}