{"c1": 0.023779340474663846, "c2": 0.18582432563014023, "ch1": -0.015450805534020494, "ch2": 0.0919580505278918, "di": 4.390403693776553, "dj": 2.4768110118527185, "dk": 0.579768109130318, "vw_i": -2.330914402728787, "vw_j": -0.7441443683391163, "kt": 12.535714712235665, "train_sc_a": [0.5499691983560416], "train_sc_v": [0.005384106109676961], "val_sc_a": 0, "val_sc_v": 0, "total_sc_a": 0, "total_sc_v": 0}