{"c1": 0.04334765952770901, "c2": 0.43114158182516493, "ch1": 0.019438854981615954, "ch2": 0.09979169587943752, "di": 2.570324337198034, "dj": 0.4034826914219966, "dk": 0.0, "vw_i": -0.6746477465360944, "vw_j": 0.3363378622754623, "kt": 11.933981205228914, "train_sc_a": [0.5073645475998384], "train_sc_v": [0.008000013648832096], "val_sc_a": 0, "val_sc_v": 0, "total_sc_a": 0, "total_sc_v": 0}