{"c1": 0.0402710329267415, "c2": 0.3780145673693059, "ch1": 0.015578027485544332, "ch2": 0.09848619272820716, "di": 3.265953411072057, "dj": 7.372838869030557, "dk": 0.0, "vw_i": -0.6595966448561892, "vw_j": -0.4148749725721105, "kt": 12.020053473768973, "train_sc_a": [0.6552475424927983], "train_sc_v": [0.006795430232431675], "val_sc_a": 0, "val_sc_v": 0, "total_sc_a": 0, "total_sc_v": 0}