{"c1": 0.01908491377346819, "c2": 0.10487288618395721, "ch1": 0.012672799529170595, "ch2": 0.09401837193613294, "di": 0.7235341419058353, "dj": 1.5618505901214585, "dk": 0.4550847935470448, "vw_i": -2.0240822751308047, "vw_j": -0.7549228539522, "kt": 7.217244431589073, "train_sc_a": [0.38037152676003516], "train_sc_v": [0.007333084230433395], "val_sc_a": 0, "val_sc_v": 0, "total_sc_a": 0, "total_sc_v": 0}