{"c1": 0.04488389907152145, "c2": 0.45963946704262737, "ch1": 0.0013204849481425435, "ch2": 0.1045408400451586, "di": 3.3728262146045145, "dj": 2.606780426745255, "dk": 0.0, "vw_i": 0.4923214587129579, "vw_j": 0.8139354140259794, "kt": 11.494652741952578, "train_sc_a": [0.7127053681545752], "train_sc_v": [0.006371608980647841], "val_sc_a": 0, "val_sc_v": 0, "total_sc_a": 0, "total_sc_v": 0}