{"c1": 0.047666668796721975, "c2": 0.48356507308966307, "ch1": -0.03782822066814423, "ch2": 0.10152833175094289, "di": 5.005398795835494, "dj": 3.1370757081563125, "dk": 0.0, "vw_i": -3.652781876280101, "vw_j": -0.7016389861001536, "kt": 9.953797799734025, "train_sc_a": [2.0844920264597397], "train_sc_v": [0.012413251052927527], "val_sc_a": 0, "val_sc_v": 0, "total_sc_a": 0, "total_sc_v": 0}