{"c1": 0.0393048472378882, "c2": 0.37921471238233445, "ch1": -0.010398106363266674, "ch2": 0.096450156116227, "di": 0.49731971074830195, "dj": 0.9313436836963056, "dk": 0.0, "vw_i": 1.1745568985553771, "vw_j": -0.07837279016945961, "kt": 12.694325706745541, "train_sc_a": [0.7587966918617554], "train_sc_v": [0.0042444398745721664], "val_sc_a": 0, "val_sc_v": 0, "total_sc_a": 0, "total_sc_v": 0}