{"c1": 0.026097052271709678, "c2": 0.21151389074580998, "ch1": -0.0012819794166605296, "ch2": 0.09297990569007916, "di": 3.673431698385523, "dj": 0.07182672937482401, "dk": 6.540139115950694, "vw_i": -1.6151384601512986, "vw_j": -0.5590551367833292, "kt": 13.970088884677828, "train_sc_a": [0.40200688218805114], "train_sc_v": [0.0034907285655465317], "val_sc_a": 0, "val_sc_v": 0, "total_sc_a": 0, "total_sc_v": 0}