{"c1": 0.039306648203861545, "c2": 0.38730374916014926, "ch1": -0.010756257055140907, "ch2": 0.09596903486847677, "di": 4.133347343642736, "dj": 2.671460344472294, "dk": 0.0, "vw_i": -0.8144401150905951, "vw_j": -0.3951635246909023, "kt": 9.413802498008797, "train_sc_a": [0.918918439969094], "train_sc_v": [0.005442169979424224], "val_sc_a": 0, "val_sc_v": 0, "total_sc_a": 0, "total_sc_v": 0}