{"c1": 0.022885335285787144, "c2": 0.17007422444460896, "ch1": 0.009181154866580358, "ch2": 0.09419948324377937, "di": 2.284157488775328, "dj": 0.5170889000430559, "dk": 0.06286737497921051, "vw_i": -0.5122370938381423, "vw_j": 0.14307369760121144, "kt": 10.826761382020608, "train_sc_a": [0.2890151930103196], "train_sc_v": [0.004424440457402934], "val_sc_a": 0, "val_sc_v": 0, "total_sc_a": 0, "total_sc_v": 0}