{"c1": 0.038201294115276056, "c2": 0.3782880974342188, "ch1": -0.018608326787843566, "ch2": 0.09574734539568187, "di": 3.4684500620780816, "dj": 1.9572983543645932, "dk": 1.9300669449416805, "vw_i": -1.105491874321092, "vw_j": -0.04168238522348598, "kt": 9.244229315735664, "train_sc_a": [1.0397323500766482], "train_sc_v": [0.007812117496091401], "val_sc_a": 0, "val_sc_v": 0, "total_sc_a": 0, "total_sc_v": 0}