{"c1": 0.047241632360863414, "c2": 0.6373157823728604, "ch1": -0.20793967614938158, "ch2": 0.09434944628915734, "di": 0.564415411850653, "dj": 0.707572758586261, "dk": 0.0, "vw_i": -0.729012095130612, "vw_j": -0.10438085918944219, "kt": 8.15662734938252, "train_sc_a": [3.3939560631160655], "train_sc_v": [0.014265463862737754], "val_sc_a": 0, "val_sc_v": 0, "total_sc_a": 0, "total_sc_v": 0}