{"c1": 0.05067612561395449, "c2": 0.5418060772064499, "ch1": 0.010270328156880469, "ch2": 0.10823299723679299, "di": 3.728653449232793, "dj": 3.7691360289140663, "dk": 0.6711494015595504, "vw_i": -1.829047463540231, "vw_j": -0.5780654557615641, "kt": 10.078554695707519, "train_sc_a": [0.5823085614230388], "train_sc_v": [0.0036725295973708705], "val_sc_a": 0, "val_sc_v": 0, "total_sc_a": 0, "total_sc_v": 0}