{"c1": 0.045947416047694256, "c2": 0.5043886454398043, "ch1": -0.00034928634617250806, "ch2": 0.10489643084044567, "di": 0.011508899666081863, "dj": 2.0748347428950185, "dk": 0.0, "vw_i": -1.0768249094333304, "vw_j": -0.6770695446940669, "kt": 10.006530459208573, "train_sc_a": [0.3288348396395838], "train_sc_v": [0.004030631614702206], "val_sc_a": 0, "val_sc_v": 0, "total_sc_a": 0, "total_sc_v": 0}