{"c1": 0.03218462852591518, "c2": 0.2634017934905079, "ch1": 0.024162887425557184, "ch2": 0.09986415299317765, "di": 4.122943699231852, "dj": 0.4682099661991585, "dk": 0.05366009022447015, "vw_i": 0.6178496453427894, "vw_j": -0.07363691019455515, "kt": 6.291145631619849, "train_sc_a": [0.4045947296708964], "train_sc_v": [0.005539016777260596], "val_sc_a": 0, "val_sc_v": 0, "total_sc_a": 0, "total_sc_v": 0}