{"c1": 0.04470706197351481, "c2": 0.46013415138885794, "ch1": 0.0002382059963162153, "ch2": 0.10401687763119247, "di": 3.5916702418499993, "dj": 0.9485287823873325, "dk": 0.0, "vw_i": -0.09764837011673695, "vw_j": 0.3703318452799924, "kt": 10.765547834968606, "train_sc_a": [2.9934137366097033], "train_sc_v": [0.009282992829117443], "val_sc_a": 0, "val_sc_v": 0, "total_sc_a": 0, "total_sc_v": 0}