{"c1": 0.024245966561487833, "c2": 0.17812025717597207, "ch1": -0.009345090504651307, "ch2": 0.09243473471283574, "di": 3.723672866055957, "dj": 2.067874892955803, "dk": 0.0, "vw_i": -2.3195119681935816, "vw_j": -0.8569077316270242, "kt": 12.437648169519328, "train_sc_a": [0.23638986180852276], "train_sc_v": [0.0008289059203448208], "val_sc_a": 0, "val_sc_v": 0, "total_sc_a": 0, "total_sc_v": 0}