{"c1": 0.02741457299712748, "c2": 0.22745867424896504, "ch1": 0.0006778832055076831, "ch2": 0.09370343646644878, "di": 1.1513828963660109, "dj": 0.4056445505502073, "dk": 0.8686822781038909, "vw_i": -1.5882527197210967, "vw_j": -0.6525401249862395, "kt": 13.333576640814094, "train_sc_a": [0.6098749016662631], "train_sc_v": [0.008827358787419075], "val_sc_a": 0, "val_sc_v": 0, "total_sc_a": 0, "total_sc_v": 0}