{"c1": 0.0508299470565754, "c2": 0.5629078265128885, "ch1": -0.4725691425286022, "ch2": 0.07349311761584701, "di": 5.892094045891902, "dj": 3.1911756516669048, "dk": 0.0016196075863969398, "vw_i": -3.4673289491817827, "vw_j": 0.9026985874928866, "kt": 10.7619927292092, "train_sc_a": [13.049224945770534], "train_sc_v": [0.055053427779393684], "val_sc_a": 0, "val_sc_v": 0, "total_sc_a": 0, "total_sc_v": 0}