{"c1": 0.04589128240318308, "c2": 0.4858859328319227, "ch1": 0.010797494819991779, "ch2": 0.10446589287819849, "di": 1.8284587894635982, "dj": 1.8564949970851317, "dk": 0.0, "vw_i": -0.06123465749872142, "vw_j": 0.3925259860760024, "kt": 10.304775490452108, "train_sc_a": [0.3111418377297373], "train_sc_v": [0.004485604793753578], "val_sc_a": 0, "val_sc_v": 0, "total_sc_a": 0, "total_sc_v": 0}