{"c1": 0.04521672365158091, "c2": 0.4564305753499496, "ch1": -0.0005658396048177899, "ch2": 0.10430035395500548, "di": 2.0432490218151793, "dj": 1.08784487920675, "dk": 0.0, "vw_i": -0.5767532737982229, "vw_j": 0.43936318448019984, "kt": 10.175889790880657, "train_sc_a": [0.42310404311570116], "train_sc_v": [0.005420754919842795], "val_sc_a": 0, "val_sc_v": 0, "total_sc_a": 0, "total_sc_v": 0}