{"c1": 0.0471196592906984, "c2": 0.49427111306563465, "ch1": -0.0080987006559957, "ch2": 0.10355250131412078, "di": 6.387908009278095, "dj": 5.936437275724445, "dk": 0.29655664265378306, "vw_i": -1.7428722173052769, "vw_j": -0.7430395603538625, "kt": 10.108208410588771, "train_sc_a": [0.7813637020736569], "train_sc_v": [0.0048184295257088115], "val_sc_a": 0, "val_sc_v": 0, "total_sc_a": 0, "total_sc_v": 0}