{"c1": 0.04621902626096378, "c2": 0.48572897390917275, "ch1": 0.012851453521482342, "ch2": 0.10551473707240404, "di": 2.4112884947647077, "dj": 0.22450193487525988, "dk": 0.002129540558806729, "vw_i": -0.0070951627103888176, "vw_j": 0.16272598853686054, "kt": 10.49754655249314, "train_sc_a": [0.9595331601486885], "train_sc_v": [0.006300479000998096], "val_sc_a": 0, "val_sc_v": 0, "total_sc_a": 0, "total_sc_v": 0}