{"c1": 0.046997817701463274, "c2": 0.49693160935610986, "ch1": -0.02996679866149387, "ch2": 0.10194592392685911, "di": 6.328748424065421, "dj": 5.743773808085293, "dk": 0.31505505886245205, "vw_i": -1.2923957768212482, "vw_j": -0.8624361516048582, "kt": 10.06357358247875, "train_sc_a": [0.3872697811379885], "train_sc_v": [0.00496459035987141], "val_sc_a": 0, "val_sc_v": 0, "total_sc_a": 0, "total_sc_v": 0}