{"c1": 0.028389000170154867, "c2": 0.23039202360356034, "ch1": -0.04415011050606234, "ch2": 0.09051047449206003, "di": 2.7313023193156405, "dj": 3.2524549176800357, "dk": 0.0, "vw_i": -1.5051602670335116, "vw_j": -0.9337058621824272, "kt": 12.596996888688764, "train_sc_a": [0.42977389410982103], "train_sc_v": [0.008377187176897696], "val_sc_a": 0, "val_sc_v": 0, "total_sc_a": 0, "total_sc_v": 0}