{"c1": 0.05169821222043744, "c2": 0.5322447430624789, "ch1": -0.08072612138075462, "ch2": 0.10112779380324857, "di": 3.672872080337783, "dj": 0.0020754058744145566, "dk": 0.12014796229091029, "vw_i": -0.8704131698091189, "vw_j": -0.04513425969071874, "kt": 10.509795578707674, "train_sc_a": [0.6886600426480949], "train_sc_v": [0.004541004241298707], "val_sc_a": 0, "val_sc_v": 0, "total_sc_a": 0, "total_sc_v": 0}