{"c1": 0.0285951756011222, "c2": 0.35321020392214525, "ch1": -0.1751818304573937, "ch2": 0.08500833955541777, "di": 1.1439988749445202, "dj": 2.007127531161042, "dk": 0.7746075101131773, "vw_i": 1.8953640828239533, "vw_j": 1.0241736287092849, "kt": 7.401285559331765, "train_sc_a": [5.5601726270482645], "train_sc_v": [0.021475179463470256], "val_sc_a": 0, "val_sc_v": 0, "total_sc_a": 0, "total_sc_v": 0}