{"c1": 0.05471005903873213, "c2": 0.5836070463493627, "ch1": 0.09341615227494506, "ch2": 0.11670973741856693, "di": 6.031506018741877, "dj": 8.96159250359024, "dk": 0.9995762381129054, "vw_i": 1.477558206154167, "vw_j": -0.3572006160021419, "kt": 9.492468750454636, "train_sc_a": [1.2483217158716378], "train_sc_v": [0.00817614125864714], "val_sc_a": 0, "val_sc_v": 0, "total_sc_a": 0, "total_sc_v": 0}