{"c1": 0.05350668047016614, "c2": 0.5920336135255326, "ch1": -0.03513125509385376, "ch2": 0.10664872225666577, "di": 3.2913202975575073, "dj": 0.21841885353640905, "dk": 1.5907751392197658, "vw_i": -0.6126895844137535, "vw_j": 0.02032265854853237, "kt": 8.719442622955063, "train_sc_a": [4.8529570542986695], "train_sc_v": [0.013765068241110208], "val_sc_a": 0, "val_sc_v": 0, "total_sc_a": 0, "total_sc_v": 0}