{"c1": 0.05405772640189386, "c2": 0.5882003500022938, "ch1": 0.004161549977900704, "ch2": 0.10966706668771893, "di": 1.3446875199527313, "dj": 4.205416107797442, "dk": 0.1369272107990942, "vw_i": -2.0558011895423416, "vw_j": -0.6393723942048777, "kt": 9.27962150653402, "train_sc_a": [0.7181153076109265], "train_sc_v": [0.010388846188883801], "val_sc_a": 0, "val_sc_v": 0, "total_sc_a": 0, "total_sc_v": 0}