{"c1": 0.04334214517200859, "c2": 0.4299409779593541, "ch1": 0.3837460271640885, "ch2": 0.12654581900612152, "di": 6.426506950571759, "dj": 29.82868621028191, "dk": 0.0, "vw_i": 0.02311190279875891, "vw_j": -0.6479623015473989, "kt": 10.22624742011745, "train_sc_a": [24.31103686081034], "train_sc_v": [0.10574659214872184], "val_sc_a": 0, "val_sc_v": 0, "total_sc_a": 0, "total_sc_v": 0}