{"c1": 0.024929132286094294, "c2": 0.2321321932660875, "ch1": -0.3127946563007878, "ch2": 0.06794588549089978, "di": 3.3312342446942567, "dj": 3.114199125555506, "dk": 3.855588828093982, "vw_i": 5.428783667329462, "vw_j": 1.8148580192921004, "kt": 12.33565571406202, "train_sc_a": [14.231713356999078], "train_sc_v": [0.055088380569789014], "val_sc_a": 0, "val_sc_v": 0, "total_sc_a": 0, "total_sc_v": 0}