{"c1": 0.027188422241683458, "c2": 0.22908971954745702, "ch1": 0.0030857438694717266, "ch2": 0.09394835773571844, "di": 1.4277680509838377, "dj": 0.346920874120658, "dk": 0.6644120120478534, "vw_i": -1.566913443339844, "vw_j": -0.5210988330915725, "kt": 13.251169309051702, "train_sc_a": [0.5724807482972634], "train_sc_v": [0.008525589635216477], "val_sc_a": 0, "val_sc_v": 0, "total_sc_a": 0, "total_sc_v": 0}