{"c1": 0.028561644156142273, "c2": 0.23145156770553596, "ch1": 0.002510897845783722, "ch2": 0.09426323718348685, "di": 3.7932033942504746, "dj": 2.415886724923266, "dk": 0.1504960074765401, "vw_i": -1.0979031185706511, "vw_j": -0.36426096765090166, "kt": 12.439764110853863, "train_sc_a": [0.4877655811468163], "train_sc_v": [0.007855624814415164], "val_sc_a": 0, "val_sc_v": 0, "total_sc_a": 0, "total_sc_v": 0}