{"c1": 0.026527299253651996, "c2": 0.22074860291613974, "ch1": -0.02007921250401637, "ch2": 0.09145315186894488, "di": 3.5860069127062815, "dj": 5.024791987193222, "dk": 0.0, "vw_i": 0.2883709376717543, "vw_j": 0.06882128153527814, "kt": 13.023232819608243, "train_sc_a": [0.45532352506939705], "train_sc_v": [0.0036613323900239973], "val_sc_a": 0, "val_sc_v": 0, "total_sc_a": 0, "total_sc_v": 0}