{"c1": 0.045672204378655136, "c2": 0.45376073193059946, "ch1": 0.011210964709691783, "ch2": 0.10527028189298589, "di": 3.5852485912563044, "dj": 2.364582569844125, "dk": 0.0, "vw_i": -0.2532533437375751, "vw_j": 0.9458057185565505, "kt": 11.477573153435925, "train_sc_a": [0.4702108308819465], "train_sc_v": [0.0067906606188733445], "val_sc_a": 0, "val_sc_v": 0, "total_sc_a": 0, "total_sc_v": 0}