{"c1": 0.027590881530405773, "c2": 0.23498103579382068, "ch1": -0.011538273063003188, "ch2": 0.09293420236823723, "di": 0.27415660985639695, "dj": 2.357074363699461, "dk": 0.775815536051491, "vw_i": -2.1945855771201863, "vw_j": -0.8522304734966968, "kt": 12.880638122151703, "train_sc_a": [0.9334358562625295], "train_sc_v": [0.00466716997924454], "val_sc_a": 0, "val_sc_v": 0, "total_sc_a": 0, "total_sc_v": 0}