{"c1": 0.04673838782681356, "c2": 0.48201461477381025, "ch1": -0.03977317410154651, "ch2": 0.10082200494583017, "di": 2.815015215615848, "dj": 2.3056713170855656, "dk": 0.0, "vw_i": -0.05512822108764113, "vw_j": 0.000693028299595421, "kt": 10.902667497146647, "train_sc_a": [3.300021248503015], "train_sc_v": [0.017029295287048354], "val_sc_a": 0, "val_sc_v": 0, "total_sc_a": 0, "total_sc_v": 0}