{"c1": 0.020324026643666532, "c2": 0.12064449769017525, "ch1": 0.0146594081773606, "ch2": 0.09431524037434942, "di": 2.9217768738210803, "dj": 0.8915733488227228, "dk": 0.0, "vw_i": -1.3893101622875903, "vw_j": -0.04996123411754365, "kt": 8.271702202914856, "train_sc_a": [0.4291549204337253], "train_sc_v": [0.003235214299846215], "val_sc_a": 0, "val_sc_v": 0, "total_sc_a": 0, "total_sc_v": 0}