{"c1": 0.04289799320715994, "c2": 0.3707731140007708, "ch1": -0.020380292512212995, "ch2": 0.0950653577606534, "di": 4.8623461595376405, "dj": 5.521588020284561, "dk": 0.0, "vw_i": -0.8193561896216786, "vw_j": -0.49832702257172007, "kt": 9.539182039455202, "train_sc_a": [0.3160544977993226], "train_sc_v": [0.0019356532890909362], "val_sc_a": 0, "val_sc_v": 0, "total_sc_a": 0, "total_sc_v": 0}