{"c1": 0.030845392697369762, "c2": 0.2756245772557017, "ch1": -0.00047467053635304743, "ch2": 0.09774416180827275, "di": 0.26013898598126717, "dj": 0.9279231135140419, "dk": 0.008035623184826996, "vw_i": -0.8180355183124497, "vw_j": -0.7649628150700907, "kt": 6.331086019882383, "train_sc_a": [3.141991622522642], "train_sc_v": [0.014304525836255492], "val_sc_a": 0, "val_sc_v": 0, "total_sc_a": 0, "total_sc_v": 0}