{"c1": 0.047118362183421365, "c2": 0.4717441597044585, "ch1": -0.173944216126073, "ch2": 0.09007975752963554, "di": 10.059451220509658, "dj": 10.0712669844555, "dk": 0.5607130574144351, "vw_i": 0.036106223626625425, "vw_j": 1.180810246578095, "kt": 11.888194621296956, "train_sc_a": [4.404208683567534], "train_sc_v": [0.02324942974585589], "val_sc_a": 0, "val_sc_v": 0, "total_sc_a": 0, "total_sc_v": 0}