{"c1": 0.04552151356694553, "c2": 0.5074243555156279, "ch1": -0.006897045084377424, "ch2": 0.10444290387861101, "di": 1.6092787196868459, "dj": 1.4335742639063371, "dk": 0.0, "vw_i": -0.8183780081235008, "vw_j": 0.18468642383864073, "kt": 9.831472744917995, "train_sc_a": [0.5329998550988506], "train_sc_v": [0.007821614029624658], "val_sc_a": 0, "val_sc_v": 0, "total_sc_a": 0, "total_sc_v": 0}