{"c1": 0.019449932375172865, "c2": 0.1990276536599953, "ch1": 0.31651366693508626, "ch2": 0.11829390684494279, "di": 3.1583421006537513, "dj": 10.395149598429915, "dk": 1.5576767891795997, "vw_i": -2.441421185743333, "vw_j": -0.4443797662811395, "kt": 10.902106128043258, "train_sc_a": [12.704812600928552], "train_sc_v": [0.05307194904404556], "val_sc_a": 0, "val_sc_v": 0, "total_sc_a": 0, "total_sc_v": 0}