{"c1": 0.023192280993475815, "c2": 0.16057139413211854, "ch1": 0.004931107928184171, "ch2": 0.0938605340561914, "di": 1.0353333082141802, "dj": 0.9574325153174206, "dk": 0.0, "vw_i": -0.45669475764451467, "vw_j": -0.2478894760406894, "kt": 10.950949614607323, "train_sc_a": [0.409579891949416], "train_sc_v": [0.005258389929687837], "val_sc_a": 0, "val_sc_v": 0, "total_sc_a": 0, "total_sc_v": 0}