{"c1": 0.03280617053010745, "c2": 0.28512718181847213, "ch1": -0.007158108789202168, "ch2": 0.0972262600166917, "di": 3.73851806063801, "dj": 3.693380017019279, "dk": 0.0, "vw_i": -1.199567219881961, "vw_j": -0.15875754529940045, "kt": 7.529209941925052, "train_sc_a": [0.859577466322511], "train_sc_v": [0.006112437000697318], "val_sc_a": 0, "val_sc_v": 0, "total_sc_a": 0, "total_sc_v": 0}