{"c1": 0.04625517908669335, "c2": 0.47533726222661354, "ch1": -0.20214438166187648, "ch2": 0.0878897399258994, "di": 12.790577152576743, "dj": 15.108215387146029, "dk": 0.0, "vw_i": -0.9074792065312736, "vw_j": -0.5909185062281543, "kt": 12.401676184245627, "train_sc_a": [1.8840669911893224], "train_sc_v": [0.011268769498952063], "val_sc_a": 0, "val_sc_v": 0, "total_sc_a": 0, "total_sc_v": 0}