{"c1": 0.041792034950316255, "c2": 0.44179716834166954, "ch1": -0.04695089393394384, "ch2": 0.09458064683105959, "di": 6.2844727702897725, "dj": 5.908372683342416, "dk": 0.3794037899005454, "vw_i": -0.17693325216263378, "vw_j": 0.18513333559755046, "kt": 11.316272734250163, "train_sc_a": [0.6681304805846167], "train_sc_v": [0.007209388412901316], "val_sc_a": 0, "val_sc_v": 0, "total_sc_a": 0, "total_sc_v": 0}