{"c1": 0.03856351114826828, "c2": 0.37368270238006607, "ch1": 0.018391171039371133, "ch2": 0.09848630658779024, "di": 1.96603679701046, "dj": 1.1975636555036753, "dk": 0.0, "vw_i": -1.042930714582648, "vw_j": -0.48277037729878064, "kt": 7.863941986745274, "train_sc_a": [0.5448123708745576], "train_sc_v": [0.0031495153992714743], "val_sc_a": 0, "val_sc_v": 0, "total_sc_a": 0, "total_sc_v": 0}