{"c1": 0.05094854187589535, "c2": 0.5623178081950557, "ch1": -0.010798733339338597, "ch2": 0.1067743441396301, "di": 9.393138378668219, "dj": 6.664689451533211, "dk": 0.0, "vw_i": -0.12648351470232608, "vw_j": -0.3445813910970901, "kt": 8.234739962418763, "train_sc_a": [0.3628116689590004], "train_sc_v": [0.0056463855473172396], "val_sc_a": 0, "val_sc_v": 0, "total_sc_a": 0, "total_sc_v": 0}