{"c1": 0.0458422918702113, "c2": 0.4816458317441652, "ch1": -0.03708720997032066, "ch2": 0.10037855478904256, "di": 10.96506789414984, "dj": 8.718292126838843, "dk": 0.0022017246880588837, "vw_i": -1.6842004314097823, "vw_j": 0.7758120088017528, "kt": 11.977330654004763, "train_sc_a": [1.8015181532662468], "train_sc_v": [0.010582574522888116], "val_sc_a": 0, "val_sc_v": 0, "total_sc_a": 0, "total_sc_v": 0}