{"c1": 0.04706965522539573, "c2": 0.49635242530728896, "ch1": -0.023071949380656525, "ch2": 0.10328000332253803, "di": 0.9627672774202383, "dj": 1.9873960047714176, "dk": 0.0, "vw_i": -0.7174763241605336, "vw_j": -0.7544919219923578, "kt": 10.014719129377413, "train_sc_a": [0.5482107952127729], "train_sc_v": [0.0057953232590153055], "val_sc_a": 0, "val_sc_v": 0, "total_sc_a": 0, "total_sc_v": 0}