{"c1": 0.05286919549547421, "c2": 0.5965451567395416, "ch1": -0.024040171505298573, "ch2": 0.10761413482149457, "di": 0.5736066683535991, "dj": 1.8687177540760356, "dk": 0.0, "vw_i": -0.5945957688237848, "vw_j": -0.15409461946757746, "kt": 8.685283502085007, "train_sc_a": [0.29834203247227226], "train_sc_v": [0.001616566687359253], "val_sc_a": 0, "val_sc_v": 0, "total_sc_a": 0, "total_sc_v": 0}