{"c1": 0.024247069648599004, "c2": 0.17811126864940574, "ch1": -0.009340812665506489, "ch2": 0.0924351114578179, "di": 3.726060677342171, "dj": 2.065426470224613, "dk": 0.0, "vw_i": -2.3203867035036834, "vw_j": -0.8552494182558913, "kt": 12.424794762652157, "train_sc_a": [0.23637763862017513], "train_sc_v": [0.000827507629704821], "val_sc_a": 0, "val_sc_v": 0, "total_sc_a": 0, "total_sc_v": 0}