{"c1": 0.04436800225914993, "c2": 0.46367869668817596, "ch1": -0.024929782270104207, "ch2": 0.10259686304963661, "di": 1.5661935152055872, "dj": 3.0618764571056256, "dk": 0.11950857780291273, "vw_i": -0.7581622066471371, "vw_j": 0.09406501436382943, "kt": 11.198957572240058, "train_sc_a": [0.5076966478130241], "train_sc_v": [0.00768637257688868], "val_sc_a": 0, "val_sc_v": 0, "total_sc_a": 0, "total_sc_v": 0}