{"c1": 0.0191134782811644, "c2": 0.10478230851956714, "ch1": 0.014427366495496575, "ch2": 0.09409253180403679, "di": 0.8939264513597408, "dj": 1.3633128088912474, "dk": 0.9881400797318036, "vw_i": -1.975945988860213, "vw_j": -0.46094662681224985, "kt": 5.869166716760553, "train_sc_a": [0.4416177131609232], "train_sc_v": [0.007439916699900409], "val_sc_a": 0, "val_sc_v": 0, "total_sc_a": 0, "total_sc_v": 0}