{"c1": 0.05077891720405906, "c2": 0.5425731713514818, "ch1": -0.44886904022563545, "ch2": 0.07250623702391806, "di": 4.3186714127415735, "dj": 2.387653832404964, "dk": 0.26652069339416357, "vw_i": 1.599201915583583, "vw_j": 2.562865230986395, "kt": 8.70095462571466, "train_sc_a": [10.865602338252843], "train_sc_v": [0.04082399865274381], "val_sc_a": 0, "val_sc_v": 0, "total_sc_a": 0, "total_sc_v": 0}