{"c1": 0.05344387391955292, "c2": 0.5924871240232029, "ch1": -0.005187093360401936, "ch2": 0.10892154043650389, "di": 1.6054197913585797, "dj": 3.542911364589253, "dk": 0.0, "vw_i": -0.8802670675179642, "vw_j": 0.6833676970702758, "kt": 8.668952945013917, "train_sc_a": [0.37602585148215384], "train_sc_v": [0.0032249746891109504], "val_sc_a": 0, "val_sc_v": 0, "total_sc_a": 0, "total_sc_v": 0}