{"c1": 0.05472800245281482, "c2": 0.5333605014117173, "ch1": -0.09308555418645124, "ch2": 0.10040966957910114, "di": 7.710576144790543, "dj": 5.855149271227295, "dk": 1.1841027725870337, "vw_i": 0.48117767687162405, "vw_j": 0.3220453597814542, "kt": 8.816100263044484, "train_sc_a": [1.602404878836339], "train_sc_v": [0.00958179670796639], "val_sc_a": 0, "val_sc_v": 0, "total_sc_a": 0, "total_sc_v": 0}