{"c1": 0.05350814431384098, "c2": 0.5971424437513301, "ch1": -0.04132831521872633, "ch2": 0.10657733463568175, "di": 4.150494685064681, "dj": 5.670065390639234, "dk": 0.0, "vw_i": -0.23238383194613052, "vw_j": 0.14778198465818815, "kt": 9.173730015629118, "train_sc_a": [0.24868111480468616], "train_sc_v": [0.0012225915987760982], "val_sc_a": 0, "val_sc_v": 0, "total_sc_a": 0, "total_sc_v": 0}