{"c1": 0.04270927753889847, "c2": 0.43468473966978566, "ch1": -0.019375027260696582, "ch2": 0.09646158594934282, "di": 6.1572979707517, "dj": 6.431950147344113, "dk": 0.0, "vw_i": 1.283086049802965, "vw_j": 0.05656656434356467, "kt": 10.112820564304227, "train_sc_a": [0.820581543593284], "train_sc_v": [0.013847647299743398], "val_sc_a": 0, "val_sc_v": 0, "total_sc_a": 0, "total_sc_v": 0}