{"c1": 0.026116754640786426, "c2": 0.2113974982377186, "ch1": 0.0047408768342405375, "ch2": 0.09309113022967999, "di": 4.375576632208799, "dj": 0.7469072499142373, "dk": 1.7962937651472888, "vw_i": -0.8283649692997361, "vw_j": 0.14800033908934287, "kt": 12.261646300073338, "train_sc_a": [0.6923764797329122], "train_sc_v": [0.010903439164217106], "val_sc_a": 0, "val_sc_v": 0, "total_sc_a": 0, "total_sc_v": 0}