{"c1": 0.020395502856180647, "c2": 0.12098440962322754, "ch1": 0.3993027778437632, "ch2": 0.12417176759939379, "di": 3.0548999141378888, "dj": 22.87742436848923, "dk": 1.1240854710188046, "vw_i": 0.468902228166606, "vw_j": 0.0820366444484625, "kt": 8.516580852960061, "train_sc_a": [2.519627084994871], "train_sc_v": [0.010237778373129164], "val_sc_a": 0, "val_sc_v": 0, "total_sc_a": 0, "total_sc_v": 0}