{"c1": 0.04118785051512104, "c2": 0.3732899986049193, "ch1": -0.45543325991645534, "ch2": 0.06283575432092406, "di": 4.042427930922962, "dj": 2.5148288198391286, "dk": 0.0, "vw_i": 2.1241777813536755, "vw_j": -0.1540628267519233, "kt": 9.407981475732456, "train_sc_a": [10.438371982083588], "train_sc_v": [0.038538740949302895], "val_sc_a": 0, "val_sc_v": 0, "total_sc_a": 0, "total_sc_v": 0}