{"c1": 0.04410973523469701, "c2": 0.4651058753197475, "ch1": 0.012605134329871499, "ch2": 0.10533669051849259, "di": 2.2518223509192237, "dj": 4.8118405075218105, "dk": 0.0, "vw_i": 0.7311610753679487, "vw_j": 0.748367995278853, "kt": 10.714289251204102, "train_sc_a": [12.424721853200259], "train_sc_v": [0.04298378894126855], "val_sc_a": 0, "val_sc_v": 0, "total_sc_a": 0, "total_sc_v": 0}