{"c1": 0.04980274737543709, "c2": 0.618593800097773, "ch1": -0.3344535493840727, "ch2": 0.08517819167315174, "di": 2.3483687088220186, "dj": 0.29485923751281057, "dk": 1.3541623731570258, "vw_i": -5.36308242333282, "vw_j": 0.17292516847764963, "kt": 8.632623073131178, "train_sc_a": [15.528405163873334], "train_sc_v": [0.061639099565675946], "val_sc_a": 0, "val_sc_v": 0, "total_sc_a": 0, "total_sc_v": 0}