{"c1": 0.05432790452007153, "c2": 0.5861078319842513, "ch1": -0.0071157027349998524, "ch2": 0.10815164399789154, "di": 5.950300949061215, "dj": 7.678370533871205, "dk": 0.0, "vw_i": -0.3639563324813002, "vw_j": -0.0013788908926901794, "kt": 8.24556657111455, "train_sc_a": [0.6387621834743383], "train_sc_v": [0.0069111390949922755], "val_sc_a": 0, "val_sc_v": 0, "total_sc_a": 0, "total_sc_v": 0}