{"c1": 0.036684463734657585, "c2": 0.38401745087470296, "ch1": 0.007104483182323763, "ch2": 0.09758077388296904, "di": 2.092337180013323, "dj": 0.581211302707574, "dk": 0.0, "vw_i": -0.9540419841215687, "vw_j": -0.07937838585072302, "kt": 7.986697968282278, "train_sc_a": [0.375035762789311], "train_sc_v": [0.004187462446608736], "val_sc_a": 0, "val_sc_v": 0, "total_sc_a": 0, "total_sc_v": 0}