{"c1": 0.04031287755027857, "c2": 0.3772546836452298, "ch1": -0.003475696687466053, "ch2": 0.09676593107971818, "di": 3.874518224768326, "dj": 3.4785010899431335, "dk": 0.0, "vw_i": -1.7003582882680641, "vw_j": 0.01116259677793361, "kt": 9.100943993602723, "train_sc_a": [1.2371181262056907], "train_sc_v": [0.0091960291072557], "val_sc_a": 0, "val_sc_v": 0, "total_sc_a": 0, "total_sc_v": 0}