{"c1": 0.042079214282786895, "c2": 0.41462871092062054, "ch1": -0.021844849431528635, "ch2": 0.09477893862252255, "di": 4.241494718268124, "dj": 8.306074881359368, "dk": 3.960480934555178, "vw_i": 0.5648409197999193, "vw_j": -0.9623311899023325, "kt": 10.510405736174457, "train_sc_a": [0.7611404320317621], "train_sc_v": [0.0068144303273142545], "val_sc_a": 0, "val_sc_v": 0, "total_sc_a": 0, "total_sc_v": 0}