{"c1": 0.04739739257482671, "c2": 0.46911478288237557, "ch1": -0.05695027584862651, "ch2": 0.09888030494424416, "di": 10.44775760356665, "dj": 8.711523117624774, "dk": 0.0, "vw_i": -1.5650398436642892, "vw_j": 0.5268898805669431, "kt": 12.054213020241725, "train_sc_a": [0.8938730171918811], "train_sc_v": [0.0036315527397415837], "val_sc_a": 0, "val_sc_v": 0, "total_sc_a": 0, "total_sc_v": 0}