{"c1": 0.020788374897095716, "c2": 0.14232688712052177, "ch1": 0.018475092421981767, "ch2": 0.09519464288414631, "di": 1.4439998424999423, "dj": 2.197766585707977, "dk": 0.15466419984667623, "vw_i": -0.7135248478490346, "vw_j": -0.6200540197911879, "kt": 9.32886387579272, "train_sc_a": [0.37261128002234484], "train_sc_v": [0.0029886663721389204], "val_sc_a": 0, "val_sc_v": 0, "total_sc_a": 0, "total_sc_v": 0}