{"c1": 0.04298137637509058, "c2": 0.4330897191499644, "ch1": -0.010883480694327534, "ch2": 0.09716660454245703, "di": 8.420882162608345, "dj": 4.303369680795124, "dk": 0.0, "vw_i": -0.83613442083246, "vw_j": -0.47927296476933506, "kt": 10.778330043967902, "train_sc_a": [0.26206971523480305], "train_sc_v": [0.0017405631460209491], "val_sc_a": 0, "val_sc_v": 0, "total_sc_a": 0, "total_sc_v": 0}