{"c1": 0.024568278256576984, "c2": 0.17529483506865157, "ch1": -0.005171708508506321, "ch2": 0.09271502049754493, "di": 3.7790664818420554, "dj": 1.6728157914210986, "dk": 2.6578908233797534, "vw_i": -2.1605983435004577, "vw_j": -1.0638291553695292, "kt": 14.58752089712706, "train_sc_a": [0.3476259773822532], "train_sc_v": [0.0015471353581519001], "val_sc_a": 0, "val_sc_v": 0, "total_sc_a": 0, "total_sc_v": 0}