{"c1": 0.02753684363307861, "c2": 0.2221325329804397, "ch1": 0.013554929667126896, "ch2": 0.09472272345651597, "di": 0.7968326866457565, "dj": 0.0984466630988847, "dk": 0.0, "vw_i": -1.4077969962717045, "vw_j": -0.4951900521563458, "kt": 12.402093409348169, "train_sc_a": [0.449531139126168], "train_sc_v": [0.003700548867219196], "val_sc_a": 0, "val_sc_v": 0, "total_sc_a": 0, "total_sc_v": 0}