{"c1": 0.04312621614206323, "c2": 0.43201898511977854, "ch1": -0.013838094663988961, "ch2": 0.09695125926280522, "di": 8.415325650804913, "dj": 4.276082299993096, "dk": 0.0, "vw_i": -0.8437912025904772, "vw_j": -0.47478984348946396, "kt": 10.715016608984012, "train_sc_a": [0.24977110855463464], "train_sc_v": [0.001504597415254044], "val_sc_a": 0, "val_sc_v": 0, "total_sc_a": 0, "total_sc_v": 0}