{"c1": 0.04504942400050222, "c2": 0.504084589749527, "ch1": -0.46481684631687314, "ch2": 0.0729841713495947, "di": 2.7671299455259613, "dj": 1.9670804632732228, "dk": 0.0, "vw_i": -3.943025778654572, "vw_j": -0.2873938502824764, "kt": 9.694526083375978, "train_sc_a": [5.747176096076231], "train_sc_v": [0.02648973199870537], "val_sc_a": 0, "val_sc_v": 0, "total_sc_a": 0, "total_sc_v": 0}