{"c1": 0.049849950589144085, "c2": 0.3839523686885217, "ch1": 0.1387638311431085, "ch2": 0.10849011628362738, "di": 2.1804962880557577, "dj": 5.326559437924772, "dk": 0.0, "vw_i": -0.7304257146699713, "vw_j": 2.0361996338329624, "kt": 12.038386268385706, "train_sc_a": [5.092678677572044], "train_sc_v": [0.023064451220492214], "val_sc_a": 0, "val_sc_v": 0, "total_sc_a": 0, "total_sc_v": 0}