{"c1": 0.05363517304236124, "c2": 0.42769203021871527, "ch1": -0.027985370906173486, "ch2": 0.10137832571581532, "di": 2.248109272244086, "dj": 1.60570521647289, "dk": 0.0, "vw_i": -2.0678543908828626, "vw_j": -0.486341981983487, "kt": 9.080097437469012, "train_sc_a": [3.795793418237449], "train_sc_v": [0.016700589071923087], "val_sc_a": 0, "val_sc_v": 0, "total_sc_a": 0, "total_sc_v": 0}