{"c1": 0.03458015453599427, "c2": 0.3074604332911044, "ch1": 0.06765837985659998, "ch2": 0.1024007852009366, "di": 2.858353565132112, "dj": 8.100761637491372, "dk": 0.0, "vw_i": 0.08639997630890142, "vw_j": -0.1504408450563123, "kt": 8.919557465889097, "train_sc_a": [1.7118794256534149], "train_sc_v": [0.010170553442942765], "val_sc_a": 0, "val_sc_v": 0, "total_sc_a": 0, "total_sc_v": 0}