{"c1": 0.019574736111433285, "c2": 0.10340852851300203, "ch1": -0.001626292179341556, "ch2": 0.09288507841710737, "di": 1.8045178449533965, "dj": 1.0456928640539038, "dk": 0.696204536133599, "vw_i": -1.7733397657555514, "vw_j": -0.9038060604727645, "kt": 8.997356156100238, "train_sc_a": [0.29054669978902875], "train_sc_v": [0.0030789153865837513], "val_sc_a": 0, "val_sc_v": 0, "total_sc_a": 0, "total_sc_v": 0}