{"c1": 0.05473475995603543, "c2": 0.5832072080595794, "ch1": -0.015136954124438353, "ch2": 0.1082204032902794, "di": 0.7166670249132711, "dj": 3.823844939120972, "dk": 0.0, "vw_i": -1.4896727847718938, "vw_j": -0.2196818656429614, "kt": 8.642280213026867, "train_sc_a": [0.9317992344726465], "train_sc_v": [0.010873570116949878], "val_sc_a": 0, "val_sc_v": 0, "total_sc_a": 0, "total_sc_v": 0}