{"c1": 0.02415257172938436, "c2": 0.17919849368049648, "ch1": -0.031336400256032126, "ch2": 0.09079188719810248, "di": 3.5988206511769816, "dj": 3.3633430201047454, "dk": 0.0, "vw_i": -2.405728347509326, "vw_j": -1.0454060493009056, "kt": 13.644561884633088, "train_sc_a": [0.738503653824168], "train_sc_v": [0.010424790333808345], "val_sc_a": 0, "val_sc_v": 0, "total_sc_a": 0, "total_sc_v": 0}