{"c1": 0.05192791781218914, "c2": 0.441133055370148, "ch1": 0.23423446477470689, "ch2": 0.12111790626276962, "di": 0.6231506313203542, "dj": 7.319441543402197, "dk": 0.538781539906089, "vw_i": -3.5982671817622034, "vw_j": -2.1141466031611853, "kt": 9.11997675515508, "train_sc_a": [18.89469293987034], "train_sc_v": [0.07839223710420817], "val_sc_a": 0, "val_sc_v": 0, "total_sc_a": 0, "total_sc_v": 0}