{"c1": 0.029270910567048745, "c2": 0.22942802278151053, "ch1": 0.020325514960715087, "ch2": 0.0974264565220971, "di": 3.2042259589733764, "dj": 0.0, "dk": 0.0, "vw_i": -0.7876184171290296, "vw_j": 0.3735799400935816, "kt": 11.119027319947119, "train_sc_a": [2.156092928532734], "train_sc_v": [0.013698266883448726], "val_sc_a": 0, "val_sc_v": 0, "total_sc_a": 0, "total_sc_v": 0}