{"c1": 0.0536559215863858, "c2": 0.520063394268801, "ch1": -0.02844561400716574, "ch2": 0.105084569226411, "di": 2.3395123807025704, "dj": 3.9975678592068817, "dk": 0.18260083634006244, "vw_i": -0.9776454273949939, "vw_j": -0.20858163815977868, "kt": 8.948000175632671, "train_sc_a": [2.0449437356136397], "train_sc_v": [0.00893006080708008], "val_sc_a": 0, "val_sc_v": 0, "total_sc_a": 0, "total_sc_v": 0}