{"c1": 0.021865706236933676, "c2": 0.13426441029064132, "ch1": 0.017440168133960644, "ch2": 0.09503184894731145, "di": 1.3064262653519045, "dj": 2.2250126947919235, "dk": 0.0, "vw_i": -1.132323574722678, "vw_j": -0.32873351861599265, "kt": 10.427386509147004, "train_sc_a": [0.5180776669655788], "train_sc_v": [0.007769147546369331], "val_sc_a": 0, "val_sc_v": 0, "total_sc_a": 0, "total_sc_v": 0}