{"c1": 0.020395860020778086, "c2": 0.14121889931731077, "ch1": 0.0185633921674598, "ch2": 0.09521309734894852, "di": 1.6677000289204515, "dj": 1.8615550031013852, "dk": 0.07834249999660932, "vw_i": -0.28494809601954985, "vw_j": 0.04143690049393176, "kt": 8.841108508385027, "train_sc_a": [0.34580140297471523], "train_sc_v": [0.003389726917298731], "val_sc_a": 0, "val_sc_v": 0, "total_sc_a": 0, "total_sc_v": 0}