{"c1": 0.018992256645346577, "c2": 0.10568396405386447, "ch1": 0.006243216532482532, "ch2": 0.09340528290615091, "di": 0.9872563674176771, "dj": 0.961591280459067, "dk": 1.1559942601534396, "vw_i": -1.755423855056573, "vw_j": -0.21737982628984298, "kt": 4.972172820607004, "train_sc_a": [0.26928041258623836], "train_sc_v": [0.0007920003898256736], "val_sc_a": 0, "val_sc_v": 0, "total_sc_a": 0, "total_sc_v": 0}