{"c1": 0.04691108744421463, "c2": 0.49759180287703225, "ch1": 0.023929387466262282, "ch2": 0.10663600409953919, "di": 1.611710567142285, "dj": 2.5611935123756333, "dk": 0.0, "vw_i": -1.6394966859130085, "vw_j": -0.011856244078412674, "kt": 9.953449934368704, "train_sc_a": [0.6914367101156679], "train_sc_v": [0.008316541183727311], "val_sc_a": 0, "val_sc_v": 0, "total_sc_a": 0, "total_sc_v": 0}