{"c1": 0.054019699313134634, "c2": 0.5884987619557293, "ch1": 0.004928769509922186, "ch2": 0.10975406092248144, "di": 1.6590469761978355, "dj": 4.199239029463415, "dk": 0.6372865103961471, "vw_i": -2.140794534252635, "vw_j": -0.8081187585932608, "kt": 9.780382196715225, "train_sc_a": [0.6901484984706969], "train_sc_v": [0.01020189252050166], "val_sc_a": 0, "val_sc_v": 0, "total_sc_a": 0, "total_sc_v": 0}