{"c1": 0.044289844725908196, "c2": 0.46360737962519416, "ch1": -0.058373454886045395, "ch2": 0.09931904709373708, "di": 2.6646534397034256, "dj": 3.695436246344063, "dk": 0.0, "vw_i": 0.48586782178199184, "vw_j": 0.6309711353506259, "kt": 10.729001256186624, "train_sc_a": [3.5261860248483616], "train_sc_v": [0.012628884468599381], "val_sc_a": 0, "val_sc_v": 0, "total_sc_a": 0, "total_sc_v": 0}