{"c1": 0.024676153983588058, "c2": 0.17448130202011547, "ch1": -0.00909417917477399, "ch2": 0.09242038941230662, "di": 3.776961076326329, "dj": 1.552802489116243, "dk": 2.651522913867909, "vw_i": -2.155416936571214, "vw_j": -1.0442128693519737, "kt": 14.545080401650502, "train_sc_a": [0.337129491593894], "train_sc_v": [0.0014183214454429821], "val_sc_a": 0, "val_sc_v": 0, "total_sc_a": 0, "total_sc_v": 0}