{"c1": 0.052302937090498595, "c2": 0.5487008893758117, "ch1": -0.02377120519592116, "ch2": 0.10614598062381507, "di": 8.330599662876056, "dj": 3.8107587277312374, "dk": 0.0993413053078858, "vw_i": 2.674645934472527, "vw_j": 2.877452261193957, "kt": 9.022611854294485, "train_sc_a": [1.4441550624359567], "train_sc_v": [0.00913001548313632], "val_sc_a": 0, "val_sc_v": 0, "total_sc_a": 0, "total_sc_v": 0}