{"c1": 0.022702154567549017, "c2": 0.1276630664173063, "ch1": -0.4643247883613041, "ch2": 0.05776614509558781, "di": 1.3186208634349006, "dj": 2.085578123069585, "dk": 0.2991811051141728, "vw_i": 1.0140342199630306, "vw_j": 0.91224308474182, "kt": 11.018987633128887, "train_sc_a": [13.169014527642757], "train_sc_v": [0.05366030354817891], "val_sc_a": 0, "val_sc_v": 0, "total_sc_a": 0, "total_sc_v": 0}