{"c1": 0.05050796862167223, "c2": 0.541349716487942, "ch1": -0.045633685103772484, "ch2": 0.1032010877417849, "di": 1.0897605672700879, "dj": 0.19709271819866944, "dk": 0.9592869902289448, "vw_i": -0.944401881697765, "vw_j": 0.10553747126280458, "kt": 10.212437497863952, "train_sc_a": [0.3474316305704706], "train_sc_v": [0.004501019497607339], "val_sc_a": 0, "val_sc_v": 0, "total_sc_a": 0, "total_sc_v": 0}