{"c1": 0.03167223323745479, "c2": 0.28492073563066767, "ch1": -0.055926664583185064, "ch2": 0.09376608817120118, "di": 1.3817930379021544, "dj": 1.873411280906304, "dk": 0.7867036401759857, "vw_i": 0.6625660773158447, "vw_j": 0.8055144571947915, "kt": 7.541405855952381, "train_sc_a": [1.2777964354493072], "train_sc_v": [0.013301636346999832], "val_sc_a": 0, "val_sc_v": 0, "total_sc_a": 0, "total_sc_v": 0}