{"c1": 0.034414621360250176, "c2": 0.30860705673894184, "ch1": 0.0036661577827267464, "ch2": 0.09727528270751652, "di": 2.618521251951169, "dj": 3.433855472913906, "dk": 0.0, "vw_i": 0.15423809875150532, "vw_j": 0.02889831598276917, "kt": 8.92101590996795, "train_sc_a": [0.5103858425620366], "train_sc_v": [0.01366103752936162], "val_sc_a": 0, "val_sc_v": 0, "total_sc_a": 0, "total_sc_v": 0}