{"c1": 0.04734312779544692, "c2": 0.4467241673586513, "ch1": -0.5066120728858389, "ch2": 0.06417271986618762, "di": 18.52444010314179, "dj": 10.27816516233268, "dk": 0.0, "vw_i": -1.5126884345759561, "vw_j": -0.9845357920121972, "kt": 12.235783859628219, "train_sc_a": [20.096044562679435], "train_sc_v": [0.07573399498698939], "val_sc_a": 0, "val_sc_v": 0, "total_sc_a": 0, "total_sc_v": 0}