{"c1": 0.0321369062049845, "c2": 0.2971209419246784, "ch1": 0.006182390597687711, "ch2": 0.0983886666130403, "di": 4.964283079677175, "dj": 4.680787285350978, "dk": 0.0, "vw_i": -0.4028196451927013, "vw_j": -0.17684917887441787, "kt": 8.808185157388678, "train_sc_a": [0.36527816830078125], "train_sc_v": [0.003261307719641807], "val_sc_a": 0, "val_sc_v": 0, "total_sc_a": 0, "total_sc_v": 0}