{"c1": 0.02304573276989294, "c2": 0.1191581983857958, "ch1": -0.4248285755214938, "ch2": 0.06437932305671569, "di": 2.083330371064609, "dj": 0.7293780721181544, "dk": 5.731269210086289, "vw_i": 1.7867026767471468, "vw_j": -2.4467727015473675, "kt": 8.954645061685257, "train_sc_a": [9.596354637702595], "train_sc_v": [0.0411810159413501], "val_sc_a": 0, "val_sc_v": 0, "total_sc_a": 0, "total_sc_v": 0}