{"c1": 0.053879517185447194, "c2": 0.5893265352338334, "ch1": 0.014221010730093723, "ch2": 0.11033284501989973, "di": 1.5915046499484533, "dj": 4.449553584773868, "dk": 0.0, "vw_i": -0.9285070198769609, "vw_j": 0.5963351973263211, "kt": 8.68949104592365, "train_sc_a": [0.8429900191696774], "train_sc_v": [0.004083114869528522], "val_sc_a": 0, "val_sc_v": 0, "total_sc_a": 0, "total_sc_v": 0}