{"c1": 0.05386278065434963, "c2": 0.5180111761448188, "ch1": -0.00037398803543844776, "ch2": 0.10733683611279726, "di": 2.1403130433349555, "dj": 4.180892458374662, "dk": 0.0, "vw_i": -1.1325895486797268, "vw_j": -0.513111922361701, "kt": 9.212463187409318, "train_sc_a": [0.40967680769937614], "train_sc_v": [0.004261619413868782], "val_sc_a": 0, "val_sc_v": 0, "total_sc_a": 0, "total_sc_v": 0}