{"c1": 0.02753684335008523, "c2": 0.2221325490457493, "ch1": 0.013554925865943486, "ch2": 0.09472272522502395, "di": 0.7968289315497429, "dj": 0.09844243073553437, "dk": 0.0, "vw_i": -1.4077971392563637, "vw_j": -0.49519589234863887, "kt": 12.402120607380025, "train_sc_a": [0.4495310987662246], "train_sc_v": [0.0037005496204259468], "val_sc_a": 0, "val_sc_v": 0, "total_sc_a": 0, "total_sc_v": 0}