{"c1": 0.04410443304603332, "c2": 0.42488130394106505, "ch1": 0.01202234809094253, "ch2": 0.09898951250727026, "di": 1.5406206425528706, "dj": 0.7985588166940881, "dk": 0.0, "vw_i": 1.5449829399859483, "vw_j": 0.7463430741109833, "kt": 11.723223631887551, "train_sc_a": [1.221044074626158], "train_sc_v": [0.007787485635703577], "val_sc_a": 0, "val_sc_v": 0, "total_sc_a": 0, "total_sc_v": 0}