{"c1": 0.028303521186716578, "c2": 0.23339351807158107, "ch1": -0.0032554457735662827, "ch2": 0.09384993906860019, "di": 2.9320935973873214, "dj": 3.380209189147786, "dk": 0.23295909487594732, "vw_i": -1.057120976123858, "vw_j": -0.5390201907565161, "kt": 12.424383618165704, "train_sc_a": [0.5423040199053848], "train_sc_v": [0.0067674539279481555], "val_sc_a": 0, "val_sc_v": 0, "total_sc_a": 0, "total_sc_v": 0}