{"c1": 0.02849787916253004, "c2": 0.19499630192389406, "ch1": -0.003736177759637495, "ch2": 0.09289915901508816, "di": 3.2642801343663983, "dj": 2.314749923093881, "dk": 4.455225604509656, "vw_i": -1.1253272759147555, "vw_j": -0.3642634924644945, "kt": 13.756295359812135, "train_sc_a": [0.3108300537943823], "train_sc_v": [0.0021944651533931893], "val_sc_a": 0, "val_sc_v": 0, "total_sc_a": 0, "total_sc_v": 0}