{"c1": 0.025284205855879458, "c2": 0.1744828870565465, "ch1": -0.06154241073963792, "ch2": 0.08838144550424695, "di": 4.878884769246169, "dj": 4.869769193420725, "dk": 1.259915622025244, "vw_i": -1.6505171908810337, "vw_j": -0.6341939466797787, "kt": 12.64879951580997, "train_sc_a": [0.5996083210391472], "train_sc_v": [0.005616582430832161], "val_sc_a": 0, "val_sc_v": 0, "total_sc_a": 0, "total_sc_v": 0}