{"c1": 0.027885370685040736, "c2": 0.2215923307020427, "ch1": 0.018865262923558813, "ch2": 0.09497705161826123, "di": 0.9069236250877175, "dj": 1.3667063603744127, "dk": 0.0, "vw_i": -1.4250099536407799, "vw_j": -0.40709654868929734, "kt": 12.968802392446271, "train_sc_a": [0.8392791626092758], "train_sc_v": [0.012127848054029267], "val_sc_a": 0, "val_sc_v": 0, "total_sc_a": 0, "total_sc_v": 0}