{"c1": 0.01990489205170152, "c2": 0.12401216935443221, "ch1": -0.00011875325462713045, "ch2": 0.09331370976782899, "di": 1.9219940621519154, "dj": 2.213341484378382, "dk": 0.32362611917212375, "vw_i": -1.0624498066004402, "vw_j": -0.47969026482437804, "kt": 8.86713708901555, "train_sc_a": [0.5410092978784333], "train_sc_v": [0.005807054992708248], "val_sc_a": 0, "val_sc_v": 0, "total_sc_a": 0, "total_sc_v": 0}