{"c1": 0.032053051191263, "c2": 0.2705921426219206, "ch1": 0.020704296685883104, "ch2": 0.09961500035236864, "di": 1.024921009293153, "dj": 1.798176915972564, "dk": 0.8988704265273164, "vw_i": -0.6767967641622943, "vw_j": 0.007188680665920514, "kt": 7.689229993182906, "train_sc_a": [0.4768980482245974], "train_sc_v": [0.006816684118459102], "val_sc_a": 0, "val_sc_v": 0, "total_sc_a": 0, "total_sc_v": 0}