{"c1": 0.053499022080845976, "c2": 0.5922983829352959, "ch1": -0.4913083127113804, "ch2": 0.07444125331110206, "di": 6.139226824769263, "dj": 7.591934989932196, "dk": 2.2431872252197698, "vw_i": -0.22468415830618874, "vw_j": 0.2684928942549531, "kt": 9.74587717798096, "train_sc_a": [30.25979347442796], "train_sc_v": [0.11100719286106898], "val_sc_a": 0, "val_sc_v": 0, "total_sc_a": 0, "total_sc_v": 0}