{"c1": 0.02304420266838994, "c2": 0.14938905243287098, "ch1": 0.010692348208236434, "ch2": 0.09440463744967525, "di": 0.0, "dj": 0.6683410399929764, "dk": 2.96415851037008, "vw_i": -0.939590045912111, "vw_j": 0.2669789493483471, "kt": 10.8707834161796, "train_sc_a": [0.3707279046893037], "train_sc_v": [0.004661139989963965], "val_sc_a": 0, "val_sc_v": 0, "total_sc_a": 0, "total_sc_v": 0}