{"c1": 0.032620560464618704, "c2": 0.2925388918426747, "ch1": -0.026370584231455385, "ch2": 0.09598673283222328, "di": 5.535487665078693, "dj": 3.415350405377123, "dk": 0.0, "vw_i": -0.33914487743476096, "vw_j": 0.4953882092901007, "kt": 8.861457221003816, "train_sc_a": [0.6379063844260747], "train_sc_v": [0.003980336026728244], "val_sc_a": 0, "val_sc_v": 0, "total_sc_a": 0, "total_sc_v": 0}