{"c1": 0.054496978828574474, "c2": 0.5321551768484544, "ch1": -0.008049672616772776, "ch2": 0.10724559771249823, "di": 8.31252617732142, "dj": 4.578752276224618, "dk": 0.7488819131384069, "vw_i": 2.075387648436406, "vw_j": 2.0010967866318454, "kt": 8.901868059775932, "train_sc_a": [1.086667184983366], "train_sc_v": [0.0087204966061353], "val_sc_a": 0, "val_sc_v": 0, "total_sc_a": 0, "total_sc_v": 0}