{"c1": 0.028253517003412894, "c2": 0.1996054221330495, "ch1": -0.43875223266398305, "ch2": 0.06294895414388052, "di": 2.8375655818520014, "dj": 1.51624421135195, "dk": 6.11996533163887, "vw_i": 0.16721440414388333, "vw_j": 0.5215723165238894, "kt": 13.640159816614892, "train_sc_a": [5.808886225640812], "train_sc_v": [0.02018689826094205], "val_sc_a": 0, "val_sc_v": 0, "total_sc_a": 0, "total_sc_v": 0}