{"c1": 0.05211328530002927, "c2": 0.5324680066388073, "ch1": -0.021724858444938468, "ch2": 0.10563444792292266, "di": 2.7287923961139855, "dj": 4.884802239966027, "dk": 1.49848056997625, "vw_i": -0.6978347679552444, "vw_j": -0.03512092417953744, "kt": 8.895775947305683, "train_sc_a": [0.7961441643516298], "train_sc_v": [0.010309443879311021], "val_sc_a": 0, "val_sc_v": 0, "total_sc_a": 0, "total_sc_v": 0}