{"c1": 0.03825075003960615, "c2": 0.5040812511242684, "ch1": 0.01181898764201474, "ch2": 0.09923272840029669, "di": 2.2508601188147077, "dj": 0.041794805633734784, "dk": 0.0, "vw_i": -0.8735760504568644, "vw_j": -0.8423902113104899, "kt": 10.062028190398847, "train_sc_a": [2.6392938388836042], "train_sc_v": [0.008852641282038365], "val_sc_a": 0, "val_sc_v": 0, "total_sc_a": 0, "total_sc_v": 0}