{"c1": 0.027914820752086077, "c2": 0.24033887491822603, "ch1": -0.002643054040474043, "ch2": 0.09405053249574054, "di": 5.4718500602195865, "dj": 2.527213225375261, "dk": 0.7375345581357069, "vw_i": -1.273322598103489, "vw_j": 0.06697842670848826, "kt": 11.592872355922362, "train_sc_a": [0.3304573989718778], "train_sc_v": [0.0034289643608678925], "val_sc_a": 0, "val_sc_v": 0, "total_sc_a": 0, "total_sc_v": 0}