{"c1": 0.019988780382831573, "c2": 0.1233815671708515, "ch1": 0.003893644986838097, "ch2": 0.09352345743552345, "di": 1.976808159800404, "dj": 2.083340679885887, "dk": 0.2585221170917231, "vw_i": -1.0933189994980332, "vw_j": -0.38912880262425237, "kt": 8.778454504517514, "train_sc_a": [0.4263773290024961], "train_sc_v": [0.0060548637402682275], "val_sc_a": 0, "val_sc_v": 0, "total_sc_a": 0, "total_sc_v": 0}