{"c1": 0.02278988669121794, "c2": 0.1636342217273916, "ch1": 0.015618619564549935, "ch2": 0.09482168329699485, "di": 0.02252576327375314, "dj": 1.6075054987719768, "dk": 3.8660584177708843, "vw_i": -0.747907618532661, "vw_j": -0.1931583440327087, "kt": 10.852867588759628, "train_sc_a": [0.3343366658878532], "train_sc_v": [0.004430969392331067], "val_sc_a": 0, "val_sc_v": 0, "total_sc_a": 0, "total_sc_v": 0}