{"c1": 0.025281955068142764, "c2": 0.22007037851323807, "ch1": -0.021960342065676843, "ch2": 0.0915930406188941, "di": 2.996299426475089, "dj": 1.6010631401529936, "dk": 4.205258458651651, "vw_i": -1.6001992747841354, "vw_j": -0.23274124668866536, "kt": 13.713840284501078, "train_sc_a": [0.7024577211889581], "train_sc_v": [0.004098511305715887], "val_sc_a": 0, "val_sc_v": 0, "total_sc_a": 0, "total_sc_v": 0}