{"c1": 0.04756251817769096, "c2": 0.47592460530671965, "ch1": 0.017203415784463882, "ch2": 0.10580914788988369, "di": 1.9420870625256719, "dj": 0.2103559264079808, "dk": 0.0440812858489684, "vw_i": -1.028267224140803, "vw_j": -0.28313261240073156, "kt": 10.343333611654446, "train_sc_a": [0.5466694974854699], "train_sc_v": [0.0063719669858733115], "val_sc_a": 0, "val_sc_v": 0, "total_sc_a": 0, "total_sc_v": 0}