{"c1": 0.04730389513926632, "c2": 0.4778752438314173, "ch1": -0.01729833409985159, "ch2": 0.10248235764736603, "di": 2.1077955967231485, "dj": 4.137365884517925, "dk": 0.17333280374977486, "vw_i": -0.6608961956644116, "vw_j": 0.23667377465260683, "kt": 8.14489600045183, "train_sc_a": [0.3162336832024409], "train_sc_v": [0.0012609065120553604], "val_sc_a": 0, "val_sc_v": 0, "total_sc_a": 0, "total_sc_v": 0}