{"c1": 0.023489746160496257, "c2": 0.15763027421329345, "ch1": -0.055995699617849296, "ch2": 0.08864443236874112, "di": 0.022421128838211637, "dj": 1.600038474083413, "dk": 3.848100187659088, "vw_i": -0.047668428808661095, "vw_j": 0.3822679684053739, "kt": 10.881555272695143, "train_sc_a": [2.1398269854050262], "train_sc_v": [0.022642295186474676], "val_sc_a": 0, "val_sc_v": 0, "total_sc_a": 0, "total_sc_v": 0}