{"c1": 0.024338564712736, "c2": 0.1815698486380144, "ch1": -0.022906800897622537, "ch2": 0.09146934296601114, "di": 4.715818150548079, "dj": 2.808366278353943, "dk": 0.0, "vw_i": -1.9723184244262812, "vw_j": -0.7198374782332144, "kt": 12.649017997261092, "train_sc_a": [1.044834917281755], "train_sc_v": [0.005598448624828221], "val_sc_a": 0, "val_sc_v": 0, "total_sc_a": 0, "total_sc_v": 0}