{"c1": 0.01884329241448407, "c2": 0.10692270889435643, "ch1": 0.03411679461222695, "ch2": 0.09424702258395724, "di": 0.803071836737858, "dj": 0.0, "dk": 1.5565659103216647, "vw_i": -0.17952904713446152, "vw_j": -0.03829837805848132, "kt": 5.033750279469854, "train_sc_a": [0.7802839097784892], "train_sc_v": [1.9774285758361856], "val_sc_a": 0, "val_sc_v": 0, "total_sc_a": 0, "total_sc_v": 0}