{"c1": 0.018966297737739335, "c2": 0.10613608706390841, "ch1": -0.0021067528665880166, "ch2": 0.09141919507403354, "di": 0.634771587069013, "dj": 0.0, "dk": 1.9390488460233932, "vw_i": -0.3610773127355461, "vw_j": -0.06455574016107009, "kt": 5.0324179585111795, "train_sc_a": [1.0262999886638695], "train_sc_v": [4.643891171613489], "val_sc_a": 0, "val_sc_v": 0, "total_sc_a": 0, "total_sc_v": 0}