{"c1": 0.01883024037108601, "c2": 0.10699934456589658, "ch1": 0.044624759666845946, "ch2": 0.09512729167217877, "di": 0.8355132240224914, "dj": 0.0, "dk": 1.5294505936039504, "vw_i": -0.16451500963193758, "vw_j": -0.03638398686576587, "kt": 5.030630931365447, "train_sc_a": [0.8729406238764681], "train_sc_v": [2.270890714561344], "val_sc_a": 0, "val_sc_v": 0, "total_sc_a": 0, "total_sc_v": 0}