{"c1": 0.018914301946835715, "c2": 0.10647357721676827, "ch1": 0.008351927206766245, "ch2": 0.09219199925497132, "di": 0.6952935645497281, "dj": 0.0, "dk": 1.7675591297087334, "vw_i": -0.281239588505103, "vw_j": -0.052821560547541765, "kt": 5.035355844665147, "train_sc_a": [0.6665062701148246], "train_sc_v": [1.666928712934113], "val_sc_a": 0, "val_sc_v": 0, "total_sc_a": 0, "total_sc_v": 0}