{"c1": 0.018862303782436498, "c2": 0.10681108277532501, "ch1": 0.01881108469628583, "ch2": 0.09296483871275149, "di": 0.7558183047280498, "dj": 0.0, "dk": 1.596061585258766, "vw_i": -0.20139821985491638, "vw_j": -0.041086845294047894, "kt": 5.038293864927273, "train_sc_a": [0.6514058945348078], "train_sc_v": [1.461239343578024], "val_sc_a": 0, "val_sc_v": 0, "total_sc_a": 0, "total_sc_v": 0}