{"c1": 0.019038293454060055, "c2": 0.10593360093501065, "ch1": 0.010564580586875861, "ch2": 0.09273047411166284, "di": 0.4551134789441996, "dj": 0.0, "dk": 3.0626186789535454, "vw_i": -0.8696536015698055, "vw_j": -0.14490122750235254, "kt": 4.979023778100158, "train_sc_a": [0.668173705802896], "train_sc_v": [1.2375624359867128], "val_sc_a": 0, "val_sc_v": 0, "total_sc_a": 0, "total_sc_v": 0}