{"c1": 0.018881311086604412, "c2": 0.1066994805169945, "ch1": 0.0035086464564469746, "ch2": 0.09168292891508893, "di": 0.7085748734128218, "dj": 0.0, "dk": 1.6355488177707025, "vw_i": -0.22326271791705354, "vw_j": -0.04387471647892532, "kt": 5.042836479170068, "train_sc_a": [0.7574838856574249], "train_sc_v": [2.5322984475105765], "val_sc_a": 0, "val_sc_v": 0, "total_sc_a": 0, "total_sc_v": 0}