{"c1": 0.0188133058331256, "c2": 0.10709877648235884, "ch1": 0.0582584511645718, "ch2": 0.09626940787844855, "di": 0.8776047102139606, "dj": 0.0, "dk": 1.4942694846955282, "vw_i": -0.1450348577299555, "vw_j": -0.03390013592109861, "kt": 5.026583693911911, "train_sc_a": [0.9756563072098638], "train_sc_v": [2.54658589897524], "val_sc_a": 0, "val_sc_v": 0, "total_sc_a": 0, "total_sc_v": 0}