{"c1": 0.019062998016861808, "c2": 0.10550494978897154, "ch1": 0.011905224970618536, "ch2": 0.09272303209945243, "di": 0.5988351936419221, "dj": 0.0, "dk": 2.4239855046807977, "vw_i": -0.5516237581300575, "vw_j": -0.09398151438236757, "kt": 5.013659476055765, "train_sc_a": [0.6445241885185014], "train_sc_v": [1.2866175832895825], "val_sc_a": 0, "val_sc_v": 0, "total_sc_a": 0, "total_sc_v": 0}