{"c1": 0.019070291693042172, "c2": 0.1054610913524918, "ch1": -0.02302459042946186, "ch2": 0.0898735514353156, "di": 0.5137248694099764, "dj": 0.0, "dk": 2.28203610678802, "vw_i": -0.5207564056161758, "vw_j": -0.08802463502809227, "kt": 5.026542052095086, "train_sc_a": [31533.226745898188], "train_sc_v": [7851.039570930714], "val_sc_a": 0, "val_sc_v": 0, "total_sc_a": 0, "total_sc_v": 0}