{"c1": 0.018862306155313008, "c2": 0.10681106737364648, "ch1": 0.018810607404646885, "ch2": 0.09296480344511049, "di": 0.7558155427510487, "dj": 0.0, "dk": 1.59606941135223, "vw_i": -0.20140186332407123, "vw_j": -0.041087380794300334, "kt": 5.038293730854093, "train_sc_a": [0.6514031285290109], "train_sc_v": [1.4612260689019492], "val_sc_a": 0, "val_sc_v": 0, "total_sc_a": 0, "total_sc_v": 0}