{"c1": 0.0188432964782626, "c2": 0.10692268503369438, "ch1": 0.034113522937329416, "ch2": 0.09424674851050306, "di": 0.8030617360502492, "dj": 0.0, "dk": 1.5565743527270766, "vw_i": -0.17953372178358268, "vw_j": -0.03829897410781881, "kt": 5.0337512506848165, "train_sc_a": [0.780253705575277], "train_sc_v": [1.9773241937373551], "val_sc_a": 0, "val_sc_v": 0, "total_sc_a": 0, "total_sc_v": 0}