{"c1": 0.018862303782433504, "c2": 0.10681108277534444, "ch1": 0.0188110846968882, "ch2": 0.092964838712796, "di": 0.7558183047315356, "dj": 0.0, "dk": 1.5960615852488893, "vw_i": -0.2013982198503181, "vw_j": -0.04108684529337207, "kt": 5.038293864927443, "train_sc_a": [0.6514058945382988], "train_sc_v": [1.4612393435947781], "val_sc_a": 0, "val_sc_v": 0, "total_sc_a": 0, "total_sc_v": 0}