{"cd0sa": -1.1243630672646758e+91, "cd0fp": 2.911946241624404e+89, "cd1sa": -2.7576852977361816e+90, "cl1sa": 6.530428725699384e+87, "cd1fp": 1.0550225238287591e+89, "coeff_drag_shift": 6.745912742379806e+177, "coeff_lift_shift": 1.5745518985891807e+174, "coeff_lift_gain": -5.721118200798903e+86, "train_sc_a": [9.433752774022206e+91], "train_sc_v": [4.716631885050471e+89], "val_sc_a": 0, "val_sc_v": 0, "total_sc_a": 0, "total_sc_v": 0}