{"cd0sa": -2.25927328651362e+130, "cd0fp": -4.48664762460298e+130, "cd1sa": -9.881652122100159e+129, "cl1sa": -4.785066155444685e+128, "cd1fp": -2.322348164638422e+130, "coeff_drag_shift": 6.3515565899380605e+258, "coeff_lift_shift": -6.49993067726736e+255, "coeff_lift_gain": 2.525952665708059e+127, "train_sc_a": [5.3761005561054306e+131], "train_sc_v": [2.6868057869809576e+129], "val_sc_a": 0, "val_sc_v": 0, "total_sc_a": 0, "total_sc_v": 0}