{"cd0sa": 8.529548852923841e+98, "cd0fp": -3.1508114224164495e+98, "cd1sa": 4.1305015545860886e+98, "cl1sa": 2.6829652717258798e+97, "cd1fp": -8.895690073559471e+98, "coeff_drag_shift": 1.3042703732802587e+195, "coeff_lift_shift": 1.4745757466609186e+194, "coeff_lift_gain": -5.179354875886618e+95, "train_sc_a": [3.741857395633935e+98], "train_sc_v": [1.8871235631750675e+96], "val_sc_a": [2.5812763586650764e+100], "val_sc_v": [1.3009892216115057e+98], "total_sc_a": 0, "total_sc_v": 0}