{"cd0sa": -2.2268197628223602e+148, "cd0fp": -6.899527162011883e+147, "cd1sa": 1.1405797039120765e+147, "cl1sa": 2.786074910355714e+146, "cd1fp": -6.100983404808629e+147, "coeff_drag_shift": -1.607947891617124e+293, "coeff_lift_shift": 2.871170876517564e+291, "coeff_lift_gain": -2.597988816934762e+145, "train_sc_a": [1.2118250835361974e+148], "train_sc_v": [6.0729988225796e+145], "val_sc_a": [8.18961137263823e+149], "val_sc_v": [4.0967408838444374e+147], "total_sc_a": 0, "total_sc_v": 0}