{"cd0sa": 1.1430188677358559e+148, "cd0fp": 1.4519711748531776e+149, "cd1sa": 1.70071345513513e+148, "cl1sa": 1.1312691904966459e+147, "cd1fp": 6.934996165457085e+148, "coeff_drag_shift": 1.1406662555556287e+294, "coeff_lift_shift": 2.16347861696731e+291, "coeff_lift_gain": -5.785586785983625e+145, "train_sc_a": [4.734751064399559e+149], "train_sc_v": [2.3676638005067055e+147], "val_sc_a": 0, "val_sc_v": 0, "total_sc_a": 0, "total_sc_v": 0}