{"cd0sa": -2.6952788950536993e+142, "cd0fp": -9.311848277211785e+141, "cd1sa": -1.051555378030519e+142, "cl1sa": -8.922389016062628e+139, "cd1fp": -3.405434253898106e+141, "coeff_drag_shift": 2.4588746848231504e+280, "coeff_lift_shift": -1.4308203169106208e+277, "coeff_lift_gain": -3.0994333979093625e+138, "train_sc_a": [1.9367240550616822e+143], "train_sc_v": [9.723770702390373e+140], "val_sc_a": 0, "val_sc_v": 0, "total_sc_a": 0, "total_sc_v": 0}