{"cd0sa": 1.0415532545206055e+68, "cd0fp": -5.502132183756378e+66, "cd1sa": 2.699845251719413e+67, "cl1sa": -5.598658316312306e+64, "cd1fp": -2.633778983159903e+66, "coeff_drag_shift": -1.1632045368293865e+132, "coeff_lift_shift": 5.656485429256988e+127, "coeff_lift_gain": 3.241868192150153e+63, "train_sc_a": [6.686997720348944e+68], "train_sc_v": [3.3430885347905625e+66], "val_sc_a": 0, "val_sc_v": 0, "total_sc_a": 0, "total_sc_v": 0}