{"cd0sa": 1.7554568587604538e+23, "cd0fp": -2.2653064073588574e+22, "cd1sa": 6.111955551883917e+22, "cl1sa": -1.7353094710115418e+20, "cd1fp": -1.7530499778376865e+22, "coeff_drag_shift": 4.341092362639993e+42, "coeff_lift_shift": -1.4219171865303142e+39, "coeff_lift_gain": -3.832829039022575e+19, "train_sc_a": [1.6249446523269836e+24], "train_sc_v": [8.125646381009931e+21], "val_sc_a": 0, "val_sc_v": 0, "total_sc_a": 0, "total_sc_v": 0}