{"cd0sa": 2.9174425169954835e+49, "cd0fp": -1.516455797968085e+47, "cd1sa": 9.363040977581799e+48, "cl1sa": -4.750735459727856e+45, "cd1fp": -1.3207497361724793e+47, "coeff_drag_shift": 7.4798928520936665e+93, "coeff_lift_shift": 4.008124902282209e+92, "coeff_lift_gain": -1.9820911103582348e+45, "train_sc_a": [8.389714211078966e+49], "train_sc_v": [4.196754634820392e+47], "val_sc_a": 0, "val_sc_v": 0, "total_sc_a": 0, "total_sc_v": 0}