{"cd0sa": -4.378922150340815, "cd0fp": 0.009998580861551526, "cd1sa": 1.9507934380383243, "cl1sa": 4.909762454233964, "cd1fp": 2.499999912750329, "coeff_drag_shift": 0.5002822770811007, "coeff_lift_shift": 0.05820566788818951, "coeff_lift_gain": 2.501649080176563, "train_sc_a": [32.14071711379063], "train_sc_v": [0.16399515070947673], "val_sc_a": 0, "val_sc_v": 0, "total_sc_a": 0, "total_sc_v": 0}