{"cd0sa": 3.1174610194876055e+41, "cd0fp": -1.9991661255867235e+40, "cd1sa": 1.0160658476021296e+41, "cl1sa": 1.1558861408556758e+39, "cd1fp": -1.6482332792313016e+40, "coeff_drag_shift": 2.3913615523182648e+78, "coeff_lift_shift": -7.320736842299572e+75, "coeff_lift_gain": 4.268003751073428e+37, "train_sc_a": [2.6755510084193267e+41], "train_sc_v": [1.3377504448945986e+39], "val_sc_a": 0, "val_sc_v": 0, "total_sc_a": 0, "total_sc_v": 0}