{"c1": 0.01843278074165226, "c2": 0.11008983309749634, "ch1": 0.006622857793054328, "ch2": 0.09157318479478578, "di": 1.3441141034114468, "dj": 0.12470808435766174, "dk": 2.7579110292000393, "vw_i": 0.1858874698360548, "vw_j": 0.4559264071820497, "kt": 5.049596500458483, "train_sc_a": [0.8340498219141153], "train_sc_v": [1.8181014575149097], "val_sc_a": 0, "val_sc_v": 0, "total_sc_a": 0, "total_sc_v": 0}