{"c1": 0.018361847329724148, "c2": 0.11059454979857714, "ch1": 0.020421018786953835, "ch2": 0.0925677114979731, "di": 1.3782194553193814, "dj": 0.14255374973661075, "dk": 2.7624909124232273, "vw_i": 0.24543353390802156, "vw_j": 0.49241594865685745, "kt": 5.049670488973435, "train_sc_a": [0.7765360415675234], "train_sc_v": [2.549208986534713], "val_sc_a": 0, "val_sc_v": 0, "total_sc_a": 0, "total_sc_v": 0}