{"c1": 0.019728807206205373, "c2": 0.10276495208935821, "ch1": -0.03567355861236522, "ch2": 0.07969583150753717, "di": 17.301396431635556, "dj": 0.0, "dk": 6.123298254372064, "vw_i": 1.3055622639681053, "vw_j": 0.3364210493200978, "kt": 5.239699235451363, "train_sc_a": [NaN], "train_sc_v": [NaN], "val_sc_a": 0, "val_sc_v": 0, "total_sc_a": 0, "total_sc_v": 0}