{"c1": 0.018666545590532768, "c2": 0.11040071907885592, "ch1": 0.20254770453523505, "ch2": 0.09994905650070258, "di": 16.169299017866976, "dj": 11.136808519239919, "dk": 8.830234807657353, "vw_i": 0.8154259682681203, "vw_j": 0.7867282272450493, "kt": 5.121038393715503, "train_sc_a": [1.0798164435663617], "train_sc_v": [2.533436274443824], "val_sc_a": 0, "val_sc_v": 0, "total_sc_a": 0, "total_sc_v": 0}