{"c1": 0.019293265088804606, "c2": 0.10375816382720973, "ch1": 0.013776913294491665, "ch2": 0.09223814942088993, "di": 0.942966168193881, "dj": 0.2632996669194237, "dk": 2.6381364799932543, "vw_i": -1.008631185845339, "vw_j": -0.23193341985436994, "kt": 4.971440416700135, "train_sc_a": [0.6060900737922996], "train_sc_v": [1.5539771868341627], "val_sc_a": 0, "val_sc_v": 0, "total_sc_a": 0, "total_sc_v": 0}