{"c1": 0.019345520279310045, "c2": 0.10427361792174145, "ch1": 0.004009303659437638, "ch2": 0.08315214062865112, "di": 16.922720781999114, "dj": 0.927404541613412, "dk": 4.109909113619357, "vw_i": -1.2943313480269636, "vw_j": -1.1674429257118148, "kt": 4.966098372776991, "train_sc_a": [0.6567777479968789], "train_sc_v": [0.6735467403426649], "val_sc_a": 0, "val_sc_v": 0, "total_sc_a": 0, "total_sc_v": 0}