{"c1": 0.01949118889621357, "c2": 0.10406025277354283, "ch1": 0.031857849665307546, "ch2": 0.08509600998220411, "di": 17.63875165342351, "dj": 0.016975648827466824, "dk": 6.320164313034191, "vw_i": -0.894771885371946, "vw_j": -0.2605200728747969, "kt": 5.172674407996437, "train_sc_a": [0.40397219880994223], "train_sc_v": [0.6052200942405637], "val_sc_a": 0, "val_sc_v": 0, "total_sc_a": 0, "total_sc_v": 0}