{"c1": 0.01844776153865833, "c2": 0.10998211937746012, "ch1": 0.005338581337242034, "ch2": 0.09147634209333916, "di": 1.3369904855643944, "dj": 0.10910827539605417, "dk": 2.7607412191963383, "vw_i": 0.1796532982119206, "vw_j": 0.45210789456066314, "kt": 5.049365140574357, "train_sc_a": [0.8664707419227533], "train_sc_v": [1.8180366360569047], "val_sc_a": 0, "val_sc_v": 0, "total_sc_a": 0, "total_sc_v": 0}