{"c1": 0.01949366361702665, "c2": 0.10407374938793726, "ch1": 0.20442633116399936, "ch2": 0.09973764642786363, "di": 18.540585920171896, "dj": 10.973451781918229, "dk": 8.60517119785173, "vw_i": -0.5228577440676372, "vw_j": -0.19661254455871247, "kt": 5.071371388414302, "train_sc_a": [0.9860397265623518], "train_sc_v": [1.6707670394998848], "val_sc_a": 0, "val_sc_v": 0, "total_sc_a": 0, "total_sc_v": 0}