{"c1": 0.018184112741500235, "c2": 0.1136630135080548, "ch1": -0.020265473802515675, "ch2": 0.08491500648952255, "di": 1.644599201915265, "dj": 7.987936058825331, "dk": 7.865998736512486, "vw_i": 2.1918893858657, "vw_j": 1.161506321215263, "kt": 5.130511111495347, "train_sc_a": [1.4446412737216476], "train_sc_v": [4.671572208149655], "val_sc_a": 0, "val_sc_v": 0, "total_sc_a": 0, "total_sc_v": 0}