{"c1": 0.018615643337026543, "c2": 0.10857624028193238, "ch1": 0.049698421832326124, "ch2": 0.09538050427095768, "di": 0.9836011690559036, "dj": 0.49875993334759766, "dk": 1.9420040037637432, "vw_i": 0.25191880324226956, "vw_j": 0.12880571256912388, "kt": 5.035007848633248, "train_sc_a": [1.3602381580130498], "train_sc_v": [3.208995627013175], "val_sc_a": 0, "val_sc_v": 0, "total_sc_a": 0, "total_sc_v": 0}