{"c1": 0.01930420943006953, "c2": 0.10516228679146829, "ch1": 0.03242454796912702, "ch2": 0.08518035087197931, "di": 17.578247586815884, "dj": 0.0, "dk": 5.5949409169204785, "vw_i": -1.1739501310680802, "vw_j": -0.5393922371706712, "kt": 5.121997145971015, "train_sc_a": [0.5959438782979025], "train_sc_v": [0.8614279161786708], "val_sc_a": 0, "val_sc_v": 0, "total_sc_a": 0, "total_sc_v": 0}