{"c1": 0.018964024102293794, "c2": 0.10832628483284445, "ch1": 0.2573939610789766, "ch2": 0.1036485646930423, "di": 19.741864838690656, "dj": 11.913786656919571, "dk": 9.155008719952002, "vw_i": -0.8675546249570976, "vw_j": -0.30658240945065945, "kt": 5.115375615397125, "train_sc_a": [1.0708009450694085], "train_sc_v": [1.7596133378488654], "val_sc_a": 0, "val_sc_v": 0, "total_sc_a": 0, "total_sc_v": 0}