{"c1": 0.019151588913742194, "c2": 0.10489622893478863, "ch1": 0.0040446197591603, "ch2": 0.09134138109166559, "di": 0.8273984784790747, "dj": 0.1974991376538669, "dk": 2.598585304883361, "vw_i": -0.9659730100469245, "vw_j": -0.21942607900904784, "kt": 4.968146722323525, "train_sc_a": [0.664157109672772], "train_sc_v": [1.1289130412532227], "val_sc_a": 0, "val_sc_v": 0, "total_sc_a": 0, "total_sc_v": 0}