{"c1": 0.019491353378265814, "c2": 0.10405814657420183, "ch1": 0.03184869021024483, "ch2": 0.08509530890265585, "di": 17.63869528322841, "dj": 0.016881804906749086, "dk": 6.318415415290608, "vw_i": -0.8946447930234862, "vw_j": -0.26066737954066554, "kt": 5.172602794522783, "train_sc_a": [0.40396453137404864], "train_sc_v": [0.6052193789187997], "val_sc_a": 0, "val_sc_v": 0, "total_sc_a": 0, "total_sc_v": 0}