{"c1": 0.018575116982213914, "c2": 0.10907357871268442, "ch1": 0.01606400720353363, "ch2": 0.09233028505600951, "di": 1.1917039999619683, "dj": 0.8299957541876432, "dk": 2.793304977085368, "vw_i": 0.15330257365989444, "vw_j": 0.41065951668573164, "kt": 5.040161425921806, "train_sc_a": [0.6654922864777532], "train_sc_v": [1.4299631389422518], "val_sc_a": 0, "val_sc_v": 0, "total_sc_a": 0, "total_sc_v": 0}