{"c1": 0.019363582059320598, "c2": 0.10457323561704424, "ch1": 0.17815566338011396, "ch2": 0.10199518239733482, "di": 1.902415495428447, "dj": 19.032122089456504, "dk": 9.018177604707178, "vw_i": 0.617475758976594, "vw_j": 0.09905645960079547, "kt": 4.941957282260627, "train_sc_a": [1.1896646654521268], "train_sc_v": [1.285551131297327], "val_sc_a": 0, "val_sc_v": 0, "total_sc_a": 0, "total_sc_v": 0}