{"c1": 0.018509912602854894, "c2": 0.1094407008415243, "ch1": 0.0246536565059588, "ch2": 0.09308049320421999, "di": 0.9754363184173682, "dj": 0.24919639481135433, "dk": 2.4110204853564197, "vw_i": 0.3773472199704858, "vw_j": 0.19293707706103055, "kt": 5.052437984735104, "train_sc_a": [0.9499266905611711], "train_sc_v": [2.0622172869448137], "val_sc_a": 0, "val_sc_v": 0, "total_sc_a": 0, "total_sc_v": 0}