{"c1": 0.01934551984442037, "c2": 0.1042736234877834, "ch1": 0.004009090937837791, "ch2": 0.08315212773013338, "di": 16.922702587321314, "dj": 0.9273912220501933, "dk": 4.1099261660921895, "vw_i": -1.2943303307467782, "vw_j": -1.1674402722518016, "kt": 4.966097887344508, "train_sc_a": [0.6567793726520226], "train_sc_v": [0.6735467618006015], "val_sc_a": 0, "val_sc_v": 0, "total_sc_a": 0, "total_sc_v": 0}