{"c1": 0.018447772901761434, "c2": 0.10998203739610662, "ch1": 0.0053380803744112705, "ch2": 0.09147630059151718, "di": 1.3369851193193105, "dj": 0.10909198356739375, "dk": 2.760744030302032, "vw_i": 0.17964958191042904, "vw_j": 0.45210563343758553, "kt": 5.04936492118205, "train_sc_a": [0.8664877720648867], "train_sc_v": [1.8180420918166396], "val_sc_a": 0, "val_sc_v": 0, "total_sc_a": 0, "total_sc_v": 0}