{"c1": 0.019493426648147683, "c2": 0.10403159826939015, "ch1": 0.03173323674856117, "ch2": 0.08508647190741879, "di": 17.63798474596222, "dj": 0.015698917340770058, "dk": 6.296370839795153, "vw_i": -0.8930428143596121, "vw_j": -0.26252415643264976, "kt": 5.1717001181757745, "train_sc_a": [0.40386855541892536], "train_sc_v": [0.6052372205547727], "val_sc_a": 0, "val_sc_v": 0, "total_sc_a": 0, "total_sc_v": 0}