{"c1": 0.019345520279310056, "c2": 0.10427361792174128, "ch1": 0.004009303659443069, "ch2": 0.08315214062865145, "di": 16.92272078199958, "dj": 0.927404541613752, "dk": 4.109909113618921, "vw_i": -1.2943313480269896, "vw_j": -1.1674429257118826, "kt": 4.966098372777004, "train_sc_a": [0.6567777479968373], "train_sc_v": [0.6735467403426642], "val_sc_a": 0, "val_sc_v": 0, "total_sc_a": 0, "total_sc_v": 0}