{"c1": 0.01934707420539738, "c2": 0.10330282882368291, "ch1": 0.014325397722224202, "ch2": 0.09224093882674475, "di": 0.9373484053987835, "dj": 0.5320431608598442, "dk": 2.36996562257408, "vw_i": -0.9742678904078281, "vw_j": -0.234149229760794, "kt": 4.972133735302407, "train_sc_a": [0.4862697055618847], "train_sc_v": [0.46071630953977555], "val_sc_a": 0, "val_sc_v": 0, "total_sc_a": 0, "total_sc_v": 0}