{"c1": 0.01818411268741529, "c2": 0.11366301393630014, "ch1": -0.020265486099386127, "ch2": 0.08491500533944564, "di": 1.6446003475397284, "dj": 7.987934216429737, "dk": 7.865998568668344, "vw_i": 2.1918894612887936, "vw_j": 1.161506367739593, "kt": 5.130511126380741, "train_sc_a": [1.4446411331066353], "train_sc_v": [4.671572282255932], "val_sc_a": 0, "val_sc_v": 0, "total_sc_a": 0, "total_sc_v": 0}