{"c1": 0.01867747676873394, "c2": 0.11032449168926894, "ch1": 0.20456309112701798, "ch2": 0.1000849990367458, "di": 16.300576915526367, "dj": 11.165359443577648, "dk": 8.842168985656858, "vw_i": 0.7535829777786623, "vw_j": 0.7465533140111285, "kt": 5.120830308638886, "train_sc_a": [1.0755037958388145], "train_sc_v": [2.479957102556427], "val_sc_a": 0, "val_sc_v": 0, "total_sc_a": 0, "total_sc_v": 0}