{"c1": 0.018645425544760157, "c2": 0.1085767952672731, "ch1": -0.034750577983749836, "ch2": 0.08859114580622342, "di": 1.2418723340904523, "dj": 0.07127688784593636, "dk": 2.7441600075384636, "vw_i": 0.007344007312013769, "vw_j": 0.34651582274777604, "kt": 5.049375913216926, "train_sc_a": [29.830385643104936], "train_sc_v": [115.09224948810623], "val_sc_a": 0, "val_sc_v": 0, "total_sc_a": 0, "total_sc_v": 0}