{"c1": 0.019355428535744568, "c2": 0.10417179970812088, "ch1": -0.0032440046856312514, "ch2": 0.08257821701798038, "di": 17.222707668416167, "dj": 0.11538295558772929, "dk": 3.8910062536811965, "vw_i": -1.4794148154424802, "vw_j": -0.9621233661884001, "kt": 4.972060567961735, "train_sc_a": [0.9735475435015056], "train_sc_v": [3.009196520688135], "val_sc_a": 0, "val_sc_v": 0, "total_sc_a": 0, "total_sc_v": 0}