{"c1": 0.018447761538629374, "c2": 0.10998211937766902, "ch1": 0.005338581338518588, "ch2": 0.09147634209344492, "di": 1.3369904855780688, "dj": 0.10910827543756903, "dk": 2.760741219189175, "vw_i": 0.1796532982213905, "vw_j": 0.45210789456642486, "kt": 5.049365140574916, "train_sc_a": [0.866470741879359], "train_sc_v": [1.8180366360430174], "val_sc_a": 0, "val_sc_v": 0, "total_sc_a": 0, "total_sc_v": 0}