{"c1": 0.018726350352392646, "c2": 0.10831211144895017, "ch1": -0.02516668905668502, "ch2": 0.08864974663714133, "di": 0.4805240792290469, "dj": 0.0, "dk": 2.4798731445924282, "vw_i": -0.8379352415348723, "vw_j": -0.18188551423144628, "kt": 4.9582607562631225, "train_sc_a": [45.66681121070184], "train_sc_v": [95.29091422539086], "val_sc_a": 0, "val_sc_v": 0, "total_sc_a": 0, "total_sc_v": 0}