{"c1": 0.019306308789539463, "c2": 0.1036241239891248, "ch1": 0.0036884643396646564, "ch2": 0.09142795462081611, "di": 0.8379467105472254, "dj": 0.0, "dk": 2.40383377303895, "vw_i": -0.9165972358159241, "vw_j": -0.2122763821351553, "kt": 4.972807624936229, "train_sc_a": [0.5084081854632552], "train_sc_v": [1.6691763578869419], "val_sc_a": 0, "val_sc_v": 0, "total_sc_a": 0, "total_sc_v": 0}