{"c1": 0.01934552027929151, "c2": 0.10427361792197865, "ch1": 0.004009303650371898, "ch2": 0.08315214062810142, "di": 16.922720781223695, "dj": 0.9274045410457608, "dk": 4.109909114346097, "vw_i": -1.2943313479836094, "vw_j": -1.16744292559873, "kt": 4.966098372756303, "train_sc_a": [0.6567777480661156], "train_sc_v": [0.6735467403435443], "val_sc_a": 0, "val_sc_v": 0, "total_sc_a": 0, "total_sc_v": 0}