{"c1": 0.019491116808194698, "c2": 0.10406117586354434, "ch1": 0.031861864005841685, "ch2": 0.08509631724634036, "di": 17.638776358949936, "dj": 0.01701677807066311, "dk": 6.320930807443963, "vw_i": -0.8948275864985422, "vw_j": -0.260455512361568, "kt": 5.172705794238099, "train_sc_a": [0.40397556171540916], "train_sc_v": [0.6052205062926488], "val_sc_a": 0, "val_sc_v": 0, "total_sc_a": 0, "total_sc_v": 0}