{"c1": 0.019595183639696197, "c2": 0.10335686497128294, "ch1": 0.0333180387100441, "ch2": 0.08520779358948638, "di": 17.649714888003043, "dj": 0.02861546212940268, "dk": 6.62031371331843, "vw_i": -0.774767223248375, "vw_j": -0.1501984451348088, "kt": 5.187968658380283, "train_sc_a": [0.403918056577423], "train_sc_v": [0.6666351120991781], "val_sc_a": 0, "val_sc_v": 0, "total_sc_a": 0, "total_sc_v": 0}