{"c1": 0.018453823390471646, "c2": 0.10993965191251823, "ch1": 0.00711681568388585, "ch2": 0.0916070263375665, "di": 1.3295742190267235, "dj": 0.36956374449025087, "dk": 2.784319492247012, "vw_i": 0.17818388383761793, "vw_j": 0.4501143404407444, "kt": 5.048709723946799, "train_sc_a": [0.644139323482757], "train_sc_v": [1.9388213818350417], "val_sc_a": 0, "val_sc_v": 0, "total_sc_a": 0, "total_sc_v": 0}