{"c1": 0.019014365354383788, "c2": 0.1059603006304951, "ch1": -0.0002728327826509178, "ch2": 0.09091682937986377, "di": 0.8100412908277704, "dj": 0.09872897920639465, "dk": 2.3146257874038065, "vw_i": -0.9565299630134584, "vw_j": -0.207871805997583, "kt": 4.963361296528452, "train_sc_a": [0.7347254165274698], "train_sc_v": [1.0735781064503753], "val_sc_a": 0, "val_sc_v": 0, "total_sc_a": 0, "total_sc_v": 0}