{"c1": 0.019491229648261162, "c2": 0.10405973094192283, "ch1": 0.03185558032015076, "ch2": 0.08509583628284466, "di": 17.63873768715277, "dj": 0.01695239807231645, "dk": 6.319731006402199, "vw_i": -0.8947403969915274, "vw_j": -0.26055656955134165, "kt": 5.172656665053381, "train_sc_a": [0.4039702983951727], "train_sc_v": [0.6052198878731924], "val_sc_a": 0, "val_sc_v": 0, "total_sc_a": 0, "total_sc_v": 0}