{"c1": 0.01818411274150055, "c2": 0.11366301350805229, "ch1": -0.020265473802444093, "ch2": 0.08491500648952925, "di": 1.6445992019085962, "dj": 7.9879360588360555, "dk": 7.865998736513463, "vw_i": 2.191889385865261, "vw_j": 1.161506321214992, "kt": 5.13051111149526, "train_sc_a": [1.444641273722467], "train_sc_v": [4.671572208149225], "val_sc_a": 0, "val_sc_v": 0, "total_sc_a": 0, "total_sc_v": 0}