{"c1": 0.01850363643724215, "c2": 0.10958567253292512, "ch1": -0.007164779598398004, "ch2": 0.09057942865209825, "di": 1.310045894704917, "dj": 0.10691531879127356, "dk": 2.753325459980845, "vw_i": 0.12638877061001766, "vw_j": 0.41946588570231674, "kt": 5.04952320109518, "train_sc_a": [1.3195332105479223], "train_sc_v": [4.014226974190752], "val_sc_a": 0, "val_sc_v": 0, "total_sc_a": 0, "total_sc_v": 0}