{"c1": 0.019145606295543148, "c2": 0.10676435904482791, "ch1": 0.1710613731019049, "ch2": 0.09676590853647393, "di": 18.40072803298946, "dj": 9.083749531034812, "dk": 8.195518497634843, "vw_i": 3.250125410829253, "vw_j": 1.5269651558510438, "kt": 5.1058887828354775, "train_sc_a": [1.579250514368804], "train_sc_v": [3.647556574101109], "val_sc_a": 0, "val_sc_v": 0, "total_sc_a": 0, "total_sc_v": 0}