{"c1": 0.019359314983732296, "c2": 0.10413809772815052, "ch1": 0.016296194188504916, "ch2": 0.08406260672490135, "di": 17.3337067893309, "dj": 0.2307659111754586, "dk": 3.8702803194585904, "vw_i": -1.6869557809678317, "vw_j": -0.8393285080465758, "kt": 4.972549720371232, "train_sc_a": [0.6383400727394145], "train_sc_v": [1.1063803585134144], "val_sc_a": 0, "val_sc_v": 0, "total_sc_a": 0, "total_sc_v": 0}