{"c1": 0.019419413101184994, "c2": 0.10288070595376973, "ch1": 0.021334927422933418, "ch2": 0.09277255865714464, "di": 0.9941350310944274, "dj": 0.8242628412050756, "dk": 2.659681922893731, "vw_i": -0.9660124442904459, "vw_j": -0.2299164251305525, "kt": 4.9874410050617595, "train_sc_a": [0.3990921853811383], "train_sc_v": [0.5313435126289257], "val_sc_a": 0, "val_sc_v": 0, "total_sc_a": 0, "total_sc_v": 0}