{"c1": 0.01917088778975818, "c2": 0.10568687835919939, "ch1": -0.04898001662543436, "ch2": 0.07930213172119689, "di": 17.153375789698046, "dj": 0.0, "dk": 3.813699083623497, "vw_i": -1.702947533933985, "vw_j": -0.5167518355955408, "kt": 4.9628398191742695, "train_sc_a": [NaN], "train_sc_v": [NaN], "val_sc_a": 0, "val_sc_v": 0, "total_sc_a": 0, "total_sc_v": 0}