{"c1": 0.019312841920649474, "c2": 0.10358635515095349, "ch1": 0.01346699816242089, "ch2": 0.09219474750756107, "di": 0.9411886420097894, "dj": 0.36638181734783287, "dk": 2.5016266791053927, "vw_i": -0.9882780924557071, "vw_j": -0.23087007945588384, "kt": 4.971890760315006, "train_sc_a": [0.47937552840934367], "train_sc_v": [0.4424076480064983], "val_sc_a": 0, "val_sc_v": 0, "total_sc_a": 0, "total_sc_v": 0}