{"c1": 0.018432767114707888, "c2": 0.11008993107685422, "ch1": 0.006624026006189401, "ch2": 0.09157327288556666, "di": 1.3441205832498748, "dj": 0.12472227437229659, "dk": 2.757908454781495, "vw_i": 0.185893140609774, "vw_j": 0.4559298806059985, "kt": 5.049596710909787, "train_sc_a": [0.8340231251173392], "train_sc_v": [1.8181186755610335], "val_sc_a": 0, "val_sc_v": 0, "total_sc_a": 0, "total_sc_v": 0}