{"c1": 0.019336339765492906, "c2": 0.10441445744388995, "ch1": 0.016409609518244675, "ch2": 0.08405547067290735, "di": 17.37458641017968, "dj": 0.0, "dk": 4.169036390838805, "vw_i": -1.6383580924793406, "vw_j": -0.8190424598725952, "kt": 4.996744595253156, "train_sc_a": [0.5588543784216081], "train_sc_v": [0.7430421408738599], "val_sc_a": 0, "val_sc_v": 0, "total_sc_a": 0, "total_sc_v": 0}