{"c1": 0.019261004108331325, "c2": 0.10535949683491078, "ch1": 0.17342317276701733, "ch2": 0.10164385523154908, "di": 1.855623456303814, "dj": 18.810736681817524, "dk": 8.96924748204468, "vw_i": 0.6259056622698602, "vw_j": 0.08897915922746472, "kt": 4.945209875187883, "train_sc_a": [1.1798379844528595], "train_sc_v": [1.2625760072797965], "val_sc_a": 0, "val_sc_v": 0, "total_sc_a": 0, "total_sc_v": 0}