{"c1": 0.019345520279310052, "c2": 0.10427361792174131, "ch1": 0.004009303659442778, "ch2": 0.08315214062865144, "di": 16.922720781999555, "dj": 0.9274045416137338, "dk": 4.109909113618945, "vw_i": -1.2943313480269882, "vw_j": -1.1674429257118788, "kt": 4.966098372777003, "train_sc_a": [0.850460983036158], "train_sc_v": [1.3926011124128053], "val_sc_a": 0, "val_sc_v": 0, "total_sc_a": 0, "total_sc_v": 0}