{"c1": 0.019346137579149447, "c2": 0.10426620382293739, "ch1": 0.004513610114340682, "ch2": 0.08318660472899858, "di": 16.945371292302564, "dj": 0.9476975743991303, "dk": 4.0895511886426466, "vw_i": -1.297665006233568, "vw_j": -1.169064792316636, "kt": 4.966676377303391, "train_sc_a": [0.6534001673495783], "train_sc_v": [0.675952140403779], "val_sc_a": 0, "val_sc_v": 0, "total_sc_a": 0, "total_sc_v": 0}