{"c1": 0.018361186972589504, "c2": 0.11059629260156452, "ch1": 0.017522975471874275, "ch2": 0.09235701715031229, "di": 1.3495423441714358, "dj": 0.080159623688497, "dk": 2.751059731091094, "vw_i": 0.2790099194358645, "vw_j": 0.48793654598891517, "kt": 5.050974464284079, "train_sc_a": [0.44557857438457155], "train_sc_v": [0.4619764302877286], "val_sc_a": 0, "val_sc_v": 0, "total_sc_a": 0, "total_sc_v": 0}