{"c1": 0.018677458726058662, "c2": 0.11032461750791467, "ch1": 0.20455976459028388, "ch2": 0.10008477465406819, "di": 16.30036023216114, "dj": 11.165312318277227, "dk": 8.84214928746016, "vw_i": 0.7536850539661534, "vw_j": 0.7466196255194052, "kt": 5.1208306520978795, "train_sc_a": [1.0755107275898494], "train_sc_v": [2.4800444782600195], "val_sc_a": 0, "val_sc_v": 0, "total_sc_a": 0, "total_sc_v": 0}