{"c1": 0.019346137577815663, "c2": 0.10426620383895685, "ch1": 0.004513609024698127, "ch2": 0.08318660465453284, "di": 16.94537124336216, "dj": 0.9476975305524733, "dk": 4.089551232629514, "vw_i": -1.2976649990306146, "vw_j": -1.1690647888123087, "kt": 4.966676376054511, "train_sc_a": [0.6534001741436176], "train_sc_v": [0.675952128045852], "val_sc_a": 0, "val_sc_v": 0, "total_sc_a": 0, "total_sc_v": 0}