{"c1": 0.019467886603236815, "c2": 0.10313005323265695, "ch1": -0.0014204440721134492, "ch2": 0.0827339317692731, "di": 16.928147546687963, "dj": 0.8292210029638888, "dk": 3.5738634017690285, "vw_i": -1.4225360089901826, "vw_j": -0.7823478631295926, "kt": 4.949376802533953, "train_sc_a": [0.4049235046599489], "train_sc_v": [0.6255220094260712], "val_sc_a": 0, "val_sc_v": 0, "total_sc_a": 0, "total_sc_v": 0}