{"c1": 0.01818411274150055, "c2": 0.11366301350805229, "ch1": -0.020265473802444155, "ch2": 0.08491500648952924, "di": 1.644599201908602, "dj": 7.987936058836046, "dk": 7.865998736513462, "vw_i": 2.1918893858652613, "vw_j": 1.1615063212149925, "kt": 5.13051111149526, "train_sc_a": [1.444641273722466], "train_sc_v": [4.671572208149225], "val_sc_a": 0, "val_sc_v": 0, "total_sc_a": 0, "total_sc_v": 0}