{"c1": 0.01949216231341286, "c2": 0.10243148615533063, "ch1": 0.023603122374679104, "ch2": 0.09295033654943614, "di": 1.0195646115780557, "dj": 0.8424288040959212, "dk": 3.037381291961767, "vw_i": -0.8278481168494495, "vw_j": -0.1439193065174795, "kt": 5.008221562029859, "train_sc_a": [0.3976059204557485], "train_sc_v": [0.5937150532388147], "val_sc_a": 0, "val_sc_v": 0, "total_sc_a": 0, "total_sc_v": 0}