{"c1": 0.019491151866544872, "c2": 0.10406072693995039, "ch1": 0.03185991172364061, "ch2": 0.08509616781549384, "di": 17.63876434398531, "dj": 0.01699677580908291, "dk": 6.320558040514826, "vw_i": -0.8948004975365798, "vw_j": -0.26048690988248013, "kt": 5.172690530261256, "train_sc_a": [0.4039739260550884], "train_sc_v": [0.6052202984001566], "val_sc_a": 0, "val_sc_v": 0, "total_sc_a": 0, "total_sc_v": 0}