{"c1": 0.019359314984790172, "c2": 0.10413809771897697, "ch1": 0.016296199507266348, "ch2": 0.08406260712894609, "di": 17.3337068195444, "dj": 0.23076594258222258, "dk": 3.870280313817077, "vw_i": -1.6869558374596254, "vw_j": -0.8393284746223226, "kt": 4.972549720504378, "train_sc_a": [0.6223628133281235], "train_sc_v": [2.2245990444956334], "val_sc_a": 0, "val_sc_v": 0, "total_sc_a": 0, "total_sc_v": 0}