{"c1": 0.01850994703084625, "c2": 0.10944041935628818, "ch1": 0.02466181157052802, "ch2": 0.09308124213272918, "di": 0.9754389770521482, "dj": 0.24927765757202974, "dk": 2.4108677644328425, "vw_i": 0.3773063780291098, "vw_j": 0.19291619463663853, "kt": 5.05243230914248, "train_sc_a": [0.9500761813229743], "train_sc_v": [2.0627079535919806], "val_sc_a": 0, "val_sc_v": 0, "total_sc_a": 0, "total_sc_v": 0}