{"c1": 0.019344902980804452, "c2": 0.10428103200452572, "ch1": 0.003504998294188825, "ch2": 0.08311767660277011, "di": 16.900070320637067, "dj": 0.9071115526750818, "dk": 4.130266994608264, "vw_i": -1.2909976970233688, "vw_j": -1.165821062611467, "kt": 4.965520369499498, "train_sc_a": [0.6606455792396494], "train_sc_v": [0.6783669270321949], "val_sc_a": 0, "val_sc_v": 0, "total_sc_a": 0, "total_sc_v": 0}