{"c1": 0.019392012811218377, "c2": 0.10294307891405051, "ch1": 0.019026262388760075, "ch2": 0.09259334914147933, "di": 0.9734223266921671, "dj": 0.7999928317078497, "dk": 2.2857295005957585, "vw_i": -0.9984244386623984, "vw_j": -0.24799987178250815, "kt": 4.971887771874813, "train_sc_a": [0.5113298715793699], "train_sc_v": [0.6428306470748121], "val_sc_a": 0, "val_sc_v": 0, "total_sc_a": 0, "total_sc_v": 0}