{"c1": 0.018552540317089253, "c2": 0.10922874744397833, "ch1": -0.0036439126046777202, "ch2": 0.09079900430128607, "di": 1.2871664357670602, "dj": 0.0, "dk": 2.7805361506820607, "vw_i": 0.13605021839246365, "vw_j": 0.4254004311377301, "kt": 5.047746961914483, "train_sc_a": [1.2504708051035558], "train_sc_v": [3.485954120001041], "val_sc_a": 0, "val_sc_v": 0, "total_sc_a": 0, "total_sc_v": 0}