{"c1": 0.019030834234854625, "c2": 0.1054499961174384, "ch1": -0.001053910991211703, "ch2": 0.08277849895091245, "di": 16.465624304683942, "dj": 0.8034122528438992, "dk": 1.1667316819402096, "vw_i": -0.7816296298499791, "vw_j": -1.0772830876285875, "kt": 4.85456672281756, "train_sc_a": [0.7738611417001903], "train_sc_v": [1.50989937615416], "val_sc_a": 0, "val_sc_v": 0, "total_sc_a": 0, "total_sc_v": 0}