{"c1": 0.019092457680262603, "c2": 0.10554735923693954, "ch1": -0.12114434575535532, "ch2": 0.08129398557896032, "di": 0.5439923350272627, "dj": 0.0, "dk": 4.147060271090291, "vw_i": -1.0653324903753505, "vw_j": -0.25294281428775567, "kt": 4.996750318219645, "train_sc_a": [NaN], "train_sc_v": [NaN], "val_sc_a": 0, "val_sc_v": 0, "total_sc_a": 0, "total_sc_v": 0}