{"c1": 0.01843280584160242, "c2": 0.11008965262585634, "ch1": 0.00662070602001769, "ch2": 0.09157302253726497, "di": 1.3441021679681684, "dj": 0.12468194726849191, "dk": 2.7579157711124878, "vw_i": 0.1858770246376407, "vw_j": 0.4559200093597916, "kt": 5.049596112820791, "train_sc_a": [0.8340990089413878], "train_sc_v": [1.8180698168749487], "val_sc_a": 0, "val_sc_v": 0, "total_sc_a": 0, "total_sc_v": 0}