{"c1": 0.018572658861084394, "c2": 0.1090558648839348, "ch1": -0.0037784590110280783, "ch2": 0.09080210234418674, "di": 1.062019064217948, "dj": 0.4004139705014782, "dk": 2.9109413090122733, "vw_i": 0.362986748142599, "vw_j": 0.25672354490612204, "kt": 5.0496869870176795, "train_sc_a": [1.1182980579428], "train_sc_v": [2.8935742499549777], "val_sc_a": 0, "val_sc_v": 0, "total_sc_a": 0, "total_sc_v": 0}