{"c1": 0.019491276364743636, "c2": 0.10405913273547258, "ch1": 0.03185297883557486, "ch2": 0.08509563716099529, "di": 17.638721676790574, "dj": 0.016925744356498473, "dk": 6.319234281381594, "vw_i": -0.8947042999986421, "vw_j": -0.2605984078502973, "kt": 5.172636325268333, "train_sc_a": [0.40396812043065333], "train_sc_v": [0.6052196749150373], "val_sc_a": 0, "val_sc_v": 0, "total_sc_a": 0, "total_sc_v": 0}