{"c1": 0.01949134887936856, "c2": 0.10405820418276338, "ch1": 0.03184894073877761, "ch2": 0.08509532807851614, "di": 17.638696825060556, "dj": 0.016884371716630944, "dk": 6.318463250973264, "vw_i": -0.8946482692411617, "vw_j": -0.26066335042292704, "kt": 5.172604753287618, "train_sc_a": [0.4039647409885444], "train_sc_v": [0.6052193943243617], "val_sc_a": 0, "val_sc_v": 0, "total_sc_a": 0, "total_sc_v": 0}