{"c1": 0.01818411274136988, "c2": 0.11366301350908695, "ch1": -0.020265473832153758, "ch2": 0.08491500648675063, "di": 1.6445992046764644, "dj": 7.987936054384763, "dk": 7.8659987361079455, "vw_i": 2.1918893860474857, "vw_j": 1.1615063213273966, "kt": 5.130511111531224, "train_sc_a": [1.4446412733827352], "train_sc_v": [4.671572208328268], "val_sc_a": 0, "val_sc_v": 0, "total_sc_a": 0, "total_sc_v": 0}