{"c1": 0.019346223304881723, "c2": 0.10291216809173352, "ch1": 0.00010711045004760633, "ch2": 0.08287038481336037, "di": 16.813273069327337, "dj": 1.1929117573252208, "dk": 0.5132316807298062, "vw_i": -1.1853936473340203, "vw_j": -0.4868168618312918, "kt": 4.8605521503383295, "train_sc_a": [0.8416320730821257], "train_sc_v": [1.507499896372227], "val_sc_a": 0, "val_sc_v": 0, "total_sc_a": 0, "total_sc_v": 0}