{"c1": 0.019449368479324384, "c2": 0.10342618208093696, "ch1": 0.0012236527511372045, "ch2": 0.08293861971044202, "di": 16.925918255970746, "dj": 0.8651987897540594, "dk": 3.972458114158332, "vw_i": -1.3428604158975508, "vw_j": -1.009693719506488, "kt": 4.961393914876395, "train_sc_a": [0.4021182924726229], "train_sc_v": [0.7333905132499176], "val_sc_a": 0, "val_sc_v": 0, "total_sc_a": 0, "total_sc_v": 0}