{"c1": 0.01934915651990161, "c2": 0.10328363546630404, "ch1": 0.011356597319687804, "ch2": 0.09201059367565508, "di": 0.905677752305938, "dj": 0.39995646030577786, "dk": 2.3447875355213887, "vw_i": -0.9575067503891127, "vw_j": -0.23013634275333136, "kt": 4.9723477443474735, "train_sc_a": [0.47810448009538287], "train_sc_v": [0.509825873835745], "val_sc_a": 0, "val_sc_v": 0, "total_sc_a": 0, "total_sc_v": 0}