{"c1": 0.018457125008299078, "c2": 0.10987229524864482, "ch1": 0.012149696061991972, "ch2": 0.09193217949377383, "di": 0.9713598989307116, "dj": 0.12459819740567732, "dk": 2.6451837309281028, "vw_i": 0.43996916674783604, "vw_j": 0.2249555860937416, "kt": 5.061140231672156, "train_sc_a": [0.8131305887893665], "train_sc_v": [1.6231005546550366], "val_sc_a": 0, "val_sc_v": 0, "total_sc_a": 0, "total_sc_v": 0}