{"c1": 0.018471723881569244, "c2": 0.10981304824114982, "ch1": 0.009641990021159999, "ch2": 0.09180206277475889, "di": 1.310013451607633, "dj": 0.5992274891014013, "dk": 2.8060414722109193, "vw_i": 0.17348918916257147, "vw_j": 0.44401591168789867, "kt": 5.0472192919281245, "train_sc_a": [0.6205514203163678], "train_sc_v": [1.7072814587939065], "val_sc_a": 0, "val_sc_v": 0, "total_sc_a": 0, "total_sc_v": 0}