{"c1": 0.018028987167326625, "c2": 0.11489129994678893, "ch1": -0.05553516004419426, "ch2": 0.08161637436793517, "di": 4.9304608798460565, "dj": 2.703606624980276, "dk": 7.384590864093532, "vw_i": 2.4082166911042795, "vw_j": 1.2949466565881071, "kt": 5.173205158579678, "train_sc_a": [1.9157440877938616], "train_sc_v": [7.45759334068474], "val_sc_a": 0, "val_sc_v": 0, "total_sc_a": 0, "total_sc_v": 0}