{"c1": 0.01941003360496028, "c2": 0.10400267913368977, "ch1": 0.1622658854303203, "ch2": 0.10112525899390244, "di": 1.8506531741537158, "dj": 16.433097936279225, "dk": 7.652613240435192, "vw_i": -1.047104339130664, "vw_j": -0.20334569072533923, "kt": 4.9355766617020365, "train_sc_a": [1.0878824934390687], "train_sc_v": [2.116317153454902], "val_sc_a": 0, "val_sc_v": 0, "total_sc_a": 0, "total_sc_v": 0}