{"c1": 0.019507095344141936, "c2": 0.10368676887019374, "ch1": 0.02903517819533245, "ch2": 0.08487974096303946, "di": 17.621734279392314, "dj": 0.00827667735697602, "dk": 5.782891967164396, "vw_i": -0.875186566385186, "vw_j": -0.2946497055940938, "kt": 5.150291933374332, "train_sc_a": [0.5900399917447104], "train_sc_v": [1.0846763758877362], "val_sc_a": 0, "val_sc_v": 0, "total_sc_a": 0, "total_sc_v": 0}