{"c1": 0.01935931462440854, "c2": 0.1041381008440862, "ch1": 0.01629438758832955, "ch2": 0.08406246948480864, "di": 17.333696526844186, "dj": 0.23075524337882344, "dk": 3.8702822356866, "vw_i": -1.6869365926500912, "vw_j": -0.8393398611148677, "kt": 4.972549675146368, "train_sc_a": [0.6383400245801198], "train_sc_v": [1.1062711839631842], "val_sc_a": 0, "val_sc_v": 0, "total_sc_a": 0, "total_sc_v": 0}