{"c1": 0.01934656630575543, "c2": 0.10290939883801194, "ch1": 0.00011529569852723407, "ch2": 0.0828710851220218, "di": 16.813636356174726, "dj": 1.1939066032220713, "dk": 0.5124785670386471, "vw_i": -1.1858358213423992, "vw_j": -0.4861972711433926, "kt": 4.860556304443738, "train_sc_a": [0.8418394495089199], "train_sc_v": [1.5079032400404906], "val_sc_a": 0, "val_sc_v": 0, "total_sc_a": 0, "total_sc_v": 0}