{"c1": 0.01818411274150055, "c2": 0.1136630135080523, "ch1": -0.020265473802444242, "ch2": 0.08491500648952924, "di": 1.64459920190861, "dj": 7.987936058836033, "dk": 7.865998736513462, "vw_i": 2.1918893858652617, "vw_j": 1.1615063212149928, "kt": 5.130511111495261, "train_sc_a": [1.4446412737224652], "train_sc_v": [4.671572208149225], "val_sc_a": 0, "val_sc_v": 0, "total_sc_a": 0, "total_sc_v": 0}