{"c1": 0.018613276992552105, "c2": 0.1103268046322679, "ch1": -0.03792335179897405, "ch2": 0.079598678724881, "di": 17.259301568342572, "dj": 0.0, "dk": 5.8673915263964105, "vw_i": -1.4297830340974593, "vw_j": -0.6861586217177146, "kt": 4.969795377040722, "train_sc_a": [NaN], "train_sc_v": [NaN], "val_sc_a": 0, "val_sc_v": 0, "total_sc_a": 0, "total_sc_v": 0}