{"c1": 0.019345520264435697, "c2": 0.1042736181121144, "ch1": 0.004009296383811162, "ch2": 0.08315214018748861, "di": 16.922720159694283, "dj": 0.9274040860500519, "dk": 4.109909696857839, "vw_i": -1.294331313233362, "vw_j": -1.1674428349566497, "kt": 4.9660983561739505, "train_sc_a": [0.6567778035623455], "train_sc_v": [0.6735467410493242], "val_sc_a": 0, "val_sc_v": 0, "total_sc_a": 0, "total_sc_v": 0}