{"c1": 0.01886892394875973, "c2": 0.10803047939300442, "ch1": -0.04788090051250576, "ch2": 0.07854759684113848, "di": 16.719499938393927, "dj": 0.0, "dk": 3.1785755637786357, "vw_i": -0.8984519015278587, "vw_j": -1.2945985649441738, "kt": 4.9518305965025275, "train_sc_a": [NaN], "train_sc_v": [NaN], "val_sc_a": 0, "val_sc_v": 0, "total_sc_a": 0, "total_sc_v": 0}