{"c1": 0.01934428268674007, "c2": 0.10428945755318474, "ch1": 0.003403948587175542, "ch2": 0.08311543451538174, "di": 16.870943057013257, "dj": 0.8895002330686976, "dk": 4.158436394964918, "vw_i": -1.2914364106037934, "vw_j": -1.1598918097026647, "kt": 4.964716947399628, "train_sc_a": [0.6618906165672926], "train_sc_v": [0.6806604167978443], "val_sc_a": 0, "val_sc_v": 0, "total_sc_a": 0, "total_sc_v": 0}