{"c1": 0.01846271723565627, "c2": 0.10987458612948216, "ch1": 0.004056456657022183, "ch2": 0.0913796616496251, "di": 1.3298788031879978, "dj": 0.09353460360673391, "dk": 2.7635666672658474, "vw_i": 0.17342957180516033, "vw_j": 0.44829577977307034, "kt": 5.049134168329043, "train_sc_a": [0.9049330907672176], "train_sc_v": [1.8628043861467347], "val_sc_a": 0, "val_sc_v": 0, "total_sc_a": 0, "total_sc_v": 0}