{"c1": 0.019495623648034203, "c2": 0.10400346559685746, "ch1": 0.03161089317697158, "ch2": 0.08507710753199293, "di": 17.637231804771673, "dj": 0.014445436609223674, "dk": 6.273010673188105, "vw_i": -0.8913452317276966, "vw_j": -0.26449174331395786, "kt": 5.170743571298167, "train_sc_a": [0.40376819655261387], "train_sc_v": [0.6053106193255804], "val_sc_a": 0, "val_sc_v": 0, "total_sc_a": 0, "total_sc_v": 0}