{"c1": 0.01934552027931005, "c2": 0.10427361792174139, "ch1": 0.004009303659439433, "ch2": 0.08315214062865123, "di": 16.922720781999267, "dj": 0.9274045416135244, "dk": 4.109909113619213, "vw_i": -1.2943313480269723, "vw_j": -1.1674429257118373, "kt": 4.966098372776996, "train_sc_a": [0.6567777479968652], "train_sc_v": [0.6735467403426645], "val_sc_a": 0, "val_sc_v": 0, "total_sc_a": 0, "total_sc_v": 0}