{"c1": 0.019250571435853653, "c2": 0.10632807797642, "ch1": 0.3102248310309353, "ch2": 0.10721213034933881, "di": 23.18315276185495, "dj": 12.662213870261496, "dk": 9.467848454247148, "vw_i": -2.4886922276928574, "vw_j": -1.3597181329124475, "kt": 5.109920922155363, "train_sc_a": [1.346313987726305], "train_sc_v": [2.781714650628891], "val_sc_a": 0, "val_sc_v": 0, "total_sc_a": 0, "total_sc_v": 0}