{"c1": 0.019491932497392235, "c2": 0.10404984584068398, "ch1": 0.03180634493031512, "ch2": 0.0850920665942611, "di": 17.638436523419944, "dj": 0.016553354713952043, "dk": 6.310338835051532, "vw_i": -0.894159294389027, "vw_j": -0.261289672701552, "kt": 5.172270083432659, "train_sc_a": [0.4039324811488587], "train_sc_v": [0.6051946768821503], "val_sc_a": 0, "val_sc_v": 0, "total_sc_a": 0, "total_sc_v": 0}