{"c1": 0.01892900386306035, "c2": 0.1065590400012096, "ch1": -0.08992219484503004, "ch2": 0.0846145786664189, "di": 1.1055251632111154, "dj": 0.0, "dk": 2.7258290959785545, "vw_i": -0.23074560598360275, "vw_j": 0.20061564370958807, "kt": 5.049081337353146, "train_sc_a": [171658.02097594453], "train_sc_v": [6298.251814549394], "val_sc_a": 0, "val_sc_v": 0, "total_sc_a": 0, "total_sc_v": 0}