{"c1": 0.01939200425026376, "c2": 0.1029431469434833, "ch1": 0.019024730299710947, "ch2": 0.09259323273049405, "di": 0.9734087940646508, "dj": 0.7999129206115557, "dk": 2.285741298003827, "vw_i": -0.9984162649623013, "vw_j": -0.24799630337150744, "kt": 4.971887863758719, "train_sc_a": [0.5113209958544824], "train_sc_v": [0.6427605159050054], "val_sc_a": 0, "val_sc_v": 0, "total_sc_a": 0, "total_sc_v": 0}