{"c1": 0.01818411274150055, "c2": 0.11366301350805229, "ch1": -0.020265473802443895, "ch2": 0.08491500648952927, "di": 1.6445992019085778, "dj": 7.987936058836084, "dk": 7.865998736513466, "vw_i": 2.1918893858652595, "vw_j": 1.1615063212149914, "kt": 5.13051111149526, "train_sc_a": [1.4446412737224692], "train_sc_v": [4.671572208149224], "val_sc_a": 0, "val_sc_v": 0, "total_sc_a": 0, "total_sc_v": 0}