{"c1": 0.019491278782657787, "c2": 0.10405910177398399, "ch1": 0.03185284419002737, "ch2": 0.08509562685500667, "di": 17.638720848139116, "dj": 0.016924364834900524, "dk": 6.319208572287266, "vw_i": -0.8947024317195006, "vw_j": -0.2606005732833433, "kt": 5.172635272538089, "train_sc_a": [0.4039680077225644], "train_sc_v": [0.6052196645794932], "val_sc_a": 0, "val_sc_v": 0, "total_sc_a": 0, "total_sc_v": 0}