{"c1": 0.018432780755413963, "c2": 0.11008983299854808, "ch1": 0.006622856613288527, "ch2": 0.09157318470582385, "di": 1.3441140968675283, "dj": 0.12470807002731954, "dk": 2.7579110317999165, "vw_i": 0.1858874641092018, "vw_j": 0.4559264036742765, "kt": 5.04959650024595, "train_sc_a": [0.834049848877481], "train_sc_v": [1.818101440140855], "val_sc_a": 0, "val_sc_v": 0, "total_sc_a": 0, "total_sc_v": 0}