{"c1": 0.019346477332811512, "c2": 0.10291011717045642, "ch1": 0.00011317248045471504, "ch2": 0.08287090346498231, "di": 16.813542121136926, "dj": 1.1936485444969365, "dk": 0.5126739214745827, "vw_i": -1.1857211233160503, "vw_j": -0.4863579902894743, "kt": 4.860555226886752, "train_sc_a": [0.8417856274064811], "train_sc_v": [1.5077982923761069], "val_sc_a": 0, "val_sc_v": 0, "total_sc_a": 0, "total_sc_v": 0}