{"c1": 0.01818411274150055, "c2": 0.11366301350805229, "ch1": -0.020265473802444114, "ch2": 0.08491500648952925, "di": 1.644599201908598, "dj": 7.987936058836051, "dk": 7.865998736513463, "vw_i": 2.1918893858652613, "vw_j": 1.1615063212149923, "kt": 5.13051111149526, "train_sc_a": [1.4446412737224668], "train_sc_v": [4.671572208149225], "val_sc_a": 0, "val_sc_v": 0, "total_sc_a": 0, "total_sc_v": 0}