{"c1": 0.018509912613759314, "c2": 0.10944070075236914, "ch1": 0.02465365908892199, "ch2": 0.09308049344142899, "di": 0.9754363192594407, "dj": 0.24919642054980407, "dk": 2.4110204369849417, "vw_i": 0.37734720703456964, "vw_j": 0.19293707044691574, "kt": 5.052437982937468, "train_sc_a": [0.9499267379069919], "train_sc_v": [2.0622174423576616], "val_sc_a": 0, "val_sc_v": 0, "total_sc_a": 0, "total_sc_v": 0}