{"c1": 0.019346140383622475, "c2": 0.10426617013972737, "ch1": 0.0045159012438067666, "ch2": 0.08318676130386503, "di": 16.945474196501138, "dj": 0.947789768272358, "dk": 4.0894586999558005, "vw_i": -1.2976801514740717, "vw_j": -1.16907216066644, "kt": 4.966679003252731, "train_sc_a": [0.653385886604997], "train_sc_v": [0.675978189888922], "val_sc_a": 0, "val_sc_v": 0, "total_sc_a": 0, "total_sc_v": 0}