{"c1": 0.018939984828695668, "c2": 0.10668937610754053, "ch1": -0.0852901490778413, "ch2": 0.07619017172251562, "di": 16.605920297505296, "dj": 0.0, "dk": 7.237683508119702, "vw_i": -1.2800000765560127, "vw_j": -0.12903690191557549, "kt": 4.89982575656505, "train_sc_a": [NaN], "train_sc_v": [NaN], "val_sc_a": 0, "val_sc_v": 0, "total_sc_a": 0, "total_sc_v": 0}