{"c1": 0.01949118743993019, "c2": 0.10406027142131057, "ch1": 0.03185793076085585, "ch2": 0.08509601618938893, "di": 17.638752152511266, "dj": 0.016976479698315967, "dk": 6.3201797973419875, "vw_i": -0.8947730106161458, "vw_j": -0.26051876865803336, "kt": 5.17267504204441, "train_sc_a": [0.4039722667306085], "train_sc_v": [0.605220101970321], "val_sc_a": 0, "val_sc_v": 0, "total_sc_a": 0, "total_sc_v": 0}