{"c1": 0.018457125008299078, "c2": 0.10987229524864482, "ch1": 0.01214969606199196, "ch2": 0.09193217949377383, "di": 0.9713598989307117, "dj": 0.12459819740567751, "dk": 2.6451837309281028, "vw_i": 0.4399691667478359, "vw_j": 0.2249555860937416, "kt": 5.061140231672156, "train_sc_a": [0.8131305887893665], "train_sc_v": [1.6231005546550363], "val_sc_a": 0, "val_sc_v": 0, "total_sc_a": 0, "total_sc_v": 0}