{"c1": 0.018361847226311755, "c2": 0.11059455053439114, "ch1": 0.02042103890636521, "ch2": 0.09256771294810624, "di": 1.3782195050410495, "dj": 0.14255377572912484, "dk": 2.7624909191079534, "vw_i": 0.24543362073206526, "vw_j": 0.4924160018622171, "kt": 5.049670489080858, "train_sc_a": [0.4504537425459209], "train_sc_v": [0.37580292714640073], "val_sc_a": 0, "val_sc_v": 0, "total_sc_a": 0, "total_sc_v": 0}