{"c1": 0.018913348864615834, "c2": 0.10841577937759275, "ch1": -0.18105997873551818, "ch2": 0.07308722049727584, "di": 2.8187301039128054, "dj": 0.0, "dk": 6.851335587767168, "vw_i": -0.033243149577638076, "vw_j": -0.6397546647430459, "kt": 5.141699906557169, "train_sc_a": [NaN], "train_sc_v": [NaN], "val_sc_a": 0, "val_sc_v": 0, "total_sc_a": 0, "total_sc_v": 0}