{"c1": 0.018366402587503418, "c2": 0.11054495326989751, "ch1": 0.03497666858607681, "ch2": 0.0936077579042695, "di": 1.3441706565775804, "dj": 0.7674719394622079, "dk": 2.7040689374051166, "vw_i": 0.3445290877465578, "vw_j": 0.33239079219595913, "kt": 5.05766728467101, "train_sc_a": [0.4996675969343474], "train_sc_v": [0.5612864531203412], "val_sc_a": 0, "val_sc_v": 0, "total_sc_a": 0, "total_sc_v": 0}