{"c1": 0.01854672991163467, "c2": 0.10962028271370393, "ch1": -0.03749336351632924, "ch2": 0.07911795089071764, "di": 16.43618733356582, "dj": 0.0, "dk": 2.8934911986974887, "vw_i": -0.6230226150446003, "vw_j": -1.1025779297014584, "kt": 4.851090286019706, "train_sc_a": [NaN], "train_sc_v": [NaN], "val_sc_a": 0, "val_sc_v": 0, "total_sc_a": 0, "total_sc_v": 0}