{"c1": 0.018457125008299078, "c2": 0.10987229524864482, "ch1": 0.012149696061991937, "ch2": 0.09193217949377383, "di": 0.9713598989307117, "dj": 0.1245981974056779, "dk": 2.645183730928103, "vw_i": 0.43996916674783587, "vw_j": 0.22495558609374167, "kt": 5.061140231672156, "train_sc_a": [0.8131305887893666], "train_sc_v": [1.6231005546550372], "val_sc_a": 0, "val_sc_v": 0, "total_sc_a": 0, "total_sc_v": 0}