{"c1": 0.018360125916967247, "c2": 0.11059886524039807, "ch1": 0.016496384910293656, "ch2": 0.09227842541961757, "di": 1.3072077069360204, "dj": 0.13562572019220756, "dk": 2.7329137516000057, "vw_i": 0.3666492321876562, "vw_j": 0.4788483246527542, "kt": 5.0532460241244195, "train_sc_a": [0.44499962170071666], "train_sc_v": [0.5610140566509075], "val_sc_a": 0, "val_sc_v": 0, "total_sc_a": 0, "total_sc_v": 0}