{"c1": 0.020300068329804827, "c2": 0.12089674988981039, "ch1": -0.6569519787641346, "ch2": 0.04464317004015919, "di": 49.32485750966899, "dj": 50.798694605138614, "dk": 7.910457268973224, "vw_i": 2.1686034175351527, "vw_j": -1.5699159061328185, "kt": 6.079757856398932, "train_sc_a": [7.717875188497948], "train_sc_v": [2.3648098433879694], "val_sc_a": 0, "val_sc_v": 0, "total_sc_a": 0, "total_sc_v": 0}