{"c1": 0.019210748461232934, "c2": 0.12667351224834691, "ch1": -0.5262891555302566, "ch2": 0.058644317751161336, "di": 49.80163004194777, "dj": 53.69851709882182, "dk": 6.303313754765185, "vw_i": 0.7915349374419993, "vw_j": -5.033480901800667, "kt": 4.511550645093086, "train_sc_a": [1.7820259742259505], "train_sc_v": [0.8744924447352688], "val_sc_a": 0, "val_sc_v": 0, "total_sc_a": 0, "total_sc_v": 0}