{"c1": 0.019795888978829956, "c2": 0.12684356071146613, "ch1": -0.6781819295799725, "ch2": 0.046349402946542446, "di": 50.819348586187644, "dj": 50.519592151839, "dk": 13.359234362791412, "vw_i": 6.188261274381269, "vw_j": -1.4505398258982756, "kt": 6.525571501517144, "train_sc_a": [4.0444609814963615], "train_sc_v": [3.8983414505375618], "val_sc_a": 0, "val_sc_v": 0, "total_sc_a": 0, "total_sc_v": 0}