{"c1": 0.01910425409091633, "c2": 0.11292480837614077, "ch1": -0.12495831001882828, "ch2": 0.08233615608058213, "di": 15.437061967270823, "dj": 13.133179080024002, "dk": 18.43656270649507, "vw_i": 3.9571278974834585, "vw_j": 2.4016266050748576, "kt": 4.539981915444135, "train_sc_a": [0.7027495968654214], "train_sc_v": [0.3485649696470835], "val_sc_a": 0, "val_sc_v": 0, "total_sc_a": 0, "total_sc_v": 0}