{"c1": 0.019966725723277394, "c2": 0.12626923607089777, "ch1": -0.6710381947684647, "ch2": 0.0471804166301801, "di": 49.202966436081866, "dj": 53.03328167635989, "dk": 10.717981983222385, "vw_i": 2.664206051509181, "vw_j": -5.0328279503993905, "kt": 6.621533823766811, "train_sc_a": [1.409117046701124], "train_sc_v": [0.32881657002601883], "val_sc_a": 0, "val_sc_v": 0, "total_sc_a": 0, "total_sc_v": 0}