{"c1": 0.019537859695794187, "c2": 0.12323264123894868, "ch1": -0.5476270497598702, "ch2": 0.05643738095221606, "di": 49.808600855077906, "dj": 49.697056765052956, "dk": 12.338273287309013, "vw_i": -1.2525943569019349, "vw_j": -3.734407564053765, "kt": 4.236342113351688, "train_sc_a": [1.7872320711979646], "train_sc_v": [1.3400874144338422], "val_sc_a": 0, "val_sc_v": 0, "total_sc_a": 0, "total_sc_v": 0}