{"c1": 0.018876682039658428, "c2": 0.12776258761980167, "ch1": -0.597655072517448, "ch2": 0.052819120840398935, "di": 52.48543763737781, "dj": 41.52731926796959, "dk": 11.073495557753965, "vw_i": 0.3185543363675075, "vw_j": -1.3920922183034334, "kt": 4.184318859596686, "train_sc_a": [5.895133257981516], "train_sc_v": [5.790966704326924], "val_sc_a": 0, "val_sc_v": 0, "total_sc_a": 0, "total_sc_v": 0}