{"c1": 0.02107464805230189, "c2": 0.1130617179098879, "ch1": -0.6115723144004769, "ch2": 0.04926577008791352, "di": 53.58873116059905, "dj": 54.648423966930295, "dk": 0.6714243795080174, "vw_i": 1.3070190531912476, "vw_j": -4.860914308702054, "kt": 4.755076915636789, "train_sc_a": [0.3268007239821108], "train_sc_v": [0.11083187355646261], "val_sc_a": 0, "val_sc_v": 0, "total_sc_a": 0, "total_sc_v": 0}