{"c1": 0.019682328919800145, "c2": 0.12352922411726747, "ch1": -0.6936602219823462, "ch2": 0.046830502838552904, "di": 41.52919059631123, "dj": 43.99624535491205, "dk": 5.261627402782638, "vw_i": 2.427828324732445, "vw_j": 1.2963809663969095, "kt": 5.251199697253804, "train_sc_a": [6.342212383820185], "train_sc_v": [6.059141153337656], "val_sc_a": 0, "val_sc_v": 0, "total_sc_a": 0, "total_sc_v": 0}