{"c1": 0.01940786131765405, "c2": 0.12462923094619167, "ch1": -0.7186436750429497, "ch2": 0.04447796142225591, "di": 35.4673755344182, "dj": 47.470131639008706, "dk": 6.14198736738272, "vw_i": 1.1792887401821215, "vw_j": 2.8823047706183047, "kt": 4.308497593990589, "train_sc_a": [8.254444108182026], "train_sc_v": [7.458402321022803], "val_sc_a": 0, "val_sc_v": 0, "total_sc_a": 0, "total_sc_v": 0}