{"c1": 0.01949377400494096, "c2": 0.1223037435291672, "ch1": -0.6318842696432716, "ch2": 0.04896896987219173, "di": 39.52561664909039, "dj": 50.432828086350035, "dk": 13.180606577391918, "vw_i": 1.2538653231605679, "vw_j": -0.7003911942425406, "kt": 4.532413200721616, "train_sc_a": [5.7504008487635465], "train_sc_v": [4.036310326925797], "val_sc_a": 0, "val_sc_v": 0, "total_sc_a": 0, "total_sc_v": 0}