{"c1": 0.019789027140670972, "c2": 0.1214366240155867, "ch1": -0.5449061572337917, "ch2": 0.05682321756739424, "di": 48.75696074465018, "dj": 50.46023191412652, "dk": 11.73709535209038, "vw_i": 0.5697361815031132, "vw_j": -3.6017040522388655, "kt": 4.171949077743961, "train_sc_a": [3.7621773227929025], "train_sc_v": [1.2260835699636468], "val_sc_a": 0, "val_sc_v": 0, "total_sc_a": 0, "total_sc_v": 0}