{"c1": 0.018243255608890323, "c2": 0.11455299927580519, "ch1": 0.007133950112659061, "ch2": 0.09142072173418808, "di": 27.44037048233231, "dj": 0.3829733549290328, "dk": 13.69180841266722, "vw_i": -1.0835825312516643, "vw_j": -0.5871019557364952, "kt": 4.245462536930171, "train_sc_a": [0.6868455468317067], "train_sc_v": [0.2619978996292262], "val_sc_a": 0, "val_sc_v": 0, "total_sc_a": 0, "total_sc_v": 0}