{"c1": 0.021045504387204574, "c2": 0.11600788568105787, "ch1": -0.6223894954608317, "ch2": 0.048406488230804304, "di": 52.407854545675534, "dj": 54.89504357634688, "dk": 7.805531291659358, "vw_i": 0.6618410203181486, "vw_j": -4.652453256076492, "kt": 6.888754637826719, "train_sc_a": [0.7654970886647426], "train_sc_v": [0.7507370343887229], "val_sc_a": 0, "val_sc_v": 0, "total_sc_a": 0, "total_sc_v": 0}