{"c1": 0.020652699141895377, "c2": 0.11860630449993359, "ch1": -0.6187599059216378, "ch2": 0.0488048994000685, "di": 54.56672249621223, "dj": 54.62555048170887, "dk": 8.266026607205902, "vw_i": -1.024611391347094, "vw_j": -5.762496613342648, "kt": 7.149848527684469, "train_sc_a": [1.0844002002815312], "train_sc_v": [0.2116702784158661], "val_sc_a": 0, "val_sc_v": 0, "total_sc_a": 0, "total_sc_v": 0}