{"c1": 0.019364815719717984, "c2": 0.12421071523495829, "ch1": -0.5202816085742116, "ch2": 0.05885239824970486, "di": 50.81433508670061, "dj": 52.85003662367286, "dk": 6.714064639938642, "vw_i": 2.6629853363825555, "vw_j": -3.5023528983074543, "kt": 4.309357688545851, "train_sc_a": [0.9024444660431344], "train_sc_v": [0.39834925321939374], "val_sc_a": 0, "val_sc_v": 0, "total_sc_a": 0, "total_sc_v": 0}