{"c1": 0.019356553935991918, "c2": 0.10729140792208199, "ch1": -0.04674880314119154, "ch2": 0.08762721622201107, "di": 22.287241844931767, "dj": 2.2677358086209147, "dk": 7.167108079005666, "vw_i": -1.1273546805445953, "vw_j": -0.9281785898485406, "kt": 3.5426911580024076, "train_sc_a": [1.7108843986788869], "train_sc_v": [1.8160578188751904], "val_sc_a": 0, "val_sc_v": 0, "total_sc_a": 0, "total_sc_v": 0}