{"c1": 0.021058701895137664, "c2": 0.10138030471052957, "ch1": -0.049955213383226574, "ch2": 0.0914166738947378, "di": 21.225903617653987, "dj": 32.80489383015019, "dk": 12.745308761180205, "vw_i": -1.1338824830834566, "vw_j": -0.6075969794795536, "kt": 1.004477024101934, "train_sc_a": [1.8988711454705856], "train_sc_v": [0.4728598851084659], "val_sc_a": 0, "val_sc_v": 0, "total_sc_a": 0, "total_sc_v": 0}