{"c1": 0.01928953157378688, "c2": 0.12220326344250743, "ch1": -0.40685352688517507, "ch2": 0.06535792667153607, "di": 44.363220161356374, "dj": 45.02806758651228, "dk": 19.376441232565806, "vw_i": 6.969406986045334, "vw_j": 0.53733160450945, "kt": 4.086757553465499, "train_sc_a": [2.5186016026178684], "train_sc_v": [1.1633186458453293], "val_sc_a": 0, "val_sc_v": 0, "total_sc_a": 0, "total_sc_v": 0}