{"c1": 0.01888722796880496, "c2": 0.11070116615507145, "ch1": -0.0017282764999681762, "ch2": 0.09097883742045543, "di": 22.673975136256175, "dj": 4.153416202101562, "dk": 7.041133039983073, "vw_i": -1.5966326653231901, "vw_j": -1.0708000549540835, "kt": 3.63590463305832, "train_sc_a": [0.8219817857784146], "train_sc_v": [0.15136015847692139], "val_sc_a": 0, "val_sc_v": 0, "total_sc_a": 0, "total_sc_v": 0}