{"c1": 0.01906780419404626, "c2": 0.10859192955968121, "ch1": 0.09424619181145753, "ch2": 0.09780838089203214, "di": 26.784066683452224, "dj": 10.58498114064204, "dk": 13.719695921315003, "vw_i": -0.8679732921100327, "vw_j": -0.05334405923427203, "kt": 4.207649508060653, "train_sc_a": [2.808912184499467], "train_sc_v": [2.3085058748668597], "val_sc_a": 0, "val_sc_v": 0, "total_sc_a": 0, "total_sc_v": 0}