{"c1": 0.020120605404359365, "c2": 0.11928261163617437, "ch1": -0.6282484754157958, "ch2": 0.05063028300793598, "di": 42.85083434335387, "dj": 49.53393712205764, "dk": 0.0, "vw_i": -0.5640474591019534, "vw_j": -2.244951750515378, "kt": 4.330365288062096, "train_sc_a": [4.446825590985754], "train_sc_v": [4.316228358657148], "val_sc_a": 0, "val_sc_v": 0, "total_sc_a": 0, "total_sc_v": 0}