{"c1": 0.01817519435673583, "c2": 0.11227918040287954, "ch1": -0.018290897616336965, "ch2": 0.09097086872061182, "di": 6.630755538944806, "dj": 2.850721227328739, "dk": 1.7160446047458053, "vw_i": -1.9562978967204212, "vw_j": -0.8678128324827299, "kt": 4.831769196379511, "train_sc_a": [0.7575480131740325], "train_sc_v": [0.17525856965434516], "val_sc_a": 0, "val_sc_v": 0, "total_sc_a": 0, "total_sc_v": 0}