{"c1": 0.018137151205789088, "c2": 0.1321368819643481, "ch1": -0.5536917484685536, "ch2": 0.05567023563675954, "di": 48.00539957033431, "dj": 50.413580265617554, "dk": 11.355928121180442, "vw_i": -0.7456362114053636, "vw_j": -4.381006318292455, "kt": 4.517273202574894, "train_sc_a": [1.2300142897584436], "train_sc_v": [0.9341865438598029], "val_sc_a": 0, "val_sc_v": 0, "total_sc_a": 0, "total_sc_v": 0}