{"c1": 0.020943527914822437, "c2": 0.11626085922042258, "ch1": -0.4655711160211367, "ch2": 0.061889947105852786, "di": 71.49583879123225, "dj": 57.58930367968171, "dk": 6.898360873426164, "vw_i": 0.4073542900807533, "vw_j": -11.536745194268356, "kt": 6.83472025231641, "train_sc_a": [15.584291720674074], "train_sc_v": [8.508233374952937], "val_sc_a": 0, "val_sc_v": 0, "total_sc_a": 0, "total_sc_v": 0}