{"c1": 0.020115239402010238, "c2": 0.12330743172668573, "ch1": -0.6347820933828441, "ch2": 0.04748020607802864, "di": 52.58258334528247, "dj": 53.62258932917455, "dk": 10.026806338229589, "vw_i": -0.6970911225954035, "vw_j": -4.823143231636796, "kt": 7.019035186360183, "train_sc_a": [2.2496411902913263], "train_sc_v": [0.8292840197217185], "val_sc_a": 0, "val_sc_v": 0, "total_sc_a": 0, "total_sc_v": 0}