{"c1": 0.019036479028981874, "c2": 0.11693096259452629, "ch1": -0.04338114647296574, "ch2": 0.09180013245972009, "di": 22.62915688116568, "dj": 31.389289956913075, "dk": 12.105162249664577, "vw_i": -0.7541762418136764, "vw_j": -0.43818639941968296, "kt": 2.100780152866373, "train_sc_a": [0.8972140785993363], "train_sc_v": [0.3325730483855659], "val_sc_a": 0, "val_sc_v": 0, "total_sc_a": 0, "total_sc_v": 0}