{"c1": 0.020961381803541485, "c2": 0.11080159920543403, "ch1": -0.5164224972408844, "ch2": 0.05547260136522794, "di": 40.501173119819775, "dj": 41.94377006442153, "dk": 21.440828621471947, "vw_i": 1.2836564508148973, "vw_j": 0.330467410332502, "kt": 4.6641991479580875, "train_sc_a": [4.660860987608804], "train_sc_v": [4.826561411379514], "val_sc_a": 0, "val_sc_v": 0, "total_sc_a": 0, "total_sc_v": 0}