{"c1": 0.02054219563757926, "c2": 0.11911528003611083, "ch1": -0.6543461944340033, "ch2": 0.045646885557495104, "di": 48.82707850407133, "dj": 50.865562178730904, "dk": 8.396260959466826, "vw_i": 3.692464126285352, "vw_j": -1.3327663913816012, "kt": 6.548586713492835, "train_sc_a": [5.784315826141335], "train_sc_v": [1.782739274586398], "val_sc_a": 0, "val_sc_v": 0, "total_sc_a": 0, "total_sc_v": 0}