{"c1": 0.019096984663788612, "c2": 0.10676807528132765, "ch1": 0.008759614362506801, "ch2": 0.09212160843891604, "di": 7.0273815999406715, "dj": 3.956312298610016, "dk": 5.055220390687272, "vw_i": -1.7221544664348245, "vw_j": -0.5790922215839475, "kt": 3.91906256652099, "train_sc_a": [0.5530196700235257], "train_sc_v": [0.15855513824256567], "val_sc_a": 0, "val_sc_v": 0, "total_sc_a": 0, "total_sc_v": 0}