{"c1": 0.020354412447735917, "c2": 0.12163045834828529, "ch1": -0.6013638242614896, "ch2": 0.05049582980878702, "di": 54.66517159849501, "dj": 53.73525319958986, "dk": 7.6729150059740165, "vw_i": 2.775766158938736, "vw_j": -5.158182045209366, "kt": 6.918762048576274, "train_sc_a": [1.436204124435502], "train_sc_v": [1.1475674773470785], "val_sc_a": 0, "val_sc_v": 0, "total_sc_a": 0, "total_sc_v": 0}