{"c1": 0.019974299451224822, "c2": 0.12449827661114748, "ch1": -0.6934883100689229, "ch2": 0.04356659192300534, "di": 44.01745411179146, "dj": 54.240876473088036, "dk": 7.865905324702633, "vw_i": 0.9947661099607099, "vw_j": -1.2810917042282932, "kt": 6.912746174996194, "train_sc_a": [5.823884249915686], "train_sc_v": [5.205541894317339], "val_sc_a": 0, "val_sc_v": 0, "total_sc_a": 0, "total_sc_v": 0}