{"c1": 0.019187701440933222, "c2": 0.10923362743812291, "ch1": 0.010978756018495281, "ch2": 0.09202385340368911, "di": 24.19042819492022, "dj": 3.1498711371803774, "dk": 13.472344434638922, "vw_i": -0.852551560117279, "vw_j": -0.23592629018248606, "kt": 4.233995206462609, "train_sc_a": [0.6865005440561291], "train_sc_v": [0.17333176356464414], "val_sc_a": 0, "val_sc_v": 0, "total_sc_a": 0, "total_sc_v": 0}