{"c1": 0.019238943775536883, "c2": 0.11494322625329799, "ch1": -0.3237380318210836, "ch2": 0.070286954142358, "di": 21.86559746313619, "dj": 20.275073797704806, "dk": 1.887994097895096, "vw_i": -6.605668275878998, "vw_j": -2.463142968361992, "kt": 3.952838261867179, "train_sc_a": [0.8346164394978336], "train_sc_v": [1.1741158472801103], "val_sc_a": 0, "val_sc_v": 0, "total_sc_a": 0, "total_sc_v": 0}