{"c1": 0.020519151905294943, "c2": 0.11656221217310325, "ch1": -0.5872257125687759, "ch2": 0.05436125440680047, "di": 49.748826477540064, "dj": 48.21068912152643, "dk": 5.51069716017529, "vw_i": -2.2264692743334455, "vw_j": -3.48472717757648, "kt": 4.322581149745117, "train_sc_a": [1.7231699227409176], "train_sc_v": [1.92017181910171], "val_sc_a": 0, "val_sc_v": 0, "total_sc_a": 0, "total_sc_v": 0}