{"c1": 0.01840354276727685, "c2": 0.11093540073945388, "ch1": -0.013463584038435582, "ch2": 0.09128917616283135, "di": 6.907186550455744, "dj": 2.775516023796571, "dk": 3.035345746214772, "vw_i": -2.022403869766895, "vw_j": -0.8415589634258082, "kt": 4.811264120679633, "train_sc_a": [0.43091768444928524], "train_sc_v": [0.38060872707295296], "val_sc_a": 0, "val_sc_v": 0, "total_sc_a": 0, "total_sc_v": 0}