{"c1": 0.019940154029598582, "c2": 0.11006524564581939, "ch1": -0.14870384616830024, "ch2": 0.08695184514276752, "di": 38.49121698421777, "dj": 63.20871532289907, "dk": 4.239747279248712, "vw_i": -0.9834677814645434, "vw_j": 1.7031132546021888, "kt": 2.952786463733905, "train_sc_a": [0.7855938728782413], "train_sc_v": [0.32046863826701344], "val_sc_a": 0, "val_sc_v": 0, "total_sc_a": 0, "total_sc_v": 0}