{"c1": 0.020310622699860927, "c2": 0.11751289869523387, "ch1": -0.5322846500799623, "ch2": 0.05780085214796648, "di": 49.96105981712992, "dj": 50.0068901024565, "dk": 10.212752421612556, "vw_i": -0.5332091463737232, "vw_j": -4.744078703862844, "kt": 4.066034059103147, "train_sc_a": [2.009710771165048], "train_sc_v": [0.3971315740979838], "val_sc_a": 0, "val_sc_v": 0, "total_sc_a": 0, "total_sc_v": 0}