{"c1": 0.01853754287123709, "c2": 0.10900580082359473, "ch1": 0.09956171233864933, "ch2": 0.09996742658045692, "di": 0.9976807271498842, "dj": 0.9984557714030275, "dk": 1.0187787185791335, "vw_i": 0.18099369564268752, "vw_j": 0.04914120898677612, "kt": 4.996237244306386, "train_sc_a": [0.41800685352690353], "train_sc_v": [0.09222467827390723], "val_sc_a": 0, "val_sc_v": 0, "total_sc_a": 0, "total_sc_v": 0}