{"c1": 0.02029484777977478, "c2": 0.11460036905911884, "ch1": -0.3413945369934924, "ch2": 0.07012314415029254, "di": 42.797477744701204, "dj": 49.245886675161984, "dk": 21.76003367623362, "vw_i": 0.7136188992940001, "vw_j": -2.61835140330215, "kt": 4.849598489865531, "train_sc_a": [0.9684059053330993], "train_sc_v": [0.2845395351864245], "val_sc_a": 0, "val_sc_v": 0, "total_sc_a": 0, "total_sc_v": 0}