{"c1": 0.019296528363620793, "c2": 0.10826334593339014, "ch1": -0.022486684509582782, "ch2": 0.08943952977062401, "di": 23.8685001343215, "dj": 1.2283898879212505, "dk": 11.339159245906492, "vw_i": -0.7885511773531012, "vw_j": -1.2348954323676702, "kt": 3.779560909112804, "train_sc_a": [1.3284952371413035], "train_sc_v": [1.0347587993555998], "val_sc_a": 0, "val_sc_v": 0, "total_sc_a": 0, "total_sc_v": 0}