{"c1": 0.020417310212427035, "c2": 0.11609004161796573, "ch1": -0.5696317906345612, "ch2": 0.05440967271672071, "di": 50.10117289602094, "dj": 46.52801261514069, "dk": 9.767804148721353, "vw_i": -2.8296704696267967, "vw_j": -5.568343698294642, "kt": 4.29714723296897, "train_sc_a": [1.440871200064599], "train_sc_v": [0.4840604202231059], "val_sc_a": 0, "val_sc_v": 0, "total_sc_a": 0, "total_sc_v": 0}