{"c1": 0.01928390007952459, "c2": 0.10375894524120484, "ch1": -0.025347518012886226, "ch2": 0.09063608382161369, "di": 3.7798710780789335, "dj": 5.2622472529042765, "dk": 0.47643565522318576, "vw_i": -2.503800489333658, "vw_j": -1.1404660102836328, "kt": 4.985590582747709, "train_sc_a": [0.40807632265811694], "train_sc_v": [0.2301764782250178], "val_sc_a": 0, "val_sc_v": 0, "total_sc_a": 0, "total_sc_v": 0}