{"c1": 0.020330941727759996, "c2": 0.12066797437123866, "ch1": -0.6749130416927196, "ch2": 0.04345864945457504, "di": 49.46304658475144, "dj": 48.20249690559158, "dk": 7.940160245498909, "vw_i": 2.927485460345864, "vw_j": -0.9644305851358814, "kt": 6.151104327569525, "train_sc_a": [5.896029092584101], "train_sc_v": [1.9525168123938172], "val_sc_a": 0, "val_sc_v": 0, "total_sc_a": 0, "total_sc_v": 0}