{"c1": 0.018030388766675717, "c2": 0.11410907593253937, "ch1": -0.020756427864956156, "ch2": 0.09031400079451186, "di": 6.618543843986724, "dj": 2.7021720991836364, "dk": 4.171551199450726, "vw_i": -1.5628419978445782, "vw_j": -0.8521826299793707, "kt": 4.671558970882953, "train_sc_a": [0.5663603501992999], "train_sc_v": [0.11390447489738631], "val_sc_a": 0, "val_sc_v": 0, "total_sc_a": 0, "total_sc_v": 0}