{"c1": 0.01903246228641815, "c2": 0.10571922371246859, "ch1": -0.018421542874774405, "ch2": 0.09112209431882512, "di": 5.312584801727601, "dj": 4.3283414590707014, "dk": 2.166072134217879, "vw_i": -2.456080122465045, "vw_j": -1.1804930783915486, "kt": 4.956302488258832, "train_sc_a": [0.587883952361409], "train_sc_v": [0.3212160845227649], "val_sc_a": 0, "val_sc_v": 0, "total_sc_a": 0, "total_sc_v": 0}