{"c1": 0.01819292054388245, "c2": 0.11229951900788611, "ch1": -0.01837633990399175, "ch2": 0.0909720623131668, "di": 6.918596107500282, "dj": 2.5506791548118666, "dk": 2.4416178820352195, "vw_i": -2.015052068021085, "vw_j": -0.833567210275275, "kt": 4.814951510506022, "train_sc_a": [0.7456890185011334], "train_sc_v": [0.17149390575457246], "val_sc_a": 0, "val_sc_v": 0, "total_sc_a": 0, "total_sc_v": 0}