{"c1": 0.018528740739925404, "c2": 0.12043017830423351, "ch1": -0.27698346026991627, "ch2": 0.07284320395874333, "di": 25.64417370187526, "dj": 16.304247344891653, "dk": 6.42493578904742, "vw_i": -7.843886082568358, "vw_j": -5.0198384519173, "kt": 3.454704390601143, "train_sc_a": [1.9401364121382396], "train_sc_v": [2.790593027230898], "val_sc_a": 0, "val_sc_v": 0, "total_sc_a": 0, "total_sc_v": 0}