{"c1": 0.019008333417506504, "c2": 0.10951251402797178, "ch1": 0.01920486858283936, "ch2": 0.09237023190634142, "di": 25.8431792135011, "dj": 2.3127557927328497, "dk": 11.285023217699527, "vw_i": 1.2417892048230514, "vw_j": 0.26631212685887096, "kt": 4.252350994679629, "train_sc_a": [1.1167659399827494], "train_sc_v": [0.3312973412231799], "val_sc_a": 0, "val_sc_v": 0, "total_sc_a": 0, "total_sc_v": 0}