{"c1": 0.02013050557031769, "c2": 0.11995639450567903, "ch1": -0.5629598914673096, "ch2": 0.055548762619475486, "di": 50.81467608418508, "dj": 48.592139428641005, "dk": 3.846154695856637, "vw_i": 2.3615423871485888, "vw_j": -4.085635212481244, "kt": 5.011102195644666, "train_sc_a": [0.414465161485718], "train_sc_v": [0.2546819207155942], "val_sc_a": 0, "val_sc_v": 0, "total_sc_a": 0, "total_sc_v": 0}