{"c1": 0.018439620341569516, "c2": 0.1302234340237776, "ch1": -0.587111637557184, "ch2": 0.053473982041852636, "di": 45.56120827288941, "dj": 49.091731596305934, "dk": 13.648203262467403, "vw_i": -1.7555193858722749, "vw_j": -3.729399898239896, "kt": 4.567922017876969, "train_sc_a": [1.6951025100880963], "train_sc_v": [1.6497669756183135], "val_sc_a": 0, "val_sc_v": 0, "total_sc_a": 0, "total_sc_v": 0}