{"c1": 0.018998213209591896, "c2": 0.11036520807093596, "ch1": 0.08958645204955243, "ch2": 0.09768887251583255, "di": 19.92958395664097, "dj": 9.023575147301667, "dk": 8.394232802690336, "vw_i": -2.670564255493738, "vw_j": -1.836804196379544, "kt": 2.942821195131269, "train_sc_a": [2.78412918616683], "train_sc_v": [0.4882473461688059], "val_sc_a": 0, "val_sc_v": 0, "total_sc_a": 0, "total_sc_v": 0}