{"c1": 0.019096785372011635, "c2": 0.10946296173756614, "ch1": 0.010006269041530583, "ch2": 0.09169976683168479, "di": 26.141477983047988, "dj": 2.810222588441827, "dk": 15.133977044931557, "vw_i": -0.020671055110061162, "vw_j": 0.06895389934681559, "kt": 4.388672525957597, "train_sc_a": [0.5439730793855645], "train_sc_v": [0.3820274066669326], "val_sc_a": 0, "val_sc_v": 0, "total_sc_a": 0, "total_sc_v": 0}