{"c1": 0.020411995964119977, "c2": 0.11625359908584215, "ch1": -0.5433611266822939, "ch2": 0.05574651242917433, "di": 42.35456725239898, "dj": 56.140126434684014, "dk": 10.924898636073523, "vw_i": -3.4626499761503764, "vw_j": -8.809682614339856, "kt": 4.426321273614554, "train_sc_a": [1.7524960241481173], "train_sc_v": [0.6976192967994705], "val_sc_a": 0, "val_sc_v": 0, "total_sc_a": 0, "total_sc_v": 0}