{"c1": 0.02075115960641713, "c2": 0.11789343749929565, "ch1": -0.6184412352918022, "ch2": 0.048811954103026044, "di": 54.95708231110149, "dj": 54.271926040813575, "dk": 8.424299336721175, "vw_i": -1.009888194129427, "vw_j": -5.722678026273091, "kt": 7.239116124961788, "train_sc_a": [1.1119699292912204], "train_sc_v": [0.4036547591129282], "val_sc_a": 0, "val_sc_v": 0, "total_sc_a": 0, "total_sc_v": 0}