{"c1": 0.020384193540030213, "c2": 0.12027352854981643, "ch1": -0.6978858499313555, "ch2": 0.04197901316134827, "di": 46.69147844073153, "dj": 50.33165021239202, "dk": 8.133256256407192, "vw_i": 0.32225437099068166, "vw_j": -2.723231537868687, "kt": 6.714642073459766, "train_sc_a": [2.4235252452662404], "train_sc_v": [2.5164444254434977], "val_sc_a": 0, "val_sc_v": 0, "total_sc_a": 0, "total_sc_v": 0}