{"c1": 0.01938036662897413, "c2": 0.1275304669564177, "ch1": -0.6375684061406353, "ch2": 0.04557001940116349, "di": 51.120779940766624, "dj": 52.235937094776816, "dk": 7.03233627200405, "vw_i": 1.5495630873481503, "vw_j": -5.195971786330124, "kt": 4.898057450309212, "train_sc_a": [0.5860296600531496], "train_sc_v": [0.49192171826648645], "val_sc_a": 0, "val_sc_v": 0, "total_sc_a": 0, "total_sc_v": 0}