{"c1": 0.0212059306956468, "c2": 0.1146604694484646, "ch1": -0.6267019355914366, "ch2": 0.04824239406653588, "di": 53.08260318824068, "dj": 52.44713481012201, "dk": 3.4964276395697755, "vw_i": 2.3493263365049777, "vw_j": -4.6414702291994425, "kt": 6.390863436508355, "train_sc_a": [3.221961216049579], "train_sc_v": [1.3751579488197192], "val_sc_a": 0, "val_sc_v": 0, "total_sc_a": 0, "total_sc_v": 0}