{"c1": 0.019653404782168055, "c2": 0.12362368161257203, "ch1": -0.5259899427272474, "ch2": 0.05862012409557782, "di": 50.73512920112043, "dj": 52.80179321473717, "dk": 7.802039980942873, "vw_i": 1.0235159690563325, "vw_j": -4.972695095709821, "kt": 4.514997417968514, "train_sc_a": [0.4370320177229325], "train_sc_v": [0.3424437123994788], "val_sc_a": 0, "val_sc_v": 0, "total_sc_a": 0, "total_sc_v": 0}