{"c1": 0.020605288726248342, "c2": 0.11536177626140379, "ch1": -0.5961008672019859, "ch2": 0.05245527557229124, "di": 45.57993542689809, "dj": 49.92413806083051, "dk": 3.348044413940474, "vw_i": 0.9055010867842211, "vw_j": -3.1655082469306124, "kt": 4.370310509494348, "train_sc_a": [2.3860424300216123], "train_sc_v": [2.2194743533675076], "val_sc_a": 0, "val_sc_v": 0, "total_sc_a": 0, "total_sc_v": 0}