{"c1": 0.02014663503311422, "c2": 0.10882586784231035, "ch1": -0.02740190786783138, "ch2": 0.09298698618117938, "di": 23.421343473384525, "dj": 30.38475622672177, "dk": 12.43321937815907, "vw_i": -0.5287990548663293, "vw_j": -0.3080113044889879, "kt": 2.140016290920279, "train_sc_a": [0.8075147939350615], "train_sc_v": [0.5250344763181181], "val_sc_a": 0, "val_sc_v": 0, "total_sc_a": 0, "total_sc_v": 0}