{"c1": 0.01994015570836076, "c2": 0.11006524445849525, "ch1": -0.14870316293945202, "ch2": 0.0869518945474608, "di": 38.491342267339014, "dj": 63.20862450136025, "dk": 4.239769038477852, "vw_i": -0.9834555516887256, "vw_j": 1.7030774192204046, "kt": 2.9527908417682203, "train_sc_a": [0.7855813858440743], "train_sc_v": [0.32046913177457875], "val_sc_a": 0, "val_sc_v": 0, "total_sc_a": 0, "total_sc_v": 0}