{"c1": 0.020080371330657147, "c2": 0.11808016542851428, "ch1": -0.5558809564206074, "ch2": 0.054879054788710004, "di": 47.553283789378256, "dj": 51.0094372847931, "dk": 13.555296167353651, "vw_i": 1.9502877362060596, "vw_j": -3.320222715127759, "kt": 4.526984077114086, "train_sc_a": [1.8501904631843125], "train_sc_v": [0.5837193892813944], "val_sc_a": 0, "val_sc_v": 0, "total_sc_a": 0, "total_sc_v": 0}