{"c1": 0.020261407765108555, "c2": 0.1077479365949869, "ch1": -0.18923969846847902, "ch2": 0.0789041920407443, "di": 25.542437124654345, "dj": 18.31809620226764, "dk": 10.682665266795222, "vw_i": -9.97010865129598, "vw_j": -5.456175291870017, "kt": 3.317985903693515, "train_sc_a": [0.8232174910406072], "train_sc_v": [0.5738826783065447], "val_sc_a": 0, "val_sc_v": 0, "total_sc_a": 0, "total_sc_v": 0}