{"c1": 0.018906565441537126, "c2": 0.10683621079175494, "ch1": -0.02872918328329257, "ch2": 0.09034282621427085, "di": 5.433423175831993, "dj": 3.6281948914606588, "dk": 3.019025627939566, "vw_i": -2.419887014876254, "vw_j": -1.1136112747082025, "kt": 4.972218786766143, "train_sc_a": [0.34618745391399286], "train_sc_v": [0.2035740232352455], "val_sc_a": 0, "val_sc_v": 0, "total_sc_a": 0, "total_sc_v": 0}