{"c1": 0.019103887354167823, "c2": 0.10913440130389117, "ch1": -0.02058413212464373, "ch2": 0.08963226982122349, "di": 22.61706635540272, "dj": 2.775783942145469, "dk": 7.0046409161407475, "vw_i": -1.8318244500884022, "vw_j": -0.45729512352211954, "kt": 3.5883890973162904, "train_sc_a": [1.5331453947479246], "train_sc_v": [0.7678281903045007], "val_sc_a": 0, "val_sc_v": 0, "total_sc_a": 0, "total_sc_v": 0}