{"c1": 0.01973415527764814, "c2": 0.11641813773631104, "ch1": -0.33085087497673676, "ch2": 0.07027146938093894, "di": 47.54697848944948, "dj": 45.099509905644716, "dk": 14.208277018746788, "vw_i": 4.827314671958293, "vw_j": -0.40942374852457936, "kt": 4.933922345911649, "train_sc_a": [1.8263302392670702], "train_sc_v": [0.7673232613475722], "val_sc_a": 0, "val_sc_v": 0, "total_sc_a": 0, "total_sc_v": 0}