{"c1": 0.01908113349433393, "c2": 0.1295480220222481, "ch1": -0.6330053852242166, "ch2": 0.045783875856641544, "di": 50.47502938088372, "dj": 53.46949931655027, "dk": 5.90048841216063, "vw_i": 1.8443597927035507, "vw_j": -5.423273872999438, "kt": 4.845316923659706, "train_sc_a": [0.38375069320827243], "train_sc_v": [0.275448599281106], "val_sc_a": 0, "val_sc_v": 0, "total_sc_a": 0, "total_sc_v": 0}