{"c1": 0.018071148634808753, "c2": 0.11300327589911419, "ch1": -0.022705170605225675, "ch2": 0.0906438686237044, "di": 6.3895749072744294, "dj": 2.956563924556892, "dk": 1.6040405679053842, "vw_i": -1.9028988625022079, "vw_j": -0.8982927862096115, "kt": 4.818175501681302, "train_sc_a": [0.559416454667848], "train_sc_v": [0.23797207064797046], "val_sc_a": 0, "val_sc_v": 0, "total_sc_a": 0, "total_sc_v": 0}