{"c1": 0.020326695285600205, "c2": 0.10851385622285192, "ch1": -0.21903647195073345, "ch2": 0.08098551487808016, "di": 39.60909580545368, "dj": 56.04836191507667, "dk": 9.790647500685006, "vw_i": 7.262148437619677, "vw_j": 2.8108038945418974, "kt": 3.9357168547443373, "train_sc_a": [2.107449131722163], "train_sc_v": [1.2840055014007752], "val_sc_a": 0, "val_sc_v": 0, "total_sc_a": 0, "total_sc_v": 0}