{"c1": 0.01927279819377237, "c2": 0.12412724553570216, "ch1": -0.549501212411948, "ch2": 0.05557743959516611, "di": 47.96340614208429, "dj": 51.03731027658963, "dk": 13.520368905195554, "vw_i": 2.014261432595043, "vw_j": -3.207399671396223, "kt": 4.481256605026783, "train_sc_a": [2.9669959727611652], "train_sc_v": [1.9870933356253817], "val_sc_a": 0, "val_sc_v": 0, "total_sc_a": 0, "total_sc_v": 0}