{"c1": 0.020311945312047087, "c2": 0.11750581271616156, "ch1": -0.5327379530331404, "ch2": 0.05775749959910228, "di": 49.85451541492756, "dj": 50.06529018729735, "dk": 10.239607001629357, "vw_i": -0.5441709305897338, "vw_j": -4.759310363212206, "kt": 4.041672210553557, "train_sc_a": [2.0128536472827574], "train_sc_v": [0.39793246218783085], "val_sc_a": 0, "val_sc_v": 0, "total_sc_a": 0, "total_sc_v": 0}