{"c1": 0.0180303887666757, "c2": 0.11410907593253948, "ch1": -0.02075642786495515, "ch2": 0.09031400079451193, "di": 6.618543843986704, "dj": 2.702172099183694, "dk": 4.171551199450716, "vw_i": -1.5628419978445895, "vw_j": -0.8521826299793728, "kt": 4.671558970882959, "train_sc_a": [0.5663603501992982], "train_sc_v": [0.11390447489738906], "val_sc_a": 0, "val_sc_v": 0, "total_sc_a": 0, "total_sc_v": 0}