{"c1": 0.01817513537260231, "c2": 0.11227944800273067, "ch1": -0.018285965761456642, "ch2": 0.0909712171458478, "di": 6.630289854728838, "dj": 2.8514272860540446, "dk": 1.715296606374642, "vw_i": -1.95622530513481, "vw_j": -0.867872929599426, "kt": 4.831790794383741, "train_sc_a": [0.757566433515048], "train_sc_v": [0.17528498630216965], "val_sc_a": 0, "val_sc_v": 0, "total_sc_a": 0, "total_sc_v": 0}