{"c1": 0.018887227968804963, "c2": 0.11070116615507147, "ch1": -0.0017282764999681562, "ch2": 0.09097883742045543, "di": 22.673975136256182, "dj": 4.153416202101549, "dk": 7.04113303998327, "vw_i": -1.5966326653232088, "vw_j": -1.0708000549541024, "kt": 3.635904633058303, "train_sc_a": [0.8219817857784167], "train_sc_v": [0.1513601584769214], "val_sc_a": 0, "val_sc_v": 0, "total_sc_a": 0, "total_sc_v": 0}