{"c1": 0.01927083549163672, "c2": 0.12414092623273885, "ch1": -0.5513692478196177, "ch2": 0.055446421029862164, "di": 47.75689802420339, "dj": 51.0359491226099, "dk": 13.515337359532605, "vw_i": 1.970265704552012, "vw_j": -3.149214329082077, "kt": 4.481117694131051, "train_sc_a": [1.698694852597043], "train_sc_v": [0.493220302727258], "val_sc_a": 0, "val_sc_v": 0, "total_sc_a": 0, "total_sc_v": 0}