{"c1": 0.020051079605703116, "c2": 0.12380776000975385, "ch1": -0.599646885374732, "ch2": 0.050180288789411547, "di": 54.13076741671158, "dj": 55.982812853635, "dk": 10.33179442452926, "vw_i": 0.9775700514499119, "vw_j": -5.47629536240631, "kt": 7.085450538733026, "train_sc_a": [2.260658309929507], "train_sc_v": [2.4211048377426576], "val_sc_a": 0, "val_sc_v": 0, "total_sc_a": 0, "total_sc_v": 0}