{"c1": 0.018876350326715932, "c2": 0.11066098627899804, "ch1": -0.0017416100112929642, "ch2": 0.09097132828112665, "di": 25.62735273795361, "dj": 0.9247828037846638, "dk": 11.283207384427602, "vw_i": 0.7488212824243394, "vw_j": 0.07612907459503365, "kt": 4.240799431202999, "train_sc_a": [1.097468231524396], "train_sc_v": [0.9435740722711288], "val_sc_a": 0, "val_sc_v": 0, "total_sc_a": 0, "total_sc_v": 0}