{"c1": 0.018839673770602725, "c2": 0.11925485402711965, "ch1": -0.054713791543699625, "ch2": 0.09059539703830277, "di": 25.562215833126807, "dj": 27.756482317982307, "dk": 13.89929872846373, "vw_i": -0.2808731042135087, "vw_j": 0.005062233415763645, "kt": 2.9695278610913456, "train_sc_a": [0.6551309958286592], "train_sc_v": [0.18266443130948315], "val_sc_a": 0, "val_sc_v": 0, "total_sc_a": 0, "total_sc_v": 0}