{"c1": 0.0206207816303254, "c2": 0.11375052628314955, "ch1": -0.585501089869082, "ch2": 0.052099319751663084, "di": 46.211435716493106, "dj": 48.544417044796404, "dk": 13.558161617341687, "vw_i": 2.078291841771515, "vw_j": -3.1515715806636058, "kt": 4.510319787329053, "train_sc_a": [1.902085638188071], "train_sc_v": [0.6717658362440404], "val_sc_a": 0, "val_sc_v": 0, "total_sc_a": 0, "total_sc_v": 0}