{"c1": 0.019219279536873107, "c2": 0.12673281384012242, "ch1": -0.5776121962221011, "ch2": 0.055299662437797555, "di": 49.07337999043857, "dj": 50.337789002528666, "dk": 8.324399112242736, "vw_i": -1.139312689654222, "vw_j": -3.7056939193301424, "kt": 4.24776498060776, "train_sc_a": [4.057373413422755], "train_sc_v": [2.0368674449042814], "val_sc_a": 0, "val_sc_v": 0, "total_sc_a": 0, "total_sc_v": 0}