{"c1": 0.01920543627302176, "c2": 0.10832315983997663, "ch1": -0.005380011492602451, "ch2": 0.09104947130050971, "di": 21.09415602282087, "dj": 5.577150641259071, "dk": 7.5153637575064725, "vw_i": -1.6440024728174119, "vw_j": 0.472403668415832, "kt": 3.2540345722257067, "train_sc_a": [0.4338239739319772], "train_sc_v": [0.14281212749851357], "val_sc_a": 0, "val_sc_v": 0, "total_sc_a": 0, "total_sc_v": 0}