{"c1": 0.02181297379530991, "c2": 0.10322394594476997, "ch1": -0.6058851573031881, "ch2": 0.049974745250099185, "di": 44.6394518089515, "dj": 47.629382982512304, "dk": 5.874576514175335, "vw_i": 0.9310160432942328, "vw_j": -1.9270664138889861, "kt": 4.379425989386849, "train_sc_a": [4.393285370149751], "train_sc_v": [3.1379890220453017], "val_sc_a": 0, "val_sc_v": 0, "total_sc_a": 0, "total_sc_v": 0}