{"c1": 0.01900164139556275, "c2": 0.11664496539240705, "ch1": -0.3195310573299061, "ch2": 0.07057568598891255, "di": 21.412863517301023, "dj": 21.409057534280567, "dk": 1.590837709098591, "vw_i": -6.696337486529607, "vw_j": -2.4937500952072487, "kt": 3.940597779162517, "train_sc_a": [1.0561791025140101], "train_sc_v": [1.201145377442383], "val_sc_a": 0, "val_sc_v": 0, "total_sc_a": 0, "total_sc_v": 0}