{"c1": 0.020958548909907317, "c2": 0.11586388932215455, "ch1": -0.6155412832487215, "ch2": 0.04885589089728315, "di": 52.49005250306521, "dj": 52.183936478287166, "dk": 7.572122845791969, "vw_i": 4.922876528794116, "vw_j": -2.0816961664816382, "kt": 6.6664688219247, "train_sc_a": [1.2002521196645557], "train_sc_v": [1.247062127280937], "val_sc_a": 0, "val_sc_v": 0, "total_sc_a": 0, "total_sc_v": 0}