{"c1": 0.02002858418656141, "c2": 0.11874891935706129, "ch1": -0.5375208360117598, "ch2": 0.05646385634496068, "di": 48.36201659449089, "dj": 52.14336220915069, "dk": 14.602605325792112, "vw_i": 2.9912743601255762, "vw_j": -3.054510741463581, "kt": 4.505800550713219, "train_sc_a": [1.167012218815193], "train_sc_v": [0.5187464723048757], "val_sc_a": 0, "val_sc_v": 0, "total_sc_a": 0, "total_sc_v": 0}