{"c1": 0.019243748458862456, "c2": 0.11476373638788628, "ch1": -0.3150602407019535, "ch2": 0.07087440356707163, "di": 24.313517199055802, "dj": 18.85166552347108, "dk": 0.010146458920746625, "vw_i": -7.057805255292519, "vw_j": -2.3737784995171114, "kt": 3.7680966312387905, "train_sc_a": [2.417401505317502], "train_sc_v": [1.7844964375729402], "val_sc_a": 0, "val_sc_v": 0, "total_sc_a": 0, "total_sc_v": 0}