{"c1": 0.019264554463930852, "c2": 0.10816981806390608, "ch1": 0.06417611270887952, "ch2": 0.09584036587397125, "di": 19.985807788795, "dj": 8.164835467640803, "dk": 7.900264355385911, "vw_i": -2.421894811699562, "vw_j": -1.8006468663002397, "kt": 3.0217452417804056, "train_sc_a": [2.301454229816459], "train_sc_v": [0.5420942465667262], "val_sc_a": 0, "val_sc_v": 0, "total_sc_a": 0, "total_sc_v": 0}