{"c1": 0.018937932239150083, "c2": 0.10994398105507162, "ch1": 0.026177833684124102, "ch2": 0.09296931682676654, "di": 25.795764983682894, "dj": 2.7717139631473784, "dk": 10.283092096018528, "vw_i": 1.3067106472071155, "vw_j": 0.3297747463956663, "kt": 4.219973173101873, "train_sc_a": [1.1432480188741996], "train_sc_v": [0.34774671091171433], "val_sc_a": 0, "val_sc_v": 0, "total_sc_a": 0, "total_sc_v": 0}