{"c1": 0.020713368513874047, "c2": 0.11381263988643037, "ch1": -0.5356828830536516, "ch2": 0.057013684989619846, "di": 46.42171322089308, "dj": 53.79002348732498, "dk": 9.783080068026493, "vw_i": -3.147606219316628, "vw_j": -7.687776647235508, "kt": 4.32369573231381, "train_sc_a": [2.7746614629860153], "train_sc_v": [2.4989835729534637], "val_sc_a": 0, "val_sc_v": 0, "total_sc_a": 0, "total_sc_v": 0}