{"c1": 0.020548982949292124, "c2": 0.11576524434010947, "ch1": -0.5608823218945636, "ch2": 0.05541633397738245, "di": 49.74735887289407, "dj": 49.72912700297209, "dk": 3.299702888552903, "vw_i": 1.4757243355727407, "vw_j": -4.37511199676624, "kt": 4.322317019533007, "train_sc_a": [1.6427016332263156], "train_sc_v": [0.5301856545839735], "val_sc_a": 0, "val_sc_v": 0, "total_sc_a": 0, "total_sc_v": 0}