{"c1": 0.019761508193314625, "c2": 0.11859147022798854, "ch1": -0.3025630463867534, "ch2": 0.07289146690567304, "di": 44.8936653532422, "dj": 50.33561239697294, "dk": 21.9024355672912, "vw_i": 1.115235690849346, "vw_j": -4.493640635950501, "kt": 4.872808193659214, "train_sc_a": [2.8271950970190605], "train_sc_v": [2.0521615059487517], "val_sc_a": 0, "val_sc_v": 0, "total_sc_a": 0, "total_sc_v": 0}