{"c1": 0.01990701070814053, "c2": 0.11038295988161924, "ch1": -0.11304674260493687, "ch2": 0.0829275245976462, "di": 21.18699199956869, "dj": 21.270365442820644, "dk": 21.70291856430298, "vw_i": -4.880629457549108, "vw_j": -2.290514367240457, "kt": 2.641696395220377, "train_sc_a": [1.100825013192344], "train_sc_v": [0.5934167943839086], "val_sc_a": 0, "val_sc_v": 0, "total_sc_a": 0, "total_sc_v": 0}