{"c1": 0.019973557174981886, "c2": 0.119981619421549, "ch1": -0.5017332190272328, "ch2": 0.05977868666712969, "di": 51.6377543303823, "dj": 52.516160666653875, "dk": 12.045468847034769, "vw_i": -1.3438142558408432, "vw_j": -5.809804470770211, "kt": 4.20509958897011, "train_sc_a": [1.3415043478080215], "train_sc_v": [1.032480708687525], "val_sc_a": 0, "val_sc_v": 0, "total_sc_a": 0, "total_sc_v": 0}