{"c1": 0.019038406036219372, "c2": 0.12800531351390898, "ch1": -0.538072041354138, "ch2": 0.058094176823567434, "di": 51.031273496546156, "dj": 52.44851108655798, "dk": 8.244934165634882, "vw_i": -2.186429840547928, "vw_j": -5.1376111244227465, "kt": 4.22086822958209, "train_sc_a": [0.4956414752986719], "train_sc_v": [0.15947793793431356], "val_sc_a": 0, "val_sc_v": 0, "total_sc_a": 0, "total_sc_v": 0}