{"c1": 0.01981043267599395, "c2": 0.12261502486136173, "ch1": -0.5796731326971019, "ch2": 0.054706293051849854, "di": 47.777750826207175, "dj": 49.309699910372885, "dk": 7.280400011805513, "vw_i": -0.37718098312276305, "vw_j": -3.9607035199082805, "kt": 4.6436755462524655, "train_sc_a": [2.132825758743577], "train_sc_v": [1.6978170183044812], "val_sc_a": 0, "val_sc_v": 0, "total_sc_a": 0, "total_sc_v": 0}