{"c1": 0.020642122194323296, "c2": 0.11926540813313542, "ch1": -0.6192887542143101, "ch2": 0.04868380728800604, "di": 53.632490470656926, "dj": 54.0291045609996, "dk": 9.341505437618203, "vw_i": 0.5543982648205728, "vw_j": -4.803209573617187, "kt": 6.946267121205449, "train_sc_a": [1.1574636568682197], "train_sc_v": [0.1670367975229308], "val_sc_a": 0, "val_sc_v": 0, "total_sc_a": 0, "total_sc_v": 0}