{"c1": 0.01939619120992051, "c2": 0.11444817578293516, "ch1": -0.0498526726313039, "ch2": 0.09136417711246443, "di": 22.327926376978734, "dj": 31.567845178340047, "dk": 12.363911808473352, "vw_i": -0.873414507768077, "vw_j": -0.6835550952428259, "kt": 2.129836696508761, "train_sc_a": [0.4172796449815424], "train_sc_v": [0.3466324363570812], "val_sc_a": 0, "val_sc_v": 0, "total_sc_a": 0, "total_sc_v": 0}