{"c1": 0.020064937688050163, "c2": 0.11819856423372795, "ch1": -0.5391903863029458, "ch2": 0.056143528665664535, "di": 49.51751725196952, "dj": 51.0055417929544, "dk": 13.572046012340062, "vw_i": 2.2876849194978544, "vw_j": -3.8849186998099188, "kt": 4.5241739040690785, "train_sc_a": [3.1283537276450124], "train_sc_v": [1.1138787357217703], "val_sc_a": 0, "val_sc_v": 0, "total_sc_a": 0, "total_sc_v": 0}