{"c1": 0.018529512503701166, "c2": 0.12042470322975499, "ch1": -0.27748258061583597, "ch2": 0.07280844262916569, "di": 25.644055120665783, "dj": 16.285199955162604, "dk": 6.424810803193901, "vw_i": -7.838294088386317, "vw_j": -5.015429194212934, "kt": 3.4548855348684806, "train_sc_a": [1.93327470238092], "train_sc_v": [2.767857719596086], "val_sc_a": 0, "val_sc_v": 0, "total_sc_a": 0, "total_sc_v": 0}