{"c1": 0.019429954585662452, "c2": 0.12722293237764423, "ch1": -0.6348020468741692, "ch2": 0.04565154799072452, "di": 50.07709062514232, "dj": 53.65204752853744, "dk": 7.655037231764214, "vw_i": 1.509272279231162, "vw_j": -5.612519194765002, "kt": 4.876585947696358, "train_sc_a": [1.3400398578255497], "train_sc_v": [0.47255421646429224], "val_sc_a": 0, "val_sc_v": 0, "total_sc_a": 0, "total_sc_v": 0}