{"c1": 0.018097242544916067, "c2": 0.12866488432723408, "ch1": -0.3852797012030519, "ch2": 0.06695585212858624, "di": 44.303959752232295, "dj": 44.30144766884443, "dk": 15.110674902131771, "vw_i": 2.0633372590935255, "vw_j": -0.4119567341261483, "kt": 4.793088549263485, "train_sc_a": [1.5254494768562417], "train_sc_v": [1.504325345236986], "val_sc_a": 0, "val_sc_v": 0, "total_sc_a": 0, "total_sc_v": 0}