{"c1": 0.021045673807217925, "c2": 0.11600649759754617, "ch1": -0.6224079521194383, "ch2": 0.048404969621881413, "di": 52.403777435000144, "dj": 54.896965099163985, "dk": 7.804741978675052, "vw_i": 0.6617266278074336, "vw_j": -4.65171528613558, "kt": 6.8887472353651145, "train_sc_a": [1.1934092675932548], "train_sc_v": [0.3465346819394555], "val_sc_a": 0, "val_sc_v": 0, "total_sc_a": 0, "total_sc_v": 0}