{"c1": 0.019306395242890195, "c2": 0.10821268806553067, "ch1": 0.003331868065238922, "ch2": 0.0913672772117808, "di": 24.112665225443763, "dj": 2.788422703480286, "dk": 11.676222453136734, "vw_i": -1.6645225777243051, "vw_j": -0.16008889884829824, "kt": 3.788021621236695, "train_sc_a": [0.7461929356710841], "train_sc_v": [0.25829961325171], "val_sc_a": 0, "val_sc_v": 0, "total_sc_a": 0, "total_sc_v": 0}