{"c1": 0.019114716312868315, "c2": 0.10665277659561773, "ch1": 0.007065456694998864, "ch2": 0.09199101045893494, "di": 7.028479846329125, "dj": 3.904946404112887, "dk": 5.080782850003618, "vw_i": -1.7046094384705655, "vw_j": -0.5597631349278988, "kt": 3.930731728936623, "train_sc_a": [0.5526614548130805], "train_sc_v": [0.1589549390328749], "val_sc_a": 0, "val_sc_v": 0, "total_sc_a": 0, "total_sc_v": 0}