{"c1": 0.02010301188358097, "c2": 0.12018005518051077, "ch1": -0.5935449731483609, "ch2": 0.05333215778616099, "di": 47.06708164540128, "dj": 48.3433324116043, "dk": 4.067483096793561, "vw_i": 1.5814213294587598, "vw_j": -3.166784405219158, "kt": 5.006474354498483, "train_sc_a": [1.8779464859336854], "train_sc_v": [0.38931643529685683], "val_sc_a": 0, "val_sc_v": 0, "total_sc_a": 0, "total_sc_v": 0}