{"c1": 0.018734273922304083, "c2": 0.12349756542992191, "ch1": -0.2891907363886996, "ch2": 0.07251870940258379, "di": 45.374095402339684, "dj": 47.780969365321226, "dk": 14.764273993448072, "vw_i": 0.23920736987129188, "vw_j": -4.103370162215771, "kt": 4.8744229104508285, "train_sc_a": [1.3011348609580504], "train_sc_v": [0.9704134294993071], "val_sc_a": 0, "val_sc_v": 0, "total_sc_a": 0, "total_sc_v": 0}