{"c1": 0.01981458122538198, "c2": 0.12225570669828195, "ch1": -0.516500548110288, "ch2": 0.05923654100913207, "di": 50.65615878967241, "dj": 53.57186237348086, "dk": 5.347367205077962, "vw_i": 1.1716692498026695, "vw_j": -5.199892172466868, "kt": 4.520427288139094, "train_sc_a": [1.5880206725060395], "train_sc_v": [0.5751499677173619], "val_sc_a": 0, "val_sc_v": 0, "total_sc_a": 0, "total_sc_v": 0}