{"c1": 0.01868834475822519, "c2": 0.10907001677932349, "ch1": -0.002536060982074607, "ch2": 0.09363679221584385, "di": 1.0590931061736297, "dj": 3.72444889485234, "dk": 8.819382500919973, "vw_i": -2.095843766871161, "vw_j": -0.9324919144174473, "kt": 5.104376998441851, "train_sc_a": [1.7182638958468814], "train_sc_v": [1.95122459766423], "val_sc_a": 0, "val_sc_v": 0, "total_sc_a": 0, "total_sc_v": 0}