{"c1": 0.021087684235306194, "c2": 0.10415679688236634, "ch1": -0.343832688175982, "ch2": 0.06848471468714817, "di": 43.25107869433653, "dj": 45.813734505374015, "dk": 9.119024827026614, "vw_i": 0.6564239968780545, "vw_j": -2.9141195446361405, "kt": 4.874726844506532, "train_sc_a": [1.0433556079452473], "train_sc_v": [0.2789697406670814], "val_sc_a": 0, "val_sc_v": 0, "total_sc_a": 0, "total_sc_v": 0}