{"c1": 0.020335831336640072, "c2": 0.11826122304934952, "ch1": -0.548096863846304, "ch2": 0.056864677732000386, "di": 51.0816242317843, "dj": 51.714968240461666, "dk": 11.233438206705737, "vw_i": 0.18391862478522636, "vw_j": -2.9791846458304176, "kt": 4.664883862016125, "train_sc_a": [1.72987419300928], "train_sc_v": [0.9241724006216758], "val_sc_a": 0, "val_sc_v": 0, "total_sc_a": 0, "total_sc_v": 0}