{"c1": 0.02066972040914558, "c2": 0.11817729566061722, "ch1": -0.642901964146554, "ch2": 0.04688703635104059, "di": 48.77119110954279, "dj": 52.051818632729876, "dk": 8.672990275575623, "vw_i": 4.190383747552176, "vw_j": -1.5034618789464624, "kt": 6.787076227691682, "train_sc_a": [5.638779426624476], "train_sc_v": [1.790594628821746], "val_sc_a": 0, "val_sc_v": 0, "total_sc_a": 0, "total_sc_v": 0}