{"c1": 0.01997501861988601, "c2": 0.11101199475489201, "ch1": -0.04067478021372233, "ch2": 0.09154789411243741, "di": 25.667425965141522, "dj": 27.87462865275944, "dk": 14.045614505441337, "vw_i": -0.690491932101259, "vw_j": 0.17424511386219804, "kt": 2.965199452702581, "train_sc_a": [0.2236239158295967], "train_sc_v": [0.12803941595439736], "val_sc_a": 0, "val_sc_v": 0, "total_sc_a": 0, "total_sc_v": 0}