{"c1": 0.02018488270753766, "c2": 0.12362760344376736, "ch1": -0.6063514224658269, "ch2": 0.049968448430513464, "di": 53.34625350885766, "dj": 54.43242847763361, "dk": 11.56274589140403, "vw_i": 2.830339611029724, "vw_j": -4.73986791733625, "kt": 6.998973496618745, "train_sc_a": [1.1638404704178542], "train_sc_v": [0.7557953915542408], "val_sc_a": 0, "val_sc_v": 0, "total_sc_a": 0, "total_sc_v": 0}