{"c1": 0.01919514301459943, "c2": 0.12690607257664668, "ch1": -0.5381569734168108, "ch2": 0.05809617283575302, "di": 50.953533223251256, "dj": 52.485997407422666, "dk": 8.336701325514172, "vw_i": -2.265040612487627, "vw_j": -5.0781137909456575, "kt": 4.238813010526935, "train_sc_a": [0.4981000793154099], "train_sc_v": [0.13948513351957306], "val_sc_a": 0, "val_sc_v": 0, "total_sc_a": 0, "total_sc_v": 0}