{"c1": 0.020313701778485686, "c2": 0.11749615559734752, "ch1": -0.524884625044793, "ch2": 0.058370034835942566, "di": 49.62184701040616, "dj": 51.11031262886747, "dk": 10.274895887781502, "vw_i": -0.5640066842380621, "vw_j": -5.142537309139938, "kt": 4.023331175938727, "train_sc_a": [2.1747656740381456], "train_sc_v": [0.7653571631288498], "val_sc_a": 0, "val_sc_v": 0, "total_sc_a": 0, "total_sc_v": 0}