{"c1": 0.02081060528104981, "c2": 0.11560560390441464, "ch1": -0.6248203505427183, "ch2": 0.050744155405572144, "di": 46.43914486605457, "dj": 46.851712929340735, "dk": 3.937545226359877, "vw_i": -3.1182347780425457, "vw_j": -5.38297516482503, "kt": 5.107672262183035, "train_sc_a": [1.5632458195689671], "train_sc_v": [0.37969082302525375], "val_sc_a": 0, "val_sc_v": 0, "total_sc_a": 0, "total_sc_v": 0}