{"c1": 0.018537534579920217, "c2": 0.1090062821819571, "ch1": 0.09946354732734142, "ch2": 0.09996032729971896, "di": 0.9976947082190268, "dj": 0.998080878507467, "dk": 1.018274657206415, "vw_i": 0.17594497282900465, "vw_j": 0.05031658331190665, "kt": 4.998846949382991, "train_sc_a": [0.4180617903152593], "train_sc_v": [0.09150706297633732], "val_sc_a": 0, "val_sc_v": 0, "total_sc_a": 0, "total_sc_v": 0}