{"c1": 0.020391755288707382, "c2": 0.1064736152039012, "ch1": -0.31329259481486377, "ch2": 0.07164703911129905, "di": 22.052245970479156, "dj": 21.175952633583208, "dk": 1.5049800798471071, "vw_i": -6.476974170048392, "vw_j": -2.5717614748847337, "kt": 3.9881389384091506, "train_sc_a": [1.2124660804198635], "train_sc_v": [1.1227600055461036], "val_sc_a": 0, "val_sc_v": 0, "total_sc_a": 0, "total_sc_v": 0}