{"c1": 0.02024781367053203, "c2": 0.11818930842098166, "ch1": -0.5470532918902008, "ch2": 0.056529922334848014, "di": 51.43480073601388, "dj": 49.583421987594804, "dk": 0.0, "vw_i": 1.8810963408980732, "vw_j": -4.827277750913992, "kt": 4.318448726060268, "train_sc_a": [0.9149665260465283], "train_sc_v": [0.8059722526417266], "val_sc_a": 0, "val_sc_v": 0, "total_sc_a": 0, "total_sc_v": 0}