{"c1": 0.018513506045595235, "c2": 0.12589968341881633, "ch1": -0.3329983127662066, "ch2": 0.07031302608305326, "di": 45.89737557837951, "dj": 46.64041188312634, "dk": 16.209760172198408, "vw_i": 4.554422505726024, "vw_j": -0.41547285268541817, "kt": 4.914895851013417, "train_sc_a": [1.6177076217929085], "train_sc_v": [0.4467853754045453], "val_sc_a": 0, "val_sc_v": 0, "total_sc_a": 0, "total_sc_v": 0}