{"c1": 0.020701313423966278, "c2": 0.11437694312709744, "ch1": -0.5282390854458657, "ch2": 0.058243866861063524, "di": 51.29427049367278, "dj": 51.56828833811237, "dk": 8.443502781315788, "vw_i": 1.9542170723273322, "vw_j": -3.5832789775002407, "kt": 4.30415536504649, "train_sc_a": [0.6802691760316826], "train_sc_v": [0.7085034583736841], "val_sc_a": 0, "val_sc_v": 0, "total_sc_a": 0, "total_sc_v": 0}