{"c1": 0.01980851474662917, "c2": 0.12641358907579484, "ch1": -0.6196961061885865, "ch2": 0.048917533102042096, "di": 51.626598608753085, "dj": 54.7574572542259, "dk": 12.01617560122364, "vw_i": 2.7536294839274937, "vw_j": -4.510805676249567, "kt": 7.006736180236695, "train_sc_a": [1.775753642363644], "train_sc_v": [0.5691076097975515], "val_sc_a": 0, "val_sc_v": 0, "total_sc_a": 0, "total_sc_v": 0}