{"c1": 0.02020981879880601, "c2": 0.12271711373343777, "ch1": -0.6133095764241638, "ch2": 0.049594065231033074, "di": 53.2380850842805, "dj": 53.90173648241261, "dk": 7.73025936461551, "vw_i": 2.5491041578377627, "vw_j": -4.635972459851907, "kt": 6.9203465142363765, "train_sc_a": [0.7372124568352382], "train_sc_v": [0.7243210579820447], "val_sc_a": 0, "val_sc_v": 0, "total_sc_a": 0, "total_sc_v": 0}