{"c1": 0.01982615861991397, "c2": 0.1109761712892014, "ch1": -0.11247226195307355, "ch2": 0.08295286747647972, "di": 21.186986292893543, "dj": 21.245773834841216, "dk": 21.59155060559957, "vw_i": -4.936098369493083, "vw_j": -2.3220697907705263, "kt": 2.65285974011945, "train_sc_a": [1.0750990625338424], "train_sc_v": [0.5856071710424088], "val_sc_a": 0, "val_sc_v": 0, "total_sc_a": 0, "total_sc_v": 0}