{"c1": 0.02066646201960271, "c2": 0.11781105776157906, "ch1": -0.6301023316942885, "ch2": 0.04743738438889133, "di": 53.42084231450078, "dj": 54.058245492073354, "dk": 3.4197280959882073, "vw_i": -0.8126991783805139, "vw_j": -5.244015528055965, "kt": 6.792903281840894, "train_sc_a": [0.9434781283121908], "train_sc_v": [0.6430069478057875], "val_sc_a": 0, "val_sc_v": 0, "total_sc_a": 0, "total_sc_v": 0}