{"c1": 0.01881306235871324, "c2": 0.13082781618167058, "ch1": -0.6588336166999237, "ch2": 0.04270567806613455, "di": 49.03069160226903, "dj": 51.13535216775785, "dk": 9.146940980900672, "vw_i": 3.904368532138859, "vw_j": -5.425546393914955, "kt": 5.1003779151825475, "train_sc_a": [0.7676894179858521], "train_sc_v": [0.31908994982964], "val_sc_a": 0, "val_sc_v": 0, "total_sc_a": 0, "total_sc_v": 0}