{"c1": 0.020939473490669106, "c2": 0.1141419149970635, "ch1": -0.707080732993917, "ch2": 0.04206390085219435, "di": 51.58449038890095, "dj": 44.24678145458838, "dk": 1.5834017152405802, "vw_i": 1.4580984557958898, "vw_j": -2.8819376312852585, "kt": 4.958463668574926, "train_sc_a": [4.984529693605768], "train_sc_v": [1.915846232852583], "val_sc_a": 0, "val_sc_v": 0, "total_sc_a": 0, "total_sc_v": 0}