{"c1": 0.01934201246115416, "c2": 0.12437436947849974, "ch1": -0.5150395822686097, "ch2": 0.05929058721036212, "di": 55.237316547412796, "dj": 50.941998734580366, "dk": 6.602909960023222, "vw_i": 0.7682740145526717, "vw_j": -4.396131885913748, "kt": 4.35755143415543, "train_sc_a": [1.0766266411768215], "train_sc_v": [0.4427670630661961], "val_sc_a": 0, "val_sc_v": 0, "total_sc_a": 0, "total_sc_v": 0}