{"c1": 0.020809491598923365, "c2": 0.11356897465878468, "ch1": -0.5278809281482261, "ch2": 0.05825855150023332, "di": 54.80082660461105, "dj": 48.05151571118422, "dk": 8.751747968273177, "vw_i": 2.3828806975082393, "vw_j": -3.751424479362258, "kt": 4.1673587340898495, "train_sc_a": [0.6259993693789794], "train_sc_v": [0.41582597982704406], "val_sc_a": 0, "val_sc_v": 0, "total_sc_a": 0, "total_sc_v": 0}