{"c1": 0.020549560715958832, "c2": 0.11845218267940781, "ch1": -0.6483519220748503, "ch2": 0.04405915862365555, "di": 50.21924650011687, "dj": 51.864151415920205, "dk": 4.680311149180852, "vw_i": 2.2112654907128677, "vw_j": -4.588130185382581, "kt": 4.901820546325326, "train_sc_a": [1.4704419032731422], "train_sc_v": [0.6321472253915643], "val_sc_a": 0, "val_sc_v": 0, "total_sc_a": 0, "total_sc_v": 0}