{"c1": 0.01940245967892518, "c2": 0.1239179621153474, "ch1": -0.5273456028475666, "ch2": 0.05830765306251369, "di": 52.23923411504179, "dj": 50.728437817122064, "dk": 6.526202630244722, "vw_i": 1.8896954346779764, "vw_j": -3.4914830086818776, "kt": 4.311043358731445, "train_sc_a": [0.32328353075659183], "train_sc_v": [0.050350665076135226], "val_sc_a": 0, "val_sc_v": 0, "total_sc_a": 0, "total_sc_v": 0}