{"c1": 0.01928752228901952, "c2": 0.1312666851259513, "ch1": -0.677035610419233, "ch2": 0.04754796790831424, "di": 50.34623000869289, "dj": 50.98641838214958, "dk": 11.247785371279972, "vw_i": -0.15773216078183025, "vw_j": -5.312418016158995, "kt": 6.900185537033419, "train_sc_a": [3.1595833482625877], "train_sc_v": [2.1649049108435827], "val_sc_a": 0, "val_sc_v": 0, "total_sc_a": 0, "total_sc_v": 0}