{"c1": 0.02061141183446074, "c2": 0.1186062367975943, "ch1": -0.6481562553463973, "ch2": 0.04631937373987108, "di": 48.759806717814996, "dj": 51.53969084632095, "dk": 8.54622154947314, "vw_i": 3.9627589639710226, "vw_j": -1.4282012218240203, "kt": 6.6781773465428325, "train_sc_a": [5.706597675889916], "train_sc_v": [1.77922875137962], "val_sc_a": 0, "val_sc_v": 0, "total_sc_a": 0, "total_sc_v": 0}