{"c1": 0.019693995103108267, "c2": 0.12333595730726632, "ch1": -0.5278162744224157, "ch2": 0.05849060217099381, "di": 50.58221351742564, "dj": 52.764826128748744, "dk": 7.9024274688669545, "vw_i": 0.9948185002466464, "vw_j": -4.903785188001928, "kt": 4.515304769642865, "train_sc_a": [0.4006398771372164], "train_sc_v": [0.3423850598931464], "val_sc_a": 0, "val_sc_v": 0, "total_sc_a": 0, "total_sc_v": 0}