{"c1": 0.01854653229763445, "c2": 0.11331837202143002, "ch1": -0.020535515402680796, "ch2": 0.08984068332324723, "di": 20.13662142360417, "dj": 5.996975468010945, "dk": 7.947151069982196, "vw_i": -0.9715041854239013, "vw_j": -0.2267055556820123, "kt": 3.262098527622981, "train_sc_a": [0.34932399709195355], "train_sc_v": [0.08969914906283337], "val_sc_a": 0, "val_sc_v": 0, "total_sc_a": 0, "total_sc_v": 0}