{"c1": 0.020002337076035583, "c2": 0.12328075228402657, "ch1": -0.6342017886700674, "ch2": 0.047666627992574886, "di": 51.19389385425107, "dj": 56.19046164105775, "dk": 7.520484847737709, "vw_i": -0.8052211752491618, "vw_j": -5.317463702412701, "kt": 6.633727770756397, "train_sc_a": [0.9348620929436597], "train_sc_v": [0.514028257065204], "val_sc_a": 0, "val_sc_v": 0, "total_sc_a": 0, "total_sc_v": 0}