{"c1": 0.01931928893879107, "c2": 0.12588597210009458, "ch1": -0.5194379057268533, "ch2": 0.059114056350053484, "di": 50.35328547530307, "dj": 53.80594260272097, "dk": 6.163225682003712, "vw_i": 0.79794698579217, "vw_j": -5.274166947432231, "kt": 4.5109454426255935, "train_sc_a": [1.6817746343625848], "train_sc_v": [0.7851788976832099], "val_sc_a": 0, "val_sc_v": 0, "total_sc_a": 0, "total_sc_v": 0}