{"c1": 0.018970719888773645, "c2": 0.1065269520006687, "ch1": 0.00410774898176014, "ch2": 0.09415787674216368, "di": 0.8434364842445568, "dj": 3.7579219985562267, "dk": 5.96882840301633, "vw_i": -2.468861859468488, "vw_j": -1.199414820887035, "kt": 5.047132233675187, "train_sc_a": [0.7348706717654171], "train_sc_v": [0.2179846425909575], "val_sc_a": 0, "val_sc_v": 0, "total_sc_a": 0, "total_sc_v": 0}