{"c1": 0.02062253989589139, "c2": 0.11508617165404843, "ch1": -0.5260535613907505, "ch2": 0.05826097787346016, "di": 49.436390687191924, "dj": 51.19470475140931, "dk": 9.930214209434446, "vw_i": -0.27158046337035746, "vw_j": -5.182670923707108, "kt": 4.00074962119306, "train_sc_a": [0.6461411968393415], "train_sc_v": [0.33097963939225167], "val_sc_a": 0, "val_sc_v": 0, "total_sc_a": 0, "total_sc_v": 0}