{"c1": 0.018394730941963748, "c2": 0.11348569969578828, "ch1": 0.0031170206468528845, "ch2": 0.0911392921085431, "di": 27.004364359678135, "dj": 0.6323210663826146, "dk": 13.739248799778705, "vw_i": -0.8111400585840289, "vw_j": -0.7162561129823648, "kt": 4.234371036910034, "train_sc_a": [0.564401866777434], "train_sc_v": [0.20708035208541398], "val_sc_a": 0, "val_sc_v": 0, "total_sc_a": 0, "total_sc_v": 0}