{"c1": 0.020577685661540637, "c2": 0.1187212238669093, "ch1": -0.6214484763994474, "ch2": 0.04846262738431619, "di": 58.05799081936305, "dj": 50.55995443470819, "dk": 5.271259001668279, "vw_i": -0.20376837033586032, "vw_j": -6.289462011390409, "kt": 6.648883538939086, "train_sc_a": [2.802289313064922], "train_sc_v": [1.7177010449317975], "val_sc_a": 0, "val_sc_v": 0, "total_sc_a": 0, "total_sc_v": 0}