{"c1": 0.02079551984660667, "c2": 0.1137279237922707, "ch1": -0.5716382449453691, "ch2": 0.05466680437279076, "di": 47.8534904266324, "dj": 47.3680295089653, "dk": 9.701109358350305, "vw_i": 0.15073183786594085, "vw_j": -3.500970204024229, "kt": 3.9938176150952067, "train_sc_a": [2.4859208638346892], "train_sc_v": [2.271035472768311], "val_sc_a": 0, "val_sc_v": 0, "total_sc_a": 0, "total_sc_v": 0}