{"c1": 0.020316795764328124, "c2": 0.116854121499111, "ch1": -0.5712774846023801, "ch2": 0.054292375715847885, "di": 50.696912215293075, "dj": 45.71394438698862, "dk": 9.752626113335367, "vw_i": -2.8722527678034333, "vw_j": -5.539739068903761, "kt": 4.276984934413657, "train_sc_a": [1.576364795504967], "train_sc_v": [0.4197037446180088], "val_sc_a": 0, "val_sc_v": 0, "total_sc_a": 0, "total_sc_v": 0}