{"c1": 0.020381528917787148, "c2": 0.11696249893981224, "ch1": -0.5249735767597195, "ch2": 0.05844073029129285, "di": 50.221787032255264, "dj": 50.5374382187139, "dk": 10.066212348397716, "vw_i": -0.1960199252204023, "vw_j": -4.954330251930985, "kt": 4.210237457676298, "train_sc_a": [0.3604106044671472], "train_sc_v": [0.06570302153850081], "val_sc_a": 0, "val_sc_v": 0, "total_sc_a": 0, "total_sc_v": 0}