{"c1": 0.02081115455391849, "c2": 0.11704095323581712, "ch1": -0.5797813004403074, "ch2": 0.051710376557533175, "di": 54.873950232609644, "dj": 53.94649743803056, "dk": 7.961812625955098, "vw_i": 5.471939492716269, "vw_j": -3.560713623088999, "kt": 6.653376082287322, "train_sc_a": [2.785646104857934], "train_sc_v": [1.9109192085801003], "val_sc_a": 0, "val_sc_v": 0, "total_sc_a": 0, "total_sc_v": 0}