{"c1": 0.020297831841653954, "c2": 0.11457718612577178, "ch1": -0.3432840225124174, "ch2": 0.06997836557267392, "di": 42.75051848339294, "dj": 49.13966247992886, "dk": 21.756379918309122, "vw_i": 0.7463617204907369, "vw_j": -2.5348451981967712, "kt": 4.84978325466659, "train_sc_a": [2.6139557753491176], "train_sc_v": [1.3504200456612212], "val_sc_a": 0, "val_sc_v": 0, "total_sc_a": 0, "total_sc_v": 0}