{"c1": 0.020773319816384705, "c2": 0.11386106092121809, "ch1": -0.5203348061162255, "ch2": 0.058861760502852876, "di": 55.62229386975168, "dj": 48.05611702699289, "dk": 8.856482244046653, "vw_i": 2.5625066007078106, "vw_j": -4.010358903405412, "kt": 4.172154192016877, "train_sc_a": [0.8055499785663339], "train_sc_v": [0.5698906122323215], "val_sc_a": 0, "val_sc_v": 0, "total_sc_a": 0, "total_sc_v": 0}