{"c1": 0.01994015402959858, "c2": 0.11006524564581939, "ch1": -0.14870384616830085, "ch2": 0.08695184514276748, "di": 38.49121698421766, "dj": 63.208715322899145, "dk": 4.239747279248692, "vw_i": -0.9834677814645543, "vw_j": 1.7031132546022203, "kt": 2.9527864637339016, "train_sc_a": [0.785593872878252], "train_sc_v": [0.32046863826701216], "val_sc_a": 0, "val_sc_v": 0, "total_sc_a": 0, "total_sc_v": 0}