{"c1": 0.01973155588550743, "c2": 0.12448428496021786, "ch1": -0.6653399006199371, "ch2": 0.0429642402084358, "di": 51.70447084573876, "dj": 48.32029821280108, "dk": 9.612038336781657, "vw_i": 1.8833130397510889, "vw_j": -4.922855319526478, "kt": 5.679949654587872, "train_sc_a": [2.03861737359561], "train_sc_v": [0.9057379771870979], "val_sc_a": 0, "val_sc_v": 0, "total_sc_a": 0, "total_sc_v": 0}