{"c1": 0.018234215782406436, "c2": 0.11590938174048865, "ch1": 0.030585544597366815, "ch2": 0.093262842931015, "di": 24.372960186357183, "dj": 3.5249919711258126, "dk": 13.004055183405036, "vw_i": -0.4299684721482256, "vw_j": -0.10401419099322301, "kt": 4.33577070350031, "train_sc_a": [0.32659364058704216], "train_sc_v": [0.051970739480953675], "val_sc_a": 0, "val_sc_v": 0, "total_sc_a": 0, "total_sc_v": 0}