{"c1": 0.0212431820026997, "c2": 0.11285864128723014, "ch1": -0.6338856182831305, "ch2": 0.04524332113724422, "di": 54.08236326251091, "dj": 49.7309609576403, "dk": 2.989111380901248, "vw_i": 2.3029622813896484, "vw_j": -5.36318739773645, "kt": 4.891111009642655, "train_sc_a": [1.2174673888458598], "train_sc_v": [0.8438598193361248], "val_sc_a": 0, "val_sc_v": 0, "total_sc_a": 0, "total_sc_v": 0}