{"c1": 0.020021611784653417, "c2": 0.12314903038533463, "ch1": -0.6342633544636416, "ch2": 0.047658633162116965, "di": 50.90682500514202, "dj": 56.46646500265376, "dk": 7.658150986433947, "vw_i": -0.7434320416457167, "vw_j": -5.288225918239549, "kt": 6.635692060602041, "train_sc_a": [1.0071757796908334], "train_sc_v": [0.6264114053351788], "val_sc_a": 0, "val_sc_v": 0, "total_sc_a": 0, "total_sc_v": 0}