{"c1": 0.020049100741401264, "c2": 0.12382321360351248, "ch1": -0.5978076141412297, "ch2": 0.05032234864826676, "di": 54.25878273282583, "dj": 56.06433957998943, "dk": 10.341460521039082, "vw_i": 1.0547205661933063, "vw_j": -5.5150362790081005, "kt": 7.088114900100892, "train_sc_a": [2.377413158326085], "train_sc_v": [2.526632070185067], "val_sc_a": 0, "val_sc_v": 0, "total_sc_a": 0, "total_sc_v": 0}