{"c1": 0.02040124112472722, "c2": 0.12294691710824, "ch1": -0.6674460669442461, "ch2": 0.047446189309511604, "di": 50.274105697161644, "dj": 52.42837269963224, "dk": 10.26360051058067, "vw_i": 2.695800456737827, "vw_j": -5.207981504404256, "kt": 6.581009293055179, "train_sc_a": [1.0062967267479956], "train_sc_v": [0.527244083908364], "val_sc_a": 0, "val_sc_v": 0, "total_sc_a": 0, "total_sc_v": 0}