{"c1": 0.01994766447123557, "c2": 0.1240164009280884, "ch1": -0.6209074891037114, "ch2": 0.04826652715856511, "di": 53.067889523658465, "dj": 54.751626486909885, "dk": 7.943244567106522, "vw_i": 1.944907119018865, "vw_j": -5.109242156929364, "kt": 6.979270896259377, "train_sc_a": [1.4373559258033597], "train_sc_v": [0.7812281895909207], "val_sc_a": 0, "val_sc_v": 0, "total_sc_a": 0, "total_sc_v": 0}