{"c1": 0.019184784912923282, "c2": 0.10918960285687021, "ch1": 0.0003821666964174996, "ch2": 0.09113277978661823, "di": 24.114608440459364, "dj": 2.637682485568628, "dk": 12.332255916813201, "vw_i": -1.5502617494081439, "vw_j": -0.001478487734136013, "kt": 3.786692028482378, "train_sc_a": [0.7582216368825007], "train_sc_v": [0.3304372646985115], "val_sc_a": 0, "val_sc_v": 0, "total_sc_a": 0, "total_sc_v": 0}