{"c1": 0.020699494534369648, "c2": 0.11445163905427647, "ch1": -0.5834627415465561, "ch2": 0.053858793100874, "di": 47.252315201187415, "dj": 48.04556588272909, "dk": 9.066564464433746, "vw_i": 1.3364814364559936, "vw_j": -2.294833437436496, "kt": 4.161263128291873, "train_sc_a": [3.365203430046075], "train_sc_v": [2.9361041466947704], "val_sc_a": 0, "val_sc_v": 0, "total_sc_a": 0, "total_sc_v": 0}