{"c1": 0.02061402184152594, "c2": 0.10533146291477476, "ch1": -0.04530373318842921, "ch2": 0.09158163988242583, "di": 23.4559753192158, "dj": 30.17164079163716, "dk": 12.540169308450128, "vw_i": -0.7824325899544222, "vw_j": -0.5676723482279947, "kt": 2.4695194167943986, "train_sc_a": [0.7085900294067811], "train_sc_v": [0.23957708639207487], "val_sc_a": 0, "val_sc_v": 0, "total_sc_a": 0, "total_sc_v": 0}