{"c1": 0.01837139988215521, "c2": 0.1136493209157452, "ch1": 0.0035359740768239924, "ch2": 0.09116866815300931, "di": 27.19986773090971, "dj": 0.4620748892082662, "dk": 13.730953026377254, "vw_i": -0.884083609645817, "vw_j": -0.7542085225109121, "kt": 4.239530801865984, "train_sc_a": [0.579965522671224], "train_sc_v": [0.21117370100915525], "val_sc_a": 0, "val_sc_v": 0, "total_sc_a": 0, "total_sc_v": 0}