{"c1": 0.02030074868356403, "c2": 0.12089170838824648, "ch1": -0.6573477847813564, "ch2": 0.04461706688706845, "di": 49.327902767494166, "dj": 50.74148247490646, "dk": 7.911111830280928, "vw_i": 2.185326819713539, "vw_j": -1.5565728910594379, "kt": 6.081330110931369, "train_sc_a": [7.669859888095349], "train_sc_v": [2.3452380289768606], "val_sc_a": 0, "val_sc_v": 0, "total_sc_a": 0, "total_sc_v": 0}