{"c1": 0.021242216399447546, "c2": 0.11286644738410201, "ch1": -0.634236682814356, "ch2": 0.0452150867612678, "di": 54.04119851177035, "dj": 49.7309909044646, "dk": 2.9913355152612153, "vw_i": 2.2942949090359486, "vw_j": -5.349069732291975, "kt": 4.891124128716843, "train_sc_a": [1.1866951480621513], "train_sc_v": [0.8252788790142763], "val_sc_a": 0, "val_sc_v": 0, "total_sc_a": 0, "total_sc_v": 0}