{"c1": 0.021408928164055013, "c2": 0.10683377713859875, "ch1": -0.39412517044887135, "ch2": 0.06606913368049899, "di": 43.67359889236236, "dj": 48.033817639356656, "dk": 19.966206727777454, "vw_i": 5.45094576066014, "vw_j": -0.6088093241789525, "kt": 4.666819739236607, "train_sc_a": [1.4782887226974055], "train_sc_v": [1.3360105978480903], "val_sc_a": 0, "val_sc_v": 0, "total_sc_a": 0, "total_sc_v": 0}