{"c1": 0.019212859176842966, "c2": 0.10438285907008138, "ch1": -0.02431603569804325, "ch2": 0.0906978581446337, "di": 5.347398226266244, "dj": 3.8826865652823646, "dk": 2.2407341992498986, "vw_i": -2.4306835323769977, "vw_j": -1.1551081306187587, "kt": 4.9643582820859224, "train_sc_a": [0.5434386130913379], "train_sc_v": [0.13761584105710215], "val_sc_a": 0, "val_sc_v": 0, "total_sc_a": 0, "total_sc_v": 0}