{"c1": 0.019951700563431055, "c2": 0.11017999360504914, "ch1": -0.027968065565689246, "ch2": 0.09296604870698755, "di": 23.333540466466847, "dj": 30.945428595190826, "dk": 12.17937043226136, "vw_i": -0.4648512494788658, "vw_j": -0.41426498383074006, "kt": 2.014323625453622, "train_sc_a": [0.6501472006903969], "train_sc_v": [0.19311428620417784], "val_sc_a": 0, "val_sc_v": 0, "total_sc_a": 0, "total_sc_v": 0}