{"c1": 0.01957546182981187, "c2": 0.11305294646804367, "ch1": -0.08224107104923141, "ch2": 0.08552835954357457, "di": 20.299667046467572, "dj": 13.233526968424389, "dk": 23.0572459239199, "vw_i": 4.003115432338202, "vw_j": 3.1118829195461943, "kt": 3.087065000161155, "train_sc_a": [0.8239884732996773], "train_sc_v": [0.5711279037519319], "val_sc_a": 0, "val_sc_v": 0, "total_sc_a": 0, "total_sc_v": 0}