{"c1": 0.020094750990933937, "c2": 0.11915942136625411, "ch1": -0.5193380069875883, "ch2": 0.058671119672996465, "di": 50.986851318241335, "dj": 51.07071719716427, "dk": 11.940944808248332, "vw_i": -0.31546634669651435, "vw_j": -4.749028105672442, "kt": 4.1823627853759175, "train_sc_a": [0.8462988383361905], "train_sc_v": [0.22485286111767258], "val_sc_a": 0, "val_sc_v": 0, "total_sc_a": 0, "total_sc_v": 0}