{"c1": 0.018607144050023682, "c2": 0.12911837734349524, "ch1": -0.5543857977377461, "ch2": 0.05554121461020916, "di": 48.22941625833248, "dj": 50.19482391919083, "dk": 14.507649306550649, "vw_i": -0.22519476219152407, "vw_j": -4.140261611741613, "kt": 4.553524371599027, "train_sc_a": [0.8678466198981245], "train_sc_v": [0.2519134438485647], "val_sc_a": 0, "val_sc_v": 0, "total_sc_a": 0, "total_sc_v": 0}