{"c1": 0.02005006132824238, "c2": 0.1203996590722578, "ch1": -0.5425453477700234, "ch2": 0.05738004687580468, "di": 51.94654209033327, "dj": 51.33409018583721, "dk": 10.982584628889027, "vw_i": -0.18152887701537587, "vw_j": -3.448456822905591, "kt": 4.6055459215353, "train_sc_a": [1.7288397904375212], "train_sc_v": [0.9388175271323833], "val_sc_a": 0, "val_sc_v": 0, "total_sc_a": 0, "total_sc_v": 0}