{"c1": 0.018537381122109235, "c2": 0.10967219969902792, "ch1": -0.02089980446752605, "ch2": 0.09076846754786506, "di": 6.582422913013921, "dj": 2.923703538848341, "dk": 1.7709778500157722, "vw_i": -1.9861494339671593, "vw_j": -0.9116972850429501, "kt": 4.791188360377322, "train_sc_a": [0.29533192012757953], "train_sc_v": [0.05840121879870296], "val_sc_a": 0, "val_sc_v": 0, "total_sc_a": 0, "total_sc_v": 0}