{"c1": 0.019859272865331856, "c2": 0.11176878261248205, "ch1": -0.09484574794973448, "ch2": 0.08755347555111584, "di": 23.476464272784153, "dj": 28.905302759069528, "dk": 13.882980177185743, "vw_i": -0.38290431317650053, "vw_j": -0.7105182360774985, "kt": 2.899196414649207, "train_sc_a": [0.4411817257838947], "train_sc_v": [0.30487918520871354], "val_sc_a": 0, "val_sc_v": 0, "total_sc_a": 0, "total_sc_v": 0}