{"c1": 0.018030388766675714, "c2": 0.11410907593253938, "ch1": -0.02075642786495606, "ch2": 0.09031400079451188, "di": 6.618543843986722, "dj": 2.702172099183642, "dk": 4.171551199450724, "vw_i": -1.5628419978445793, "vw_j": -0.8521826299793709, "kt": 4.671558970882954, "train_sc_a": [0.5663603501992999], "train_sc_v": [0.11390447489738699], "val_sc_a": 0, "val_sc_v": 0, "total_sc_a": 0, "total_sc_v": 0}