{"c1": 0.018834359373697297, "c2": 0.10798637482602591, "ch1": 0.00610366634963844, "ch2": 0.09261849760558757, "di": 6.822997832142133, "dj": 3.550407396417996, "dk": 3.6381989084574866, "vw_i": -2.082855488232998, "vw_j": -1.0044497730064281, "kt": 4.8029056316082475, "train_sc_a": [0.2617953551602461], "train_sc_v": [0.08254586696171096], "val_sc_a": 0, "val_sc_v": 0, "total_sc_a": 0, "total_sc_v": 0}