{"c1": 0.019311670831060057, "c2": 0.11924339640258173, "ch1": -0.3337818175158411, "ch2": 0.06989794968672246, "di": 45.40636543244149, "dj": 47.21608442414904, "dk": 13.000341654397706, "vw_i": 5.062789404918034, "vw_j": -0.15643226843354355, "kt": 4.795521491262994, "train_sc_a": [1.1817337819234213], "train_sc_v": [0.34060380571673027], "val_sc_a": 0, "val_sc_v": 0, "total_sc_a": 0, "total_sc_v": 0}