{"c1": 0.019694598463838586, "c2": 0.11907893864927882, "ch1": -0.3448249623328579, "ch2": 0.06978547272822225, "di": 43.801780270829674, "dj": 48.114926748239526, "dk": 21.870264038743297, "vw_i": 1.4671122359455664, "vw_j": -2.8730141165637275, "kt": 4.877642822536056, "train_sc_a": [1.0900346295281194], "train_sc_v": [0.5351368330078868], "val_sc_a": 0, "val_sc_v": 0, "total_sc_a": 0, "total_sc_v": 0}