{"c1": 0.020105695819066183, "c2": 0.11954868545477629, "ch1": -0.5458197627003538, "ch2": 0.056889467788085894, "di": 52.04142972528828, "dj": 49.61563754983469, "dk": 0.0, "vw_i": 1.3216716402834616, "vw_j": -4.782549289415307, "kt": 4.286359477105561, "train_sc_a": [2.7874605523126093], "train_sc_v": [1.262270915367054], "val_sc_a": 0, "val_sc_v": 0, "total_sc_a": 0, "total_sc_v": 0}