{"c1": 0.018840911701711698, "c2": 0.11186585417470851, "ch1": 0.007526607897688573, "ch2": 0.09167220291004963, "di": 24.18066752363788, "dj": 3.0354511119611987, "dk": 13.58038541208701, "vw_i": -0.764156283380337, "vw_j": -0.1221445315093731, "kt": 3.775814164879243, "train_sc_a": [1.723325477035519], "train_sc_v": [0.30775846596118533], "val_sc_a": 0, "val_sc_v": 0, "total_sc_a": 0, "total_sc_v": 0}