{"c1": 0.01918898713382391, "c2": 0.1255578178604558, "ch1": -0.5261281588024818, "ch2": 0.05772007794788962, "di": 47.33578488473466, "dj": 54.341685688923945, "dk": 11.366425870173718, "vw_i": -2.0861213769688556, "vw_j": -5.966676726043302, "kt": 4.210304332232425, "train_sc_a": [0.8913960324286289], "train_sc_v": [0.26880842512563774], "val_sc_a": 0, "val_sc_v": 0, "total_sc_a": 0, "total_sc_v": 0}