{"c1": 0.01982483742761827, "c2": 0.11098621573904102, "ch1": -0.15233477109202614, "ch2": 0.07995384548094014, "di": 21.14718434168156, "dj": 18.964716556999065, "dk": 21.59286844840377, "vw_i": -4.12463824480484, "vw_j": -1.9192502609076074, "kt": 2.6519898999258964, "train_sc_a": [2.761756873973061], "train_sc_v": [1.8998211088725672], "val_sc_a": 0, "val_sc_v": 0, "total_sc_a": 0, "total_sc_v": 0}