{"c1": 0.020905199768302327, "c2": 0.1127805763014206, "ch1": -0.5405286395081894, "ch2": 0.05727640118295311, "di": 47.77200492623969, "dj": 53.91278474718394, "dk": 8.312529958317889, "vw_i": 1.0925009489442516, "vw_j": -3.1488622564121638, "kt": 4.253266200705505, "train_sc_a": [1.5924707679963463], "train_sc_v": [1.5374355128945922], "val_sc_a": 0, "val_sc_v": 0, "total_sc_a": 0, "total_sc_v": 0}