{"c1": 0.020412791077492245, "c2": 0.11611639420412233, "ch1": -0.6972499233717598, "ch2": 0.04465389666075158, "di": 46.06431148865855, "dj": 34.446339721351656, "dk": 9.619553420412071, "vw_i": 0.2947573698351569, "vw_j": -1.0624890315114017, "kt": 4.286649715737523, "train_sc_a": [7.983777069994406], "train_sc_v": [7.119811696893708], "val_sc_a": 0, "val_sc_v": 0, "total_sc_a": 0, "total_sc_v": 0}