{"c1": 0.01954587568631614, "c2": 0.12315816028318805, "ch1": -0.5267892132432158, "ch2": 0.05794295824319789, "di": 50.77037361370511, "dj": 50.81999818152142, "dk": 12.16235251619534, "vw_i": -1.094079216488875, "vw_j": -4.647327797556146, "kt": 4.226763351452481, "train_sc_a": [1.2205314932362135], "train_sc_v": [0.46586134032969845], "val_sc_a": 0, "val_sc_v": 0, "total_sc_a": 0, "total_sc_v": 0}