{"c1": 0.019189824063981283, "c2": 0.11677236226432429, "ch1": -0.07889872807145008, "ch2": 0.08871843096117604, "di": 24.802252271070373, "dj": 28.05382090100568, "dk": 14.096979518388661, "vw_i": 0.22177949556467147, "vw_j": -0.5413534018678288, "kt": 2.871897731233401, "train_sc_a": [0.9236850656557921], "train_sc_v": [0.27857369081941397], "val_sc_a": 0, "val_sc_v": 0, "total_sc_a": 0, "total_sc_v": 0}