{"c1": 0.020939806845343547, "c2": 0.11413443321144341, "ch1": -0.7008024651954503, "ch2": 0.04255992726184161, "di": 51.69412822973703, "dj": 44.72910570174853, "dk": 1.3486669638250386, "vw_i": 1.2519594688802393, "vw_j": -2.8960179031558777, "kt": 4.92528368816958, "train_sc_a": [4.7595694246650515], "train_sc_v": [1.900436783247826], "val_sc_a": 0, "val_sc_v": 0, "total_sc_a": 0, "total_sc_v": 0}