{"c1": 0.019205437637794507, "c2": 0.10832314950845784, "ch1": -0.005380115112650198, "ch2": 0.0910494639898952, "di": 21.094141255989292, "dj": 5.577158319489199, "dk": 7.5153633754146005, "vw_i": -1.6440037725338015, "vw_j": 0.47241231394680333, "kt": 3.254034783072459, "train_sc_a": [0.4338225608769301], "train_sc_v": [0.14281367376556292], "val_sc_a": 0, "val_sc_v": 0, "total_sc_a": 0, "total_sc_v": 0}