{"c1": 0.018970254613562634, "c2": 0.11049274399647879, "ch1": 0.036707599261379946, "ch2": 0.09363198147476476, "di": 26.03904055721051, "dj": 3.276589852064265, "dk": 15.148481973596306, "vw_i": -0.6176706989183964, "vw_j": -0.1834153691071619, "kt": 4.244795347218008, "train_sc_a": [0.7320222850633915], "train_sc_v": [0.3670189788855296], "val_sc_a": 0, "val_sc_v": 0, "total_sc_a": 0, "total_sc_v": 0}