{"c1": 0.020087984208594156, "c2": 0.1235303198812201, "ch1": -0.4404319393633408, "ch2": 0.062288520981796665, "di": 74.78199077655505, "dj": 54.36692132876768, "dk": 10.30405944773771, "vw_i": 0.9843313474727664, "vw_j": -12.066831983874948, "kt": 7.378864047606788, "train_sc_a": [18.366655570721484], "train_sc_v": [9.93370249045932], "val_sc_a": 0, "val_sc_v": 0, "total_sc_a": 0, "total_sc_v": 0}