{"c1": 0.019659590648975666, "c2": 0.10573799265392717, "ch1": 0.020841779851599875, "ch2": 0.09257712342059561, "di": 24.378038414998247, "dj": 3.416281340957403, "dk": 13.235034307328405, "vw_i": -0.05440283713138669, "vw_j": 0.1258183113120751, "kt": 4.305248417149409, "train_sc_a": [0.31877694145336616], "train_sc_v": [0.06114891831108419], "val_sc_a": 0, "val_sc_v": 0, "total_sc_a": 0, "total_sc_v": 0}