{"c1": 0.021086501883601557, "c2": 0.1006854987414781, "ch1": -0.2216468704923383, "ch2": 0.07471033096714896, "di": 20.50643860144793, "dj": 16.461986923414873, "dk": 15.173280374332796, "vw_i": -4.281623475966192, "vw_j": -1.5737194915858932, "kt": 2.288647146290729, "train_sc_a": [2.02857615191846], "train_sc_v": [1.355198968881945], "val_sc_a": 0, "val_sc_v": 0, "total_sc_a": 0, "total_sc_v": 0}