{"c1": 0.018840909000812395, "c2": 0.11186588339400139, "ch1": 0.007528100303872094, "ch2": 0.09167231691560285, "di": 24.18066842266416, "dj": 3.0354803100575016, "dk": 13.580406200893178, "vw_i": -0.7641682457092538, "vw_j": -0.12216679481534717, "kt": 3.7758958596607926, "train_sc_a": [1.7233071166762888], "train_sc_v": [0.3077575576709739], "val_sc_a": 0, "val_sc_v": 0, "total_sc_a": 0, "total_sc_v": 0}