{"c1": 0.01883967374594576, "c2": 0.11925485420315984, "ch1": -0.05471379319980651, "ch2": 0.09059539692091294, "di": 25.562215831062346, "dj": 27.756482253492415, "dk": 13.899298725129855, "vw_i": -0.2808730367195653, "vw_j": 0.005062202580827891, "kt": 2.9695278559669362, "train_sc_a": [0.6551309856646544], "train_sc_v": [0.18266444067311394], "val_sc_a": 0, "val_sc_v": 0, "total_sc_a": 0, "total_sc_v": 0}