{"c1": 0.01907558662201815, "c2": 0.10565604778656, "ch1": 0.0005824596770728492, "ch2": 0.09395747796097446, "di": 0.8842572688563342, "dj": 3.3105980703445654, "dk": 5.445506229829693, "vw_i": -2.6795653506649098, "vw_j": -1.3317587454623898, "kt": 5.03824514061861, "train_sc_a": [0.7763347133763736], "train_sc_v": [0.29723890302400735], "val_sc_a": 0, "val_sc_v": 0, "total_sc_a": 0, "total_sc_v": 0}