{"c1": 0.019115919966342043, "c2": 0.10664493091563619, "ch1": 0.006953430326661646, "ch2": 0.09198237288050937, "di": 7.0285519651232, "dj": 3.9015479785993312, "dk": 5.082480541939385, "vw_i": -1.7034468356663723, "vw_j": -0.5584870191943503, "kt": 3.9315027758263614, "train_sc_a": [0.5526619055874026], "train_sc_v": [0.15901436920539433], "val_sc_a": 0, "val_sc_v": 0, "total_sc_a": 0, "total_sc_v": 0}