{"c1": 0.020317175540441674, "c2": 0.1168512029065702, "ch1": -0.5717758560502517, "ch2": 0.05425424401966978, "di": 50.678584746569776, "dj": 45.669367553308845, "dk": 9.752099651902277, "vw_i": -2.8597234602569745, "vw_j": -5.522026197696247, "kt": 4.277023170166721, "train_sc_a": [2.2107523920110936], "train_sc_v": [1.8913537634760424], "val_sc_a": 0, "val_sc_v": 0, "total_sc_a": 0, "total_sc_v": 0}