{"c1": 0.01920812671069801, "c2": 0.10829842717927217, "ch1": -0.005277274474483024, "ch2": 0.09106332095649998, "di": 21.006950591614874, "dj": 5.643833487586199, "dk": 7.508116998010659, "vw_i": -1.6519177890209726, "vw_j": 0.5164529691062251, "kt": 3.2552183425455663, "train_sc_a": [0.4281792207052442], "train_sc_v": [0.15066276811132118], "val_sc_a": 0, "val_sc_v": 0, "total_sc_a": 0, "total_sc_v": 0}