{"c1": 0.020585686310721826, "c2": 0.1163728845852457, "ch1": -0.5387858526491532, "ch2": 0.05748212270100579, "di": 50.51377010485485, "dj": 53.342608471852834, "dk": 11.384250032773114, "vw_i": 1.0566778925446898, "vw_j": -2.8932752169011025, "kt": 4.702855111372903, "train_sc_a": [1.5410658694443524], "train_sc_v": [0.5547419984305496], "val_sc_a": 0, "val_sc_v": 0, "total_sc_a": 0, "total_sc_v": 0}