{"c1": 0.02081888811972511, "c2": 0.11657452785217684, "ch1": -0.6944252228380723, "ch2": 0.04220111182476158, "di": 47.985818429468125, "dj": 49.731286733317845, "dk": 2.6293392563959075, "vw_i": -0.321684314686517, "vw_j": -2.9745282788262486, "kt": 6.779214836195678, "train_sc_a": [4.582175229419096], "train_sc_v": [3.391070555503286], "val_sc_a": 0, "val_sc_v": 0, "total_sc_a": 0, "total_sc_v": 0}