{"c1": 0.019193752759494226, "c2": 0.10438728547679305, "ch1": -0.04145589579166077, "ch2": 0.08951399323428127, "di": 3.5932247538627338, "dj": 4.436874173796352, "dk": 0.09266136373116364, "vw_i": -2.6024661115709957, "vw_j": -1.1831462384471374, "kt": 4.980313281786082, "train_sc_a": [0.8075072645812753], "train_sc_v": [0.855034791152657], "val_sc_a": 0, "val_sc_v": 0, "total_sc_a": 0, "total_sc_v": 0}