{"c1": 0.019724943128049944, "c2": 0.1256362064061835, "ch1": -0.6478857740016785, "ch2": 0.04629295228213989, "di": 49.71959011691661, "dj": 55.22125328201, "dk": 7.905668672031705, "vw_i": 1.8984004759240425, "vw_j": -4.273853573557669, "kt": 7.006308841697022, "train_sc_a": [2.2027883746026284], "train_sc_v": [1.431225962843171], "val_sc_a": 0, "val_sc_v": 0, "total_sc_a": 0, "total_sc_v": 0}