{"c1": 0.019989096029043096, "c2": 0.1261062752713997, "ch1": -0.6700284611062634, "ch2": 0.047253882283631005, "di": 49.384411190318175, "dj": 52.98556761056813, "dk": 10.729958352869902, "vw_i": 2.6880791656331127, "vw_j": -5.057203302752493, "kt": 6.6308193015424415, "train_sc_a": [1.3855454417356035], "train_sc_v": [0.31178405876354326], "val_sc_a": 0, "val_sc_v": 0, "total_sc_a": 0, "total_sc_v": 0}