{"c1": 0.0197450242091888, "c2": 0.12549676521341058, "ch1": -0.6125923407937078, "ch2": 0.04878658527765899, "di": 53.6728050393289, "dj": 55.2916342085439, "dk": 7.975221449448669, "vw_i": 2.5033383689540685, "vw_j": -5.817607999858315, "kt": 7.0026301192050955, "train_sc_a": [1.66550130287506], "train_sc_v": [0.483251902616004], "val_sc_a": 0, "val_sc_v": 0, "total_sc_a": 0, "total_sc_v": 0}