{"c1": 0.019047226461749407, "c2": 0.10574543126743059, "ch1": -0.03686094245037106, "ch2": 0.08972506112913252, "di": 5.3831815494861495, "dj": 3.032954634347844, "dk": 2.8031586185025064, "vw_i": -2.396022718767438, "vw_j": -1.1180332597407485, "kt": 4.971321923267579, "train_sc_a": [0.5363738128056975], "train_sc_v": [0.5215977635244405], "val_sc_a": 0, "val_sc_v": 0, "total_sc_a": 0, "total_sc_v": 0}