{"c1": 0.01924459141175465, "c2": 0.11475709889367625, "ch1": -0.31535559571530375, "ch2": 0.07085111761602302, "di": 24.3263952309777, "dj": 18.790524310696537, "dk": 0.003077413741422096, "vw_i": -7.055834960759375, "vw_j": -2.3697898679549514, "kt": 3.7672351676238955, "train_sc_a": [2.447658217664524], "train_sc_v": [1.80894425945483], "val_sc_a": 0, "val_sc_v": 0, "total_sc_a": 0, "total_sc_v": 0}