{"c1": 0.020385809511414173, "c2": 0.12233190318235135, "ch1": -0.7219113631588296, "ch2": 0.043039620392912994, "di": 47.33760318367655, "dj": 47.717390246830405, "dk": 10.477719577651815, "vw_i": 3.463472702715694, "vw_j": -2.3319963490375266, "kt": 6.548831535298703, "train_sc_a": [2.747891592567271], "train_sc_v": [1.396904261904199], "val_sc_a": 0, "val_sc_v": 0, "total_sc_a": 0, "total_sc_v": 0}