{"c1": 0.02057947404573653, "c2": 0.11642052938235968, "ch1": -0.5387580401884128, "ch2": 0.05748497040350254, "di": 50.42861973911806, "dj": 53.39082174026921, "dk": 11.385315010943428, "vw_i": 1.0368319437252655, "vw_j": -2.8647364196789376, "kt": 4.7009625283094545, "train_sc_a": [1.5237792535789965], "train_sc_v": [0.5556220960695808], "val_sc_a": 0, "val_sc_v": 0, "total_sc_a": 0, "total_sc_v": 0}