{"c1": 0.020119482400612343, "c2": 0.09841849204571644, "ch1": 0.13822441046737574, "ch2": 0.10266121967629468, "di": 27.93305645836559, "dj": 7.052674571485882, "dk": 5.662144205614092, "vw_i": -0.6871308440071234, "vw_j": -0.4027257898978326, "kt": 3.757980660748148, "train_sc_a": [3.3352551588486605], "train_sc_v": [3.6671462079597847], "val_sc_a": 0, "val_sc_v": 0, "total_sc_a": 0, "total_sc_v": 0}