{"c1": 0.020488191383398597, "c2": 0.11553855605758995, "ch1": -0.5706029373248772, "ch2": 0.05439718293853285, "di": 46.85619845460315, "dj": 49.6103746472121, "dk": 9.59103243771516, "vw_i": -3.0591537089333505, "vw_j": -4.937827753846247, "kt": 4.277707408042676, "train_sc_a": [1.289615281018002], "train_sc_v": [0.7479776410671873], "val_sc_a": 0, "val_sc_v": 0, "total_sc_a": 0, "total_sc_v": 0}