{"c1": 0.01920700345619653, "c2": 0.11666250194199385, "ch1": -0.07670162812477005, "ch2": 0.08886759192987394, "di": 24.795276918091126, "dj": 28.105012452871215, "dk": 14.137325313833172, "vw_i": 0.1673735163828221, "vw_j": -0.6455481014687382, "kt": 2.8614714267175727, "train_sc_a": [0.9291395267022368], "train_sc_v": [0.2994022551129472], "val_sc_a": 0, "val_sc_v": 0, "total_sc_a": 0, "total_sc_v": 0}