{"c1": 0.02042942833637651, "c2": 0.11726829601893314, "ch1": -0.553171048508812, "ch2": 0.05697179955253302, "di": 48.886194555393345, "dj": 52.72495203226381, "dk": 5.764252863707114, "vw_i": -3.004954739526351, "vw_j": -4.920140646469494, "kt": 4.303355700907782, "train_sc_a": [1.8661691335707797], "train_sc_v": [1.119772057467304], "val_sc_a": 0, "val_sc_v": 0, "total_sc_a": 0, "total_sc_v": 0}