{"c1": 0.018382266154509396, "c2": 0.11486610893421026, "ch1": 0.01927545545370006, "ch2": 0.09246506899311396, "di": 24.229587318923514, "dj": 3.5000741895099488, "dk": 13.009987948659887, "vw_i": 0.012501195420222485, "vw_j": -0.42098835500664206, "kt": 4.332328699682248, "train_sc_a": [0.326678747219523], "train_sc_v": [0.07292880780168853], "val_sc_a": 0, "val_sc_v": 0, "total_sc_a": 0, "total_sc_v": 0}