{"c1": 0.019074037610406026, "c2": 0.12783622284677185, "ch1": -0.5863958202739418, "ch2": 0.054370729181938096, "di": 48.20283514548915, "dj": 49.54149815079029, "dk": 5.1447323417991075, "vw_i": 0.5406959409990393, "vw_j": -3.6278232844157143, "kt": 5.355290886044765, "train_sc_a": [1.0596647908449326], "train_sc_v": [0.1915532689259743], "val_sc_a": 0, "val_sc_v": 0, "total_sc_a": 0, "total_sc_v": 0}