{"c1": 0.01958592678596095, "c2": 0.12289782880429712, "ch1": -0.5193282657593968, "ch2": 0.05846052988375518, "di": 50.33302461305108, "dj": 52.05831151973286, "dk": 12.498432378606424, "vw_i": -1.2520868430531875, "vw_j": -5.0533454037971755, "kt": 4.229372885790539, "train_sc_a": [0.8487741146642307], "train_sc_v": [0.51098651581598], "val_sc_a": 0, "val_sc_v": 0, "total_sc_a": 0, "total_sc_v": 0}