{"c1": 0.019518958081569757, "c2": 0.11774373079598917, "ch1": -0.3703769849336488, "ch2": 0.06727114520132173, "di": 45.53668636309812, "dj": 44.50251396063037, "dk": 13.079506702557136, "vw_i": 3.6037142534751916, "vw_j": -0.043532814273423565, "kt": 4.823769867816197, "train_sc_a": [1.5746873991037487], "train_sc_v": [1.1955395920953125], "val_sc_a": 0, "val_sc_v": 0, "total_sc_a": 0, "total_sc_v": 0}