{"c1": 0.020081818241008947, "c2": 0.11834720462529627, "ch1": -0.5338353982604922, "ch2": 0.05675706889238864, "di": 48.36960703213867, "dj": 52.53192724872379, "dk": 14.560981722145803, "vw_i": 3.1298740229651445, "vw_j": -3.1692864399764638, "kt": 4.502384840441611, "train_sc_a": [4.762378266345526], "train_sc_v": [2.401178414936543], "val_sc_a": 0, "val_sc_v": 0, "total_sc_a": 0, "total_sc_v": 0}