{"c1": 0.019556510907038437, "c2": 0.12434981475333601, "ch1": -0.5783530735014488, "ch2": 0.054754124578429715, "di": 47.80900393060591, "dj": 49.50159706159472, "dk": 5.8693334174092335, "vw_i": -0.20892946672301071, "vw_j": -3.5714201151837432, "kt": 4.588368690751475, "train_sc_a": [1.3687531346335098], "train_sc_v": [0.39225367515447535], "val_sc_a": 0, "val_sc_v": 0, "total_sc_a": 0, "total_sc_v": 0}