{"c1": 0.020713720816617043, "c2": 0.11380994433357701, "ch1": -0.5351450125231418, "ch2": 0.05705514237370771, "di": 46.46840640578376, "dj": 53.80539535296391, "dk": 9.783360704095365, "vw_i": -3.143384929280428, "vw_j": -7.710540149424938, "kt": 4.3231287352767875, "train_sc_a": [2.8036806219408748], "train_sc_v": [2.519225830253544], "val_sc_a": 0, "val_sc_v": 0, "total_sc_a": 0, "total_sc_v": 0}