{"c1": 0.019401145902145527, "c2": 0.10727412237577316, "ch1": -0.006606861936322067, "ch2": 0.09048337358637382, "di": 26.22620225575502, "dj": 2.524850046120336, "dk": 15.23012892997567, "vw_i": -0.14286775188211615, "vw_j": 0.5142524475576004, "kt": 4.431393440411471, "train_sc_a": [0.6036982178851759], "train_sc_v": [0.4961546842913835], "val_sc_a": 0, "val_sc_v": 0, "total_sc_a": 0, "total_sc_v": 0}