{"c1": 0.01977740848251985, "c2": 0.1240872277650602, "ch1": -0.6490921155058611, "ch2": 0.04419699763556878, "di": 53.314163997799334, "dj": 48.723419898517484, "dk": 8.891781022092779, "vw_i": 2.1203783048858846, "vw_j": -5.5143953769876255, "kt": 5.618217125184987, "train_sc_a": [2.603412255093658], "train_sc_v": [1.8957738807503866], "val_sc_a": 0, "val_sc_v": 0, "total_sc_a": 0, "total_sc_v": 0}