{"c1": 0.019185145129919902, "c2": 0.10925961186576238, "ch1": 0.02678322364491903, "ch2": 0.09314644132294325, "di": 24.182692009955435, "dj": 3.4242962276756828, "dk": 13.455698302369465, "vw_i": -1.0348728843046122, "vw_j": -0.491668766496563, "kt": 4.074251354758353, "train_sc_a": [0.6915824697895573], "train_sc_v": [0.1176661347759545], "val_sc_a": 0, "val_sc_v": 0, "total_sc_a": 0, "total_sc_v": 0}