{"c1": 0.019276368451346032, "c2": 0.1248327925708407, "ch1": -0.49813421097070404, "ch2": 0.06043049517196001, "di": 53.94191539293001, "dj": 51.94046237870881, "dk": 6.575410705080429, "vw_i": 2.424382168958402, "vw_j": -4.488050457001891, "kt": 4.314982111484864, "train_sc_a": [2.665322698533415], "train_sc_v": [1.7892274258231333], "val_sc_a": 0, "val_sc_v": 0, "total_sc_a": 0, "total_sc_v": 0}