{"c1": 0.018686796424629656, "c2": 0.1113710765499776, "ch1": -0.0003249626911640092, "ch2": 0.0908990706835396, "di": 26.790198571444307, "dj": 0.6399909543248824, "dk": 13.695910933334243, "vw_i": -0.8960210622750009, "vw_j": -0.022297819210733722, "kt": 4.197817886231288, "train_sc_a": [0.6619194039580396], "train_sc_v": [0.22168569777652714], "val_sc_a": 0, "val_sc_v": 0, "total_sc_a": 0, "total_sc_v": 0}