{"c1": 0.018545201113992504, "c2": 0.10961499645731715, "ch1": -0.021519508630029965, "ch2": 0.09072545081321678, "di": 6.431832121313677, "dj": 3.027321449064056, "dk": 1.7683380210584008, "vw_i": -1.9705857302572303, "vw_j": -0.9299899383361061, "kt": 4.790380448574855, "train_sc_a": [0.29087503391464786], "train_sc_v": [0.04080677137032436], "val_sc_a": 0, "val_sc_v": 0, "total_sc_a": 0, "total_sc_v": 0}