{"c1": 0.019305012570146305, "c2": 0.12439433069804061, "ch1": -0.5975886546687427, "ch2": 0.05241270549756989, "di": 45.90147411385935, "dj": 47.383398433650676, "dk": 14.837999636670784, "vw_i": -2.9720705429252146, "vw_j": -4.94562347995864, "kt": 4.46961289184014, "train_sc_a": [2.5295217537668484], "train_sc_v": [1.6305304488104122], "val_sc_a": 0, "val_sc_v": 0, "total_sc_a": 0, "total_sc_v": 0}