{"c1": 0.01947765401558266, "c2": 0.10210678865240314, "ch1": -0.026374276052152076, "ch2": 0.09055209662521511, "di": 5.584556661657215, "dj": 3.6616791462701954, "dk": 0.33645390981297824, "vw_i": -2.433121308456501, "vw_j": -1.1003929941302562, "kt": 4.992965141530141, "train_sc_a": [0.39671517877180135], "train_sc_v": [0.29332296068136005], "val_sc_a": 0, "val_sc_v": 0, "total_sc_a": 0, "total_sc_v": 0}