{"c1": 0.02018190252206532, "c2": 0.12195385103218935, "ch1": -0.602446206821953, "ch2": 0.049942232529741684, "di": 49.72680010825022, "dj": 56.44774670835544, "dk": 9.121576326992468, "vw_i": 4.973476705413711, "vw_j": -2.8292315058170603, "kt": 6.635557200850786, "train_sc_a": [9.736032382697358], "train_sc_v": [7.322054292054397], "val_sc_a": 0, "val_sc_v": 0, "total_sc_a": 0, "total_sc_v": 0}