{"c1": 0.019735895036468054, "c2": 0.11895391485314562, "ch1": -0.3380301313303538, "ch2": 0.07048318012896314, "di": 45.23604265307689, "dj": 50.68022954204917, "dk": 19.39579850979333, "vw_i": 5.749523953524084, "vw_j": -1.1984031598320437, "kt": 4.02213497341251, "train_sc_a": [3.118039008801026], "train_sc_v": [1.3585786115506457], "val_sc_a": 0, "val_sc_v": 0, "total_sc_a": 0, "total_sc_v": 0}