{"c1": 0.019772727580190545, "c2": 0.1219445886098381, "ch1": -0.4801810170313044, "ch2": 0.061878684829391496, "di": 57.58532042325095, "dj": 50.905874915915874, "dk": 5.574307132062681, "vw_i": 2.1235264040202235, "vw_j": -6.831604746289206, "kt": 4.3196952888732865, "train_sc_a": [5.310483098528969], "train_sc_v": [3.430142314317732], "val_sc_a": 0, "val_sc_v": 0, "total_sc_a": 0, "total_sc_v": 0}