{"c1": 0.018914122452856667, "c2": 0.13237263672817332, "ch1": -0.6311898697500077, "ch2": 0.048245644969487536, "di": 50.12664053239156, "dj": 54.957975808221484, "dk": 8.07316988070797, "vw_i": 2.3601210806425983, "vw_j": -3.8628883864849284, "kt": 6.967935833209235, "train_sc_a": [1.0955392265593502], "train_sc_v": [1.1023181015360612], "val_sc_a": 0, "val_sc_v": 0, "total_sc_a": 0, "total_sc_v": 0}