{"c1": 0.019599767752618905, "c2": 0.10591704469758995, "ch1": -0.0226064767367053, "ch2": 0.08935501613750477, "di": 23.166214129096378, "dj": 2.1175735739700317, "dk": 10.661797908699345, "vw_i": -1.4121403296173496, "vw_j": -0.5629107827977391, "kt": 3.777209497978674, "train_sc_a": [1.1147504892200486], "train_sc_v": [1.2706145250672205], "val_sc_a": 0, "val_sc_v": 0, "total_sc_a": 0, "total_sc_v": 0}