{"c1": 0.020293468498819474, "c2": 0.10787186978644647, "ch1": 0.0073055507909392465, "ch2": 0.09583443446169715, "di": 21.371873772849142, "dj": 34.05724938938771, "dk": 15.44922762057178, "vw_i": -3.0517132621455154, "vw_j": -1.306946792344896, "kt": 1.8588853692571012, "train_sc_a": [1.6711053860847127], "train_sc_v": [0.6640022503032758], "val_sc_a": 0, "val_sc_v": 0, "total_sc_a": 0, "total_sc_v": 0}