{"c1": 0.018625913892077954, "c2": 0.12923827692967596, "ch1": -0.5228836673957322, "ch2": 0.05785226732786195, "di": 52.82928572463095, "dj": 49.086534762256726, "dk": 8.229153637930136, "vw_i": -2.191534747617843, "vw_j": -6.205761529891374, "kt": 4.151475928811388, "train_sc_a": [1.592903009436], "train_sc_v": [0.48033940877932946], "val_sc_a": 0, "val_sc_v": 0, "total_sc_a": 0, "total_sc_v": 0}