{"c1": 0.02093356311453122, "c2": 0.11966832675532098, "ch1": -0.7510296330464314, "ch2": 0.04167703242664597, "di": 46.169570247761555, "dj": 46.337416132008215, "dk": 13.324282363483253, "vw_i": 0.026633374479280714, "vw_j": -0.8592132514396073, "kt": 7.3043978830568514, "train_sc_a": [7.336732501013284], "train_sc_v": [5.445289591018257], "val_sc_a": 0, "val_sc_v": 0, "total_sc_a": 0, "total_sc_v": 0}