{"c1": 0.019015910847368235, "c2": 0.1296184910614908, "ch1": -0.6540144240348257, "ch2": 0.04371970934956894, "di": 52.12300638385508, "dj": 49.31851037772762, "dk": 10.009844920009082, "vw_i": 1.8318220374944283, "vw_j": -5.778139295759038, "kt": 5.513579520711359, "train_sc_a": [2.7968675449150755], "train_sc_v": [1.3609670985907139], "val_sc_a": 0, "val_sc_v": 0, "total_sc_a": 0, "total_sc_v": 0}