{"c1": 0.02069867198083257, "c2": 0.11761265500301427, "ch1": -0.6979179029727038, "ch2": 0.041956342474865856, "di": 47.93347339805728, "dj": 49.268418723802846, "dk": 4.3193593863670525, "vw_i": -0.1927802318581998, "vw_j": -2.8424523951946963, "kt": 6.759858703067271, "train_sc_a": [2.496392343229474], "train_sc_v": [1.2541597206421398], "val_sc_a": 0, "val_sc_v": 0, "total_sc_a": 0, "total_sc_v": 0}