{"c1": 0.019295384716935905, "c2": 0.12810817599743216, "ch1": -0.6283006518619906, "ch2": 0.046189612049253786, "di": 51.48365648532883, "dj": 53.00834329454646, "dk": 6.635680304882342, "vw_i": 1.6189060363312038, "vw_j": -5.6426170929592825, "kt": 4.887811825459061, "train_sc_a": [0.943179370275693], "train_sc_v": [0.6677879094384878], "val_sc_a": 0, "val_sc_v": 0, "total_sc_a": 0, "total_sc_v": 0}