{"c1": 0.020559261850054012, "c2": 0.11566298173350534, "ch1": -0.6155406708430045, "ch2": 0.050862055910981634, "di": 43.365446571475715, "dj": 46.41429492268115, "dk": 11.137278992919123, "vw_i": -0.5080415779094527, "vw_j": -2.2768081863400242, "kt": 4.123166673093599, "train_sc_a": [4.645256854665788], "train_sc_v": [2.502382746544029], "val_sc_a": 0, "val_sc_v": 0, "total_sc_a": 0, "total_sc_v": 0}