{"c1": 0.019385032342670916, "c2": 0.12479861914265987, "ch1": -0.5541968168758118, "ch2": 0.056398020924307166, "di": 48.517927582391394, "dj": 51.83029539538592, "dk": 6.197603722021418, "vw_i": 0.9073530972111123, "vw_j": -4.168543087334327, "kt": 4.345096246092759, "train_sc_a": [0.7503333665138532], "train_sc_v": [0.6138013287935213], "val_sc_a": 0, "val_sc_v": 0, "total_sc_a": 0, "total_sc_v": 0}