{"c1": 0.019126185222884704, "c2": 0.1257105280894917, "ch1": -0.5500407666848367, "ch2": 0.055902206894009765, "di": 49.01118235375889, "dj": 49.88458109477911, "dk": 15.342072113141109, "vw_i": -0.7837382824831561, "vw_j": -4.89191276971713, "kt": 4.506451950643002, "train_sc_a": [2.8956519744320426], "train_sc_v": [2.6828664016838837], "val_sc_a": 0, "val_sc_v": 0, "total_sc_a": 0, "total_sc_v": 0}