{"c1": 0.020131554142945474, "c2": 0.11994883263158079, "ch1": -0.5939214628110641, "ch2": 0.05329427639224654, "di": 46.879948634062536, "dj": 48.46773678906263, "dk": 3.8530893484446853, "vw_i": 1.641693190980598, "vw_j": -3.1466292025842786, "kt": 5.014434437854635, "train_sc_a": [2.0888682755514827], "train_sc_v": [1.6551933032853927], "val_sc_a": 0, "val_sc_v": 0, "total_sc_a": 0, "total_sc_v": 0}