{"c1": 0.019051867880841355, "c2": 0.12936290216322424, "ch1": -0.6553419234089557, "ch2": 0.043626697709479446, "di": 51.27982380113223, "dj": 50.03988842647256, "dk": 9.972748726666577, "vw_i": 1.8165486103377526, "vw_j": -5.663074665331012, "kt": 5.527055525305307, "train_sc_a": [2.6168812984662178], "train_sc_v": [0.9249542004597694], "val_sc_a": 0, "val_sc_v": 0, "total_sc_a": 0, "total_sc_v": 0}