{"c1": 0.019452496990335154, "c2": 0.12649588094850184, "ch1": -0.6746949082052887, "ch2": 0.04227478074463243, "di": 49.316050426814435, "dj": 49.55227757104529, "dk": 9.571643118997741, "vw_i": 1.598735072968029, "vw_j": -4.631813902686236, "kt": 5.661691786041259, "train_sc_a": [1.8299429222753654], "train_sc_v": [1.3867994543600681], "val_sc_a": 0, "val_sc_v": 0, "total_sc_a": 0, "total_sc_v": 0}