{"c1": 0.020077125467318414, "c2": 0.12036242146837749, "ch1": -0.5686845362881289, "ch2": 0.05511833623884962, "di": 48.92889265716815, "dj": 49.818995398744164, "dk": 3.924111577510968, "vw_i": 2.3088345784058055, "vw_j": -3.856822429416442, "kt": 5.0124021079834975, "train_sc_a": [0.6682241067538159], "train_sc_v": [0.615093751282834], "val_sc_a": 0, "val_sc_v": 0, "total_sc_a": 0, "total_sc_v": 0}