{"c1": 0.01903229447437343, "c2": 0.10934957320097749, "ch1": 0.01720230991839838, "ch2": 0.09220380849294524, "di": 25.853262608487043, "dj": 2.17762434323061, "dk": 11.451145668362932, "vw_i": 1.2477336640658934, "vw_j": 0.2690862433713318, "kt": 4.260144972822235, "train_sc_a": [1.108014009859289], "train_sc_v": [0.3306526368202709], "val_sc_a": 0, "val_sc_v": 0, "total_sc_a": 0, "total_sc_v": 0}