{"c1": 0.02057189974259019, "c2": 0.11980017145921627, "ch1": -0.6184627253879462, "ch2": 0.04877694433216626, "di": 53.65869466915091, "dj": 54.09832095148081, "dk": 9.346724955144685, "vw_i": 0.5742321852027346, "vw_j": -4.757677609649768, "kt": 7.044871797272563, "train_sc_a": [2.2100426805103908], "train_sc_v": [1.113130084126793], "val_sc_a": 0, "val_sc_v": 0, "total_sc_a": 0, "total_sc_v": 0}