{"c1": 0.018649377292647266, "c2": 0.11308382367810342, "ch1": -0.024639895845797583, "ch2": 0.08950979305325726, "di": 24.19000963834747, "dj": 2.503217123644948, "dk": 13.326765260869136, "vw_i": -0.7094439208864469, "vw_j": -0.22013125138456335, "kt": 4.333396021366929, "train_sc_a": [0.2942091090070116], "train_sc_v": [0.06699577905380105], "val_sc_a": 0, "val_sc_v": 0, "total_sc_a": 0, "total_sc_v": 0}