{"c1": 0.020004437424509462, "c2": 0.11078559870050342, "ch1": -0.03687724826184423, "ch2": 0.09183438354927405, "di": 25.653117901095477, "dj": 27.949772480124796, "dk": 14.035567905438729, "vw_i": -0.8291001126738627, "vw_j": 0.16479523221285403, "kt": 2.9659791543092533, "train_sc_a": [0.2089481190881147], "train_sc_v": [0.0870476757829131], "val_sc_a": 0, "val_sc_v": 0, "total_sc_a": 0, "total_sc_v": 0}