{"c1": 0.01820011493789765, "c2": 0.11294836654094549, "ch1": -0.021423885182252474, "ch2": 0.09026374535569925, "di": 6.632691759000307, "dj": 2.65826113476078, "dk": 4.275539843720548, "vw_i": -1.570685139966824, "vw_j": -0.8517651253671763, "kt": 4.684329135248429, "train_sc_a": [0.5688298025604458], "train_sc_v": [0.161557303784106], "val_sc_a": 0, "val_sc_v": 0, "total_sc_a": 0, "total_sc_v": 0}