{"c1": 0.021504150697117023, "c2": 0.10598121247793478, "ch1": -0.5508440701567199, "ch2": 0.05492043800474013, "di": 48.607870614506425, "dj": 49.852709175264785, "dk": 8.282777598251819, "vw_i": 1.1603982956755048, "vw_j": -4.243441666769549, "kt": 4.451090815963633, "train_sc_a": [1.6367133392921156], "train_sc_v": [0.7221993905603402], "val_sc_a": 0, "val_sc_v": 0, "total_sc_a": 0, "total_sc_v": 0}