{"c1": 0.021207121066822817, "c2": 0.11465038182501242, "ch1": -0.6269887500130477, "ch2": 0.048218086651657756, "di": 53.05047136198239, "dj": 52.44590031408828, "dk": 3.4881419665912468, "vw_i": 2.344021604360592, "vw_j": -4.630865261226813, "kt": 6.3898925429793945, "train_sc_a": [3.239875066302383], "train_sc_v": [1.385724785966784], "val_sc_a": 0, "val_sc_v": 0, "total_sc_a": 0, "total_sc_v": 0}