{"c1": 0.020159766088504824, "c2": 0.11867436431529983, "ch1": -0.520071074834346, "ch2": 0.05861618548934337, "di": 50.81036535574729, "dj": 51.19221405905867, "dk": 11.965925717264389, "vw_i": -0.2745911203658995, "vw_j": -4.759427273976386, "kt": 4.190168035512078, "train_sc_a": [0.8674334276935317], "train_sc_v": [0.2383313696457005], "val_sc_a": 0, "val_sc_v": 0, "total_sc_a": 0, "total_sc_v": 0}