{"c1": 0.019296998384929244, "c2": 0.12470792554658004, "ch1": -0.5726186373300322, "ch2": 0.05527194375141107, "di": 49.27490211786688, "dj": 49.59169081515215, "dk": 6.7587095635603225, "vw_i": -0.16933625122054294, "vw_j": -2.717940911006896, "kt": 4.347378164600706, "train_sc_a": [2.0769697048245246], "train_sc_v": [0.7207845555644923], "val_sc_a": 0, "val_sc_v": 0, "total_sc_a": 0, "total_sc_v": 0}