{"c1": 0.018887227968761123, "c2": 0.11070116615484225, "ch1": -0.001728276500198101, "ch2": 0.09097883742043458, "di": 22.67397513616048, "dj": 4.153416202254385, "dk": 7.041133037697319, "vw_i": -1.5966326651064615, "vw_j": -1.0708000547342391, "kt": 3.6359046332498877, "train_sc_a": [0.8219817857576599], "train_sc_v": [0.15136015847709278], "val_sc_a": 0, "val_sc_v": 0, "total_sc_a": 0, "total_sc_v": 0}