{"c1": 0.020906540353463218, "c2": 0.11988191894900864, "ch1": -0.6444901018700777, "ch2": 0.05007512051966039, "di": 52.9025448164488, "dj": 52.74267971047812, "dk": 13.41776958995841, "vw_i": -1.3750639047366462, "vw_j": -5.4029846959731165, "kt": 7.329144780428955, "train_sc_a": [2.4983885808807], "train_sc_v": [0.49695108402409544], "val_sc_a": 0, "val_sc_v": 0, "total_sc_a": 0, "total_sc_v": 0}