{"c1": 0.020652382443418268, "c2": 0.10445719007306137, "ch1": 0.0322239929693463, "ch2": 0.09410723290160822, "di": 21.54998649498275, "dj": 19.132280481380455, "dk": 21.636666336440793, "vw_i": 4.094042420129766, "vw_j": 1.8279024260266143, "kt": 2.8945500832323794, "train_sc_a": [1.1923189215551508], "train_sc_v": [0.42093498714370203], "val_sc_a": 0, "val_sc_v": 0, "total_sc_a": 0, "total_sc_v": 0}