{"c1": 0.019189977994824022, "c2": 0.12555315202604297, "ch1": -0.5256005598235838, "ch2": 0.05775612892897833, "di": 47.28355684746164, "dj": 54.46047241908357, "dk": 11.38087125279634, "vw_i": -2.0594416147810333, "vw_j": -5.976500372280114, "kt": 4.209188727849366, "train_sc_a": [0.9073599673867191], "train_sc_v": [0.27133716072527037], "val_sc_a": 0, "val_sc_v": 0, "total_sc_a": 0, "total_sc_v": 0}