{"c1": 0.018030388766675717, "c2": 0.11410907593253937, "ch1": -0.020756427864956125, "ch2": 0.09031400079451186, "di": 6.618543843986724, "dj": 2.702172099183638, "dk": 4.171551199450725, "vw_i": -1.5628419978445784, "vw_j": -0.8521826299793707, "kt": 4.671558970882954, "train_sc_a": [0.5663603501992998], "train_sc_v": [0.1139044748973863], "val_sc_a": 0, "val_sc_v": 0, "total_sc_a": 0, "total_sc_v": 0}