{"c1": 0.02064309616415472, "c2": 0.11150749666877915, "ch1": -0.43777367160890207, "ch2": 0.062346089483971245, "di": 41.074999718098645, "dj": 43.8254835341425, "dk": 20.084139031661945, "vw_i": 2.052221608087244, "vw_j": 0.8741476370036644, "kt": 4.989004092036895, "train_sc_a": [3.4731286588895824], "train_sc_v": [3.6464212393151354], "val_sc_a": 0, "val_sc_v": 0, "total_sc_a": 0, "total_sc_v": 0}