{"c1": 0.019052049032884072, "c2": 0.10702707731149322, "ch1": 0.01824672784368619, "ch2": 0.0928498510981871, "di": 7.020353858442059, "dj": 4.240727511672215, "dk": 4.924938595781722, "vw_i": -1.8161535701880116, "vw_j": -0.6908627543867192, "kt": 3.8527079793573393, "train_sc_a": [0.562702557783306], "train_sc_v": [0.1535200304234425], "val_sc_a": 0, "val_sc_v": 0, "total_sc_a": 0, "total_sc_v": 0}