{"c1": 0.020901613985962842, "c2": 0.10937267696733242, "ch1": -0.3605928575809161, "ch2": 0.06870842110977594, "di": 42.62831623790057, "dj": 48.06439224620729, "dk": 19.474450214112228, "vw_i": 1.3481755504880546, "vw_j": -2.140150356207396, "kt": 5.012948521425798, "train_sc_a": [0.974081376574427], "train_sc_v": [0.7362260938824574], "val_sc_a": 0, "val_sc_v": 0, "total_sc_a": 0, "total_sc_v": 0}