{"c1": 0.020265534873808257, "c2": 0.11806179467003725, "ch1": -0.5597603941630179, "ch2": 0.055655429537650375, "di": 50.29465379562013, "dj": 49.27926370648523, "dk": 4.445932832217487, "vw_i": 1.265283335471021, "vw_j": -4.438166898477681, "kt": 4.26666284006833, "train_sc_a": [2.181697441683168], "train_sc_v": [1.9005924045938318], "val_sc_a": 0, "val_sc_v": 0, "total_sc_a": 0, "total_sc_v": 0}