{"c1": 0.019817814340922068, "c2": 0.12233481653293532, "ch1": -0.5678088004278758, "ch2": 0.055200573998595626, "di": 48.313320292023214, "dj": 50.53691087569597, "dk": 4.425627109474379, "vw_i": 2.3394147528721865, "vw_j": -3.900405085146832, "kt": 5.0034025748980815, "train_sc_a": [0.5442456301423919], "train_sc_v": [0.3752536453367422], "val_sc_a": 0, "val_sc_v": 0, "total_sc_a": 0, "total_sc_v": 0}