{"c1": 0.01892160325884003, "c2": 0.10965977108549624, "ch1": 0.04768993365436988, "ch2": 0.094406715995715, "di": 26.78361675057842, "dj": 5.673599553346839, "dk": 13.715152171115655, "vw_i": -0.8663828071691191, "vw_j": -0.052356074680554754, "kt": 4.204612533339914, "train_sc_a": [1.8522746922525286], "train_sc_v": [1.553032787802015], "val_sc_a": 0, "val_sc_v": 0, "total_sc_a": 0, "total_sc_v": 0}