{"c1": 0.018641985319212514, "c2": 0.12912842804058758, "ch1": -0.46067712244880243, "ch2": 0.06216106373502049, "di": 59.294188079703325, "dj": 49.603236727398844, "dk": 8.245876118734257, "vw_i": -1.356375851893248, "vw_j": -8.334627587343878, "kt": 4.135301353111538, "train_sc_a": [6.328055318413601], "train_sc_v": [3.273456685382423], "val_sc_a": 0, "val_sc_v": 0, "total_sc_a": 0, "total_sc_v": 0}