{"c1": 0.020129422773376766, "c2": 0.11996424223838807, "ch1": -0.5649550297174265, "ch2": 0.055403569786689935, "di": 50.50015353565128, "dj": 48.66953194905117, "dk": 3.843698395576859, "vw_i": 2.3008401755462873, "vw_j": -4.024295164832134, "kt": 5.011547403535683, "train_sc_a": [0.3485823086497604], "train_sc_v": [0.17179282774697624], "val_sc_a": 0, "val_sc_v": 0, "total_sc_a": 0, "total_sc_v": 0}