{"c1": 0.01973295037818731, "c2": 0.12507634355563757, "ch1": -0.6290244095039201, "ch2": 0.046312057834613604, "di": 56.12172331187312, "dj": 47.591489521987846, "dk": 7.9521695386071904, "vw_i": 1.362878753025246, "vw_j": -4.636615713484963, "kt": 5.059509046311404, "train_sc_a": [9.606981875828893], "train_sc_v": [4.485675118564044], "val_sc_a": 0, "val_sc_v": 0, "total_sc_a": 0, "total_sc_v": 0}