{"c1": 0.01883882818312799, "c2": 0.1328621934452254, "ch1": -0.6214284289184555, "ch2": 0.04888621437547617, "di": 51.167120714573045, "dj": 55.053302522220285, "dk": 7.67100908002144, "vw_i": 2.4523897026934263, "vw_j": -4.269538707642977, "kt": 6.962551445558843, "train_sc_a": [0.8262291356900776], "train_sc_v": [0.7377012984070225], "val_sc_a": 0, "val_sc_v": 0, "total_sc_a": 0, "total_sc_v": 0}