{"c1": 0.019588520803931787, "c2": 0.12287976011178144, "ch1": -0.5178010762832822, "ch2": 0.058569712375723997, "di": 50.36132598614852, "dj": 52.18574043723378, "dk": 12.507075622030925, "vw_i": -1.2520594542505883, "vw_j": -5.124524009509414, "kt": 4.22899678019576, "train_sc_a": [0.905711285200487], "train_sc_v": [0.5705126027227556], "val_sc_a": 0, "val_sc_v": 0, "total_sc_a": 0, "total_sc_v": 0}