{"c1": 0.02042892093987322, "c2": 0.11727228899958163, "ch1": -0.5529784656939168, "ch2": 0.05698656246817039, "di": 48.881316278412164, "dj": 52.75048067811965, "dk": 5.765686748681956, "vw_i": -3.0093571591766466, "vw_j": -4.9282580651552585, "kt": 4.303246978911635, "train_sc_a": [1.8849375699780784], "train_sc_v": [1.132824468899682], "val_sc_a": 0, "val_sc_v": 0, "total_sc_a": 0, "total_sc_v": 0}