{"c1": 0.01873933631942591, "c2": 0.13148893167991202, "ch1": -0.747443677098717, "ch2": 0.03698675988759882, "di": 35.10528420136919, "dj": 52.53064010391899, "dk": 9.41416735075158, "vw_i": 1.8302086543380256, "vw_j": -2.2823025949452624, "kt": 5.28372127669881, "train_sc_a": [7.735301079170912], "train_sc_v": [5.079862379624892], "val_sc_a": 0, "val_sc_v": 0, "total_sc_a": 0, "total_sc_v": 0}