{"c1": 0.0199528581275057, "c2": 0.12024216199071698, "ch1": -0.5396600154026351, "ch2": 0.057201060625161844, "di": 47.61317022169262, "dj": 51.72093732315328, "dk": 11.847609621747027, "vw_i": 1.3965711408655965, "vw_j": -3.820986303684516, "kt": 4.201759009954252, "train_sc_a": [3.086199826138359], "train_sc_v": [0.956561577629074], "val_sc_a": 0, "val_sc_v": 0, "total_sc_a": 0, "total_sc_v": 0}