{"c1": 0.018602830449387917, "c2": 0.11318299248311366, "ch1": 0.006687831904284745, "ch2": 0.09157434233507651, "di": 24.58222075783652, "dj": 2.893551387749458, "dk": 12.476315198119009, "vw_i": 0.7891547119757379, "vw_j": -0.18185312218784222, "kt": 4.258582653804781, "train_sc_a": [0.52107138749213], "train_sc_v": [0.2741735759435724], "val_sc_a": 0, "val_sc_v": 0, "total_sc_a": 0, "total_sc_v": 0}