{"c1": 0.020935804013515392, "c2": 0.11253725160519404, "ch1": -0.5279521264536238, "ch2": 0.058258859564148044, "di": 52.5034737838428, "dj": 50.38291644838048, "dk": 8.276221487455343, "vw_i": 2.0617488992326827, "vw_j": -3.6483614989141557, "kt": 4.191372279307774, "train_sc_a": [0.9224918915352619], "train_sc_v": [0.3755939019293726], "val_sc_a": 0, "val_sc_v": 0, "total_sc_a": 0, "total_sc_v": 0}