{"c1": 0.018985843205506826, "c2": 0.11005065979920377, "ch1": -0.008646364481901772, "ch2": 0.09066335163090157, "di": 20.01628193628729, "dj": 6.280913921872451, "dk": 7.657462656052129, "vw_i": -1.19441222909946, "vw_j": -0.504908404214, "kt": 3.1230845024222176, "train_sc_a": [0.729728839453282], "train_sc_v": [1.7938762236699939], "val_sc_a": 0, "val_sc_v": 0, "total_sc_a": 0, "total_sc_v": 0}