{"c1": 0.019443625383061058, "c2": 0.12363379644584378, "ch1": -0.5274979108794179, "ch2": 0.058307056387510596, "di": 52.18954466893943, "dj": 50.763949035470326, "dk": 6.666771466172364, "vw_i": 1.8884622982981027, "vw_j": -3.494892685171166, "kt": 4.310720634550526, "train_sc_a": [0.3250137306662463], "train_sc_v": [0.06107775348677249], "val_sc_a": 0, "val_sc_v": 0, "total_sc_a": 0, "total_sc_v": 0}