{"c1": 0.02056498435730231, "c2": 0.11561863927342148, "ch1": -0.578281539309158, "ch2": 0.05390298552311946, "di": 46.80285130968956, "dj": 47.865596991448356, "dk": 11.12636109679447, "vw_i": 0.7108281278638457, "vw_j": -2.8988049156823243, "kt": 4.1679339370658335, "train_sc_a": [2.7968342565760316], "train_sc_v": [1.1559295385780168], "val_sc_a": 0, "val_sc_v": 0, "total_sc_a": 0, "total_sc_v": 0}