{"c1": 0.018921487475574036, "c2": 0.12744217138976519, "ch1": -0.5436417244397433, "ch2": 0.056552309658792925, "di": 50.08105214988999, "dj": 49.656658361297914, "dk": 11.164486372445118, "vw_i": -0.9820617217204533, "vw_j": -4.670254303533914, "kt": 4.20645128978451, "train_sc_a": [0.87620552284535], "train_sc_v": [0.4632375501514578], "val_sc_a": 0, "val_sc_v": 0, "total_sc_a": 0, "total_sc_v": 0}