{"c1": 0.020257710520794454, "c2": 0.11900242476917351, "ch1": -0.5426771002461561, "ch2": 0.057057559940525186, "di": 47.65765667329613, "dj": 53.560016986204204, "dk": 4.4179956607187005, "vw_i": 1.0808258137141318, "vw_j": -4.041635748443603, "kt": 4.525048602075347, "train_sc_a": [1.2417616437881889], "train_sc_v": [1.0845003187258508], "val_sc_a": 0, "val_sc_v": 0, "total_sc_a": 0, "total_sc_v": 0}