{"c1": 0.0190392552582738, "c2": 0.10962565272445812, "ch1": 0.013322806179691728, "ch2": 0.09204310743668137, "di": 22.64855645552255, "dj": 4.441727347751686, "dk": 7.10227366923744, "vw_i": -2.0046026296122212, "vw_j": -0.9553878895408485, "kt": 3.6262486765008624, "train_sc_a": [0.3350456077257168], "train_sc_v": [0.03775773317685078], "val_sc_a": 0, "val_sc_v": 0, "total_sc_a": 0, "total_sc_v": 0}