{"c1": 0.019290529307759735, "c2": 0.11940044436344331, "ch1": -0.3355171859366218, "ch2": 0.06977507391389434, "di": 45.251555977110044, "dj": 47.34607467097429, "dk": 13.024917227340566, "vw_i": 5.0826941013177205, "vw_j": -0.2582599487180275, "kt": 4.803985992659745, "train_sc_a": [1.2183465080783336], "train_sc_v": [0.33883860887015504], "val_sc_a": 0, "val_sc_v": 0, "total_sc_a": 0, "total_sc_v": 0}