{"c1": 0.020556303203262814, "c2": 0.11424818227052135, "ch1": -0.5454789458784587, "ch2": 0.05518544718909606, "di": 51.268475388686355, "dj": 48.4333420522769, "dk": 13.571444402686542, "vw_i": 3.2644134284617845, "vw_j": -4.206539875115578, "kt": 4.514623071481251, "train_sc_a": [1.5892805410315158], "train_sc_v": [1.3101808951862488], "val_sc_a": 0, "val_sc_v": 0, "total_sc_a": 0, "total_sc_v": 0}