{"c1": 0.018840909000812384, "c2": 0.11186588339400153, "ch1": 0.007528100303878654, "ch2": 0.09167231691560335, "di": 24.180668422664162, "dj": 3.03548031005763, "dk": 13.580406200893268, "vw_i": -0.7641682457093064, "vw_j": -0.12216679481544504, "kt": 3.775895859661152, "train_sc_a": [1.7233071166762068], "train_sc_v": [0.3077575576709696], "val_sc_a": 0, "val_sc_v": 0, "total_sc_a": 0, "total_sc_v": 0}