{"c1": 0.020176022603367802, "c2": 0.12474300497897009, "ch1": -0.6690533356590829, "ch2": 0.04732567438772434, "di": 49.87080872321777, "dj": 52.60785780287031, "dk": 10.820299513086383, "vw_i": 2.729553379617245, "vw_j": -4.990009140518347, "kt": 6.707125820424284, "train_sc_a": [1.356156538154995], "train_sc_v": [0.25371308119099234], "val_sc_a": 0, "val_sc_v": 0, "total_sc_a": 0, "total_sc_v": 0}