{"c1": 0.019456698189904906, "c2": 0.12459645059698986, "ch1": -0.5282220257746582, "ch2": 0.05834055470267409, "di": 51.7416361264541, "dj": 53.23929869806966, "dk": 12.385407900365204, "vw_i": 0.23054268439235326, "vw_j": -3.8449219552736387, "kt": 4.592258995880664, "train_sc_a": [1.567074219533798], "train_sc_v": [0.5106242721353658], "val_sc_a": 0, "val_sc_v": 0, "total_sc_a": 0, "total_sc_v": 0}