{"c1": 0.019823612952280672, "c2": 0.12448798706869768, "ch1": -0.6343957855683469, "ch2": 0.04768946629827177, "di": 52.172298254016084, "dj": 55.2052572862074, "dk": 6.133156803480306, "vw_i": -1.0809332201301165, "vw_j": -5.4405213554119864, "kt": 6.614689078632187, "train_sc_a": [1.9788150634957014], "train_sc_v": [1.054922938435341], "val_sc_a": 0, "val_sc_v": 0, "total_sc_a": 0, "total_sc_v": 0}