{"c1": 0.01871414787483884, "c2": 0.11206923532801943, "ch1": -0.018408141520925143, "ch2": 0.09000434743711648, "di": 20.008840797545037, "dj": 6.17632271908689, "dk": 7.775606015363208, "vw_i": -0.8497834923757859, "vw_j": -0.40027618122453784, "kt": 3.125725578907057, "train_sc_a": [1.055840741565182], "train_sc_v": [0.1255337732757964], "val_sc_a": 0, "val_sc_v": 0, "total_sc_a": 0, "total_sc_v": 0}