{"c1": 0.01979252140852364, "c2": 0.12471755499768007, "ch1": -0.5948555250627131, "ch2": 0.05064232919948727, "di": 58.006465142593775, "dj": 54.059651717040325, "dk": 6.159770375369687, "vw_i": -1.2315868665187903, "vw_j": -7.018808789626394, "kt": 6.662204113391135, "train_sc_a": [3.3103716849147182], "train_sc_v": [2.4372991231182493], "val_sc_a": 0, "val_sc_v": 0, "total_sc_a": 0, "total_sc_v": 0}