{"c1": 0.020178467576205842, "c2": 0.12392747382445451, "ch1": -0.7263417077724788, "ch2": 0.04269544409570114, "di": 46.81202712633077, "dj": 47.62356410778152, "dk": 11.541117514750326, "vw_i": 3.6171681598859324, "vw_j": -2.055066810102307, "kt": 6.544386104702374, "train_sc_a": [2.8689036372928545], "train_sc_v": [1.6178151549601487], "val_sc_a": 0, "val_sc_v": 0, "total_sc_a": 0, "total_sc_v": 0}