{"c1": 0.020358640586723032, "c2": 0.12046272256085107, "ch1": -0.691027268886228, "ch2": 0.04239592650174173, "di": 49.58702644943949, "dj": 45.87325170801569, "dk": 7.966809030927781, "vw_i": 3.6083359033039764, "vw_j": -0.42120393626361885, "kt": 6.215114639791544, "train_sc_a": [5.071469025169396], "train_sc_v": [2.490319361065865], "val_sc_a": 0, "val_sc_v": 0, "total_sc_a": 0, "total_sc_v": 0}