{"c1": 0.018818420002317204, "c2": 0.11940686287612796, "ch1": -0.056175911278991, "ch2": 0.0904935865723386, "di": 25.569525665416272, "dj": 27.695025400539343, "dk": 13.89683583107292, "vw_i": -0.2092585895094842, "vw_j": -0.025861087439844523, "kt": 2.964674489260744, "train_sc_a": [0.6480331656831253], "train_sc_v": [0.2022219803937056], "val_sc_a": 0, "val_sc_v": 0, "total_sc_a": 0, "total_sc_v": 0}