{"c1": 0.019171273302384124, "c2": 0.12718331086089407, "ch1": -0.4643969765989109, "ch2": 0.06284186996891401, "di": 59.77064680278985, "dj": 50.715343924057585, "dk": 5.5598299976174435, "vw_i": 4.595289662842311, "vw_j": -7.231289780090096, "kt": 4.969610545773607, "train_sc_a": [6.328354378274303], "train_sc_v": [3.232559087647114], "val_sc_a": 0, "val_sc_v": 0, "total_sc_a": 0, "total_sc_v": 0}