{"c1": 0.019528130260233863, "c2": 0.12957352216050882, "ch1": -0.6436317666727216, "ch2": 0.04947972967937981, "di": 52.20519496836196, "dj": 53.07483052874926, "dk": 11.456952047087707, "vw_i": 2.47156264862587, "vw_j": -5.715885933084957, "kt": 6.837236117545601, "train_sc_a": [4.682445198767915], "train_sc_v": [2.682523945409628], "val_sc_a": 0, "val_sc_v": 0, "total_sc_a": 0, "total_sc_v": 0}