{"c1": 0.019273283835653608, "c2": 0.13137004588974302, "ch1": -0.6381279295675485, "ch2": 0.0503388241596738, "di": 52.458346627759575, "dj": 54.07626149688256, "dk": 11.288332507205952, "vw_i": -0.789168493160929, "vw_j": -6.718396942288381, "kt": 6.940442229423913, "train_sc_a": [1.7837115809742206], "train_sc_v": [0.501267801921812], "val_sc_a": 0, "val_sc_v": 0, "total_sc_a": 0, "total_sc_v": 0}