{"c1": 0.020116793827611456, "c2": 0.12331365228865075, "ch1": -0.5860756568237123, "ch2": 0.0512017029810634, "di": 57.74108194745193, "dj": 53.90691743887675, "dk": 10.252224057121596, "vw_i": 0.9883332920685127, "vw_j": -6.100349371222656, "kt": 7.102867124731273, "train_sc_a": [2.305697095648754], "train_sc_v": [1.8060728713636767], "val_sc_a": 0, "val_sc_v": 0, "total_sc_a": 0, "total_sc_v": 0}