{"c1": 0.018533299116876515, "c2": 0.10970203767926404, "ch1": -0.016507729862859036, "ch2": 0.09108643994896563, "di": 6.678819013255183, "dj": 3.161964301020354, "dk": 1.7721919569949445, "vw_i": -2.0132690850632082, "vw_j": -0.903113450613333, "kt": 4.79153292567752, "train_sc_a": [0.3633764013130394], "train_sc_v": [0.25234424453146526], "val_sc_a": 0, "val_sc_v": 0, "total_sc_a": 0, "total_sc_v": 0}