{"c1": 0.019102472364388404, "c2": 0.10528386021982278, "ch1": -0.019002051441439415, "ch2": 0.09239151728748621, "di": 4.244641488431188, "dj": 3.20065436816816, "dk": 0.0, "vw_i": -2.855346617184021, "vw_j": -1.2565367945587689, "kt": 4.984093046817637, "train_sc_a": [0.3147712310250122], "train_sc_v": [0.05276969004850739], "val_sc_a": 0, "val_sc_v": 0, "total_sc_a": 0, "total_sc_v": 0}