{"c1": 0.020481420331391997, "c2": 0.11617657418704452, "ch1": -0.5791338995698455, "ch2": 0.05420849134890088, "di": 48.759343076864916, "dj": 47.04672260245568, "dk": 9.757168806215686, "vw_i": 1.256238005524689, "vw_j": -2.587119132049775, "kt": 4.142415475893957, "train_sc_a": [2.2374795952819895], "train_sc_v": [1.220399695284387], "val_sc_a": 0, "val_sc_v": 0, "total_sc_a": 0, "total_sc_v": 0}