{"c1": 0.0204456896016088, "c2": 0.11855534794965593, "ch1": -0.5410166502302411, "ch2": 0.05788649149725822, "di": 49.53924883104882, "dj": 53.033011485504936, "dk": 6.370274540521439, "vw_i": 0.6252264673885153, "vw_j": -6.189986675538996, "kt": 5.247954480461295, "train_sc_a": [2.4485129954738487], "train_sc_v": [1.04681467867654], "val_sc_a": 0, "val_sc_v": 0, "total_sc_a": 0, "total_sc_v": 0}