{"c1": 0.02063256343076289, "c2": 0.11784044445231197, "ch1": -0.6610513698778168, "ch2": 0.04316356676186099, "di": 48.007189722344656, "dj": 52.44845322762496, "dk": 4.920305165041166, "vw_i": 2.3812023646928306, "vw_j": -3.9796402784493794, "kt": 4.871268352246577, "train_sc_a": [2.123177406512251], "train_sc_v": [1.1325631186045404], "val_sc_a": 0, "val_sc_v": 0, "total_sc_a": 0, "total_sc_v": 0}