{"c1": 0.01935870166676355, "c2": 0.10779973413004314, "ch1": -0.00958369172058457, "ch2": 0.09039854322822688, "di": 23.71295996333822, "dj": 2.564813101720195, "dk": 11.3527275477015, "vw_i": -0.8374053084667393, "vw_j": -1.0743765473410416, "kt": 3.7792120085822645, "train_sc_a": [0.9100828678259137], "train_sc_v": [0.3006483434647576], "val_sc_a": 0, "val_sc_v": 0, "total_sc_a": 0, "total_sc_v": 0}