{"c1": 0.01861192920510407, "c2": 0.11986528390801687, "ch1": -0.2810361478720817, "ch2": 0.07255973681954607, "di": 25.68163652558732, "dj": 15.508403380365493, "dk": 6.868663058437124, "vw_i": -7.9524597632895, "vw_j": -4.801646267506564, "kt": 3.454699969578053, "train_sc_a": [0.6423126819038905], "train_sc_v": [0.6653545328027325], "val_sc_a": 0, "val_sc_v": 0, "total_sc_a": 0, "total_sc_v": 0}