{"c1": 0.01844046976377597, "c2": 0.1263895106077907, "ch1": -0.3542741137342881, "ch2": 0.06894817250319922, "di": 45.44518440809242, "dj": 45.65945007376542, "dk": 15.931618720489357, "vw_i": 3.5175039632571004, "vw_j": -0.2768337521113529, "kt": 4.7692347206725385, "train_sc_a": [0.43553694901613343], "train_sc_v": [0.2958218661878569], "val_sc_a": 0, "val_sc_v": 0, "total_sc_a": 0, "total_sc_v": 0}