{"c1": 0.019373732232297654, "c2": 0.1250588371451777, "ch1": -0.5193897569151641, "ch2": 0.058962149372105484, "di": 52.45541416073952, "dj": 53.388132180570395, "dk": 12.080217802093076, "vw_i": 0.3607977398912454, "vw_j": -4.260225287095304, "kt": 4.460093204923679, "train_sc_a": [0.8963215181930195], "train_sc_v": [0.20900400273236994], "val_sc_a": 0, "val_sc_v": 0, "total_sc_a": 0, "total_sc_v": 0}