{"c1": 0.01954694839304097, "c2": 0.11325498789412665, "ch1": -0.10418360489675518, "ch2": 0.08385023373130122, "di": 20.80622710843874, "dj": 11.61822293583266, "dk": 22.98993487170078, "vw_i": 4.033849127857043, "vw_j": 3.083340343366511, "kt": 3.087970389765146, "train_sc_a": [0.8229748466760746], "train_sc_v": [0.3086746445157112], "val_sc_a": 0, "val_sc_v": 0, "total_sc_a": 0, "total_sc_v": 0}