{"c1": 0.020085792350250972, "c2": 0.12252000483382702, "ch1": -0.7977547046177887, "ch2": 0.034372571490478974, "di": 47.149110811298854, "dj": 33.32838094667044, "dk": 8.174187514588898, "vw_i": 6.921038671778192, "vw_j": 2.1535143693656043, "kt": 5.861181073603171, "train_sc_a": [10.535802402415763], "train_sc_v": [10.752869676842518], "val_sc_a": 0, "val_sc_v": 0, "total_sc_a": 0, "total_sc_v": 0}