{"c1": 0.019664249396183116, "c2": 0.1249800638723832, "ch1": -0.7399299048171061, "ch2": 0.0376279846607066, "di": 46.03700800226541, "dj": 44.40760789253011, "dk": 9.601308123952396, "vw_i": 1.0689399032235316, "vw_j": -1.901644139227776, "kt": 5.7028722423553, "train_sc_a": [5.828731370451208], "train_sc_v": [4.833328972852503], "val_sc_a": 0, "val_sc_v": 0, "total_sc_a": 0, "total_sc_v": 0}