{"c1": 0.01890772357846911, "c2": 0.11813482907994749, "ch1": -0.1552303674697592, "ch2": 0.0863643527744639, "di": 38.35311613657373, "dj": 63.06389204711213, "dk": 5.326525941659501, "vw_i": -0.6626132110170585, "vw_j": 1.689004432813421, "kt": 2.9825918792675457, "train_sc_a": [0.4448487650929953], "train_sc_v": [0.08958698249321191], "val_sc_a": 0, "val_sc_v": 0, "total_sc_a": 0, "total_sc_v": 0}