{"c1": 0.01925333488615092, "c2": 0.12487657330850653, "ch1": -0.5664336652476394, "ch2": 0.05477631618487992, "di": 48.389928081292204, "dj": 48.48956818182793, "dk": 9.633886070734548, "vw_i": -3.1757079959489194, "vw_j": -5.068733771678646, "kt": 4.2873601166058775, "train_sc_a": [1.191946701782709], "train_sc_v": [0.4671237264407728], "val_sc_a": 0, "val_sc_v": 0, "total_sc_a": 0, "total_sc_v": 0}