{"c1": 0.020733612916497068, "c2": 0.11364897554933776, "ch1": -0.534146652975385, "ch2": 0.05717593604229824, "di": 46.77583645670762, "dj": 53.66711675903755, "dk": 9.709496325299257, "vw_i": -3.119009461504698, "vw_j": -7.658864137656053, "kt": 4.315939464762454, "train_sc_a": [1.4513788177175104], "train_sc_v": [0.6847929868273944], "val_sc_a": 0, "val_sc_v": 0, "total_sc_a": 0, "total_sc_v": 0}