{"c1": 0.019102472364388518, "c2": 0.10528386021982233, "ch1": -0.019002051441437174, "ch2": 0.09239151728748637, "di": 4.244641488431201, "dj": 3.2006543681681423, "dk": 0.0, "vw_i": -2.8553466171841446, "vw_j": -1.2565367945588548, "kt": 4.984093046817734, "train_sc_a": [0.31477123102500143], "train_sc_v": [0.05276969004849668], "val_sc_a": 0, "val_sc_v": 0, "total_sc_a": 0, "total_sc_v": 0}