{"c1": 0.020292333154012524, "c2": 0.1073209162564378, "ch1": -0.3204092740058618, "ch2": 0.07102611030544381, "di": 22.050716121115975, "dj": 20.167700400177115, "dk": 2.485832345947632, "vw_i": -6.3699495174712055, "vw_j": -2.527590933781081, "kt": 3.988396995004683, "train_sc_a": [0.9896005683235156], "train_sc_v": [0.7664854661847256], "val_sc_a": 0, "val_sc_v": 0, "total_sc_a": 0, "total_sc_v": 0}