{"c1": 0.019051559448836998, "c2": 0.12799656847929172, "ch1": -0.6164188532539217, "ch2": 0.05227649391491045, "di": 48.46238313323264, "dj": 45.480554449887066, "dk": 5.159882790630522, "vw_i": -0.5171224607783786, "vw_j": -3.225656899938482, "kt": 5.354769493128788, "train_sc_a": [2.9582426161239157], "train_sc_v": [2.4031774518311306], "val_sc_a": 0, "val_sc_v": 0, "total_sc_a": 0, "total_sc_v": 0}