{"c1": 0.01864171857838624, "c2": 0.11266995015675818, "ch1": -0.028907913213307185, "ch2": 0.08908137311744617, "di": 22.271868645257896, "dj": 3.797416524318243, "dk": 8.00706290044685, "vw_i": -1.1491110745460997, "vw_j": -1.013357786614694, "kt": 3.4579691620479114, "train_sc_a": [0.8398062308100999], "train_sc_v": [0.3606851843570355], "val_sc_a": 0, "val_sc_v": 0, "total_sc_a": 0, "total_sc_v": 0}