{"c1": 0.02045180241511493, "c2": 0.11302826555528495, "ch1": -0.3624381573752268, "ch2": 0.06855626624716062, "di": 44.13436959995709, "dj": 46.409980978905374, "dk": 20.453765775363387, "vw_i": 1.489008542022263, "vw_j": -2.1098819999153484, "kt": 4.9786648223927585, "train_sc_a": [0.8009290255018242], "train_sc_v": [0.42965786994422517], "val_sc_a": 0, "val_sc_v": 0, "total_sc_a": 0, "total_sc_v": 0}