{"c1": 0.02040161928189174, "c2": 0.10671673686413777, "ch1": -0.156475998778256, "ch2": 0.08145299157141987, "di": 25.753667979622314, "dj": 19.24400773203229, "dk": 10.930864026081363, "vw_i": -11.544551544342422, "vw_j": -6.306505080721701, "kt": 3.3021532933372013, "train_sc_a": [1.7861546226745835], "train_sc_v": [2.0058746884679284], "val_sc_a": 0, "val_sc_v": 0, "total_sc_a": 0, "total_sc_v": 0}