{"c1": 0.020121788798500725, "c2": 0.11920844308632911, "ch1": -0.5544599849791312, "ch2": 0.05593017875166347, "di": 50.676767759191556, "dj": 49.531995123174575, "dk": 0.0, "vw_i": 1.7404695749139232, "vw_j": -4.571600451908512, "kt": 4.310997183316799, "train_sc_a": [0.6771640221708125], "train_sc_v": [0.7413934546283996], "val_sc_a": 0, "val_sc_v": 0, "total_sc_a": 0, "total_sc_v": 0}