{"c1": 0.02054944066844377, "c2": 0.11665278313030147, "ch1": -0.6702814869483846, "ch2": 0.04726255516062014, "di": 48.36726256398109, "dj": 43.6059581002482, "dk": 11.390608094956022, "vw_i": 4.424935572895884, "vw_j": 2.7575245307438223, "kt": 4.7158932828544815, "train_sc_a": [5.126121323165591], "train_sc_v": [4.490614919223957], "val_sc_a": 0, "val_sc_v": 0, "total_sc_a": 0, "total_sc_v": 0}