{"c1": 0.019382144377416116, "c2": 0.12699949596805823, "ch1": -0.6530212349026063, "ch2": 0.04381863213511365, "di": 50.405479382842564, "dj": 51.261542469545404, "dk": 9.561787218648186, "vw_i": 1.7747542041516928, "vw_j": -5.538885422382476, "kt": 5.648009992480098, "train_sc_a": [1.0141942334956124], "train_sc_v": [1.3531244821804622], "val_sc_a": 0, "val_sc_v": 0, "total_sc_a": 0, "total_sc_v": 0}