{"c1": 0.021196514753803943, "c2": 0.1086571847127476, "ch1": -0.5510254550844911, "ch2": 0.05493239910243112, "di": 48.488662061683776, "dj": 50.005059718152914, "dk": 10.20756723330522, "vw_i": 1.1934491976235946, "vw_j": -4.321943393458737, "kt": 4.492935883948149, "train_sc_a": [1.488743645513093], "train_sc_v": [0.997526343696143], "val_sc_a": 0, "val_sc_v": 0, "total_sc_a": 0, "total_sc_v": 0}