{"c1": 0.01882928328381333, "c2": 0.1183136016977101, "ch1": -0.2802410818993093, "ch2": 0.07262667011371347, "di": 25.68562171031077, "dj": 15.252625981768922, "dk": 7.572564484845443, "vw_i": -8.018650226977456, "vw_j": -4.803003096748829, "kt": 3.4537584520758986, "train_sc_a": [0.33849111935579945], "train_sc_v": [0.20898832789752658], "val_sc_a": 0, "val_sc_v": 0, "total_sc_a": 0, "total_sc_v": 0}