{"c1": 0.019885285501808007, "c2": 0.12186965702281921, "ch1": -0.529670201854195, "ch2": 0.05830676964208212, "di": 50.714036761944726, "dj": 52.46418446329382, "dk": 7.608049966250567, "vw_i": 1.106832477149027, "vw_j": -4.8296510173413525, "kt": 4.495581989869081, "train_sc_a": [1.1382811624275984], "train_sc_v": [0.3321012477913193], "val_sc_a": 0, "val_sc_v": 0, "total_sc_a": 0, "total_sc_v": 0}