{"c1": 0.019240952500423784, "c2": 0.10567508459678071, "ch1": -0.39854517379408977, "ch2": 0.06377130807962293, "di": 4.94221484152453, "dj": 0.7272867684866936, "dk": 5.501070121563356, "vw_i": 2.9450774650577713, "vw_j": 0.9515081030791855, "kt": 4.030228985547015, "train_sc_a": [153.80784469998798], "train_sc_v": [142.07176950508446], "val_sc_a": 0, "val_sc_v": 0, "total_sc_a": 0, "total_sc_v": 0}