{"c1": 0.020312391282538002, "c2": 0.11750368530629358, "ch1": -0.5329009143475285, "ch2": 0.05774151647679882, "di": 49.71685345424209, "dj": 50.18521313318448, "dk": 10.251135233000323, "vw_i": -0.5506493956261795, "vw_j": -4.767723333793652, "kt": 4.031538060738246, "train_sc_a": [2.01680131222227], "train_sc_v": [0.4136424031691213], "val_sc_a": 0, "val_sc_v": 0, "total_sc_a": 0, "total_sc_v": 0}