{"c1": 0.018679253235449094, "c2": 0.13188920699936174, "ch1": -0.6826121847292692, "ch2": 0.041345170081202226, "di": 44.513437255598554, "dj": 52.62048787995721, "dk": 9.308593388052293, "vw_i": 3.16057966201653, "vw_j": -4.520808879992416, "kt": 5.284591376052031, "train_sc_a": [2.61440314924254], "train_sc_v": [1.6943149745377437], "val_sc_a": 0, "val_sc_v": 0, "total_sc_a": 0, "total_sc_v": 0}