{"c1": 0.020492836189873402, "c2": 0.11473803198697285, "ch1": -0.506084592383136, "ch2": 0.05822316538905888, "di": 56.24618993923433, "dj": 48.32400939081756, "dk": 13.584518833216809, "vw_i": 4.431929418745989, "vw_j": -5.244959854008656, "kt": 4.518858853980116, "train_sc_a": [5.1941165161435725], "train_sc_v": [3.799422878383281], "val_sc_a": 0, "val_sc_v": 0, "total_sc_a": 0, "total_sc_v": 0}