{"c1": 0.019102472364388536, "c2": 0.10528386021982226, "ch1": -0.01900205144143746, "ch2": 0.09239151728748635, "di": 4.244641488431203, "dj": 3.200654368168106, "dk": 0.0, "vw_i": -2.8553466171841664, "vw_j": -1.25653679455887, "kt": 4.984093046817752, "train_sc_a": [0.31477123102500043], "train_sc_v": [0.05276969004849316], "val_sc_a": 0, "val_sc_v": 0, "total_sc_a": 0, "total_sc_v": 0}