{"c1": 0.0189629907569317, "c2": 0.12716359408513275, "ch1": -0.5257723525671194, "ch2": 0.057751405385780545, "di": 51.85771411133418, "dj": 49.790442960815625, "dk": 11.324100049949555, "vw_i": -0.94931993729306, "vw_j": -5.444111470655848, "kt": 4.2027541741000505, "train_sc_a": [0.9555321563301759], "train_sc_v": [0.8006629957961131], "val_sc_a": 0, "val_sc_v": 0, "total_sc_a": 0, "total_sc_v": 0}