{"c1": 0.020329589972023693, "c2": 0.1070903228700118, "ch1": -0.14161915864197447, "ch2": 0.08098035682152473, "di": 18.290197973737715, "dj": 10.991762320099259, "dk": 22.637147190794813, "vw_i": 3.604885483353954, "vw_j": 2.902752666356604, "kt": 3.0858847453932827, "train_sc_a": [0.8268074877830452], "train_sc_v": [0.798966376100024], "val_sc_a": 0, "val_sc_v": 0, "total_sc_a": 0, "total_sc_v": 0}