{"c1": 0.019148560950877937, "c2": 0.12871803043723198, "ch1": -0.6999276861542726, "ch2": 0.04044850506016473, "di": 46.91760530259833, "dj": 47.597872351266176, "dk": 10.668031576802663, "vw_i": 2.058501752629336, "vw_j": -3.777026528761475, "kt": 5.3035668703375975, "train_sc_a": [3.766615525718831], "train_sc_v": [1.3214924224908042], "val_sc_a": 0, "val_sc_v": 0, "total_sc_a": 0, "total_sc_v": 0}