{"c1": 0.02131171847487842, "c2": 0.10218588765730419, "ch1": -0.3418491893750506, "ch2": 0.06859848580483115, "di": 43.38028888711201, "dj": 45.829389838258436, "dk": 7.783679827970557, "vw_i": 0.6323129358654158, "vw_j": -2.8746805656372514, "kt": 4.731164670154535, "train_sc_a": [1.0488816983696823], "train_sc_v": [0.4055189758763912], "val_sc_a": 0, "val_sc_v": 0, "total_sc_a": 0, "total_sc_v": 0}