{"c1": 0.019003318345977287, "c2": 0.12443876685964438, "ch1": -0.30358420367070355, "ch2": 0.07297646862017877, "di": 47.51941163294842, "dj": 47.30544230885474, "dk": 21.111129750498396, "vw_i": 1.394711858562282, "vw_j": -2.91556139881761, "kt": 4.5257889738854935, "train_sc_a": [0.899337105512838], "train_sc_v": [0.6224888339276182], "val_sc_a": 0, "val_sc_v": 0, "total_sc_a": 0, "total_sc_v": 0}