{"c1": 0.020655610162335504, "c2": 0.1044833645052194, "ch1": -0.3154095011387634, "ch2": 0.07121684888438085, "di": 21.93493561593719, "dj": 21.09617772090492, "dk": 1.4729162518971735, "vw_i": -6.488278360621579, "vw_j": -2.577115555470103, "kt": 4.014630353858119, "train_sc_a": [1.0933391498027638], "train_sc_v": [0.5356463128140733], "val_sc_a": 0, "val_sc_v": 0, "total_sc_a": 0, "total_sc_v": 0}