{"c1": 0.020331237532277988, "c2": 0.10643812993112992, "ch1": -0.5076659988894094, "ch2": 0.057136648581702656, "di": 21.71239717231189, "dj": 20.8802787943966, "dk": 0.0, "vw_i": -2.197077564824765, "vw_j": -0.8152702278176315, "kt": 2.8860875730343705, "train_sc_a": [7.690466926113009], "train_sc_v": [7.57524583255432], "val_sc_a": 0, "val_sc_v": 0, "total_sc_a": 0, "total_sc_v": 0}