{"c1": 0.020958317985141292, "c2": 0.1054936344588907, "ch1": -0.37574308470229445, "ch2": 0.0667346578548583, "di": 41.05324867481829, "dj": 45.356901147790865, "dk": 15.416096440851575, "vw_i": -0.244486241676963, "vw_j": -2.3164155778494457, "kt": 4.924153734166546, "train_sc_a": [1.9652753767495912], "train_sc_v": [1.7938266775754987], "val_sc_a": 0, "val_sc_v": 0, "total_sc_a": 0, "total_sc_v": 0}