{"c1": 0.01935680119880513, "c2": 0.12583208524589154, "ch1": -0.5750128891701882, "ch2": 0.05521609189964956, "di": 49.284634439693924, "dj": 50.04369949461535, "dk": 5.255352970751467, "vw_i": 0.8918873019517827, "vw_j": -3.8363086436301512, "kt": 5.334275954538958, "train_sc_a": [2.017950092841531], "train_sc_v": [1.231101046790608], "val_sc_a": 0, "val_sc_v": 0, "total_sc_a": 0, "total_sc_v": 0}