{"c1": 0.02099020109506062, "c2": 0.11646099382601108, "ch1": -0.6163647409898003, "ch2": 0.048902203413758616, "di": 53.738734164457234, "dj": 54.267806359131086, "dk": 8.063184479735208, "vw_i": 0.6991818415940512, "vw_j": -4.893346680814937, "kt": 6.891171002272718, "train_sc_a": [0.8766998728273643], "train_sc_v": [0.4664785765837145], "val_sc_a": 0, "val_sc_v": 0, "total_sc_a": 0, "total_sc_v": 0}