{"c1": 0.020328306722671018, "c2": 0.11831753023728755, "ch1": -0.5479506868011647, "ch2": 0.05687824792391952, "di": 51.104398395654805, "dj": 51.70493933523679, "dk": 11.226832977744133, "vw_i": 0.1742960216561472, "vw_j": -2.9915410578930652, "kt": 4.663321433900101, "train_sc_a": [1.7288769482670447], "train_sc_v": [0.9220415476825436], "val_sc_a": 0, "val_sc_v": 0, "total_sc_a": 0, "total_sc_v": 0}