{"c1": 0.01914854740401185, "c2": 0.10479994817909868, "ch1": -0.052355721986696115, "ch2": 0.08886864072604794, "di": 3.748051486681786, "dj": 3.099035840437189, "dk": 0.0, "vw_i": -2.6751271407643036, "vw_j": -1.2070145226596842, "kt": 4.981618019633816, "train_sc_a": [1.0684926315924967], "train_sc_v": [0.6680344133339211], "val_sc_a": 0, "val_sc_v": 0, "total_sc_a": 0, "total_sc_v": 0}