{"c1": 0.020492783115809047, "c2": 0.11550332902523795, "ch1": -0.5908451702488484, "ch2": 0.05284700103435226, "di": 46.50862541397019, "dj": 47.45895807473641, "dk": 9.589024797598636, "vw_i": -2.577350463824215, "vw_j": -4.257451840091248, "kt": 4.277547409824032, "train_sc_a": [0.8545515793386385], "train_sc_v": [0.23795760073730096], "val_sc_a": 0, "val_sc_v": 0, "total_sc_a": 0, "total_sc_v": 0}