{"c1": 0.019042229624645628, "c2": 0.1280675429855529, "ch1": -0.5210351344284989, "ch2": 0.0589542921030642, "di": 52.809491809579455, "dj": 51.18512579942368, "dk": 5.213024941885134, "vw_i": 3.3453764715870293, "vw_j": -5.139710500402865, "kt": 5.380819526065868, "train_sc_a": [6.241530713276545], "train_sc_v": [4.016942841171069], "val_sc_a": 0, "val_sc_v": 0, "total_sc_a": 0, "total_sc_v": 0}