{"c1": 0.020437849088625663, "c2": 0.11730717229835519, "ch1": -0.5689206841223536, "ch2": 0.05585147145147424, "di": 49.086931492905975, "dj": 50.83410217928519, "dk": 6.194424883481492, "vw_i": -2.424099488673222, "vw_j": -4.275813471207089, "kt": 4.321348698071558, "train_sc_a": [0.7627142061056594], "train_sc_v": [0.6480872411685452], "val_sc_a": 0, "val_sc_v": 0, "total_sc_a": 0, "total_sc_v": 0}