{"c1": 0.01987630926259044, "c2": 0.10094620059806059, "ch1": 0.005320439044328448, "ch2": 0.09183039709343391, "di": 6.925064123660992, "dj": 3.9443242941301033, "dk": 5.240002948088032, "vw_i": -1.5459492330988458, "vw_j": -0.5400792824220826, "kt": 4.2652309146371765, "train_sc_a": [0.6960783014501146], "train_sc_v": [0.3693922070964548], "val_sc_a": 0, "val_sc_v": 0, "total_sc_a": 0, "total_sc_v": 0}