{"c1": 0.020630980936924254, "c2": 0.12117927579296912, "ch1": -0.667831479077965, "ch2": 0.047413789842294274, "di": 50.747498579676396, "dj": 51.90209930292078, "dk": 9.973820950215377, "vw_i": 2.684984070181751, "vw_j": -5.188232443955235, "kt": 6.5645142219554895, "train_sc_a": [1.0322784872414688], "train_sc_v": [0.610288545151432], "val_sc_a": 0, "val_sc_v": 0, "total_sc_a": 0, "total_sc_v": 0}