{"c1": 0.019102494129049213, "c2": 0.10528363163061615, "ch1": -0.019028017742620185, "ch2": 0.09238878138907292, "di": 4.24437322904989, "dj": 3.2004520882905374, "dk": 0.0, "vw_i": -2.8552166366289846, "vw_j": -1.2564976345576881, "kt": 4.9840920912097735, "train_sc_a": [2.300041309110388], "train_sc_v": [2.486148117982896], "val_sc_a": 0, "val_sc_v": 0, "total_sc_a": 0, "total_sc_v": 0}