{"c1": 0.01990650136160392, "c2": 0.12569775998662672, "ch1": -0.559346215874497, "ch2": 0.05327738629185044, "di": 58.773543640297596, "dj": 54.70048037685608, "dk": 11.990826930806406, "vw_i": 4.0133040314724076, "vw_j": -6.665882067470098, "kt": 7.003420233590621, "train_sc_a": [4.511846461247929], "train_sc_v": [3.1022299126040465], "val_sc_a": 0, "val_sc_v": 0, "total_sc_a": 0, "total_sc_v": 0}