{"c1": 0.02012486172278945, "c2": 0.12323287624637701, "ch1": -0.6346464930249727, "ch2": 0.047498037017027095, "di": 52.651599023706275, "dj": 53.56047447956998, "dk": 9.987681474469326, "vw_i": -0.7396927669763431, "vw_j": -4.853882719174755, "kt": 7.012170127371639, "train_sc_a": [2.2459955750928007], "train_sc_v": [0.8274484858831963], "val_sc_a": 0, "val_sc_v": 0, "total_sc_a": 0, "total_sc_v": 0}