{"c1": 0.020154547927816138, "c2": 0.12493101224507792, "ch1": -0.6367034408966774, "ch2": 0.04984570136705198, "di": 52.2167072628363, "dj": 54.09187551871134, "dk": 10.97559730095142, "vw_i": 2.790071064824132, "vw_j": -6.245124493962281, "kt": 6.778959604190224, "train_sc_a": [2.1709848443407322], "train_sc_v": [0.7738593909069668], "val_sc_a": 0, "val_sc_v": 0, "total_sc_a": 0, "total_sc_v": 0}