{"c1": 0.019393627592976987, "c2": 0.12342121754658807, "ch1": -0.5557302942076315, "ch2": 0.05539382336970679, "di": 48.35410158497497, "dj": 50.01918628673279, "dk": 14.305208158592784, "vw_i": 0.5422060627358845, "vw_j": -4.421382992762116, "kt": 4.318646534735178, "train_sc_a": [0.9989796123564422], "train_sc_v": [0.3461787175192261], "val_sc_a": 0, "val_sc_v": 0, "total_sc_a": 0, "total_sc_v": 0}