{"c1": 0.018223885118252233, "c2": 0.13157898249635722, "ch1": -0.5419447342559363, "ch2": 0.05642191161096967, "di": 49.327513007509, "dj": 50.43518262108869, "dk": 11.737334957625265, "vw_i": -0.7804765236989325, "vw_j": -4.883218976679428, "kt": 4.5176092756664215, "train_sc_a": [0.8687878562191486], "train_sc_v": [0.5507420854362346], "val_sc_a": 0, "val_sc_v": 0, "total_sc_a": 0, "total_sc_v": 0}