{"c1": 0.01846682472319029, "c2": 0.11296839836467723, "ch1": -0.0006974420637549093, "ch2": 0.09086643123041264, "di": 26.83777820582846, "dj": 0.5910208661639249, "dk": 13.738583483384437, "vw_i": -1.2493226206937642, "vw_j": 0.3950059168769951, "kt": 4.226895008902706, "train_sc_a": [0.529210795620855], "train_sc_v": [0.23831894351360985], "val_sc_a": 0, "val_sc_v": 0, "total_sc_a": 0, "total_sc_v": 0}