{"c1": 0.019387576879364123, "c2": 0.12477978796613878, "ch1": -0.5555078096859976, "ch2": 0.056304316165875785, "di": 48.77671289888516, "dj": 51.4343492199332, "dk": 6.191985204698345, "vw_i": 0.9324147219808926, "vw_j": -4.091430321606028, "kt": 4.343683637157457, "train_sc_a": [0.6709280964839003], "train_sc_v": [0.44870776779529076], "val_sc_a": 0, "val_sc_v": 0, "total_sc_a": 0, "total_sc_v": 0}