{"c1": 0.019177485448069593, "c2": 0.10933747111205282, "ch1": 0.0741394307735701, "ch2": 0.09651014247890241, "di": 24.15951145201211, "dj": 4.246578365485041, "dk": 13.405820147263157, "vw_i": -1.5811770431204328, "vw_j": -1.2579706734127438, "kt": 3.5955979064012897, "train_sc_a": [1.0179086950849614], "train_sc_v": [0.833832724632588], "val_sc_a": 0, "val_sc_v": 0, "total_sc_a": 0, "total_sc_v": 0}