{"c1": 0.019209006507016048, "c2": 0.12668611821824205, "ch1": -0.5264941179293754, "ch2": 0.058630008151462416, "di": 49.78673987526327, "dj": 53.69311747395702, "dk": 6.305410097610624, "vw_i": 0.792592906646574, "vw_j": -5.025621340590156, "kt": 4.511604248530102, "train_sc_a": [1.786333816898149], "train_sc_v": [0.8783541348915556], "val_sc_a": 0, "val_sc_v": 0, "total_sc_a": 0, "total_sc_v": 0}