{"c1": 0.019034644474828073, "c2": 0.12658027138795483, "ch1": -0.5294425994365218, "ch2": 0.05745734677675074, "di": 47.716118299834584, "dj": 53.53760191428164, "dk": 10.571311203282667, "vw_i": -2.287264630046973, "vw_j": -5.932856394941749, "kt": 4.191722620557594, "train_sc_a": [0.8335222113209299], "train_sc_v": [0.38804484229716807], "val_sc_a": 0, "val_sc_v": 0, "total_sc_a": 0, "total_sc_v": 0}