{"c1": 0.021660052088462715, "c2": 0.09917812134473847, "ch1": -0.20160302363381297, "ch2": 0.08207766864548231, "di": 41.02452829173162, "dj": 55.068787293551026, "dk": 13.419295092545436, "vw_i": 7.532420543255429, "vw_j": 2.445195040534321, "kt": 4.920151351940262, "train_sc_a": [8.36560762428773], "train_sc_v": [5.978751930757325], "val_sc_a": 0, "val_sc_v": 0, "total_sc_a": 0, "total_sc_v": 0}