{"c1": 0.019275482321391507, "c2": 0.12826223038952714, "ch1": -0.6344124177116046, "ch2": 0.04568481582193022, "di": 50.16382595761476, "dj": 53.6087048116619, "dk": 6.936657818138424, "vw_i": 1.6044553910298625, "vw_j": -5.543351697062459, "kt": 4.863109901593408, "train_sc_a": [0.5405336444287805], "train_sc_v": [0.23227039252219217], "val_sc_a": 0, "val_sc_v": 0, "total_sc_a": 0, "total_sc_v": 0}