{"c1": 0.020620654587751464, "c2": 0.11610485602370962, "ch1": -0.49293576917457294, "ch2": 0.061021087941769414, "di": 52.92479274292239, "dj": 55.56050967193572, "dk": 11.383903344025752, "vw_i": 0.06838933069767912, "vw_j": -4.855866350163996, "kt": 4.70528073485827, "train_sc_a": [5.691542204703314], "train_sc_v": [2.7243633724603904], "val_sc_a": 0, "val_sc_v": 0, "total_sc_a": 0, "total_sc_v": 0}