{"c1": 0.020883174005931534, "c2": 0.11469477663917249, "ch1": -0.6849014914144073, "ch2": 0.04428496029182913, "di": 51.49230120317273, "dj": 46.66518645375496, "dk": 2.383021640253447, "vw_i": 0.7911505418446654, "vw_j": -3.4865405714186473, "kt": 5.007259076838221, "train_sc_a": [3.7275270052182425], "train_sc_v": [2.3204424772022367], "val_sc_a": 0, "val_sc_v": 0, "total_sc_a": 0, "total_sc_v": 0}