{"c1": 0.02032761811525566, "c2": 0.11738065293347469, "ch1": -0.5609220393302748, "ch2": 0.05561631222889665, "di": 47.90253842165947, "dj": 48.99777814816751, "dk": 10.173102693240098, "vw_i": -0.4290849351721194, "vw_j": -3.5008964787720407, "kt": 4.076521153278921, "train_sc_a": [2.2160647547372876], "train_sc_v": [1.3779693437692053], "val_sc_a": 0, "val_sc_v": 0, "total_sc_a": 0, "total_sc_v": 0}