{"c1": 0.019539823142471317, "c2": 0.11330323616491321, "ch1": -0.10197768771434579, "ch2": 0.08401708518677434, "di": 21.101676327654857, "dj": 11.474643960346192, "dk": 22.95639221620141, "vw_i": 4.054352812648554, "vw_j": 3.147168533339599, "kt": 3.087531377731008, "train_sc_a": [0.8120301417204541], "train_sc_v": [0.26115051771529696], "val_sc_a": 0, "val_sc_v": 0, "total_sc_a": 0, "total_sc_v": 0}