{"c1": 0.020005299587009234, "c2": 0.1200823372343374, "ch1": -0.5222487796165448, "ch2": 0.058609849649239286, "di": 51.42600930638592, "dj": 52.10155236110354, "dk": 5.093924622077337, "vw_i": 1.0730004861763351, "vw_j": -5.795506996685408, "kt": 4.311935866136516, "train_sc_a": [1.230778892114252], "train_sc_v": [0.9753064027115504], "val_sc_a": 0, "val_sc_v": 0, "total_sc_a": 0, "total_sc_v": 0}