{"c1": 0.020193352543061562, "c2": 0.1218265893278754, "ch1": -0.6236538786517525, "ch2": 0.04833956920525466, "di": 52.45042094097071, "dj": 56.01573565923829, "dk": 7.336578810680128, "vw_i": -0.16187189123068293, "vw_j": -5.712198551205638, "kt": 6.641814251933425, "train_sc_a": [1.0330065256662904], "train_sc_v": [0.5499864037583755], "val_sc_a": 0, "val_sc_v": 0, "total_sc_a": 0, "total_sc_v": 0}