{"c1": 0.019368998234049976, "c2": 0.12760788983537655, "ch1": -0.6375008100152338, "ch2": 0.04557426062173394, "di": 51.104397132286415, "dj": 52.26166828781328, "dk": 6.979992434604397, "vw_i": 1.5445548075378297, "vw_j": -5.201499859151878, "kt": 4.898680793697072, "train_sc_a": [0.5872257889030723], "train_sc_v": [0.4970725855714659], "val_sc_a": 0, "val_sc_v": 0, "total_sc_a": 0, "total_sc_v": 0}