{"c1": 0.01889241500080905, "c2": 0.11452270886237435, "ch1": -0.1269723643083159, "ch2": 0.0821872721685367, "di": 15.145817398381075, "dj": 13.23223107689915, "dk": 18.691180044463415, "vw_i": 3.8878045297773394, "vw_j": 2.453120020091266, "kt": 4.561677961941089, "train_sc_a": [0.6686177033882298], "train_sc_v": [0.2855342142150956], "val_sc_a": 0, "val_sc_v": 0, "total_sc_a": 0, "total_sc_v": 0}