{"c1": 0.021509692494171843, "c2": 0.11389011833911307, "ch1": -0.6754439281374438, "ch2": 0.04683621833642456, "di": 50.06668375667132, "dj": 51.52405284984665, "dk": 5.2020409412078275, "vw_i": 2.5419903395765795, "vw_j": -4.8256981623777335, "kt": 6.570663626742801, "train_sc_a": [1.2613957490271246], "train_sc_v": [0.9879710606907808], "val_sc_a": 0, "val_sc_v": 0, "total_sc_a": 0, "total_sc_v": 0}