{"c1": 0.018763530214794388, "c2": 0.1333517742102813, "ch1": -0.6116665085854315, "ch2": 0.04952681524751355, "di": 52.20765200721943, "dj": 55.14863391885767, "dk": 7.268828524393067, "vw_i": 2.5446628571632743, "vw_j": -4.67620900427708, "kt": 6.957166793416573, "train_sc_a": [1.2734832052676324], "train_sc_v": [0.7857354955027169], "val_sc_a": 0, "val_sc_v": 0, "total_sc_a": 0, "total_sc_v": 0}