{"c1": 0.02014105391770967, "c2": 0.12198224781449374, "ch1": -0.6586263149838935, "ch2": 0.0450692942996946, "di": 50.689002563479846, "dj": 53.289476461745146, "dk": 5.325414965957543, "vw_i": -2.277994754288168, "vw_j": -5.467152036439398, "kt": 6.734808794304718, "train_sc_a": [1.5498251163320669], "train_sc_v": [1.8161591508508708], "val_sc_a": 0, "val_sc_v": 0, "total_sc_a": 0, "total_sc_v": 0}