{"c1": 0.019833123964008274, "c2": 0.12051808092426508, "ch1": -0.5666041461184297, "ch2": 0.05472065802982262, "di": 48.3226631675921, "dj": 48.51920668216091, "dk": 9.715711205482847, "vw_i": -3.1777226097379616, "vw_j": -5.068035135645762, "kt": 4.281604015350035, "train_sc_a": [0.6093580127752973], "train_sc_v": [0.5138194887749209], "val_sc_a": 0, "val_sc_v": 0, "total_sc_a": 0, "total_sc_v": 0}