{"c1": 0.02013201924202094, "c2": 0.1231774215142904, "ch1": -0.6345841348334856, "ch2": 0.047508205225417176, "di": 52.710864428985126, "dj": 53.502026960269845, "dk": 9.958415668183369, "vw_i": -0.7721120253753228, "vw_j": -4.8751551584528725, "kt": 7.0071453329359725, "train_sc_a": [2.2470337495057247], "train_sc_v": [0.8305175990518631], "val_sc_a": 0, "val_sc_v": 0, "total_sc_a": 0, "total_sc_v": 0}