{"c1": 0.01928677323086631, "c2": 0.123792013306509, "ch1": -0.5404392292092985, "ch2": 0.055472383322586555, "di": 49.92202213602887, "dj": 50.40488737646669, "dk": 13.142446574496317, "vw_i": 3.186347304211916, "vw_j": -4.392246636834081, "kt": 4.5356072463496835, "train_sc_a": [2.3953356884853347], "train_sc_v": [2.3678029908427836], "val_sc_a": 0, "val_sc_v": 0, "total_sc_a": 0, "total_sc_v": 0}