{"c1": 0.01902981188132072, "c2": 0.11332793762258693, "ch1": -0.12489678679937347, "ch2": 0.08230881175440305, "di": 15.872128202794828, "dj": 12.733309655260076, "dk": 17.88610500266119, "vw_i": 3.921022256148557, "vw_j": 2.395224737721908, "kt": 4.526064039265171, "train_sc_a": [0.40878168256272307], "train_sc_v": [0.14367402071036947], "val_sc_a": 0, "val_sc_v": 0, "total_sc_a": 0, "total_sc_v": 0}