{"c1": 0.02057243542852611, "c2": 0.11979600503222088, "ch1": -0.6180935083606741, "ch2": 0.04880572489072624, "di": 53.67957588246307, "dj": 54.12005833566814, "dk": 9.345606293762785, "vw_i": 0.5685749514455045, "vw_j": -4.773195688496938, "kt": 7.044925105474897, "train_sc_a": [2.2407005386497945], "train_sc_v": [1.1314177156648766], "val_sc_a": 0, "val_sc_v": 0, "total_sc_a": 0, "total_sc_v": 0}