{"c1": 0.020391718294512674, "c2": 0.10647393192824109, "ch1": -0.3132998293020697, "ch2": 0.07164641863513413, "di": 22.05224677584302, "dj": 21.17486853736579, "dk": 1.5053399091284843, "vw_i": -6.47686098658432, "vw_j": -2.571713534554661, "kt": 3.988138962376582, "train_sc_a": [1.2120934847684466], "train_sc_v": [1.1223849746861596], "val_sc_a": 0, "val_sc_v": 0, "total_sc_a": 0, "total_sc_v": 0}