{"c1": 0.019719006812934207, "c2": 0.1273930115142444, "ch1": -0.6734854672217206, "ch2": 0.046677429046687195, "di": 51.189510768888844, "dj": 50.774673589074794, "dk": 13.248552852525531, "vw_i": 6.367186874707251, "vw_j": -1.5128145959862696, "kt": 6.520965600553231, "train_sc_a": [0.9476484664003635], "train_sc_v": [0.3614191363184515], "val_sc_a": 0, "val_sc_v": 0, "total_sc_a": 0, "total_sc_v": 0}