{"c1": 0.02045862676371191, "c2": 0.11576449210330014, "ch1": -0.5782985774828884, "ch2": 0.053819148669217304, "di": 47.36889279353777, "dj": 48.09713482616754, "dk": 9.594509095288819, "vw_i": -2.90157265925423, "vw_j": -4.658470793261825, "kt": 4.275031887276721, "train_sc_a": [0.9715666600506919], "train_sc_v": [0.9141110592877819], "val_sc_a": 0, "val_sc_v": 0, "total_sc_a": 0, "total_sc_v": 0}