{"c1": 0.02011352172954512, "c2": 0.11771608252730636, "ch1": -0.583796376971085, "ch2": 0.052244099456032034, "di": 46.92922565683695, "dj": 48.025314613988286, "dk": 15.229784229383295, "vw_i": 1.932663452364992, "vw_j": -3.3704385432778183, "kt": 4.515823172737349, "train_sc_a": [2.1510331470028916], "train_sc_v": [0.8590525028182019], "val_sc_a": 0, "val_sc_v": 0, "total_sc_a": 0, "total_sc_v": 0}