{"c1": 0.018513506673133732, "c2": 0.1258996792849898, "ch1": -0.33299840350251275, "ch2": 0.070313017483139, "di": 45.89737604086836, "dj": 46.6404049725497, "dk": 16.209766445610764, "vw_i": 4.5544241670064025, "vw_j": -0.4154700011149147, "kt": 4.914900673943798, "train_sc_a": [1.6177082563991245], "train_sc_v": [0.4467855388257781], "val_sc_a": 0, "val_sc_v": 0, "total_sc_a": 0, "total_sc_v": 0}