{"c1": 0.019357081478297768, "c2": 0.12768896792739967, "ch1": -0.6395139044123594, "ch2": 0.04543696621444812, "di": 50.827208012984826, "dj": 52.28786917052574, "dk": 6.9246498378995565, "vw_i": 1.4920898465829162, "vw_j": -5.128602454701527, "kt": 4.89844878587743, "train_sc_a": [0.3431948831563663], "train_sc_v": [0.04702142458775718], "val_sc_a": 0, "val_sc_v": 0, "total_sc_a": 0, "total_sc_v": 0}