{"c1": 0.020826094444557266, "c2": 0.11294260185053787, "ch1": -0.5491830929971968, "ch2": 0.05639640784803614, "di": 47.71951798963766, "dj": 51.555839062265804, "dk": 9.849997573312809, "vw_i": -3.27126789445211, "vw_j": -6.142447559180866, "kt": 4.233625844964574, "train_sc_a": [2.5009820606769027], "train_sc_v": [0.9740919713759271], "val_sc_a": 0, "val_sc_v": 0, "total_sc_a": 0, "total_sc_v": 0}