{"c1": 0.019452841317959345, "c2": 0.1225981701377307, "ch1": -0.5687717083731387, "ch2": 0.05351612163100267, "di": 46.829147451663616, "dj": 50.484508816771815, "dk": 13.220128166211026, "vw_i": 2.470850325616337, "vw_j": -3.140623297662039, "kt": 4.534284855163294, "train_sc_a": [2.22602754676806], "train_sc_v": [1.1862121076215748], "val_sc_a": 0, "val_sc_v": 0, "total_sc_a": 0, "total_sc_v": 0}