{"c1": 0.01975845125782188, "c2": 0.12165755694351484, "ch1": -0.5610774851398828, "ch2": 0.055653457232919534, "di": 48.6013579507259, "dj": 48.930858141197234, "dk": 11.697577551123365, "vw_i": 0.8462989380138162, "vw_j": -3.0639564057158797, "kt": 4.184130718181462, "train_sc_a": [3.299028303439377], "train_sc_v": [1.8414734312426775], "val_sc_a": 0, "val_sc_v": 0, "total_sc_a": 0, "total_sc_v": 0}