{"c1": 0.021205936752409414, "c2": 0.11466041812133082, "ch1": -0.6267033949403368, "ch2": 0.04824227038726282, "di": 53.08243969734979, "dj": 52.4471285288464, "dk": 3.4963854809932298, "vw_i": 2.349299345341225, "vw_j": -4.641416269749776, "kt": 6.390858496476415, "train_sc_a": [3.222052327316124], "train_sc_v": [1.375211384291339], "val_sc_a": 0, "val_sc_v": 0, "total_sc_a": 0, "total_sc_v": 0}