{"c1": 0.019457039180984417, "c2": 0.12098824870518964, "ch1": -0.40434840700187263, "ch2": 0.06566441485975205, "di": 43.95713504990585, "dj": 45.6875307144039, "dk": 19.34913303115319, "vw_i": 7.127737818582358, "vw_j": 0.6373490424529551, "kt": 3.929293414352471, "train_sc_a": [2.445061639209686], "train_sc_v": [1.021908768577231], "val_sc_a": 0, "val_sc_v": 0, "total_sc_a": 0, "total_sc_v": 0}