{"c1": 0.02078980569514249, "c2": 0.1156887827425027, "ch1": -0.6101072528142298, "ch2": 0.05178643918624068, "di": 51.390644868568955, "dj": 51.759677110459556, "dk": 2.6443842772389488, "vw_i": -2.1269615559645874, "vw_j": -5.341489130752821, "kt": 5.056270821779648, "train_sc_a": [0.9647282469309572], "train_sc_v": [0.5872414083958953], "val_sc_a": 0, "val_sc_v": 0, "total_sc_a": 0, "total_sc_v": 0}