{"c1": 0.019643307439463867, "c2": 0.12462497677218479, "ch1": -0.5519980843620947, "ch2": 0.057207649222816716, "di": 49.355332257066415, "dj": 52.35917413299242, "dk": 8.86172606409874, "vw_i": 2.775993783783216, "vw_j": -4.417981232976567, "kt": 5.258567550688522, "train_sc_a": [1.2515678634813718], "train_sc_v": [2.2375441136459875], "val_sc_a": 0, "val_sc_v": 0, "total_sc_a": 0, "total_sc_v": 0}