{"c1": 0.02069343631862759, "c2": 0.11770417401599409, "ch1": -0.5408075752307513, "ch2": 0.053194492973337726, "di": 63.36505578303003, "dj": 52.4753066409889, "dk": 7.8709439203343114, "vw_i": 4.113996568196212, "vw_j": -8.650153336486877, "kt": 4.78743264754204, "train_sc_a": [10.701757065498422], "train_sc_v": [6.462087695000213], "val_sc_a": 0, "val_sc_v": 0, "total_sc_a": 0, "total_sc_v": 0}