{"c1": 0.018714147874839368, "c2": 0.11206923532801621, "ch1": -0.018408141520921073, "ch2": 0.09000434743711658, "di": 20.008840797544813, "dj": 6.1763227190867465, "dk": 7.77560601536532, "vw_i": -0.849783492375903, "vw_j": -0.40027618122491, "kt": 3.1257255789090888, "train_sc_a": [1.0558407415648803], "train_sc_v": [0.12553377327575493], "val_sc_a": 0, "val_sc_v": 0, "total_sc_a": 0, "total_sc_v": 0}