{"c1": 0.019913510577294905, "c2": 0.12374977505396506, "ch1": -0.6403587843832885, "ch2": 0.04523661740805461, "di": 50.03933385851109, "dj": 52.99531971499584, "dk": 8.82602236429864, "vw_i": 2.331198555563433, "vw_j": -4.9078941694157985, "kt": 4.8253888332740535, "train_sc_a": [0.7994273295488873], "train_sc_v": [0.8197395465007316], "val_sc_a": 0, "val_sc_v": 0, "total_sc_a": 0, "total_sc_v": 0}