{"c1": 0.0212414241467381, "c2": 0.09974225272217449, "ch1": 0.0024496367078329917, "ch2": 0.09522391124829105, "di": 21.35671954014464, "dj": 33.04623497373267, "dk": 13.942367911533648, "vw_i": -1.618596494440272, "vw_j": -0.7327386846362628, "kt": 1.9992337443685317, "train_sc_a": [2.5757132102079328], "train_sc_v": [1.8136851856514924], "val_sc_a": 0, "val_sc_v": 0, "total_sc_a": 0, "total_sc_v": 0}