{"c1": 0.020084883864833585, "c2": 0.11832426545722818, "ch1": -0.5326469182403056, "ch2": 0.05684443275325976, "di": 48.43619806836282, "dj": 52.59664055355317, "dk": 14.56118001504621, "vw_i": 3.1815055784336033, "vw_j": -3.1859217550903534, "kt": 4.502959788819965, "train_sc_a": [4.878614730193467], "train_sc_v": [2.455584291489735], "val_sc_a": 0, "val_sc_v": 0, "total_sc_a": 0, "total_sc_v": 0}