{"c1": 0.02039565041827308, "c2": 0.11553901361053671, "ch1": -0.7499792622350409, "ch2": 0.03945822625268626, "di": 38.538142736129174, "dj": 36.79666506051537, "dk": 14.427223419495942, "vw_i": 4.92577790504672, "vw_j": 2.9875944066711297, "kt": 4.428625224492609, "train_sc_a": [8.61452824556431], "train_sc_v": [6.727141501855854], "val_sc_a": 0, "val_sc_v": 0, "total_sc_a": 0, "total_sc_v": 0}