{"c1": 0.021110526701570032, "c2": 0.1153813648194936, "ch1": -0.6258162292399119, "ch2": 0.04839528387411306, "di": 53.82110021030563, "dj": 52.10492199466646, "dk": 3.976667037289505, "vw_i": 1.7418504573032254, "vw_j": -4.849312085363863, "kt": 6.484353412457884, "train_sc_a": [1.9643901016766314], "train_sc_v": [1.0536218177163954], "val_sc_a": 0, "val_sc_v": 0, "total_sc_a": 0, "total_sc_v": 0}