{"c1": 0.02037113227813338, "c2": 0.11691825707530822, "ch1": -0.5283181741198856, "ch2": 0.05823509828013235, "di": 51.426532490273935, "dj": 51.43083049744593, "dk": 8.391301704725379, "vw_i": 1.946032585458906, "vw_j": -3.5771905038118117, "kt": 4.305536466030171, "train_sc_a": [0.5596344086110115], "train_sc_v": [0.5482757933015369], "val_sc_a": 0, "val_sc_v": 0, "total_sc_a": 0, "total_sc_v": 0}