{"c1": 0.02052566767895745, "c2": 0.12015975252165552, "ch1": -0.6503277865264392, "ch2": 0.046293054938197964, "di": 51.85655367973396, "dj": 52.22228863184951, "dk": 9.443270376115404, "vw_i": 1.0624764595276717, "vw_j": -3.418398825920861, "kt": 7.0402710638256, "train_sc_a": [1.5114000214861554], "train_sc_v": [1.0395535651105356], "val_sc_a": 0, "val_sc_v": 0, "total_sc_a": 0, "total_sc_v": 0}