{"c1": 0.0196087707696097, "c2": 0.12147068940296323, "ch1": -0.5299666105223318, "ch2": 0.05623271828557165, "di": 52.590138339565904, "dj": 48.83801823040136, "dk": 13.448495619485524, "vw_i": 3.2703855025935624, "vw_j": -4.9668484417747125, "kt": 4.532106911526233, "train_sc_a": [1.3072109770285545], "train_sc_v": [1.1170090400514878], "val_sc_a": 0, "val_sc_v": 0, "total_sc_a": 0, "total_sc_v": 0}