{"c1": 0.019485485561702997, "c2": 0.1298686238850277, "ch1": -0.7332030655716263, "ch2": 0.04332066711088132, "di": 42.60440702485009, "dj": 51.671893584265064, "dk": 11.344902040207721, "vw_i": -0.6958422275925824, "vw_j": -3.236806213942449, "kt": 6.915806914260908, "train_sc_a": [4.644995192856748], "train_sc_v": [3.5900911757166085], "val_sc_a": 0, "val_sc_v": 0, "total_sc_a": 0, "total_sc_v": 0}