{"c1": 0.020202010498988354, "c2": 0.10818143667286702, "ch1": 0.03225251376841686, "ch2": 0.0941079730813183, "di": 21.525056231243873, "dj": 19.116739979611555, "dk": 21.98576948144314, "vw_i": 3.241901877867119, "vw_j": 1.9992546630857941, "kt": 2.5481607105257003, "train_sc_a": [1.3518507980376828], "train_sc_v": [0.4329620213862923], "val_sc_a": 0, "val_sc_v": 0, "total_sc_a": 0, "total_sc_v": 0}