{"c1": 0.019282668675717644, "c2": 0.12636147741140116, "ch1": -0.5763679805029983, "ch2": 0.055096084795910126, "di": 49.24763962104808, "dj": 49.947762967427764, "dk": 5.238198327165831, "vw_i": 0.7853854152411677, "vw_j": -3.807227827513077, "kt": 5.338981974919694, "train_sc_a": [2.097830343878217], "train_sc_v": [1.279289902417472], "val_sc_a": 0, "val_sc_v": 0, "total_sc_a": 0, "total_sc_v": 0}