{"c1": 0.018714147871172333, "c2": 0.11206923535181493, "ch1": -0.01840814154089124, "ch2": 0.09000434743653608, "di": 20.008840798934084, "dj": 6.17632271940608, "dk": 7.775606005840224, "vw_i": -0.8497834922949647, "vw_j": -0.40027617863129666, "kt": 3.125725569367051, "train_sc_a": [1.055840742976505], "train_sc_v": [0.12553377348457653], "val_sc_a": 0, "val_sc_v": 0, "total_sc_a": 0, "total_sc_v": 0}