{"c1": 0.01956311568783619, "c2": 0.12305672003889712, "ch1": -0.5327579603052202, "ch2": 0.05750040834034099, "di": 50.08414993059, "dj": 50.937735805253624, "dk": 12.42242601469959, "vw_i": -1.2523276928355083, "vw_j": -4.427419840621535, "kt": 4.23268025749121, "train_sc_a": [0.980950126714066], "train_sc_v": [0.585766221698121], "val_sc_a": 0, "val_sc_v": 0, "total_sc_a": 0, "total_sc_v": 0}