{"c1": 0.021037900154736694, "c2": 0.10809634181169357, "ch1": -0.3325405921042134, "ch2": 0.07093836888837103, "di": 43.944231022685734, "dj": 48.873422480782835, "dk": 18.854335929169523, "vw_i": 1.4204126643746242, "vw_j": -3.004797606830923, "kt": 5.000727916946132, "train_sc_a": [0.9579438356798264], "train_sc_v": [0.3561504946146749], "val_sc_a": 0, "val_sc_v": 0, "total_sc_a": 0, "total_sc_v": 0}