{"c1": 0.02060773331375478, "c2": 0.1180266791301306, "ch1": -0.6527405031006854, "ch2": 0.043745138162425014, "di": 47.023607114328335, "dj": 54.46795200695846, "dk": 4.880030560039087, "vw_i": 2.299486758190255, "vw_j": -4.236447808538218, "kt": 4.862652181163385, "train_sc_a": [2.1889350718283076], "train_sc_v": [1.880449809758648], "val_sc_a": 0, "val_sc_v": 0, "total_sc_a": 0, "total_sc_v": 0}