{"c1": 0.021033639165338718, "c2": 0.1137803762819121, "ch1": -0.6241957627506322, "ch2": 0.050896258560902984, "di": 46.72182516820592, "dj": 46.743648917269695, "dk": 2.49029031192923, "vw_i": -3.0463009902882905, "vw_j": -5.263374248401933, "kt": 5.137051896214887, "train_sc_a": [9.957543633778764], "train_sc_v": [4.434389245113692], "val_sc_a": 0, "val_sc_v": 0, "total_sc_a": 0, "total_sc_v": 0}