{"c1": 0.018635236856347534, "c2": 0.12917540304697972, "ch1": -0.521889496383441, "ch2": 0.057911033136156455, "di": 52.98940458826264, "dj": 49.02740102958538, "dk": 8.249056720520274, "vw_i": -2.2482823251117114, "vw_j": -6.283669980537146, "kt": 4.152106167210095, "train_sc_a": [1.6634026153801638], "train_sc_v": [0.47292599697746507], "val_sc_a": 0, "val_sc_v": 0, "total_sc_a": 0, "total_sc_v": 0}