{"c1": 0.01978952266930254, "c2": 0.12276358511223968, "ch1": -0.530295785120797, "ch2": 0.05821280317305428, "di": 53.24478021862529, "dj": 49.68383749550569, "dk": 7.210417465601044, "vw_i": 0.13413147275366563, "vw_j": -5.910430689011519, "kt": 4.645573318807717, "train_sc_a": [1.7285912148806903], "train_sc_v": [1.4140175393203342], "val_sc_a": 0, "val_sc_v": 0, "total_sc_a": 0, "total_sc_v": 0}