{"c1": 0.02067771759896468, "c2": 0.11408624075685936, "ch1": -0.5622235461275882, "ch2": 0.054961493239006474, "di": 45.07331815866492, "dj": 52.34607759434455, "dk": 9.765155571963296, "vw_i": -3.1878991458343293, "vw_j": -6.34430664407326, "kt": 4.345613481146157, "train_sc_a": [2.029096782284314], "train_sc_v": [1.6576838017738695], "val_sc_a": 0, "val_sc_v": 0, "total_sc_a": 0, "total_sc_v": 0}