{"c1": 0.020869243119209974, "c2": 0.11010028985608432, "ch1": -0.35191802154524426, "ch2": 0.06944204664292317, "di": 42.560780395809495, "dj": 48.52010944860219, "dk": 20.901944561367365, "vw_i": 1.7341177842338464, "vw_j": -1.5571464825499162, "kt": 4.748669870167744, "train_sc_a": [0.951760633994017], "train_sc_v": [0.31376501330354445], "val_sc_a": 0, "val_sc_v": 0, "total_sc_a": 0, "total_sc_v": 0}