{"c1": 0.019456875447947063, "c2": 0.1149313224179287, "ch1": -0.0870223813748659, "ch2": 0.08813511163271062, "di": 24.68946526866511, "dj": 28.006696736308772, "dk": 14.340356488190558, "vw_i": -0.13383859678295523, "vw_j": -0.8600367011621877, "kt": 2.9020707410904323, "train_sc_a": [0.9451684135193152], "train_sc_v": [0.4191109559209161], "val_sc_a": 0, "val_sc_v": 0, "total_sc_a": 0, "total_sc_v": 0}