{"c1": 0.02020201033616643, "c2": 0.10818143788442583, "ch1": 0.0322525091582269, "ch2": 0.09410797268844497, "di": 21.525056224007024, "dj": 19.116739768476876, "dk": 21.98576910115344, "vw_i": 3.2419018896499754, "vw_j": 1.999254613856702, "kt": 2.5481602296188224, "train_sc_a": [1.351850901822117], "train_sc_v": [0.4329620354110635], "val_sc_a": 0, "val_sc_v": 0, "total_sc_a": 0, "total_sc_v": 0}