{"c1": 0.020699763393729566, "c2": 0.11795668558355399, "ch1": -0.6403303591387137, "ch2": 0.047175600808900306, "di": 48.54521323394521, "dj": 52.50566828128244, "dk": 8.736807522192827, "vw_i": 4.307920624346722, "vw_j": -1.5597321098182078, "kt": 6.844104762596426, "train_sc_a": [5.645871527328206], "train_sc_v": [1.864519763679209], "val_sc_a": 0, "val_sc_v": 0, "total_sc_a": 0, "total_sc_v": 0}