{"c1": 0.020994127828227065, "c2": 0.1158633779107184, "ch1": -0.6618131371754606, "ch2": 0.04566088937199856, "di": 50.79189532247125, "dj": 53.15027630489806, "dk": 6.784431193802089, "vw_i": 0.4189338897483969, "vw_j": -3.6140168644823687, "kt": 7.036470048343064, "train_sc_a": [3.7073308259419813], "train_sc_v": [2.5407573461968194], "val_sc_a": 0, "val_sc_v": 0, "total_sc_a": 0, "total_sc_v": 0}