{"c1": 0.01901543305054534, "c2": 0.11671618258360575, "ch1": -0.3112455750410838, "ch2": 0.0709142517653034, "di": 24.88520663891298, "dj": 17.748293441672168, "dk": 2.869505590995088, "vw_i": -7.3040495901151505, "vw_j": -3.4025218106727935, "kt": 3.6114932266957154, "train_sc_a": [3.262725298623864], "train_sc_v": [1.5419107794801286], "val_sc_a": 0, "val_sc_v": 0, "total_sc_a": 0, "total_sc_v": 0}