{"c1": 0.02011716370071764, "c2": 0.11921867627791312, "ch1": -0.5241013632463758, "ch2": 0.058450308721124465, "di": 52.106027518580724, "dj": 51.23092102638221, "dk": 4.847367319848819, "vw_i": 1.1449523801571777, "vw_j": -5.7547852895304255, "kt": 4.303671088736212, "train_sc_a": [1.37304950654189], "train_sc_v": [1.2080658084083515], "val_sc_a": 0, "val_sc_v": 0, "total_sc_a": 0, "total_sc_v": 0}