{"c1": 0.02099486567862189, "c2": 0.11585758181895522, "ch1": -0.6646747478591033, "ch2": 0.04542423646390337, "di": 50.489989413251394, "dj": 53.0855461921223, "dk": 6.7827698656804225, "vw_i": 0.41910274403315373, "vw_j": -3.4984872551828183, "kt": 7.0394119736673995, "train_sc_a": [3.8548805671364477], "train_sc_v": [2.714621345972321], "val_sc_a": 0, "val_sc_v": 0, "total_sc_a": 0, "total_sc_v": 0}