{"c1": 0.019518905330536736, "c2": 0.12601839759188357, "ch1": -0.6671109042859459, "ch2": 0.04281949887073825, "di": 51.126917274399965, "dj": 48.68586636581927, "dk": 9.581722922115992, "vw_i": 1.7299234475578662, "vw_j": -4.919338617992358, "kt": 5.664478996512646, "train_sc_a": [1.8254298517034238], "train_sc_v": [0.8652013251253957], "val_sc_a": 0, "val_sc_v": 0, "total_sc_a": 0, "total_sc_v": 0}