{"c1": 0.020660042682492753, "c2": 0.11754215757887039, "ch1": -0.6453225534118386, "ch2": 0.04431839204800609, "di": 52.74424617286502, "dj": 49.73761316427822, "dk": 4.234841508045502, "vw_i": 2.0857262924987094, "vw_j": -4.882582281660604, "kt": 4.918276427480325, "train_sc_a": [0.41472191735758857], "train_sc_v": [0.13517310395598106], "val_sc_a": 0, "val_sc_v": 0, "total_sc_a": 0, "total_sc_v": 0}