{"c1": 0.01935469693846026, "c2": 0.1073866423192043, "ch1": -0.010169732015773852, "ch2": 0.0903718463661955, "di": 22.74251371969945, "dj": 3.8464034352841856, "dk": 7.507231159632043, "vw_i": -1.8740415062779492, "vw_j": -0.7381289343680303, "kt": 3.7435135913553554, "train_sc_a": [0.2493301870219202], "train_sc_v": [0.053535351449653774], "val_sc_a": 0, "val_sc_v": 0, "total_sc_a": 0, "total_sc_v": 0}