{"c1": 0.019301298980749674, "c2": 0.11532518946276132, "ch1": -0.1527648686916882, "ch2": 0.08650080838849392, "di": 40.29279787817161, "dj": 60.91401804857644, "dk": 5.485347010116944, "vw_i": -0.09647466629166117, "vw_j": 1.95230556040282, "kt": 3.1451407817318797, "train_sc_a": [15.382513704800393], "train_sc_v": [7.167250119190532], "val_sc_a": 0, "val_sc_v": 0, "total_sc_a": 0, "total_sc_v": 0}