{"c1": 0.01903257691963678, "c2": 0.10942724142370275, "ch1": 0.01152349771481677, "ch2": 0.09171915088734577, "di": 25.84936800351273, "dj": 1.8035232960484253, "dk": 12.23324002776461, "vw_i": 1.20772834753655, "vw_j": 0.08609345150198042, "kt": 4.273815052165799, "train_sc_a": [1.1295249815166581], "train_sc_v": [0.35030474782960763], "val_sc_a": 0, "val_sc_v": 0, "total_sc_a": 0, "total_sc_v": 0}