{"c1": 0.019823535103837005, "c2": 0.12448856187148415, "ch1": -0.6342967828373602, "ch2": 0.047696859812824045, "di": 52.18690611060616, "dj": 55.20238886605714, "dk": 6.133223439771131, "vw_i": -1.0813104336900383, "vw_j": -5.444473144405556, "kt": 6.614808048971378, "train_sc_a": [1.9732303634162491], "train_sc_v": [1.0470546458987813], "val_sc_a": 0, "val_sc_v": 0, "total_sc_a": 0, "total_sc_v": 0}