{"c1": 0.01907742048384692, "c2": 0.13190800651471163, "ch1": -0.7102902866190922, "ch2": 0.04302619447700406, "di": 50.688455340964246, "dj": 45.83929748280231, "dk": 12.198630178166937, "vw_i": 5.949946592579423, "vw_j": -1.5793175909361952, "kt": 6.688354516171291, "train_sc_a": [5.988962476714522], "train_sc_v": [3.102264599024553], "val_sc_a": 0, "val_sc_v": 0, "total_sc_a": 0, "total_sc_v": 0}