{"c1": 0.020937147822609088, "c2": 0.114162552729076, "ch1": -0.7008020410459239, "ch2": 0.04262472101712041, "di": 51.63468639785498, "dj": 44.84945656787412, "dk": 1.4361974083531106, "vw_i": 1.2662158739850216, "vw_j": -2.958439438899209, "kt": 4.945282763126064, "train_sc_a": [4.700120548714928], "train_sc_v": [1.9152591731309652], "val_sc_a": 0, "val_sc_v": 0, "total_sc_a": 0, "total_sc_v": 0}