{"c1": 0.0191228680273448, "c2": 0.12573494317020176, "ch1": -0.5491587671228715, "ch2": 0.055966936135068354, "di": 49.06886654167402, "dj": 49.93097730931248, "dk": 15.351422511703419, "vw_i": -0.7431453523450676, "vw_j": -4.8909164515857775, "kt": 4.507135304522744, "train_sc_a": [2.962769714441828], "train_sc_v": [2.7262197704059603], "val_sc_a": 0, "val_sc_v": 0, "total_sc_a": 0, "total_sc_v": 0}