{"c1": 0.01908750928284432, "c2": 0.12913954531530378, "ch1": -0.7600359770169124, "ch2": 0.03629893122608684, "di": 44.227496399204526, "dj": 41.30803112711488, "dk": 10.503601935214888, "vw_i": -0.30710854227769835, "vw_j": -3.065135566022698, "kt": 5.33194007895605, "train_sc_a": [3.3971541836294503], "train_sc_v": [3.4886728765775685], "val_sc_a": 0, "val_sc_v": 0, "total_sc_a": 0, "total_sc_v": 0}