{"c1": 0.02031370162848981, "c2": 0.11749615658181954, "ch1": -0.5248858523925977, "ch2": 0.05836993811083835, "di": 49.62181509994205, "dj": 51.1102159003751, "dk": 10.27489426085657, "vw_i": -0.564005802681048, "vw_j": -5.142483483766883, "kt": 4.0233307427098355, "train_sc_a": [2.174730844704174], "train_sc_v": [0.765303183238925], "val_sc_a": 0, "val_sc_v": 0, "total_sc_a": 0, "total_sc_v": 0}