{"c1": 0.018506624591874285, "c2": 0.11268115037599412, "ch1": 0.004639946779668337, "ch2": 0.09125101343929973, "di": 26.832300257265356, "dj": 0.9412136685618829, "dk": 13.73488485631916, "vw_i": -1.179825236798511, "vw_j": 0.2557703685690033, "kt": 4.221997077141599, "train_sc_a": [0.4757741716208669], "train_sc_v": [0.15470411837287984], "val_sc_a": 0, "val_sc_v": 0, "total_sc_a": 0, "total_sc_v": 0}