{"c1": 0.019441388800593335, "c2": 0.13017377389657578, "ch1": -0.8258242894493932, "ch2": 0.036951886931887536, "di": 32.67670986682829, "dj": 50.221186288302754, "dk": 11.229036702757943, "vw_i": -3.9710980266948424, "vw_j": -0.6733132145087084, "kt": 6.997053066122977, "train_sc_a": [11.622555948018935], "train_sc_v": [8.883098621320684], "val_sc_a": 0, "val_sc_v": 0, "total_sc_a": 0, "total_sc_v": 0}