{"c1": 0.019126213089315832, "c2": 0.10897012966119538, "ch1": -0.014726036630177639, "ch2": 0.0900649609351103, "di": 22.61740966307478, "dj": 3.366125083065234, "dk": 7.0123468248045535, "vw_i": -1.8593511140755072, "vw_j": -0.4464334542122469, "kt": 3.584361003802463, "train_sc_a": [1.7398686561292251], "train_sc_v": [0.6590342366148395], "val_sc_a": 0, "val_sc_v": 0, "total_sc_a": 0, "total_sc_v": 0}