{"c1": 0.02048575565714435, "c2": 0.11939022952056362, "ch1": -0.7606132341310652, "ch2": 0.037583700715639705, "di": 53.850206479065065, "dj": 37.001471572052154, "dk": 4.981573443977888, "vw_i": -1.2087523125452777, "vw_j": -0.5481970101579703, "kt": 6.730614694491069, "train_sc_a": [8.296694257904061], "train_sc_v": [6.423299281580916], "val_sc_a": 0, "val_sc_v": 0, "total_sc_a": 0, "total_sc_v": 0}