{"c1": 0.01880108791629364, "c2": 0.12303244993334983, "ch1": -0.24201972207967287, "ch2": 0.07575475358048664, "di": 48.994644567321984, "dj": 47.80827666918741, "dk": 14.806579564022549, "vw_i": 0.9678820109001642, "vw_j": -5.479170084956206, "kt": 4.866285907973475, "train_sc_a": [3.783343747368735], "train_sc_v": [2.9516464110087486], "val_sc_a": 0, "val_sc_v": 0, "total_sc_a": 0, "total_sc_v": 0}