{"c1": 0.02020827174864321, "c2": 0.09762121464243252, "ch1": 0.13821055038616548, "ch2": 0.10266041162888875, "di": 27.932356093911682, "dj": 7.053178979409511, "dk": 5.350936680115729, "vw_i": -0.5875499841930867, "vw_j": -0.35927984254254486, "kt": 3.765760070699564, "train_sc_a": [0.310134799170024], "train_sc_v": [0.11210818827377264], "val_sc_a": 0, "val_sc_v": 0, "total_sc_a": 0, "total_sc_v": 0}