{"c1": 0.019791185585424326, "c2": 0.11544188123760171, "ch1": -0.3677012439760505, "ch2": 0.06682387015198732, "di": 47.3337049287709, "dj": 41.362454101414606, "dk": 10.676252464699203, "vw_i": 9.731772321791594, "vw_j": 0.7571085352130402, "kt": 4.818820213804147, "train_sc_a": [3.6951642908346907], "train_sc_v": [2.6101031675873743], "val_sc_a": 0, "val_sc_v": 0, "total_sc_a": 0, "total_sc_v": 0}