{"c1": 0.019260740048591598, "c2": 0.11961874219161205, "ch1": -0.3720666059967093, "ch2": 0.06712075298447648, "di": 44.0797609964546, "dj": 46.0112242517376, "dk": 13.03915659176679, "vw_i": 3.8210745094151157, "vw_j": -0.46018637191040995, "kt": 4.816231469621875, "train_sc_a": [2.0450999142471677], "train_sc_v": [1.4747334340794378], "val_sc_a": 0, "val_sc_v": 0, "total_sc_a": 0, "total_sc_v": 0}