{"c1": 0.02115211855533892, "c2": 0.11398215692353318, "ch1": -0.6499111640492256, "ch2": 0.044352459543814594, "di": 49.91820435248456, "dj": 51.903559519246365, "dk": 6.2768712464156735, "vw_i": 2.3303552182393386, "vw_j": -4.333032797655084, "kt": 4.806878757899844, "train_sc_a": [1.6055937608860888], "train_sc_v": [0.35153718730117445], "val_sc_a": 0, "val_sc_v": 0, "total_sc_a": 0, "total_sc_v": 0}