{"c1": 0.018840909007853783, "c2": 0.11186588331782515, "ch1": 0.0075280964130902146, "ch2": 0.09167231661838435, "di": 24.180668420320348, "dj": 3.0354802339365197, "dk": 13.580406146695662, "vw_i": -0.7641682145228295, "vw_j": -0.1221667367737306, "kt": 3.775895646678175, "train_sc_a": [1.7233071645421494], "train_sc_v": [0.30775756003718546], "val_sc_a": 0, "val_sc_v": 0, "total_sc_a": 0, "total_sc_v": 0}