{"c1": 0.020795516173130704, "c2": 0.11372795272993662, "ch1": -0.5716306406007582, "ch2": 0.05466740173986763, "di": 47.854008123306535, "dj": 47.36840095814263, "dk": 9.701115289508095, "vw_i": 0.15068617490585, "vw_j": -3.5012634110523844, "kt": 3.993816492190633, "train_sc_a": [2.485545339137035], "train_sc_v": [2.2706595407823302], "val_sc_a": 0, "val_sc_v": 0, "total_sc_a": 0, "total_sc_v": 0}