{"c1": 0.02003498721640636, "c2": 0.1187006507959809, "ch1": -0.5355380951697881, "ch2": 0.05661485559014831, "di": 48.552620285123645, "dj": 52.17674446363149, "dk": 14.597975607071781, "vw_i": 3.0307461729500917, "vw_j": -3.1197200962109886, "kt": 4.506324829256803, "train_sc_a": [1.0926182294934663], "train_sc_v": [0.5201190639829968], "val_sc_a": 0, "val_sc_v": 0, "total_sc_a": 0, "total_sc_v": 0}