{"c1": 0.019102471639893058, "c2": 0.10528386301039278, "ch1": -0.01900206212104207, "ch2": 0.09239151654260776, "di": 4.244641405640828, "dj": 3.20065466223816, "dk": 0.0, "vw_i": -2.855345828870731, "vw_j": -1.2565362437777958, "kt": 4.984092424640095, "train_sc_a": [0.3147712987017097], "train_sc_v": [0.05276976484445331], "val_sc_a": 0, "val_sc_v": 0, "total_sc_a": 0, "total_sc_v": 0}