{"c1": 0.020953325480281403, "c2": 0.10553649183977785, "ch1": -0.37508557791115255, "ch2": 0.06678824799917243, "di": 41.08890026463993, "dj": 45.3836275961605, "dk": 15.431903662221632, "vw_i": -0.2759632837501592, "vw_j": -2.359498612384991, "kt": 4.924215921346756, "train_sc_a": [1.918235431620615], "train_sc_v": [1.7437064859314406], "val_sc_a": 0, "val_sc_v": 0, "total_sc_a": 0, "total_sc_v": 0}