{"c1": 0.01918770310081348, "c2": 0.10923361056574775, "ch1": 0.010968493760240002, "ch2": 0.0920231244777035, "di": 24.190433218229444, "dj": 3.149692945721041, "dk": 13.47235524341226, "vw_i": -0.8524331740660382, "vw_j": -0.23576022983797995, "kt": 4.234098932364653, "train_sc_a": [0.6865061893546677], "train_sc_v": [0.17340972519949768], "val_sc_a": 0, "val_sc_v": 0, "total_sc_a": 0, "total_sc_v": 0}