{"c1": 0.02010722734869357, "c2": 0.12338559860474951, "ch1": -0.537713422259951, "ch2": 0.05488317515210356, "di": 63.399660596386774, "dj": 54.05966564120962, "dk": 10.269436439251042, "vw_i": 0.987004412343211, "vw_j": -8.081570646436305, "kt": 7.194514249342836, "train_sc_a": [6.265856504525415], "train_sc_v": [4.873767782127044], "val_sc_a": 0, "val_sc_v": 0, "total_sc_a": 0, "total_sc_v": 0}