{"c1": 0.019577761369402827, "c2": 0.12559268892738676, "ch1": -0.6660280740301239, "ch2": 0.042904163649117276, "di": 51.35505424834602, "dj": 48.59340085020159, "dk": 9.576966852660648, "vw_i": 1.7821307781127649, "vw_j": -4.942307415531425, "kt": 5.668472563587743, "train_sc_a": [3.0425849270969065], "train_sc_v": [2.250621299048169], "val_sc_a": 0, "val_sc_v": 0, "total_sc_a": 0, "total_sc_v": 0}