{"c1": 0.020008078401803887, "c2": 0.11853114569692987, "ch1": -0.5576721831936009, "ch2": 0.05425327293969144, "di": 49.14033898020366, "dj": 48.68104001135268, "dk": 15.537704996958093, "vw_i": 1.4488882703843753, "vw_j": -4.446639948047959, "kt": 4.5295559120418325, "train_sc_a": [3.7863558931106414], "train_sc_v": [1.9604032438046848], "val_sc_a": 0, "val_sc_v": 0, "total_sc_a": 0, "total_sc_v": 0}