{"c1": 0.020797954240657075, "c2": 0.11988896072535, "ch1": -0.675655814040074, "ch2": 0.046804209839014746, "di": 50.168394165514954, "dj": 51.433423082276, "dk": 9.737140541125319, "vw_i": 2.5583528961490214, "vw_j": -4.872311234176384, "kt": 6.554719160762514, "train_sc_a": [1.2647831421701259], "train_sc_v": [0.8357286559362052], "val_sc_a": 0, "val_sc_v": 0, "total_sc_a": 0, "total_sc_v": 0}