{"c1": 0.02104597860012699, "c2": 0.11161804971524276, "ch1": -0.5587383908163712, "ch2": 0.05546325129444958, "di": 49.65533945506007, "dj": 50.085340793044445, "dk": 0.5735323607574271, "vw_i": 1.7086777052710795, "vw_j": -4.422413716435018, "kt": 4.405444905326046, "train_sc_a": [1.9932251788027762], "train_sc_v": [0.9583902786288921], "val_sc_a": 0, "val_sc_v": 0, "total_sc_a": 0, "total_sc_v": 0}