{"c1": 0.019578541091048368, "c2": 0.12926607962111808, "ch1": -0.6698224692489877, "ch2": 0.0482779845178481, "di": 49.9809346662317, "dj": 52.68636904436123, "dk": 11.945576792783942, "vw_i": -0.8623376812090449, "vw_j": -5.000279598421738, "kt": 7.163787685353983, "train_sc_a": [3.092835499987728], "train_sc_v": [1.7497672230942451], "val_sc_a": 0, "val_sc_v": 0, "total_sc_a": 0, "total_sc_v": 0}