{"c1": 0.019346646228412073, "c2": 0.12436070897104512, "ch1": -0.5069435643988104, "ch2": 0.059865714100887236, "di": 51.85159852405176, "dj": 53.118874054365094, "dk": 6.862836740076077, "vw_i": 2.914584693445602, "vw_j": -4.012804027207826, "kt": 4.320729370812094, "train_sc_a": [9.353991922470408], "train_sc_v": [4.355339088019109], "val_sc_a": 0, "val_sc_v": 0, "total_sc_a": 0, "total_sc_v": 0}