{"c1": 0.019736246964968385, "c2": 0.1272709163329375, "ch1": -0.6536125744806958, "ch2": 0.04809713514150631, "di": 57.07452390719093, "dj": 47.58621243072439, "dk": 13.284947309843865, "vw_i": 6.9938255795732545, "vw_j": -1.891673283237364, "kt": 6.5203963149673525, "train_sc_a": [3.567313755957229], "train_sc_v": [3.6670301275897357], "val_sc_a": 0, "val_sc_v": 0, "total_sc_a": 0, "total_sc_v": 0}