{"c1": 0.019096848677892724, "c2": 0.12767770274957932, "ch1": -0.5551750155405457, "ch2": 0.056552689744838076, "di": 50.234857560205306, "dj": 51.35967284986717, "dk": 5.179013493860941, "vw_i": 0.2648012193579095, "vw_j": -4.786246570179118, "kt": 5.361351327401888, "train_sc_a": [0.6811916178038412], "train_sc_v": [0.15275707393979382], "val_sc_a": 0, "val_sc_v": 0, "total_sc_a": 0, "total_sc_v": 0}