{"c1": 0.01910247236438853, "c2": 0.10528386021982228, "ch1": -0.01900205144143758, "ch2": 0.09239151728748633, "di": 4.244641488431202, "dj": 3.200654368168109, "dk": 0.0, "vw_i": -2.855346617184157, "vw_j": -1.2565367945588635, "kt": 4.984093046817746, "train_sc_a": [0.31477123102500076], "train_sc_v": [0.05276969004849375], "val_sc_a": 0, "val_sc_v": 0, "total_sc_a": 0, "total_sc_v": 0}