{"c1": 0.019709810412763422, "c2": 0.12526031225240092, "ch1": -0.6347759949817963, "ch2": 0.04583240685025999, "di": 53.52666996012119, "dj": 49.868826661495156, "dk": 8.227132837029576, "vw_i": 1.577349573447434, "vw_j": -4.87933611659325, "kt": 4.954554117383084, "train_sc_a": [0.5656235494849513], "train_sc_v": [0.3722666270414629], "val_sc_a": 0, "val_sc_v": 0, "total_sc_a": 0, "total_sc_v": 0}