{"c1": 0.01863577600536912, "c2": 0.12917176703686972, "ch1": -0.5218320032607526, "ch2": 0.057914431575443445, "di": 52.998664296459395, "dj": 49.02398131315283, "dk": 8.250207720051629, "vw_i": -2.2515640496790033, "vw_j": -6.288175442933518, "kt": 4.152142614031751, "train_sc_a": [1.6677112404793744], "train_sc_v": [0.47295344011420243], "val_sc_a": 0, "val_sc_v": 0, "total_sc_a": 0, "total_sc_v": 0}