{"c1": 0.019726303012307024, "c2": 0.12310694283990636, "ch1": -0.5292699450810249, "ch2": 0.058387509057123824, "di": 50.460500116066875, "dj": 52.735402137270185, "dk": 7.982330996836587, "vw_i": 0.9719767193722552, "vw_j": -4.848936273542722, "kt": 4.515549406535529, "train_sc_a": [1.1172892187209387], "train_sc_v": [0.31819065206368446], "val_sc_a": 0, "val_sc_v": 0, "total_sc_a": 0, "total_sc_v": 0}