{"c1": 0.01948395763774786, "c2": 0.12360938361025764, "ch1": -0.5230388563500417, "ch2": 0.058196661001468544, "di": 51.02529204275963, "dj": 50.97853068471334, "dk": 12.178753590642593, "vw_i": -1.2184194247700626, "vw_j": -4.820314257786533, "kt": 4.230170298322405, "train_sc_a": [1.1884466955127826], "train_sc_v": [0.5582804053514263], "val_sc_a": 0, "val_sc_v": 0, "total_sc_a": 0, "total_sc_v": 0}