{"c1": 0.019742661624459718, "c2": 0.12550935159460866, "ch1": -0.6284819376991424, "ch2": 0.04765518144021191, "di": 51.89279727430015, "dj": 55.0902507132121, "dk": 7.9347779319656295, "vw_i": 2.1417690278248145, "vw_j": -4.850759129952127, "kt": 6.993919608444841, "train_sc_a": [1.5099502558481963], "train_sc_v": [0.7572295209865405], "val_sc_a": 0, "val_sc_v": 0, "total_sc_a": 0, "total_sc_v": 0}