{"c1": 0.02031217288068781, "c2": 0.11750619025387264, "ch1": -0.537394897869135, "ch2": 0.0573841224171892, "di": 49.296585816790554, "dj": 50.124365674916085, "dk": 10.258312752430724, "vw_i": -0.5550210334596235, "vw_j": -4.5938989368491425, "kt": 4.018915303259781, "train_sc_a": [2.0374464344068692], "train_sc_v": [0.5063565017755808], "val_sc_a": 0, "val_sc_v": 0, "total_sc_a": 0, "total_sc_v": 0}