{"c1": 0.01863320564363215, "c2": 0.12918910150449872, "ch1": -0.5221060983935997, "ch2": 0.057898229712954795, "di": 52.95451917388405, "dj": 49.04028461320072, "dk": 8.24472039644315, "vw_i": -2.2359186178572843, "vw_j": -6.266695911881363, "kt": 4.151968855920236, "train_sc_a": [1.6473963973904695], "train_sc_v": [0.4732918229432104], "val_sc_a": 0, "val_sc_v": 0, "total_sc_a": 0, "total_sc_v": 0}