{"c1": 0.020449508184798317, "c2": 0.11642758197355184, "ch1": -0.5739304358981473, "ch2": 0.05461834610969017, "di": 49.04768824557021, "dj": 47.32133928702876, "dk": 9.851434085686916, "vw_i": 1.1280993469382024, "vw_j": -2.801279978120294, "kt": 4.147452392180662, "train_sc_a": [2.613729026484639], "train_sc_v": [1.2921409934435946], "val_sc_a": 0, "val_sc_v": 0, "total_sc_a": 0, "total_sc_v": 0}