{"c1": 0.020162299971904996, "c2": 0.11746335367067849, "ch1": -0.5624641817834689, "ch2": 0.05435721828117123, "di": 46.78531951013253, "dj": 51.010735125733376, "dk": 13.543667996386944, "vw_i": 1.8239640452835812, "vw_j": -3.1317908235617633, "kt": 4.532161407381222, "train_sc_a": [1.5639553024968185], "train_sc_v": [0.7201930731551952], "val_sc_a": 0, "val_sc_v": 0, "total_sc_a": 0, "total_sc_v": 0}