{"c1": 0.019208809555590504, "c2": 0.1266882387867779, "ch1": -0.526638053899092, "ch2": 0.05861986898597635, "di": 49.7944886208618, "dj": 53.670801756512034, "dk": 6.310362971484865, "vw_i": 0.7965314673412223, "vw_j": -5.01683385888977, "kt": 4.511723504892686, "train_sc_a": [0.2551068784182299], "train_sc_v": [0.03681751980224242], "val_sc_a": 0, "val_sc_v": 0, "total_sc_a": 0, "total_sc_v": 0}