{"c1": 0.020362483654782278, "c2": 0.12043622196098636, "ch1": -0.6713920264915579, "ch2": 0.043818420340335514, "di": 49.3614675668297, "dj": 48.6676889126988, "dk": 8.008763546384037, "vw_i": 3.027074424051645, "vw_j": -1.031339223608111, "kt": 6.210333092293889, "train_sc_a": [5.90985324917879], "train_sc_v": [1.9202827928630353], "val_sc_a": 0, "val_sc_v": 0, "total_sc_a": 0, "total_sc_v": 0}