{"c1": 0.021146145043757482, "c2": 0.11403062950526544, "ch1": -0.6484902859353128, "ch2": 0.04446761113432183, "di": 50.09332541958793, "dj": 51.911005497703854, "dk": 6.297631177403148, "vw_i": 2.353583940453419, "vw_j": -4.3892555319865405, "kt": 4.806625507269802, "train_sc_a": [1.5435335466184994], "train_sc_v": [1.2288537568464475], "val_sc_a": 0, "val_sc_v": 0, "total_sc_a": 0, "total_sc_v": 0}