{"c1": 0.019811000590809143, "c2": 0.12126762308056112, "ch1": -0.6971134215106389, "ch2": 0.04578078049536904, "di": 41.472492263806366, "dj": 41.79473638377254, "dk": 11.655875188680715, "vw_i": 5.0624993039871145, "vw_j": 1.6170956731061499, "kt": 4.3463848387439485, "train_sc_a": [7.771116212891974], "train_sc_v": [9.041406480685156], "val_sc_a": 0, "val_sc_v": 0, "total_sc_a": 0, "total_sc_v": 0}