{"c1": 0.019717977787077758, "c2": 0.11909327587514136, "ch1": -0.2922369923676191, "ch2": 0.07382809682374168, "di": 46.649124662667234, "dj": 52.78474458994209, "dk": 19.4077017901191, "vw_i": 4.788751828456243, "vw_j": -2.865171663015741, "kt": 4.007917188759843, "train_sc_a": [6.349426232931381], "train_sc_v": [2.827702247567489], "val_sc_a": 0, "val_sc_v": 0, "total_sc_a": 0, "total_sc_v": 0}