{"c1": 0.021087676857055274, "c2": 0.1041568666988198, "ch1": -0.3438326979646958, "ch2": 0.06848472051432357, "di": 43.25108000017304, "dj": 45.81373315587639, "dk": 9.11910089025808, "vw_i": 0.6564260615430606, "vw_j": -2.91412314517179, "kt": 4.874738701185567, "train_sc_a": [1.3368835350590391], "train_sc_v": [1.487200890321173], "val_sc_a": 0, "val_sc_v": 0, "total_sc_a": 0, "total_sc_v": 0}