{"c1": 0.021124655038139508, "c2": 0.11092926019359997, "ch1": -0.5588972676649367, "ch2": 0.0554546206747977, "di": 49.62313461093342, "dj": 50.10434666736595, "dk": 0.43444201104558006, "vw_i": 1.7071119714421972, "vw_j": -4.409452662215163, "kt": 4.412695282863776, "train_sc_a": [0.3527479509472469], "train_sc_v": [0.13801868591320027], "val_sc_a": 0, "val_sc_v": 0, "total_sc_a": 0, "total_sc_v": 0}