{"c1": 0.018774625294485023, "c2": 0.11222351044468037, "ch1": -0.018885482916440315, "ch2": 0.0899025095873042, "di": 24.193506057505616, "dj": 2.6462832626455097, "dk": 13.415839717226447, "vw_i": -0.7450610417726087, "vw_j": -0.17743682080356427, "kt": 4.3436419822756545, "train_sc_a": [0.7668036879959705], "train_sc_v": [0.3907745676225249], "val_sc_a": 0, "val_sc_v": 0, "total_sc_a": 0, "total_sc_v": 0}