{"c1": 0.020178096385790486, "c2": 0.12282032903126586, "ch1": -0.6330537876994219, "ch2": 0.04766450547201322, "di": 52.85961001745621, "dj": 53.484908053538106, "dk": 9.774743129718326, "vw_i": -0.9605009306154424, "vw_j": -5.059363456168113, "kt": 6.972263583934126, "train_sc_a": [2.1583794791850517], "train_sc_v": [0.8126544355187788], "val_sc_a": 0, "val_sc_v": 0, "total_sc_a": 0, "total_sc_v": 0}