{"c1": 0.020922447917734423, "c2": 0.11584583938250384, "ch1": -0.5952809891627104, "ch2": 0.04877982841259619, "di": 56.65129034240477, "dj": 52.189843825655615, "dk": 7.075052771891251, "vw_i": 3.223457268668539, "vw_j": -6.494694504631051, "kt": 4.797141732553438, "train_sc_a": [4.270602769421232], "train_sc_v": [2.9761400300295517], "val_sc_a": 0, "val_sc_v": 0, "total_sc_a": 0, "total_sc_v": 0}