{"c1": 0.019529582322812662, "c2": 0.1295634738734796, "ch1": -0.6405818416938595, "ch2": 0.0496894472898751, "di": 52.53210418287188, "dj": 53.12260088022737, "dk": 11.460767377657499, "vw_i": 2.5794135715096775, "vw_j": -5.80029921337619, "kt": 6.834560762398841, "train_sc_a": [4.997178108489838], "train_sc_v": [2.859449021278032], "val_sc_a": 0, "val_sc_v": 0, "total_sc_a": 0, "total_sc_v": 0}