{"c1": 0.018893304803679983, "c2": 0.1325042244515864, "ch1": -0.6172784138589381, "ch2": 0.049155486364784874, "di": 51.70247455277999, "dj": 55.00511915856414, "dk": 7.941166022997162, "vw_i": 2.5211943054820773, "vw_j": -4.454154487911576, "kt": 6.963736314454278, "train_sc_a": [0.9389628355159505], "train_sc_v": [0.6372074454335802], "val_sc_a": 0, "val_sc_v": 0, "total_sc_a": 0, "total_sc_v": 0}