{"c1": 0.019101495938558945, "c2": 0.1052873469423909, "ch1": -0.01898810323344264, "ch2": 0.0923926046052301, "di": 4.244521904803979, "dj": 3.2024872682551533, "dk": 0.0, "vw_i": -2.854272047557349, "vw_j": -1.255785891910478, "kt": 4.983189481874168, "train_sc_a": [0.31484278450621744], "train_sc_v": [0.05294759456484705], "val_sc_a": 0, "val_sc_v": 0, "total_sc_a": 0, "total_sc_v": 0}