{"c1": 0.019056254327289763, "c2": 0.12935435934782694, "ch1": -0.719431454863657, "ch2": 0.039102177504131065, "di": 45.28602769969892, "dj": 46.24252243894292, "dk": 10.3996865485044, "vw_i": 1.2318990416335018, "vw_j": -3.5769553052591334, "kt": 5.327857799262054, "train_sc_a": [1.8494181203264972], "train_sc_v": [0.6228762689843079], "val_sc_a": 0, "val_sc_v": 0, "total_sc_a": 0, "total_sc_v": 0}