{"c1": 0.019289598617326077, "c2": 0.12377169967581761, "ch1": -0.5416873770976824, "ch2": 0.05538361719894687, "di": 49.78011994544834, "dj": 50.40526874365594, "dk": 13.14296742643983, "vw_i": 3.1599705505624835, "vw_j": -4.341855915226641, "kt": 4.535563650313342, "train_sc_a": [2.323780636846906], "train_sc_v": [2.3012039273063536], "val_sc_a": 0, "val_sc_v": 0, "total_sc_a": 0, "total_sc_v": 0}