{"c1": 0.01996083259367349, "c2": 0.10970008486797699, "ch1": -0.494857056339178, "ch2": 0.056649693912756136, "di": 20.59501405006305, "dj": 17.764051399870617, "dk": 5.113545020702732, "vw_i": -3.185039473273931, "vw_j": -1.14303485332247, "kt": 3.5091262194801924, "train_sc_a": [8.040593950529269], "train_sc_v": [4.987417709673342], "val_sc_a": 0, "val_sc_v": 0, "total_sc_a": 0, "total_sc_v": 0}