{"c1": 0.02098166231247461, "c2": 0.11596129921520365, "ch1": -0.6134680345577903, "ch2": 0.049658990578438325, "di": 55.89240471235654, "dj": 54.24385062040004, "dk": 6.812498281677691, "vw_i": 0.4160812034026752, "vw_j": -5.565816544603979, "kt": 6.986768080667484, "train_sc_a": [2.2455686463386906], "train_sc_v": [1.0200971945097543], "val_sc_a": 0, "val_sc_v": 0, "total_sc_a": 0, "total_sc_v": 0}