{"c1": 0.019650264416008995, "c2": 0.12116917487072038, "ch1": -0.563571816577509, "ch2": 0.05378877341394347, "di": 48.987940110644715, "dj": 48.650624789114595, "dk": 13.482544360797485, "vw_i": 2.597486950744228, "vw_j": -3.744111527559428, "kt": 4.538916263781372, "train_sc_a": [1.7151295228748626], "train_sc_v": [1.2786334652474416], "val_sc_a": 0, "val_sc_v": 0, "total_sc_a": 0, "total_sc_v": 0}