{"c1": 0.01910247236438853, "c2": 0.1052838602198223, "ch1": -0.019002051441437316, "ch2": 0.09239151728748636, "di": 4.244641488431202, "dj": 3.2006543681681237, "dk": 0.0, "vw_i": -2.8553466171841557, "vw_j": -1.2565367945588624, "kt": 4.984093046817743, "train_sc_a": [0.31477123102500065], "train_sc_v": [0.05276969004849464], "val_sc_a": 0, "val_sc_v": 0, "total_sc_a": 0, "total_sc_v": 0}