{"c1": 0.020867755474191875, "c2": 0.12020281231797632, "ch1": -0.6479907724965485, "ch2": 0.04974309356364838, "di": 52.585726701260725, "dj": 52.637811985111014, "dk": 13.704725013422184, "vw_i": -1.416027257039063, "vw_j": -5.485506627241582, "kt": 7.19989231755774, "train_sc_a": [2.5215416816250578], "train_sc_v": [0.49542122749318396], "val_sc_a": 0, "val_sc_v": 0, "total_sc_a": 0, "total_sc_v": 0}