{"c1": 0.018793909430136764, "c2": 0.11108998915030338, "ch1": 0.02006024492098389, "ch2": 0.09244551732572141, "di": 25.81279522354179, "dj": 2.376632055038678, "dk": 10.940833792938509, "vw_i": 1.0682108624328892, "vw_j": 0.3349827099995959, "kt": 4.241028776325982, "train_sc_a": [0.5206852619270974], "train_sc_v": [0.4690399476528257], "val_sc_a": 0, "val_sc_v": 0, "total_sc_a": 0, "total_sc_v": 0}