{"c1": 0.018485488062191194, "c2": 0.11372578913440155, "ch1": 0.007756179165372241, "ch2": 0.09147576599625429, "di": 26.564864245170817, "dj": 2.584155350628883, "dk": 14.65199790350112, "vw_i": 0.062174856587972865, "vw_j": -0.48975782527372447, "kt": 4.280025084008452, "train_sc_a": [0.6214956321205464], "train_sc_v": [0.1416887277178953], "val_sc_a": 0, "val_sc_v": 0, "total_sc_a": 0, "total_sc_v": 0}