{"c1": 0.0205825797840507, "c2": 0.11639671000694377, "ch1": -0.5387719446540364, "ch2": 0.05748354673294559, "di": 50.47118951905507, "dj": 53.36671816527255, "dk": 11.384782589432895, "vw_i": 1.0467536588767383, "vw_j": -2.8790040074561887, "kt": 4.701908699753657, "train_sc_a": [2.2835958515994954], "train_sc_v": [1.4664459367703864], "val_sc_a": 0, "val_sc_v": 0, "total_sc_a": 0, "total_sc_v": 0}