{"c1": 0.020130900315688063, "c2": 0.11995332402734066, "ch1": -0.4006053606440258, "ch2": 0.0673685506832589, "di": 70.76408344779908, "dj": 48.62277821223234, "dk": 3.8246279001929837, "vw_i": 6.786934668243527, "vw_j": -9.03727518225795, "kt": 4.990968643655747, "train_sc_a": [18.759079304194948], "train_sc_v": [9.474703522563576], "val_sc_a": 0, "val_sc_v": 0, "total_sc_a": 0, "total_sc_v": 0}