{"c1": 0.02059817203707542, "c2": 0.11627720366317025, "ch1": -0.5402379441612147, "ch2": 0.05737070192729824, "di": 51.25108298642901, "dj": 52.5224422706246, "dk": 11.383322248100365, "vw_i": 1.1523777675713116, "vw_j": -2.8964188513146008, "kt": 4.706779762484464, "train_sc_a": [1.5110526673548301], "train_sc_v": [0.7184289544430725], "val_sc_a": 0, "val_sc_v": 0, "total_sc_a": 0, "total_sc_v": 0}