{"c1": 0.02103165421927595, "c2": 0.11379692538671947, "ch1": -0.7273067600046144, "ch2": 0.042313298308881926, "di": 46.358608159341784, "dj": 39.39265648758392, "dk": 2.4722848741692287, "vw_i": 0.11111609205794626, "vw_j": -2.4092892167980735, "kt": 4.993424052748757, "train_sc_a": [2.685224430219123], "train_sc_v": [2.353193396009675], "val_sc_a": 0, "val_sc_v": 0, "total_sc_a": 0, "total_sc_v": 0}