{"c1": 0.020135280436573692, "c2": 0.11228580506580062, "ch1": -0.3815324486241868, "ch2": 0.06613669916995916, "di": 42.385596963939314, "dj": 43.78710016675056, "dk": 16.08814595315208, "vw_i": -0.49184325158354303, "vw_j": -2.976098270080747, "kt": 5.020808686167246, "train_sc_a": [2.7601676325726796], "train_sc_v": [1.1822267292179482], "val_sc_a": 0, "val_sc_v": 0, "total_sc_a": 0, "total_sc_v": 0}