{"c1": 0.018880920894490436, "c2": 0.11803793451362128, "ch1": -0.04440049465122569, "ch2": 0.0917342840927827, "di": 22.45034012272073, "dj": 31.563202395201177, "dk": 12.063522535736599, "vw_i": -0.8450104476209406, "vw_j": -0.6309662908486571, "kt": 2.1266837195274912, "train_sc_a": [0.30502703779075646], "train_sc_v": [0.07424446823927369], "val_sc_a": 0, "val_sc_v": 0, "total_sc_a": 0, "total_sc_v": 0}