{"c1": 0.019284223239185737, "c2": 0.12478889717916575, "ch1": -0.37498879279657327, "ch2": 0.06903897550044599, "di": 71.5850052660414, "dj": 50.14943001399273, "dk": 6.585079035296178, "vw_i": 3.3011390290768805, "vw_j": -9.60489758830677, "kt": 4.313924369018117, "train_sc_a": [14.736194021355], "train_sc_v": [7.862595017474183], "val_sc_a": 0, "val_sc_v": 0, "total_sc_a": 0, "total_sc_v": 0}