{"c1": 0.02060016093001783, "c2": 0.11807873048571081, "ch1": -0.6521759624274049, "ch2": 0.04380572820858634, "di": 49.6722875009218, "dj": 51.92207474401789, "dk": 4.824734551047874, "vw_i": 2.275157873497272, "vw_j": -4.39265217982251, "kt": 4.888780060052468, "train_sc_a": [1.5771604228922091], "train_sc_v": [0.4941261416975807], "val_sc_a": 0, "val_sc_v": 0, "total_sc_a": 0, "total_sc_v": 0}