{"c1": 0.01861115622734424, "c2": 0.11984669214281654, "ch1": -0.31361882195577384, "ch2": 0.0703038886968007, "di": 25.632166040626885, "dj": 15.10599782196817, "dk": 6.453211116053259, "vw_i": -7.4260784798258195, "vw_j": -4.672726665064706, "kt": 3.470491465788511, "train_sc_a": [2.6082460721165703], "train_sc_v": [1.5421949903911505], "val_sc_a": 0, "val_sc_v": 0, "total_sc_a": 0, "total_sc_v": 0}