{"c1": 0.020626808634138096, "c2": 0.11877149980764995, "ch1": -0.6628027305285946, "ch2": 0.04539463002504228, "di": 52.68887313458326, "dj": 51.234860619549615, "dk": 8.051683933103066, "vw_i": 0.015123446512247396, "vw_j": -3.8143686789882865, "kt": 7.122080356424015, "train_sc_a": [2.0942726807604246], "train_sc_v": [1.4929984791044304], "val_sc_a": 0, "val_sc_v": 0, "total_sc_a": 0, "total_sc_v": 0}