{"c1": 0.018636036513347103, "c2": 0.11317539722970747, "ch1": -0.022574704555633287, "ch2": 0.08964954625537681, "di": 24.192131157596407, "dj": 2.5677808637894226, "dk": 13.308173413326937, "vw_i": -0.7350247445926767, "vw_j": -0.188515253561152, "kt": 4.343564491440924, "train_sc_a": [0.2904212322700647], "train_sc_v": [0.051073296113157876], "val_sc_a": 0, "val_sc_v": 0, "total_sc_a": 0, "total_sc_v": 0}