{"c1": 0.018763533913399317, "c2": 0.1333517501622775, "ch1": -0.6116669880869035, "ch2": 0.0495267837814648, "di": 52.207600896754535, "dj": 55.14862923621907, "dk": 7.268848279334909, "vw_i": 2.544658324744254, "vw_j": -4.676189028801026, "kt": 6.957167057908451, "train_sc_a": [1.2734497367142905], "train_sc_v": [0.7857214485857698], "val_sc_a": 0, "val_sc_v": 0, "total_sc_a": 0, "total_sc_v": 0}