{"c1": 0.01868834731801974, "c2": 0.10906999668355213, "ch1": -0.0025366965180016574, "ch2": 0.09363674271189303, "di": 1.0590942335110538, "dj": 3.724435303216067, "dk": 8.819367921404556, "vw_i": -2.095849740256179, "vw_j": -0.9324950270982835, "kt": 5.104376829205583, "train_sc_a": [1.7182427947387604], "train_sc_v": [1.951198089936798], "val_sc_a": 0, "val_sc_v": 0, "total_sc_a": 0, "total_sc_v": 0}