{"c1": 0.020118331711513945, "c2": 0.12225453834437833, "ch1": -0.6582318359756552, "ch2": 0.04445081333462048, "di": 49.164417591754976, "dj": 50.84027066396608, "dk": 8.010448357063977, "vw_i": 2.103945081650279, "vw_j": -1.5607402057854902, "kt": 5.802319874483069, "train_sc_a": [4.8978926832318015], "train_sc_v": [1.4158549081434417], "val_sc_a": 0, "val_sc_v": 0, "total_sc_a": 0, "total_sc_v": 0}