{"c1": 0.020202576260777216, "c2": 0.1170295840262226, "ch1": -0.6541789317450613, "ch2": 0.04682857564021113, "di": 43.81976788048013, "dj": 42.71702458982688, "dk": 14.980424594690241, "vw_i": 3.1937190659331547, "vw_j": -0.7158683658489495, "kt": 4.478905189598381, "train_sc_a": [5.222078014658432], "train_sc_v": [4.277460066701903], "val_sc_a": 0, "val_sc_v": 0, "total_sc_a": 0, "total_sc_v": 0}