{"c1": 0.01930113572730601, "c2": 0.10822953734627522, "ch1": 0.004639930158765575, "ch2": 0.09146129434884283, "di": 24.11336865155585, "dj": 2.7252630649851386, "dk": 11.342641013510073, "vw_i": -1.6915494939179059, "vw_j": -0.20737257789520566, "kt": 3.7824888336137166, "train_sc_a": [0.7346680395216607], "train_sc_v": [0.24969937347224871], "val_sc_a": 0, "val_sc_v": 0, "total_sc_a": 0, "total_sc_v": 0}