{"c1": 0.0185622457140861, "c2": 0.12944279844571624, "ch1": -0.555322108806625, "ch2": 0.05548596534934437, "di": 48.42842820490744, "dj": 49.88018767439405, "dk": 14.513841936244617, "vw_i": -0.2791826425344129, "vw_j": -4.07645455279048, "kt": 4.576041905057174, "train_sc_a": [1.386843822399709], "train_sc_v": [0.5391410821844326], "val_sc_a": 0, "val_sc_v": 0, "total_sc_a": 0, "total_sc_v": 0}