{"c1": 0.019118909782274266, "c2": 0.12726812142444727, "ch1": -0.5260852901767455, "ch2": 0.05864873411149483, "di": 49.81215228126768, "dj": 53.714649560495864, "dk": 5.796458746909173, "vw_i": 0.7830382512275746, "vw_j": -5.024155687250084, "kt": 4.511611784219921, "train_sc_a": [0.2637732664287015], "train_sc_v": [0.08404164913123083], "val_sc_a": 0, "val_sc_v": 0, "total_sc_a": 0, "total_sc_v": 0}