{"c1": 0.02067528657632046, "c2": 0.11901215010082498, "ch1": -0.620127670080937, "ch2": 0.048606951322504414, "di": 53.67819250190659, "dj": 53.88657370518531, "dk": 9.333233058143838, "vw_i": 0.5499027779628907, "vw_j": -4.798875226730144, "kt": 6.905461430541897, "train_sc_a": [1.1640161496620118], "train_sc_v": [0.1734892522714433], "val_sc_a": 0, "val_sc_v": 0, "total_sc_a": 0, "total_sc_v": 0}