{"c1": 0.018636036513347408, "c2": 0.11317539722970844, "ch1": -0.02257470455568464, "ch2": 0.08964954625537357, "di": 24.192131157594872, "dj": 2.5677808637891704, "dk": 13.308173413333254, "vw_i": -0.7350247445956571, "vw_j": -0.18851525355863646, "kt": 4.34356449146967, "train_sc_a": [0.2904212322700264], "train_sc_v": [0.05107329611338294], "val_sc_a": 0, "val_sc_v": 0, "total_sc_a": 0, "total_sc_v": 0}