{"c1": 0.019380439331652774, "c2": 0.12430515270140868, "ch1": -0.5444616139832696, "ch2": 0.056486176617520235, "di": 50.57265830920091, "dj": 48.99519821816532, "dk": 12.502163444126484, "vw_i": -0.8056416286119201, "vw_j": -4.669176023292116, "kt": 4.110761321962574, "train_sc_a": [1.327845845459918], "train_sc_v": [0.6768145267127882], "val_sc_a": 0, "val_sc_v": 0, "total_sc_a": 0, "total_sc_v": 0}