{"c1": 0.020268505349064107, "c2": 0.10752881470431525, "ch1": -0.3373950281425369, "ch2": 0.06957985936921791, "di": 22.05492912247906, "dj": 17.564175315113847, "dk": 2.703788097175656, "vw_i": -6.099891894703532, "vw_j": -2.412043366829324, "kt": 3.9882187883550455, "train_sc_a": [2.160278531151213], "train_sc_v": [1.8371402008704327], "val_sc_a": 0, "val_sc_v": 0, "total_sc_a": 0, "total_sc_v": 0}