{"c1": 0.01897067696960444, "c2": 0.10639927639636178, "ch1": -0.02500373682170293, "ch2": 0.0906285512669196, "di": 5.165609666171925, "dj": 4.460697906013814, "dk": 2.6967505998320798, "vw_i": -2.3000812305644995, "vw_j": -1.0616299605290158, "kt": 4.988524316922164, "train_sc_a": [0.7587557210142746], "train_sc_v": [0.5810747358976487], "val_sc_a": 0, "val_sc_v": 0, "total_sc_a": 0, "total_sc_v": 0}