{"c1": 0.020111672439926568, "c2": 0.12335234253533181, "ch1": -0.5958284332801049, "ch2": 0.05046388072396327, "di": 56.00937002002736, "dj": 54.57969121658655, "dk": 10.259009071123623, "vw_i": 1.0823966332261954, "vw_j": -5.625572607419357, "kt": 7.095347912640635, "train_sc_a": [1.7657940142002744], "train_sc_v": [0.8346286836694498], "val_sc_a": 0, "val_sc_v": 0, "total_sc_a": 0, "total_sc_v": 0}