{"c1": 0.020115208091748073, "c2": 0.12330767431861936, "ch1": -0.6347824627626518, "ch2": 0.04748015383315357, "di": 52.582343979808265, "dj": 53.62281429194983, "dk": 10.026933951473058, "vw_i": -0.6969511377008946, "vw_j": -4.823046180230871, "kt": 7.019057372175277, "train_sc_a": [2.249648699109196], "train_sc_v": [0.8292940393533977], "val_sc_a": 0, "val_sc_v": 0, "total_sc_a": 0, "total_sc_v": 0}