{"c1": 0.018030383846293734, "c2": 0.11410911087974662, "ch1": -0.020756020591275254, "ch2": 0.09031402976840196, "di": 6.6185359840031435, "dj": 2.7021952815548493, "dk": 4.171551054053216, "vw_i": -1.5628468156127413, "vw_j": -0.852183440777811, "kt": 4.671561115480574, "train_sc_a": [0.5663595623255295], "train_sc_v": [0.11390544758539801], "val_sc_a": 0, "val_sc_v": 0, "total_sc_a": 0, "total_sc_v": 0}