{"c1": 0.020030649770005092, "c2": 0.11954891620860142, "ch1": -0.5402426780072977, "ch2": 0.056859773533507546, "di": 51.4500168685356, "dj": 48.5719014668268, "dk": 11.969159001954425, "vw_i": -0.4724270808933881, "vw_j": -4.660206838414909, "kt": 4.172191813330857, "train_sc_a": [1.8964114932612732], "train_sc_v": [1.6117147361823287], "val_sc_a": 0, "val_sc_v": 0, "total_sc_a": 0, "total_sc_v": 0}