{"c1": 0.020541451602487024, "c2": 0.11912075092020179, "ch1": -0.6544123772214049, "ch2": 0.045639666962645084, "di": 48.82840947214106, "dj": 50.857817596177355, "dk": 8.394652898278435, "vw_i": 3.689557940124631, "vw_j": -1.3316946590464056, "kt": 6.547191276987975, "train_sc_a": [5.7851346549176], "train_sc_v": [1.7829288159550507], "val_sc_a": 0, "val_sc_v": 0, "total_sc_a": 0, "total_sc_v": 0}