{"c1": 0.02086322534908607, "c2": 0.10613172431218243, "ch1": -0.34581675035494924, "ch2": 0.06837127894576582, "di": 43.12194365746242, "dj": 45.79800150372384, "dk": 10.458747556878206, "vw_i": 0.6806538872830965, "vw_j": -2.9537657482755013, "kt": 5.018971416226418, "train_sc_a": [1.1182993811453819], "train_sc_v": [0.3515848198746932], "val_sc_a": 0, "val_sc_v": 0, "total_sc_a": 0, "total_sc_v": 0}