{"c1": 0.0191260038398581, "c2": 0.10898804898129329, "ch1": 0.006051028767947825, "ch2": 0.09169939609619042, "di": 20.019695050013613, "dj": 6.634037171933739, "dk": 7.581795079912713, "vw_i": -1.6093873243513803, "vw_j": -0.7143869378684325, "kt": 3.1111360135052877, "train_sc_a": [0.9968270536390731], "train_sc_v": [1.4738735833858876], "val_sc_a": 0, "val_sc_v": 0, "total_sc_a": 0, "total_sc_v": 0}