{"c1": 0.01920176813645912, "c2": 0.12685725827056535, "ch1": -0.6363499843671492, "ch2": 0.051138131446839076, "di": 48.77182682446825, "dj": 44.31172536035808, "dk": 8.32170587426697, "vw_i": 0.5592550214703351, "vw_j": -1.8380218187146014, "kt": 4.23972867063251, "train_sc_a": [4.277366151804736], "train_sc_v": [3.5993645112252803], "val_sc_a": 0, "val_sc_v": 0, "total_sc_a": 0, "total_sc_v": 0}