{"c1": 0.019824766121772818, "c2": 0.11098670593860982, "ch1": -0.15213206699311685, "ch2": 0.07996902965224116, "di": 21.15852189511426, "dj": 18.96929875459969, "dk": 21.592514356370184, "vw_i": -4.12999730908681, "vw_j": -1.917677414288188, "kt": 2.652398223065732, "train_sc_a": [0.3324423089831773], "train_sc_v": [0.05981118100870307], "val_sc_a": 0, "val_sc_v": 0, "total_sc_a": 0, "total_sc_v": 0}