{"c1": 0.019845163047847645, "c2": 0.12476287626134852, "ch1": -0.6246947134014269, "ch2": 0.04796085429938851, "di": 52.480343398979315, "dj": 54.920938600060985, "dk": 7.939011249536076, "vw_i": 2.0433380734218396, "vw_j": -4.980000643440745, "kt": 6.986595252352109, "train_sc_a": [1.4315227707402656], "train_sc_v": [0.7167108463522925], "val_sc_a": 0, "val_sc_v": 0, "total_sc_a": 0, "total_sc_v": 0}