{"c1": 0.019695713286817566, "c2": 0.12755859687297183, "ch1": -0.6808103719088052, "ch2": 0.04614927448927126, "di": 48.68923358534146, "dj": 52.24295628292997, "dk": 13.206273410045426, "vw_i": 6.262335374421325, "vw_j": -1.3015850383651477, "kt": 6.521255574335518, "train_sc_a": [1.7995845972007445], "train_sc_v": [1.7683194243013376], "val_sc_a": 0, "val_sc_v": 0, "total_sc_a": 0, "total_sc_v": 0}