{"c1": 0.019092956697215415, "c2": 0.1167390758950852, "ch1": -0.1583396814534543, "ch2": 0.0861739183690898, "di": 38.25688034108194, "dj": 63.065699378793795, "dk": 5.220613113471942, "vw_i": -0.6038720091373891, "vw_j": 1.615246499517716, "kt": 2.98069674133243, "train_sc_a": [0.45184728824517], "train_sc_v": [0.1792161954784907], "val_sc_a": 0, "val_sc_v": 0, "total_sc_a": 0, "total_sc_v": 0}