{"c1": 0.018513753478814378, "c2": 0.12589805348533104, "ch1": -0.33303408933857137, "ch2": 0.07030963520824593, "di": 45.89755793389329, "dj": 46.637687100120026, "dk": 16.212233726619836, "vw_i": 4.555077534789762, "vw_j": -0.41434850210505364, "kt": 4.9167974924306845, "train_sc_a": [1.6179580406987704], "train_sc_v": [0.4468503357631785], "val_sc_a": 0, "val_sc_v": 0, "total_sc_a": 0, "total_sc_v": 0}