{"c1": 0.020398709340531004, "c2": 0.11683224469899295, "ch1": -0.5351517939701241, "ch2": 0.057669630228838795, "di": 49.89254040861223, "dj": 49.777517960769366, "dk": 10.067738945139507, "vw_i": -0.2647809179807831, "vw_j": -4.528231754909911, "kt": 4.2059465297521985, "train_sc_a": [0.72076050039505], "train_sc_v": [0.5448263040616081], "val_sc_a": 0, "val_sc_v": 0, "total_sc_a": 0, "total_sc_v": 0}