{"c1": 0.021150553918776724, "c2": 0.11399485330364534, "ch1": -0.6495389947117856, "ch2": 0.04438262109724033, "di": 49.96407365744287, "dj": 51.90550983774447, "dk": 6.282308876628467, "vw_i": 2.3364394967367996, "vw_j": -4.347759168327079, "kt": 4.806812424188131, "train_sc_a": [1.6042615772787114], "train_sc_v": [1.2706775098931364], "val_sc_a": 0, "val_sc_v": 0, "total_sc_a": 0, "total_sc_v": 0}