{"c1": 0.01937647608592955, "c2": 0.12486216382798483, "ch1": -0.5216087201075109, "ch2": 0.05875731724339014, "di": 50.100212619609806, "dj": 53.47132794035271, "dk": 6.218907111957947, "vw_i": 0.7294020323055912, "vw_j": -5.685314133765798, "kt": 4.353777671953439, "train_sc_a": [3.0408294742636612], "train_sc_v": [2.083440761597036], "val_sc_a": 0, "val_sc_v": 0, "total_sc_a": 0, "total_sc_v": 0}