{"c1": 0.01903121747136019, "c2": 0.10935689720351534, "ch1": 0.017292318083770585, "ch2": 0.092211288603121, "di": 25.852809427804875, "dj": 2.1836980713445033, "dk": 11.443680183447142, "vw_i": 1.2474662481821246, "vw_j": 0.2689613575309304, "kt": 4.259794674394245, "train_sc_a": [1.1083289856311018], "train_sc_v": [0.3306525209646192], "val_sc_a": 0, "val_sc_v": 0, "total_sc_a": 0, "total_sc_v": 0}