{"c1": 0.019243747571190874, "c2": 0.11476374337749984, "ch1": -0.31505992967834406, "ch2": 0.07087442808834338, "di": 24.313503637843738, "dj": 18.851729908227803, "dk": 0.010153902979074677, "vw_i": -7.057807330111261, "vw_j": -2.3737826997457483, "kt": 3.7680975384030866, "train_sc_a": [2.4173698372486814], "train_sc_v": [1.7844709094981084], "val_sc_a": 0, "val_sc_v": 0, "total_sc_a": 0, "total_sc_v": 0}