{"c1": 0.018890745513909006, "c2": 0.11068781894355742, "ch1": -0.0014536318098838466, "ch2": 0.09099827207350489, "di": 22.67580203168976, "dj": 4.158380056493439, "dk": 7.090715618259813, "vw_i": -1.603183373260027, "vw_j": -1.0771703803899793, "kt": 3.6325175562668273, "train_sc_a": [0.822349522529804], "train_sc_v": [0.15136635960689956], "val_sc_a": 0, "val_sc_v": 0, "total_sc_a": 0, "total_sc_v": 0}