{"c1": 0.019270767588299997, "c2": 0.12593725552138796, "ch1": -0.5542278379963774, "ch2": 0.056473381375778196, "di": 50.177139265537065, "dj": 52.201146216081874, "dk": 12.492160763379701, "vw_i": 0.3300275728294852, "vw_j": -2.7408659761539256, "kt": 4.562571637817734, "train_sc_a": [2.4752430015623204], "train_sc_v": [1.4504659715297645], "val_sc_a": 0, "val_sc_v": 0, "total_sc_a": 0, "total_sc_v": 0}