{"c1": 0.02075193753426547, "c2": 0.10373094353358828, "ch1": -0.13883627302765134, "ch2": 0.08120850444272217, "di": 18.3591614942079, "dj": 11.206372613720944, "dk": 22.34676885396146, "vw_i": 3.5034788737785267, "vw_j": 3.0492884718894637, "kt": 3.081099792275881, "train_sc_a": [0.9798401911278793], "train_sc_v": [0.9683803568782542], "val_sc_a": 0, "val_sc_v": 0, "total_sc_a": 0, "total_sc_v": 0}