{"c1": 0.02094463825450307, "c2": 0.11407135851015532, "ch1": -0.6978101252583496, "ch2": 0.042213084554544346, "di": 52.26170429536822, "dj": 43.885836069280664, "dk": 1.0349958018403884, "vw_i": 1.0242486256202676, "vw_j": -2.3850173542809525, "kt": 4.738706591669661, "train_sc_a": [5.057639581835516], "train_sc_v": [1.7711149824127512], "val_sc_a": 0, "val_sc_v": 0, "total_sc_a": 0, "total_sc_v": 0}