{"c1": 0.01894685295071552, "c2": 0.13287765643433577, "ch1": -0.6249114687034563, "ch2": 0.048963990830030744, "di": 52.65414039189339, "dj": 53.18326551009349, "dk": 12.96784009221641, "vw_i": 2.4403301716696575, "vw_j": -3.970686230581917, "kt": 7.036537096310197, "train_sc_a": [8.320709852073724], "train_sc_v": [5.6455565116398185], "val_sc_a": 0, "val_sc_v": 0, "total_sc_a": 0, "total_sc_v": 0}