{"c1": 0.019042228399994605, "c2": 0.12806755230180578, "ch1": -0.5210226141744997, "ch2": 0.05895516864395085, "di": 52.810062419589855, "dj": 51.185874592646805, "dk": 5.213031917428131, "vw_i": 3.3458834707720126, "vw_j": -5.139961742832298, "kt": 5.38082294544428, "train_sc_a": [6.242833988598649], "train_sc_v": [4.017606727422287], "val_sc_a": 0, "val_sc_v": 0, "total_sc_a": 0, "total_sc_v": 0}