{"c1": 0.02048342295026496, "c2": 0.11557505370209356, "ch1": -0.5791981797733722, "ch2": 0.05374133120015622, "di": 47.01411156330063, "dj": 48.347324338670276, "dk": 9.591971180111159, "vw_i": -2.856471097091723, "vw_j": -4.653808183435769, "kt": 4.277125425233809, "train_sc_a": [0.5881597618887692], "train_sc_v": [0.22526242461064613], "val_sc_a": 0, "val_sc_v": 0, "total_sc_a": 0, "total_sc_v": 0}