{"c1": 0.01882969834894471, "c2": 0.10801384219930775, "ch1": 0.0019575930968120207, "ch2": 0.09233277466815827, "di": 6.853989014075713, "dj": 3.379586264859741, "dk": 3.6124191038757894, "vw_i": -2.0845521920047423, "vw_j": -0.9279417708186165, "kt": 4.803301743381115, "train_sc_a": [0.2735815331035907], "train_sc_v": [0.11361724701152262], "val_sc_a": 0, "val_sc_v": 0, "total_sc_a": 0, "total_sc_v": 0}