{"c1": 0.020051089323971705, "c2": 0.12380768411663944, "ch1": -0.5996559180971094, "ch2": 0.050179591128706236, "di": 54.13013872922413, "dj": 55.98241247316251, "dk": 10.331746954006883, "vw_i": 0.9771911626986146, "vw_j": -5.476105104472656, "kt": 7.085437453965477, "train_sc_a": [2.2601043974152843], "train_sc_v": [2.4205884960675705], "val_sc_a": 0, "val_sc_v": 0, "total_sc_a": 0, "total_sc_v": 0}