{"c1": 0.018921050947083885, "c2": 0.12744510144556323, "ch1": -0.543829673191463, "ch2": 0.056539697657280716, "di": 50.062365348794714, "dj": 49.65525122462529, "dk": 11.162807567411669, "vw_i": -0.9824060974240912, "vw_j": -4.662114930219247, "kt": 4.206490175777974, "train_sc_a": [1.6055538140531807], "train_sc_v": [0.4988956511744725], "val_sc_a": 0, "val_sc_v": 0, "total_sc_a": 0, "total_sc_v": 0}