{"c1": 0.020099871728032383, "c2": 0.12342672648643827, "ch1": -0.6449971132492437, "ch2": 0.046677571597103965, "di": 50.974341299964124, "dj": 53.97263863316615, "dk": 10.09346107195315, "vw_i": -0.9247015442334933, "vw_j": -4.5210749664382215, "kt": 7.019756369775341, "train_sc_a": [2.818196525951127], "train_sc_v": [1.1872084282306856], "val_sc_a": 0, "val_sc_v": 0, "total_sc_a": 0, "total_sc_v": 0}