{"c1": 0.018677314260030532, "c2": 0.1123553103197089, "ch1": -0.019864636111092213, "ch2": 0.08988907050428473, "di": 20.015443491150446, "dj": 6.091946173821692, "dk": 7.847745621125496, "vw_i": -0.858990843327643, "vw_j": -0.3765303867691503, "kt": 3.1775823696454792, "train_sc_a": [1.0467192326844261], "train_sc_v": [0.1284601326546582], "val_sc_a": 0, "val_sc_v": 0, "total_sc_a": 0, "total_sc_v": 0}