{"c1": 0.018093819154829938, "c2": 0.11281309733423242, "ch1": -0.019669671497793886, "ch2": 0.09087059169878402, "di": 6.372774216345764, "dj": 3.056364013429157, "dk": 1.4994808350647248, "vw_i": -1.9110031330071706, "vw_j": -0.8980705845510745, "kt": 4.8429249640778504, "train_sc_a": [0.5367997222502938], "train_sc_v": [0.1773570663461887], "val_sc_a": 0, "val_sc_v": 0, "total_sc_a": 0, "total_sc_v": 0}