{"c1": 0.01955374051118459, "c2": 0.12576761367041575, "ch1": -0.6669367840386143, "ch2": 0.04283487352373086, "di": 51.28292128386994, "dj": 48.550668833261206, "dk": 9.588490212021455, "vw_i": 1.7536019836708046, "vw_j": -4.916635257177081, "kt": 5.6671595879556085, "train_sc_a": [1.9006634790983443], "train_sc_v": [0.8722918910960724], "val_sc_a": 0, "val_sc_v": 0, "total_sc_a": 0, "total_sc_v": 0}