{"c1": 0.019695776296227534, "c2": 0.1275581496749401, "ch1": -0.6807680930620139, "ch2": 0.046152302429394144, "di": 48.70226847927932, "dj": 52.23571739675198, "dk": 13.20639570824861, "vw_i": 6.263472472467399, "vw_j": -1.3025023277362557, "kt": 6.521254238620915, "train_sc_a": [1.79356188288115], "train_sc_v": [1.7602406298996893], "val_sc_a": 0, "val_sc_v": 0, "total_sc_a": 0, "total_sc_v": 0}