{"c1": 0.019761687438321636, "c2": 0.12484732894654338, "ch1": -0.6464153662394683, "ch2": 0.04480671804418291, "di": 49.39827125448018, "dj": 52.882416118388434, "dk": 8.48169708360534, "vw_i": 2.0588165581519475, "vw_j": -4.7453994815597875, "kt": 4.827999438729198, "train_sc_a": [1.0398975082070125], "train_sc_v": [0.9698069278454483], "val_sc_a": 0, "val_sc_v": 0, "total_sc_a": 0, "total_sc_v": 0}