{"c1": 0.01913765116012545, "c2": 0.11287826236313368, "ch1": -0.21020138008121542, "ch2": 0.07645567793557186, "di": 15.052287415184365, "dj": 4.824868111713595, "dk": 18.893161283379406, "vw_i": 2.8194648799306137, "vw_j": 2.0009346089066185, "kt": 4.421033066180297, "train_sc_a": [8.067165151303657], "train_sc_v": [9.005382832134503], "val_sc_a": 0, "val_sc_v": 0, "total_sc_a": 0, "total_sc_v": 0}