{"c1": 0.019642870463530512, "c2": 0.11265145754093008, "ch1": -0.06274751813315077, "ch2": 0.09038088193255743, "di": 21.64424666317869, "dj": 31.976228674405117, "dk": 12.475910953430136, "vw_i": -1.0131670082215867, "vw_j": -0.7079546176627255, "kt": 2.1457998786305623, "train_sc_a": [0.5169703881168184], "train_sc_v": [0.29443945279230477], "val_sc_a": 0, "val_sc_v": 0, "total_sc_a": 0, "total_sc_v": 0}