{"c1": 0.018534190762993105, "c2": 0.11366049003841275, "ch1": 0.013498192172119103, "ch2": 0.09207143767896163, "di": 24.55349063402203, "dj": 3.077593187295076, "dk": 12.442209561630902, "vw_i": 0.6723194672650535, "vw_j": -0.2116732074466129, "kt": 4.25900220303731, "train_sc_a": [0.5267960307437183], "train_sc_v": [0.2360362260556334], "val_sc_a": 0, "val_sc_v": 0, "total_sc_a": 0, "total_sc_v": 0}