{"c1": 0.01902421068025418, "c2": 0.12810477500360834, "ch1": -0.537874244861137, "ch2": 0.05810739141701914, "di": 51.044101487066605, "dj": 52.45859231857673, "dk": 8.236235123292165, "vw_i": -2.183987427741368, "vw_j": -5.14955186934599, "kt": 4.2193430225960205, "train_sc_a": [0.4887464680636444], "train_sc_v": [0.16437014579232997], "val_sc_a": 0, "val_sc_v": 0, "total_sc_a": 0, "total_sc_v": 0}