{"c1": 0.018887227968802957, "c2": 0.11070116615506097, "ch1": -0.0017282764999786838, "ch2": 0.09097883742045447, "di": 22.6739751362518, "dj": 4.153416202108546, "dk": 7.041133039878613, "vw_i": -1.5966326653132854, "vw_j": -1.0708000549440364, "kt": 3.635904633067075, "train_sc_a": [0.8219817857774653], "train_sc_v": [0.15136015847692863], "val_sc_a": 0, "val_sc_v": 0, "total_sc_a": 0, "total_sc_v": 0}