{"c1": 0.019372861607805818, "c2": 0.12414947243150364, "ch1": -0.4997534110776254, "ch2": 0.060426535280325974, "di": 52.87039408998616, "dj": 54.82599939998448, "dk": 6.583301143742102, "vw_i": 0.4078396296901649, "vw_j": -4.872692075967349, "kt": 4.3703152781709695, "train_sc_a": [1.3513300787620937], "train_sc_v": [0.3300673635443302], "val_sc_a": 0, "val_sc_v": 0, "total_sc_a": 0, "total_sc_v": 0}