{"c1": 0.018743077046448797, "c2": 0.11569738102552041, "ch1": -0.14295284679689169, "ch2": 0.08112619539356983, "di": 15.053007298313267, "dj": 11.73638489711848, "dk": 18.989704423586, "vw_i": 3.5332887270537205, "vw_j": 2.4404593659440086, "kt": 4.542129690528829, "train_sc_a": [2.668437729706989], "train_sc_v": [1.4022205446716092], "val_sc_a": 0, "val_sc_v": 0, "total_sc_a": 0, "total_sc_v": 0}