{"c1": 0.020297884368431714, "c2": 0.11116302404515106, "ch1": -0.288764784175468, "ch2": 0.07382383129036853, "di": 45.76942002930822, "dj": 48.89240996629597, "dk": 17.50715507224807, "vw_i": -4.408427454182599, "vw_j": -8.01565576201919, "kt": 4.932380166687271, "train_sc_a": [10.096627197970902], "train_sc_v": [6.089865999950006], "val_sc_a": 0, "val_sc_v": 0, "total_sc_a": 0, "total_sc_v": 0}