{"c1": 0.020259664957254904, "c2": 0.12234529468920444, "ch1": -0.6243269008261526, "ch2": 0.0487686384034687, "di": 52.01110683229203, "dj": 53.86128555505378, "dk": 7.721020039357512, "vw_i": 2.3318316270072574, "vw_j": -4.19177315220168, "kt": 6.917262523619234, "train_sc_a": [1.2063249300691423], "train_sc_v": [0.9947694962082231], "val_sc_a": 0, "val_sc_v": 0, "total_sc_a": 0, "total_sc_v": 0}