{"c1": 0.02002558073669849, "c2": 0.1240960079692475, "ch1": -0.6140305657027396, "ch2": 0.04953996587759099, "di": 52.97528311632229, "dj": 54.08949904470182, "dk": 7.7807644782328715, "vw_i": 2.5308307694043553, "vw_j": -4.610845300948883, "kt": 6.9247732394183155, "train_sc_a": [0.6695607463630203], "train_sc_v": [0.6318339510117663], "val_sc_a": 0, "val_sc_v": 0, "total_sc_a": 0, "total_sc_v": 0}