{"c1": 0.02089076239771129, "c2": 0.12001249879330521, "ch1": -0.6459625363392946, "ch2": 0.04993606225558589, "di": 52.7787916805722, "dj": 52.68916227286338, "dk": 13.53487919755087, "vw_i": -1.391480043779433, "vw_j": -5.434993865688412, "kt": 7.276195932789369, "train_sc_a": [2.507578499141386], "train_sc_v": [0.49449430362384184], "val_sc_a": 0, "val_sc_v": 0, "total_sc_a": 0, "total_sc_v": 0}