{"c1": 0.01931577393008247, "c2": 0.10812032509188832, "ch1": -0.003026365703995154, "ch2": 0.09088735306099213, "di": 23.82086122707965, "dj": 2.875362098579203, "dk": 11.346112896761982, "vw_i": -0.8758958224040513, "vw_j": -1.1135040962259704, "kt": 3.7796197585268767, "train_sc_a": [0.9055710965849674], "train_sc_v": [0.35678577752004853], "val_sc_a": 0, "val_sc_v": 0, "total_sc_a": 0, "total_sc_v": 0}