{"c1": 0.019507872385624396, "c2": 0.12609782549031837, "ch1": -0.667166051383254, "ch2": 0.042814629434255964, "di": 51.07750792412315, "dj": 48.72868592068468, "dk": 9.579579596450836, "vw_i": 1.722424017967425, "vw_j": -4.920194822277752, "kt": 5.663630003707881, "train_sc_a": [1.802845003240122], "train_sc_v": [0.8656276483861343], "val_sc_a": 0, "val_sc_v": 0, "total_sc_a": 0, "total_sc_v": 0}