{"c1": 0.020725341919370473, "c2": 0.1126421232092892, "ch1": -0.5209644273979253, "ch2": 0.05744021254394749, "di": 52.77551216307296, "dj": 49.09659069185931, "dk": 12.645986840674997, "vw_i": 2.021476430690912, "vw_j": -5.423833127770564, "kt": 4.487436214137049, "train_sc_a": [2.5011084093734057], "train_sc_v": [2.123889219277117], "val_sc_a": 0, "val_sc_v": 0, "total_sc_a": 0, "total_sc_v": 0}