{"c1": 0.018907760648795232, "c2": 0.11813459567559366, "ch1": -0.15522110523842397, "ch2": 0.08636492116474437, "di": 38.353575299398216, "dj": 63.06387922062525, "dk": 5.326584895758607, "vw_i": -0.6627320837687976, "vw_j": 1.6893816672500055, "kt": 2.982617185908681, "train_sc_a": [0.4448833270054492], "train_sc_v": [0.0896280170282618], "val_sc_a": 0, "val_sc_v": 0, "total_sc_a": 0, "total_sc_v": 0}