{"c1": 0.02085253434364723, "c2": 0.12032834103429076, "ch1": -0.6339446658354234, "ch2": 0.05083864284413202, "di": 52.62062688596628, "dj": 54.223883875717924, "dk": 13.816004125553096, "vw_i": -1.4625348900661308, "vw_j": -6.235928784968649, "kt": 7.172397447977227, "train_sc_a": [2.9922613785354235], "train_sc_v": [1.2964576673647943], "val_sc_a": 0, "val_sc_v": 0, "total_sc_a": 0, "total_sc_v": 0}