{"c1": 0.018893967764330683, "c2": 0.1144530688066562, "ch1": -0.48410163615714363, "ch2": 0.05579309692955883, "di": 14.592551139996997, "dj": 0.0, "dk": 18.079275307405428, "vw_i": -0.25121206174290756, "vw_j": 0.7534258902173532, "kt": 4.47832924921578, "train_sc_a": [NaN], "train_sc_v": [NaN], "val_sc_a": 0, "val_sc_v": 0, "total_sc_a": 0, "total_sc_v": 0}