{"c1": 0.020063607122759754, "c2": 0.12286139522992419, "ch1": -0.617629511779276, "ch2": 0.048792109933337005, "di": 51.93824981010248, "dj": 57.34822558405366, "dk": 7.94558847318276, "vw_i": 0.07152836006274506, "vw_j": -5.700801268846218, "kt": 6.637178965288511, "train_sc_a": [2.4267387155377307], "train_sc_v": [1.3232418440991212], "val_sc_a": 0, "val_sc_v": 0, "total_sc_a": 0, "total_sc_v": 0}