{"c1": 0.019436595396161403, "c2": 0.1237103456499074, "ch1": -0.504623195763892, "ch2": 0.059995645108836315, "di": 51.95938874063598, "dj": 53.26702299633096, "dk": 6.874789037412382, "vw_i": 3.0532148581865295, "vw_j": -4.0456515499012955, "kt": 4.31212117179401, "train_sc_a": [0.8323086686128985], "train_sc_v": [0.29338311164395187], "val_sc_a": 0, "val_sc_v": 0, "total_sc_a": 0, "total_sc_v": 0}