{"c1": 0.01991771446184836, "c2": 0.1030096688553581, "ch1": 0.012663214907689195, "ch2": 0.09204053626428498, "di": 25.059641257110776, "dj": 2.6133071108001515, "dk": 11.68268809448662, "vw_i": 0.9081603619705937, "vw_j": 0.1963399999019004, "kt": 4.250218657594142, "train_sc_a": [1.0866908793974381], "train_sc_v": [1.0291377174295286], "val_sc_a": 0, "val_sc_v": 0, "total_sc_a": 0, "total_sc_v": 0}