{"c1": 0.018634425646672528, "c2": 0.1291808738286403, "ch1": -0.5219760011817498, "ch2": 0.05790591980622517, "di": 52.97547232728073, "dj": 49.032546373348914, "dk": 8.247324913694392, "vw_i": -2.2433446054589314, "vw_j": -6.276891011198536, "kt": 4.152051328912767, "train_sc_a": [1.6569672489683702], "train_sc_v": [0.4729838280682075], "val_sc_a": 0, "val_sc_v": 0, "total_sc_a": 0, "total_sc_v": 0}