{"c1": 0.01912677406253804, "c2": 0.12696379152938495, "ch1": -0.518619347618907, "ch2": 0.05900669099294718, "di": 53.070561663960945, "dj": 52.83006284448917, "dk": 12.52679045567599, "vw_i": 0.20572228544523172, "vw_j": -4.373340952484642, "kt": 4.573592858197513, "train_sc_a": [1.9070069681870825], "train_sc_v": [0.9763750548710692], "val_sc_a": 0, "val_sc_v": 0, "total_sc_a": 0, "total_sc_v": 0}