{"c1": 0.021133455499386073, "c2": 0.11374568854226402, "ch1": -0.673778900915229, "ch2": 0.04203490262559198, "di": 49.4045992342258, "dj": 49.73436397053187, "dk": 3.2418512983295877, "vw_i": 1.3180438284293896, "vw_j": -3.7589238860796303, "kt": 4.8926017980530405, "train_sc_a": [2.5335667824567163], "train_sc_v": [1.9574256967914143], "val_sc_a": 0, "val_sc_v": 0, "total_sc_a": 0, "total_sc_v": 0}