{"c1": 0.019729840250267167, "c2": 0.10486572213801469, "ch1": -0.034629488046071855, "ch2": 0.08838484426394198, "di": 22.94547818967158, "dj": 1.4138737350116104, "dk": 9.964579753626701, "vw_i": -2.0440617545127697, "vw_j": -0.11147313130146899, "kt": 3.7765097091190296, "train_sc_a": [2.0603371898845158], "train_sc_v": [2.182814941089796], "val_sc_a": 0, "val_sc_v": 0, "total_sc_a": 0, "total_sc_v": 0}