{"c1": 0.018809189525455614, "c2": 0.11844575581228632, "ch1": -0.32015355871758955, "ch2": 0.06994057377373042, "di": 25.609748384067004, "dj": 14.994877155454569, "dk": 6.684663367335375, "vw_i": -7.341947137678908, "vw_j": -4.491365074788785, "kt": 3.4933094509147207, "train_sc_a": [2.9026679290974315], "train_sc_v": [1.4423485880565574], "val_sc_a": 0, "val_sc_v": 0, "total_sc_a": 0, "total_sc_v": 0}