{"c1": 0.02067408714104428, "c2": 0.11811623396904714, "ch1": -0.598342630734564, "ch2": 0.050202783239623044, "di": 54.97087157791574, "dj": 51.758745080314085, "dk": 8.389407073282303, "vw_i": 5.725103393840783, "vw_j": -2.2932929776915048, "kt": 6.685456976369274, "train_sc_a": [2.1189906355752655], "train_sc_v": [1.7525366520192578], "val_sc_a": 0, "val_sc_v": 0, "total_sc_a": 0, "total_sc_v": 0}