{"c1": 0.018525028857001632, "c2": 0.11726647455967486, "ch1": -0.127884822505718, "ch2": 0.08215896547101363, "di": 15.053270358108517, "dj": 13.139495847717663, "dk": 19.07095442578437, "vw_i": 3.7141521367697674, "vw_j": 2.5476277442709456, "kt": 4.608481907191894, "train_sc_a": [2.798255466482143], "train_sc_v": [1.7732174050285494], "val_sc_a": 0, "val_sc_v": 0, "total_sc_a": 0, "total_sc_v": 0}