{"c1": 0.01804748624130966, "c2": 0.11587725258168889, "ch1": 0.07795097605578202, "ch2": 0.09625789734003191, "di": 27.70264266241974, "dj": 3.02580303840062, "dk": 13.486914731662441, "vw_i": -3.5152793216049854, "vw_j": -0.6640568382715311, "kt": 4.2640956675203885, "train_sc_a": [0.40998021608291263], "train_sc_v": [0.13654343872343438], "val_sc_a": 0, "val_sc_v": 0, "total_sc_a": 0, "total_sc_v": 0}