{"c1": 0.02031913728869572, "c2": 0.11744664445782001, "ch1": -0.5466317895347393, "ch2": 0.056706412337495744, "di": 48.9297544396262, "dj": 49.50133179869305, "dk": 10.192888174312122, "vw_i": -0.48104361670252593, "vw_j": -4.121252768337717, "kt": 4.071288022763048, "train_sc_a": [1.3861763351931233], "train_sc_v": [0.581903414378468], "val_sc_a": 0, "val_sc_v": 0, "total_sc_a": 0, "total_sc_v": 0}