{"c1": 0.021675191265789123, "c2": 0.10448445697971516, "ch1": -0.6160190548487312, "ch2": 0.049120031494244515, "di": 43.14138075129541, "dj": 47.3996727569288, "dk": 7.858931372859927, "vw_i": 0.7189217548614923, "vw_j": -1.9138681028584612, "kt": 4.352691690052384, "train_sc_a": [4.336169303681225], "train_sc_v": [2.1339794370422225], "val_sc_a": 0, "val_sc_v": 0, "total_sc_a": 0, "total_sc_v": 0}