{"c1": 0.019268951352994758, "c2": 0.1259459455460929, "ch1": -0.5296830296343396, "ch2": 0.05822628407877388, "di": 51.97212001535948, "dj": 52.856344901529226, "dk": 12.474979484101018, "vw_i": 0.24648102427781793, "vw_j": -3.833114735673637, "kt": 4.577433361008974, "train_sc_a": [1.5984623455435218], "train_sc_v": [0.5664206616073594], "val_sc_a": 0, "val_sc_v": 0, "total_sc_a": 0, "total_sc_v": 0}