{"c1": 0.019301832041946878, "c2": 0.1280644914239926, "ch1": -0.638726286691971, "ch2": 0.04548410551608338, "di": 50.27860938255459, "dj": 52.937842483042516, "dk": 6.668573526751341, "vw_i": 1.4260614397828908, "vw_j": -5.218191975604315, "kt": 4.887317844322009, "train_sc_a": [0.361116044157149], "train_sc_v": [0.13642458375637195], "val_sc_a": 0, "val_sc_v": 0, "total_sc_a": 0, "total_sc_v": 0}