{"c1": 0.019250356573070903, "c2": 0.12489746333947588, "ch1": -0.5671385082697266, "ch2": 0.05472698076976616, "di": 48.37348065830558, "dj": 48.423918574724205, "dk": 9.628168969268785, "vw_i": -3.1610283181538423, "vw_j": -5.043501121217679, "kt": 4.28754555373502, "train_sc_a": [1.1636208989140002], "train_sc_v": [0.4428235572309602], "val_sc_a": 0, "val_sc_v": 0, "total_sc_a": 0, "total_sc_v": 0}