{"c1": 0.020642004593283695, "c2": 0.11558679871028649, "ch1": -0.5623837812948569, "ch2": 0.0563190584177992, "di": 49.4924891049431, "dj": 51.15365100313094, "dk": 5.114987241753552, "vw_i": -2.6948573890997944, "vw_j": -4.464507040104899, "kt": 4.312511188396026, "train_sc_a": [0.9005463066730631], "train_sc_v": [0.5997272932669853], "val_sc_a": 0, "val_sc_v": 0, "total_sc_a": 0, "total_sc_v": 0}