{"c1": 0.019126559673912955, "c2": 0.10517067295232736, "ch1": -0.01631501567864245, "ch2": 0.09116474040388423, "di": 5.654411555119878, "dj": 4.152769681135537, "dk": 1.1658450715776083, "vw_i": -2.033551817417349, "vw_j": -0.9404063185605344, "kt": 4.994029091896121, "train_sc_a": [0.24528429235082183], "train_sc_v": [0.06112558215219652], "val_sc_a": 0, "val_sc_v": 0, "total_sc_a": 0, "total_sc_v": 0}