{"c1": 0.02232768033847095, "c2": 0.0896028074357294, "ch1": -0.13729009208805823, "ch2": 0.08079082951514086, "di": 15.400701096304342, "dj": 14.799652336875274, "dk": 16.288265662219416, "vw_i": 2.972343417943713, "vw_j": 2.270957314572459, "kt": 3.2234343073694007, "train_sc_a": [1.1994205610413717], "train_sc_v": [1.2912881549073731], "val_sc_a": 0, "val_sc_v": 0, "total_sc_a": 0, "total_sc_v": 0}