{"c1": 0.020424171434405055, "c2": 0.1187604749341638, "ch1": -0.549779575904802, "ch2": 0.05713873341324344, "di": 46.36330634623952, "dj": 55.08412837803639, "dk": 6.562154385462178, "vw_i": 0.32747964578311706, "vw_j": -6.155583381630202, "kt": 5.226529195147888, "train_sc_a": [7.723570351528857], "train_sc_v": [5.049445208757119], "val_sc_a": 0, "val_sc_v": 0, "total_sc_a": 0, "total_sc_v": 0}