{"c1": 0.02065895646651649, "c2": 0.11423072841711411, "ch1": -0.5627296466370263, "ch2": 0.054924543694582495, "di": 45.603489666483625, "dj": 51.7762296108112, "dk": 9.763061762238772, "vw_i": -3.0894616142133065, "vw_j": -6.220839381543626, "kt": 4.341860038669933, "train_sc_a": [1.9168465046328158], "train_sc_v": [1.5004359282123452], "val_sc_a": 0, "val_sc_v": 0, "total_sc_a": 0, "total_sc_v": 0}