{"c1": 0.02008182786630127, "c2": 0.11834713260204391, "ch1": -0.5338316667303796, "ch2": 0.05675734319306855, "di": 48.36981611134293, "dj": 52.532130432320955, "dk": 14.560982344735931, "vw_i": 3.130036133140091, "vw_j": -3.1693386707066615, "kt": 4.502386645635767, "train_sc_a": [4.762741575519762], "train_sc_v": [2.4013480411968917], "val_sc_a": 0, "val_sc_v": 0, "total_sc_a": 0, "total_sc_v": 0}