{"c1": 0.019102472364388518, "c2": 0.10528386021982233, "ch1": -0.0190020514414377, "ch2": 0.09239151728748633, "di": 4.244641488431201, "dj": 3.2006543681681126, "dk": 0.0, "vw_i": -2.855346617184148, "vw_j": -1.256536794558857, "kt": 4.984093046817738, "train_sc_a": [0.3147712310250017], "train_sc_v": [0.05276969004849537], "val_sc_a": 0, "val_sc_v": 0, "total_sc_a": 0, "total_sc_v": 0}