{"c1": 0.019607748308861604, "c2": 0.12536773747687438, "ch1": -0.6611639766583126, "ch2": 0.04327185388207326, "di": 51.96815494973628, "dj": 48.60969617709595, "dk": 9.478885181720567, "vw_i": 1.8796971589822165, "vw_j": -5.114055660622925, "kt": 5.668409504635853, "train_sc_a": [2.861648285415143], "train_sc_v": [2.1192060523422973], "val_sc_a": 0, "val_sc_v": 0, "total_sc_a": 0, "total_sc_v": 0}