{"c1": 0.02054297209288518, "c2": 0.11910957076644757, "ch1": -0.654277127830862, "ch2": 0.0456544186917936, "di": 48.82568954106334, "dj": 50.87364421985854, "dk": 8.397939089510697, "vw_i": 3.6954969451510715, "vw_j": -1.3338848228465618, "kt": 6.5500429540513565, "train_sc_a": [5.7834629091476595], "train_sc_v": [1.7825464622093048], "val_sc_a": 0, "val_sc_v": 0, "total_sc_a": 0, "total_sc_v": 0}