{"c1": 0.021788612000133514, "c2": 0.11146637627852916, "ch1": -0.6884597697639016, "ch2": 0.04567884144544379, "di": 49.97104939381174, "dj": 49.78327281843416, "dk": 2.8774657728025135, "vw_i": 2.619932080788147, "vw_j": -4.312426918720233, "kt": 6.578138507836777, "train_sc_a": [2.0183141617205087], "train_sc_v": [1.7540527973002817], "val_sc_a": 0, "val_sc_v": 0, "total_sc_a": 0, "total_sc_v": 0}