{"c1": 0.019074127388815615, "c2": 0.12783559772171346, "ch1": -0.5859795194690356, "ch2": 0.05439977901464782, "di": 48.22829721319928, "dj": 49.56506526509315, "dk": 5.144837753810221, "vw_i": 0.5359531219520776, "vw_j": -3.6434705411356862, "kt": 5.355358465115208, "train_sc_a": [2.0694722697303516], "train_sc_v": [1.6452656582507381], "val_sc_a": 0, "val_sc_v": 0, "total_sc_a": 0, "total_sc_v": 0}