{"c1": 0.01917522720636818, "c2": 0.11696439031854207, "ch1": -0.05244230715987635, "ch2": 0.09075042527214626, "di": 25.59478462955228, "dj": 27.769969098671975, "dk": 14.151315958257854, "vw_i": -0.3795536240147446, "vw_j": 0.05782028382431043, "kt": 2.9683799461832505, "train_sc_a": [0.540661754990135], "train_sc_v": [0.5979906672546365], "val_sc_a": 0, "val_sc_v": 0, "total_sc_a": 0, "total_sc_v": 0}