{"c1": 0.01841387306990263, "c2": 0.1142696748035317, "ch1": 0.03569925319221454, "ch2": 0.09356262386666744, "di": 26.03898680665816, "dj": 3.2648016234752846, "dk": 14.897721906027975, "vw_i": -0.42510115064240345, "vw_j": -0.13545504192835736, "kt": 4.182265018214549, "train_sc_a": [0.7277644783176561], "train_sc_v": [0.10517783792822165], "val_sc_a": 0, "val_sc_v": 0, "total_sc_a": 0, "total_sc_v": 0}