{"c1": 0.01916974140621547, "c2": 0.11622165757852493, "ch1": -0.15383306144133477, "ch2": 0.0864557599311393, "di": 39.083547124416, "dj": 62.28020617109097, "dk": 5.240767578210173, "vw_i": -0.1337792278394172, "vw_j": 1.9642945140531225, "kt": 3.026373131661325, "train_sc_a": [1.3838642540971189], "train_sc_v": [0.458761382287465], "val_sc_a": 0, "val_sc_v": 0, "total_sc_a": 0, "total_sc_v": 0}