{"c1": 0.020628718623246528, "c2": 0.10466115918654867, "ch1": 0.03489081044073202, "ch2": 0.09433135863751939, "di": 21.535691389806455, "dj": 19.246942278905582, "dk": 21.691234173400336, "vw_i": 4.033532149091576, "vw_j": 1.6809745766903452, "kt": 2.8805776897935735, "train_sc_a": [1.2378969636386024], "train_sc_v": [0.42167392182031027], "val_sc_a": 0, "val_sc_v": 0, "total_sc_a": 0, "total_sc_v": 0}