{"c1": 0.020852442310391007, "c2": 0.12032910328633978, "ch1": -0.633641614994371, "ch2": 0.05086257379820732, "di": 52.627658114249385, "dj": 54.253148623534386, "dk": 13.816744783975832, "vw_i": -1.4640340949326176, "vw_j": -6.250155040920894, "kt": 7.172507943080368, "train_sc_a": [3.008496468357827], "train_sc_v": [1.3153475959612313], "val_sc_a": 0, "val_sc_v": 0, "total_sc_a": 0, "total_sc_v": 0}