{"c1": 0.019598461867831016, "c2": 0.1215451528991711, "ch1": -0.5417140976881644, "ch2": 0.05538018806931223, "di": 51.25946373042816, "dj": 48.92859963612741, "dk": 13.440303518941821, "vw_i": 3.051110570769042, "vw_j": -4.488888616920185, "kt": 4.533397702407382, "train_sc_a": [0.8277030046111823], "train_sc_v": [0.6785792142812297], "val_sc_a": 0, "val_sc_v": 0, "total_sc_a": 0, "total_sc_v": 0}