{"c1": 0.018887227968804866, "c2": 0.11070116615507096, "ch1": -0.00172827649996867, "ch2": 0.09097883742045539, "di": 22.67397513625597, "dj": 4.15341620210189, "dk": 7.041133039978163, "vw_i": -1.5966326653227245, "vw_j": -1.0708000549536114, "kt": 3.6359046330587312, "train_sc_a": [0.8219817857783707], "train_sc_v": [0.1513601584769219], "val_sc_a": 0, "val_sc_v": 0, "total_sc_a": 0, "total_sc_v": 0}