{"c1": 0.020861038239787116, "c2": 0.12025790875227382, "ch1": -0.6619466401560614, "ch2": 0.04862741663813417, "di": 51.97093961520254, "dj": 51.5198137797216, "dk": 13.747567100063412, "vw_i": -1.3240079814228993, "vw_j": -4.92141913876494, "kt": 7.162187672515276, "train_sc_a": [2.7575841490908024], "train_sc_v": [0.9260406276875905], "val_sc_a": 0, "val_sc_v": 0, "total_sc_a": 0, "total_sc_v": 0}