{"c1": 0.019071593513181512, "c2": 0.10935679041757357, "ch1": -0.06920723260201293, "ch2": 0.08608410609686885, "di": 22.579043621103263, "dj": 0.0, "dk": 6.897210332094349, "vw_i": -1.2390718886145304, "vw_j": 0.025642439533975075, "kt": 3.5511436232747142, "train_sc_a": [11.222014270691577], "train_sc_v": [10.413190972093783], "val_sc_a": 0, "val_sc_v": 0, "total_sc_a": 0, "total_sc_v": 0}