{"c1": 0.020797460840892325, "c2": 0.11989278545157317, "ch1": -0.6755392714296897, "ch2": 0.046813246430061684, "di": 50.182784253284886, "dj": 51.43457279335388, "dk": 9.737910104213292, "vw_i": 2.560209735354263, "vw_j": -4.876963992701563, "kt": 6.554730637913678, "train_sc_a": [1.2592385393584058], "train_sc_v": [0.8314780540850979], "val_sc_a": 0, "val_sc_v": 0, "total_sc_a": 0, "total_sc_v": 0}