{"c1": 0.018285197288269613, "c2": 0.11555213954415851, "ch1": 0.025690232843541102, "ch2": 0.09291926856439672, "di": 24.31057153412191, "dj": 3.516968330725826, "dk": 13.007833913838574, "vw_i": -0.24662019090560233, "vw_j": -0.334091800946211, "kt": 4.336747543013334, "train_sc_a": [0.3776797639342607], "train_sc_v": [0.17920439653154252], "val_sc_a": 0, "val_sc_v": 0, "total_sc_a": 0, "total_sc_v": 0}