{"c1": 0.01837981985081538, "c2": 0.1148834807266363, "ch1": 0.021056681573054375, "ch2": 0.09259120153726393, "di": 24.26459451447491, "dj": 3.506190028619623, "dk": 13.01108199135053, "vw_i": -0.06551348232309225, "vw_j": -0.4697191691035911, "kt": 4.33727248917166, "train_sc_a": [0.3300238682280753], "train_sc_v": [0.08139929449176293], "val_sc_a": 0, "val_sc_v": 0, "total_sc_a": 0, "total_sc_v": 0}