{"c1": 0.018635566338540768, "c2": 0.1291731810257246, "ch1": -0.5218543614589569, "ch2": 0.05791310997425689, "di": 52.99506333722294, "dj": 49.025311188696655, "dk": 8.249760113895418, "vw_i": -2.2502878370661454, "vw_j": -6.2864233373502785, "kt": 4.152128440418902, "train_sc_a": [1.666032692319874], "train_sc_v": [0.47293647849279], "val_sc_a": 0, "val_sc_v": 0, "total_sc_a": 0, "total_sc_v": 0}