{"c1": 0.019102472364388536, "c2": 0.10528386021982226, "ch1": -0.01900205144143742, "ch2": 0.09239151728748635, "di": 4.244641488431203, "dj": 3.2006543681681108, "dk": 0.0, "vw_i": -2.8553466171841633, "vw_j": -1.256536794558868, "kt": 4.98409304681775, "train_sc_a": [0.3147712310250002], "train_sc_v": [0.05276969004849322], "val_sc_a": 0, "val_sc_v": 0, "total_sc_a": 0, "total_sc_v": 0}