{"c1": 0.02123391296484708, "c2": 0.11291323671315906, "ch1": -0.6299902635669384, "ch2": 0.04570113120115723, "di": 54.489273679150166, "dj": 49.7159845450004, "dk": 2.954994099686898, "vw_i": 2.414275613369415, "vw_j": -5.491680755188159, "kt": 4.915539065468967, "train_sc_a": [1.7782476546267758], "train_sc_v": [0.9403583200118045], "val_sc_a": 0, "val_sc_v": 0, "total_sc_a": 0, "total_sc_v": 0}