{"c1": 0.01929665869415725, "c2": 0.11932914641804622, "ch1": -0.28926937422129506, "ch2": 0.07319412585298846, "di": 45.9057615483054, "dj": 49.743622917244785, "dk": 12.925850438216175, "vw_i": 6.69463545239915, "vw_j": -0.8909792059319632, "kt": 4.834294186626849, "train_sc_a": [2.315656356729496], "train_sc_v": [1.5346874977823843], "val_sc_a": 0, "val_sc_v": 0, "total_sc_a": 0, "total_sc_v": 0}