{"c1": 0.020615942623716292, "c2": 0.11821615154001347, "ch1": -0.6302053861353728, "ch2": 0.047426855784170836, "di": 53.436135731145704, "dj": 54.03091055887658, "dk": 3.628429345938903, "vw_i": -0.8177259466910985, "vw_j": -5.242678445051042, "kt": 6.7940583416945834, "train_sc_a": [0.9235003553442818], "train_sc_v": [0.5984606170786085], "val_sc_a": 0, "val_sc_v": 0, "total_sc_a": 0, "total_sc_v": 0}