{"c1": 0.019014556770924004, "c2": 0.11008251700947543, "ch1": 0.03262773113592994, "ch2": 0.09334201726889627, "di": 26.04908367498287, "dj": 3.184584172402026, "dk": 15.106366425123818, "vw_i": -0.24854930389898558, "vw_j": -0.37918581084187686, "kt": 4.333194403106948, "train_sc_a": [0.4776982853240001], "train_sc_v": [0.20726024487727085], "val_sc_a": 0, "val_sc_v": 0, "total_sc_a": 0, "total_sc_v": 0}