{"c1": 0.02138017434465067, "c2": 0.1072300075019965, "ch1": -0.758007118402428, "ch2": 0.03702013591313789, "di": 42.509953181804526, "dj": 34.9223895259627, "dk": 14.338550368438868, "vw_i": 4.196105267982048, "vw_j": 0.4914400531149432, "kt": 4.401825154780294, "train_sc_a": [11.273995619779674], "train_sc_v": [7.212631972261896], "val_sc_a": 0, "val_sc_v": 0, "total_sc_a": 0, "total_sc_v": 0}