{"c1": 0.019164554509829873, "c2": 0.12580616975240663, "ch1": -0.5385162538132567, "ch2": 0.05689841742777298, "di": 50.58766657747271, "dj": 49.647629588596075, "dk": 12.085247661224939, "vw_i": -0.896538861001046, "vw_j": -4.917273430165674, "kt": 4.139329985174295, "train_sc_a": [0.6386414583317483], "train_sc_v": [0.23605988321384314], "val_sc_a": 0, "val_sc_v": 0, "total_sc_a": 0, "total_sc_v": 0}