{"c1": 0.020248200842131955, "c2": 0.12226837628034902, "ch1": -0.7828627932753252, "ch2": 0.03602923507732344, "di": 41.378737188743166, "dj": 47.86166524086715, "dk": 9.368922491535821, "vw_i": -6.707648608113395, "vw_j": -1.617184167271179, "kt": 6.820044665962937, "train_sc_a": [8.201909038949491], "train_sc_v": [6.826304090342723], "val_sc_a": 0, "val_sc_v": 0, "total_sc_a": 0, "total_sc_v": 0}