{"c1": 0.019089166314116696, "c2": 0.10554186831862543, "ch1": -0.003602489526018091, "ch2": 0.0936704396619737, "di": 0.7873839429661913, "dj": 3.181397721576946, "dk": 5.3735044898526985, "vw_i": -2.7204732718458224, "vw_j": -1.3463941525833099, "kt": 5.036647400515841, "train_sc_a": [0.8011188320441529], "train_sc_v": [0.35571313409631633], "val_sc_a": 0, "val_sc_v": 0, "total_sc_a": 0, "total_sc_v": 0}