{"c1": 0.019102472364317148, "c2": 0.10528386022007719, "ch1": -0.01900205144041766, "ch2": 0.09239151728756584, "di": 4.2446414884224595, "dj": 3.2006543683021147, "dk": 0.0, "vw_i": -2.8553466171056012, "vw_j": -1.256536794503969, "kt": 4.98409304675169, "train_sc_a": [0.3147712310301884], "train_sc_v": [0.05276969006117985], "val_sc_a": 0, "val_sc_v": 0, "total_sc_a": 0, "total_sc_v": 0}