{"c1": 0.020678609139953525, "c2": 0.11898669470671869, "ch1": -0.6218726799280069, "ch2": 0.04847063516605643, "di": 53.50993125785212, "dj": 53.85239847560004, "dk": 9.33152517515495, "vw_i": 0.5377105382879952, "vw_j": -4.72338894475454, "kt": 6.9009662603816055, "train_sc_a": [1.2037205874867385], "train_sc_v": [0.1937940396922971], "val_sc_a": 0, "val_sc_v": 0, "total_sc_a": 0, "total_sc_v": 0}