{"c1": 0.019686038933018905, "c2": 0.11217023604144068, "ch1": -0.3252017331228939, "ch2": 0.07064520762523767, "di": 21.973037111516227, "dj": 20.073850830425215, "dk": 5.778441958403582, "vw_i": -6.408897163373087, "vw_j": -2.5487449678674, "kt": 3.9654060151780697, "train_sc_a": [7.392835829764776], "train_sc_v": [8.79340037013232], "val_sc_a": 0, "val_sc_v": 0, "total_sc_a": 0, "total_sc_v": 0}