{"c1": 0.019469695254970644, "c2": 0.10696836725716519, "ch1": -0.010583465427338753, "ch2": 0.09032518801106755, "di": 23.38695006852117, "dj": 2.821273412928453, "dk": 11.35901606377199, "vw_i": -0.7802189047219299, "vw_j": -1.0143484342940092, "kt": 3.7779092868383177, "train_sc_a": [1.4239171244212192], "train_sc_v": [1.6014354205045045], "val_sc_a": 0, "val_sc_v": 0, "total_sc_a": 0, "total_sc_v": 0}