{"c1": 0.020198918650785828, "c2": 0.11269723987819016, "ch1": -0.3381480526891058, "ch2": 0.0696537844700086, "di": 48.01199625708297, "dj": 44.10728417787212, "dk": 13.06831103047707, "vw_i": 4.570823722165356, "vw_j": -0.4517554081632369, "kt": 4.864627329356659, "train_sc_a": [1.059825809579305], "train_sc_v": [0.41690920729955566], "val_sc_a": 0, "val_sc_v": 0, "total_sc_a": 0, "total_sc_v": 0}