{"c1": 0.019128331286680067, "c2": 0.10488198892441077, "ch1": -0.03525645685098355, "ch2": 0.0898389568193626, "di": 5.279929105390145, "dj": 3.1564410739597615, "dk": 1.2962079342264345, "vw_i": -2.3898154408572982, "vw_j": -1.125606441398469, "kt": 4.9856270685745665, "train_sc_a": [0.5734318315290452], "train_sc_v": [0.3152682789606491], "val_sc_a": 0, "val_sc_v": 0, "total_sc_a": 0, "total_sc_v": 0}