{"c1": 0.01944672413402941, "c2": 0.127079065732395, "ch1": -0.6243705942909469, "ch2": 0.04646975026592294, "di": 52.91233665963884, "dj": 52.09077553550491, "dk": 7.3409592300583695, "vw_i": 1.8867524989565299, "vw_j": -5.676966209632205, "kt": 4.900194042517381, "train_sc_a": [1.2762582363701762], "train_sc_v": [0.955715686124443], "val_sc_a": 0, "val_sc_v": 0, "total_sc_a": 0, "total_sc_v": 0}