{"c1": 0.020750517736787624, "c2": 0.11758291828523444, "ch1": -0.6356211707144557, "ch2": 0.04767363801696541, "di": 48.78696629241095, "dj": 52.76146651516783, "dk": 8.848651820263127, "vw_i": 4.505800036114545, "vw_j": -1.6077494559442558, "kt": 6.937975793108815, "train_sc_a": [5.553761715503421], "train_sc_v": [1.8320578108374626], "val_sc_a": 0, "val_sc_v": 0, "total_sc_a": 0, "total_sc_v": 0}