{"c1": 0.021045028384630415, "c2": 0.11601178564134973, "ch1": -0.6223376396214102, "ch2": 0.048410754915372056, "di": 52.41930959834741, "dj": 54.889644864653064, "dk": 7.807748945907597, "vw_i": 0.6621624175869101, "vw_j": -4.654526656878296, "kt": 6.888775435787416, "train_sc_a": [0.763028658872641], "train_sc_v": [0.745830087644475], "val_sc_a": 0, "val_sc_v": 0, "total_sc_a": 0, "total_sc_v": 0}