{"c1": 0.020769288581395928, "c2": 0.11385133653186835, "ch1": -0.5246803512362989, "ch2": 0.05851851196519174, "di": 51.62464695868714, "dj": 51.59691159444297, "dk": 8.445053652407806, "vw_i": 2.0548667090671033, "vw_j": -3.708643180273539, "kt": 4.304174058438585, "train_sc_a": [0.7191583196459882], "train_sc_v": [0.7585155879137327], "val_sc_a": 0, "val_sc_v": 0, "total_sc_a": 0, "total_sc_v": 0}