{"c1": 0.018710112629517127, "c2": 0.10772926477017992, "ch1": 0.09973071522725478, "ch2": 0.0999797532228422, "di": 0.9986809334417753, "dj": 0.9985697235997416, "dk": 1.013805033595504, "vw_i": 0.11828432118273915, "vw_j": 0.021338883712521697, "kt": 4.998104594959761, "train_sc_a": [0.4280678147456941], "train_sc_v": [0.15437824621370733], "val_sc_a": 0, "val_sc_v": 0, "total_sc_a": 0, "total_sc_v": 0}