{"c1": 0.01980581797380642, "c2": 0.12125291023003976, "ch1": -0.3885916481389217, "ch2": 0.06835451260629677, "di": 52.18933079783973, "dj": 64.10447412725382, "dk": 12.269668718321018, "vw_i": -3.903967434739546, "vw_j": -9.187345611545346, "kt": 4.301783300683448, "train_sc_a": [11.173456695261581], "train_sc_v": [6.402742841744994], "val_sc_a": 0, "val_sc_v": 0, "total_sc_a": 0, "total_sc_v": 0}