{"c1": 0.021407902600871567, "c2": 0.09819177865821058, "ch1": -0.05354577782878245, "ch2": 0.09111756400563427, "di": 21.19367753007461, "dj": 32.70062886686975, "dk": 11.172664293496712, "vw_i": -1.113093670182802, "vw_j": -0.7923256842905462, "kt": 2.1516463507564443, "train_sc_a": [1.4425144169952655], "train_sc_v": [0.325466561066729], "val_sc_a": 0, "val_sc_v": 0, "total_sc_a": 0, "total_sc_v": 0}