{"c1": 0.019505690245735702, "c2": 0.12611353505714998, "ch1": -0.6671769585963089, "ch2": 0.04281366633766952, "di": 51.06773554558139, "dj": 48.73715494318325, "dk": 9.579155680944545, "vw_i": 1.720940750845021, "vw_j": -4.920364165779318, "kt": 5.663462086521743, "train_sc_a": [1.7984526806079946], "train_sc_v": [0.8658640933034656], "val_sc_a": 0, "val_sc_v": 0, "total_sc_a": 0, "total_sc_v": 0}