{"c1": 0.019240614182359183, "c2": 0.11977417796810559, "ch1": -0.29927564082179126, "ch2": 0.0724079281336289, "di": 45.64713872624266, "dj": 49.26694424839022, "dk": 13.100100857836717, "vw_i": 6.960899643989665, "vw_j": -0.5449248962746129, "kt": 4.825894776998484, "train_sc_a": [2.2869125743542833], "train_sc_v": [1.2942962318526743], "val_sc_a": 0, "val_sc_v": 0, "total_sc_a": 0, "total_sc_v": 0}