{"c1": 0.01890676771588459, "c2": 0.118140847493791, "ch1": -0.1554691804774188, "ch2": 0.08634969769264769, "di": 38.341277187392635, "dj": 63.06422276139734, "dk": 5.325005893981382, "vw_i": -0.6595482552112617, "vw_j": 1.6792778994001558, "kt": 2.9819393604331923, "train_sc_a": [0.4440679459902123], "train_sc_v": [0.08916841779244526], "val_sc_a": 0, "val_sc_v": 0, "total_sc_a": 0, "total_sc_v": 0}