{"c1": 0.019332677028140694, "c2": 0.11908735370073348, "ch1": -0.3320575571332472, "ch2": 0.07002003893562835, "di": 45.560183957362476, "dj": 47.086926240768264, "dk": 12.975923388917309, "vw_i": 5.043012117848295, "vw_j": -0.05525638389889995, "kt": 4.787111170871049, "train_sc_a": [1.1486571471589828], "train_sc_v": [0.3537064074498615], "val_sc_a": 0, "val_sc_v": 0, "total_sc_a": 0, "total_sc_v": 0}