{"c1": 0.01944685242385271, "c2": 0.10166691596489318, "ch1": -0.4298642504142722, "ch2": 0.049101669018560744, "di": 0.0, "dj": 0.0, "dk": 0.0, "vw_i": -0.79867723058786, "vw_j": -0.6369119937814038, "kt": 4.968972556889502, "train_sc_a": [162917.2564689675], "train_sc_v": [31338.647728470467], "val_sc_a": 0, "val_sc_v": 0, "total_sc_a": 0, "total_sc_v": 0}