{"c1": 0.018641765739118344, "c2": 0.11266960887280736, "ch1": -0.028981157630474007, "ch2": 0.08907604701067065, "di": 22.271712181684574, "dj": 3.791322177793832, "dk": 8.007066267728687, "vw_i": -1.1482341576585844, "vw_j": -1.0144500704397599, "kt": 3.457984437148926, "train_sc_a": [0.8411736825925068], "train_sc_v": [0.3635341899891913], "val_sc_a": 0, "val_sc_v": 0, "total_sc_a": 0, "total_sc_v": 0}