{"c1": 0.01936087645257971, "c2": 0.12423826099675202, "ch1": -0.46822688272099855, "ch2": 0.06264598497287646, "di": 53.96149054838554, "dj": 56.77800228105527, "dk": 6.6016147334262225, "vw_i": -0.0062837295137047056, "vw_j": -6.080614394221794, "kt": 4.365836607175327, "train_sc_a": [3.419642505871057], "train_sc_v": [1.5749035794616764], "val_sc_a": 0, "val_sc_v": 0, "total_sc_a": 0, "total_sc_v": 0}