{"c1": 0.020609382870716668, "c2": 0.11585213534662492, "ch1": -0.6214729594436348, "ch2": 0.05173594634543056, "di": 50.61633667666796, "dj": 43.670897564933206, "dk": 5.255707571668624, "vw_i": -1.443581389490245, "vw_j": -2.0411962899977008, "kt": 4.3419153205785985, "train_sc_a": [4.1501064673574675], "train_sc_v": [4.200702880687376], "val_sc_a": 0, "val_sc_v": 0, "total_sc_a": 0, "total_sc_v": 0}