{"c1": 0.020186290097328766, "c2": 0.1236169410407839, "ch1": -0.6066025965057286, "ch2": 0.0499492603587302, "di": 53.31812321356056, "dj": 54.43264039638843, "dk": 11.560331899465904, "vw_i": 2.8253701095568196, "vw_j": -4.730467927368293, "kt": 6.998899991131319, "train_sc_a": [1.1635618254150786], "train_sc_v": [0.7640595251221071], "val_sc_a": 0, "val_sc_v": 0, "total_sc_a": 0, "total_sc_v": 0}