{"c1": 0.019032294742975388, "c2": 0.10934957150899648, "ch1": 0.017202284369584108, "ch2": 0.09220380631392697, "di": 25.85326277215394, "dj": 2.177622652155442, "dk": 11.451148993225587, "vw_i": 1.2477334961880036, "vw_j": 0.26908607062160345, "kt": 4.2601450871712, "train_sc_a": [1.1080140121134714], "train_sc_v": [0.3306526291130907], "val_sc_a": 0, "val_sc_v": 0, "total_sc_a": 0, "total_sc_v": 0}