{"c1": 0.02034004322881303, "c2": 0.11667612784685466, "ch1": -0.5878102528109905, "ch2": 0.05303033511614938, "di": 49.601618662182496, "dj": 44.72477872375075, "dk": 9.72948004175936, "vw_i": -2.5184246365612712, "vw_j": -4.819094976735125, "kt": 4.277556442350909, "train_sc_a": [1.4814844620298744], "train_sc_v": [1.407485656171945], "val_sc_a": 0, "val_sc_v": 0, "total_sc_a": 0, "total_sc_v": 0}