{"c1": 0.018636036519156466, "c2": 0.11317539724841237, "ch1": -0.022574705535694514, "ch2": 0.08964954619353194, "di": 24.192131128347537, "dj": 2.567780858974076, "dk": 13.308173533837822, "vw_i": -0.7350248014740602, "vw_j": -0.1885152055521712, "kt": 4.343565040056204, "train_sc_a": [0.29042123155626476], "train_sc_v": [0.05107330041721064], "val_sc_a": 0, "val_sc_v": 0, "total_sc_a": 0, "total_sc_v": 0}