{"c1": 0.020112616717624203, "c2": 0.11948862898158946, "ch1": -0.5457181696286806, "ch2": 0.05687124533421338, "di": 52.02277749421044, "dj": 49.60591880265186, "dk": 0.0, "vw_i": 1.3757426983971013, "vw_j": -4.789458362036909, "kt": 4.286170570693989, "train_sc_a": [2.765561884609904], "train_sc_v": [1.2563411019345103], "val_sc_a": 0, "val_sc_v": 0, "total_sc_a": 0, "total_sc_v": 0}