{"c1": 0.019406105497847555, "c2": 0.12464405084752593, "ch1": -0.5560447373464825, "ch2": 0.05627791427787367, "di": 49.55449776756337, "dj": 50.59324615612966, "dk": 6.168473619360982, "vw_i": 0.9956335901388884, "vw_j": -4.032611537164102, "kt": 4.335809837436228, "train_sc_a": [1.7929334890934316], "train_sc_v": [1.9339225972321525], "val_sc_a": 0, "val_sc_v": 0, "total_sc_a": 0, "total_sc_v": 0}