{"c1": 0.019564794645996482, "c2": 0.12206669478694027, "ch1": -0.5128688152958175, "ch2": 0.058202221280451036, "di": 52.1632914380035, "dj": 51.07183303131665, "dk": 14.028830913265594, "vw_i": 2.920028536884352, "vw_j": -4.233390103830648, "kt": 4.498971639963526, "train_sc_a": [1.5903532755227088], "train_sc_v": [0.5717242553115953], "val_sc_a": 0, "val_sc_v": 0, "total_sc_a": 0, "total_sc_v": 0}