{"c1": 0.01892094510598859, "c2": 0.11033520802593565, "ch1": 0.015613132239433936, "ch2": 0.0922105319156051, "di": 25.62219743887241, "dj": 2.1048537932452627, "dk": 11.329509106927343, "vw_i": 0.6574334430024965, "vw_j": 0.08598034865729251, "kt": 4.241291394068133, "train_sc_a": [0.8242719544876186], "train_sc_v": [0.5491149649197324], "val_sc_a": 0, "val_sc_v": 0, "total_sc_a": 0, "total_sc_v": 0}