{"c1": 0.019671127758529854, "c2": 0.1231693024771903, "ch1": -0.5671294588381697, "ch2": 0.05571958735844428, "di": 49.271190350208734, "dj": 50.78240458393963, "dk": 9.582640878186863, "vw_i": -2.7417653058420277, "vw_j": -4.544881765019538, "kt": 4.449092570755759, "train_sc_a": [1.4746453065392953], "train_sc_v": [1.0697647873900387], "val_sc_a": 0, "val_sc_v": 0, "total_sc_a": 0, "total_sc_v": 0}