{"c1": 0.01803038876667571, "c2": 0.11410907593253938, "ch1": -0.02075642786495593, "ch2": 0.09031400079451188, "di": 6.6185438439867195, "dj": 2.7021720991836493, "dk": 4.1715511994507235, "vw_i": -1.5628419978445807, "vw_j": -0.8521826299793711, "kt": 4.671558970882955, "train_sc_a": [0.5663603501992996], "train_sc_v": [0.11390447489738736], "val_sc_a": 0, "val_sc_v": 0, "total_sc_a": 0, "total_sc_v": 0}