{"c1": 0.02064385238034865, "c2": 0.11818114234127686, "ch1": -0.6708454699403219, "ch2": 0.0444459095822716, "di": 51.98513549465213, "dj": 50.33106934963997, "dk": 4.834076649133888, "vw_i": -1.5002970454781073, "vw_j": -4.820253708686468, "kt": 6.66060787135563, "train_sc_a": [3.1047016500084235], "train_sc_v": [2.324782794898725], "val_sc_a": 0, "val_sc_v": 0, "total_sc_a": 0, "total_sc_v": 0}