{"c1": 0.020436026553244734, "c2": 0.1186334985831306, "ch1": -0.6187088830911386, "ch2": 0.051094769966968635, "di": 45.84739400288374, "dj": 48.25406714014143, "dk": 6.096447277983299, "vw_i": -3.145546267380346, "vw_j": -5.874543747180444, "kt": 5.112421150665987, "train_sc_a": [1.1162605294168308], "train_sc_v": [0.40606317869886077], "val_sc_a": 0, "val_sc_v": 0, "total_sc_a": 0, "total_sc_v": 0}