{"c1": 0.019201041309706818, "c2": 0.10852204691307069, "ch1": -0.07878040377281974, "ch2": 0.0850899253338, "di": 22.285935814939798, "dj": 0.0, "dk": 7.499894947032293, "vw_i": -0.9611984037165309, "vw_j": -0.8309287680892173, "kt": 3.534038325985022, "train_sc_a": [12.109801852433025], "train_sc_v": [9.8582467315507], "val_sc_a": 0, "val_sc_v": 0, "total_sc_a": 0, "total_sc_v": 0}