{"c1": 0.01871414787483613, "c2": 0.11206923532803721, "ch1": -0.018408141520938698, "ch2": 0.09000434743711606, "di": 20.00884079754604, "dj": 6.176322719087028, "dk": 7.775606015356915, "vw_i": -0.8497834923758316, "vw_j": -0.4002761812226211, "kt": 3.125725578900668, "train_sc_a": [1.0558407415661253], "train_sc_v": [0.12553377327593923], "val_sc_a": 0, "val_sc_v": 0, "total_sc_a": 0, "total_sc_v": 0}