{"c1": 0.018887217589004194, "c2": 0.11070111188491727, "ch1": -0.0017283309437150908, "ch2": 0.09097883248622812, "di": 22.673952476473673, "dj": 4.153452388893282, "dk": 7.0405917981438995, "vw_i": -1.5965813463380083, "vw_j": -1.0707479981687522, "kt": 3.6359499942283824, "train_sc_a": [0.8219768715182355], "train_sc_v": [0.1513602011935251], "val_sc_a": 0, "val_sc_v": 0, "total_sc_a": 0, "total_sc_v": 0}