{"c1": 0.019102472364078218, "c2": 0.10528386022101754, "ch1": -0.019002051446011827, "ch2": 0.0923915172871673, "di": 4.244641488395741, "dj": 3.200654368294064, "dk": 0.0, "vw_i": -2.85534661684651, "vw_j": -1.256536794322955, "kt": 4.984093046551257, "train_sc_a": [0.31477123105398713], "train_sc_v": [0.05276969008052838], "val_sc_a": 0, "val_sc_v": 0, "total_sc_a": 0, "total_sc_v": 0}