{"c1": 0.018937663671993434, "c2": 0.13294589991845912, "ch1": -0.6189025495183197, "ch2": 0.0493818900150299, "di": 52.792484338352516, "dj": 53.700130365470436, "dk": 13.02197670739532, "vw_i": 2.1933250952476206, "vw_j": -4.138989578511842, "kt": 7.061042014939948, "train_sc_a": [0.2835588463972661], "train_sc_v": [0.15182922333880122], "val_sc_a": 0, "val_sc_v": 0, "total_sc_a": 0, "total_sc_v": 0}