{"c1": 0.02199301335353893, "c2": 0.09193284859727031, "ch1": -0.13852978743262187, "ch2": 0.08158816479721041, "di": 15.052708053308178, "dj": 13.819977254309352, "dk": 16.644953563394786, "vw_i": 3.1464332204346146, "vw_j": 2.304329326424898, "kt": 3.5145877788032855, "train_sc_a": [1.5006181121815971], "train_sc_v": [0.7369297466638777], "val_sc_a": 0, "val_sc_v": 0, "total_sc_a": 0, "total_sc_v": 0}