{"c1": 0.01911166217027684, "c2": 0.12763574562644867, "ch1": -0.3626625901134042, "ch2": 0.07031498329386343, "di": 71.15015157527765, "dj": 50.77316586622036, "dk": 5.891528791269021, "vw_i": 6.6389110568001275, "vw_j": -10.593445053573856, "kt": 4.956886981831255, "train_sc_a": [18.51036206416334], "train_sc_v": [8.61399449227375], "val_sc_a": 0, "val_sc_v": 0, "total_sc_a": 0, "total_sc_v": 0}