{"c1": 0.020482098131453026, "c2": 0.1204967431858153, "ch1": -0.6359638392415469, "ch2": 0.047411688851230586, "di": 52.150877997581176, "dj": 53.57021788682975, "dk": 9.535745037216586, "vw_i": 0.8582277976914374, "vw_j": -4.031887219167055, "kt": 7.0375375296841405, "train_sc_a": [1.0838686729514657], "train_sc_v": [0.3647002693105485], "val_sc_a": 0, "val_sc_v": 0, "total_sc_a": 0, "total_sc_v": 0}