{"c1": 0.01871414581072275, "c2": 0.112069247915333, "ch1": -0.018408157406626775, "ch2": 0.09000434707949131, "di": 20.00884167212859, "dj": 6.176323282537785, "dk": 7.775597763249179, "vw_i": -0.8497830359601316, "vw_j": -0.4002747262120603, "kt": 3.1257176439282683, "train_sc_a": [1.0558419230762355], "train_sc_v": [0.12553393617773712], "val_sc_a": 0, "val_sc_v": 0, "total_sc_a": 0, "total_sc_v": 0}