{"c1": 0.01848507275356031, "c2": 0.11372867095698402, "ch1": 0.007450074120950039, "ch2": 0.0914539641716374, "di": 26.55373053392585, "dj": 2.5878622720028046, "dk": 14.65140986749007, "vw_i": 0.0704544792307678, "vw_j": -0.4910357449904391, "kt": 4.277178905720775, "train_sc_a": [0.620595889647301], "train_sc_v": [0.14348044513983638], "val_sc_a": 0, "val_sc_v": 0, "total_sc_a": 0, "total_sc_v": 0}