{"c1": 0.01981005429687906, "c2": 0.12261771314822195, "ch1": -0.5787796199714772, "ch2": 0.05476974545603147, "di": 47.8766800027074, "dj": 49.316470154419186, "dk": 7.279133635649752, "vw_i": -0.3679284774998156, "vw_j": -3.9959850026650807, "kt": 4.643709887585317, "train_sc_a": [2.075212116673472], "train_sc_v": [1.6458831049102935], "val_sc_a": 0, "val_sc_v": 0, "total_sc_a": 0, "total_sc_v": 0}