{"c1": 0.019030226090592624, "c2": 0.10936294668322553, "ch1": 0.017344138277782306, "ch2": 0.09221555819283117, "di": 25.852116321844086, "dj": 2.1860849120356187, "dk": 11.431510245260165, "vw_i": 1.2474208341009383, "vw_j": 0.2688608495648691, "kt": 4.259371218449551, "train_sc_a": [1.1081105791277934], "train_sc_v": [0.33057484107068874], "val_sc_a": 0, "val_sc_v": 0, "total_sc_a": 0, "total_sc_v": 0}