{"c1": 0.01926507858723332, "c2": 0.12830154682676528, "ch1": -0.6269294499561647, "ch2": 0.04631128706023383, "di": 51.58874025809326, "dj": 53.05356695321607, "dk": 6.333827220839572, "vw_i": 1.6267496807633774, "vw_j": -5.64372303801826, "kt": 4.895632911346852, "train_sc_a": [1.1968012383444255], "train_sc_v": [0.21341321743006786], "val_sc_a": 0, "val_sc_v": 0, "total_sc_a": 0, "total_sc_v": 0}