{"c1": 0.020630108827001798, "c2": 0.11846869426149285, "ch1": -0.6464714355080972, "ch2": 0.04650139814475906, "di": 48.76345719098073, "dj": 51.70390767813876, "dk": 8.586870698233655, "vw_i": 4.035748209614228, "vw_j": -1.452334000792794, "kt": 6.713096422846357, "train_sc_a": [5.68421799762778], "train_sc_v": [1.7809793214553928], "val_sc_a": 0, "val_sc_v": 0, "total_sc_a": 0, "total_sc_v": 0}