{"c1": 0.01995440687054048, "c2": 0.1263589439588723, "ch1": -0.6662015900094307, "ch2": 0.04753126623186769, "di": 49.82444985424954, "dj": 53.05678751526612, "dk": 10.712013455674642, "vw_i": 2.7607820601693875, "vw_j": -5.219126785066156, "kt": 6.618603502599066, "train_sc_a": [1.3808753432281544], "train_sc_v": [0.41218579309515113], "val_sc_a": 0, "val_sc_v": 0, "total_sc_a": 0, "total_sc_v": 0}