{"c1": 0.020267709994547453, "c2": 0.1241005215467873, "ch1": -0.5707942283750709, "ch2": 0.054843203398905714, "di": 60.99890826104283, "dj": 54.237072878428684, "dk": 11.119048633306713, "vw_i": 3.5902619612897064, "vw_j": -8.886772961982413, "kt": 6.778958033697167, "train_sc_a": [7.331108420226611], "train_sc_v": [4.7427511949848355], "val_sc_a": 0, "val_sc_v": 0, "total_sc_a": 0, "total_sc_v": 0}