{"c1": 0.018591302000308417, "c2": 0.10928610306773628, "ch1": -0.016827038176166733, "ch2": 0.09106112176010818, "di": 6.526148023229863, "dj": 3.329974886763149, "dk": 1.8012875072976053, "vw_i": -2.08247889957914, "vw_j": -0.8050380877440498, "kt": 4.935991354283624, "train_sc_a": [0.9713626907443726], "train_sc_v": [0.17551243292783952], "val_sc_a": 0, "val_sc_v": 0, "total_sc_a": 0, "total_sc_v": 0}