{"c1": 0.020882705881443125, "c2": 0.11496413046091894, "ch1": -0.6059512743878733, "ch2": 0.05210068866277814, "di": 51.42537458491858, "dj": 52.22513921309717, "dk": 2.5857346045620835, "vw_i": -2.1740282323678795, "vw_j": -5.492733757093429, "kt": 5.060637278174396, "train_sc_a": [1.0425847923183051], "train_sc_v": [0.6460223303191932], "val_sc_a": 0, "val_sc_v": 0, "total_sc_a": 0, "total_sc_v": 0}