{"c1": 0.020432074244012846, "c2": 0.11866860637443688, "ch1": -0.6142253213614379, "ch2": 0.05146725409511326, "di": 46.33928822185879, "dj": 48.33247409605876, "dk": 6.161329367076735, "vw_i": -2.9594793446839978, "vw_j": -5.879603170993471, "kt": 5.12625582063167, "train_sc_a": [1.0938453134186121], "train_sc_v": [0.7105970387692293], "val_sc_a": 0, "val_sc_v": 0, "total_sc_a": 0, "total_sc_v": 0}