{"c1": 0.019229428629437034, "c2": 0.12674192532046213, "ch1": -0.5636468366408846, "ch2": 0.05555126275927892, "di": 48.66904885707184, "dj": 50.65893409189304, "dk": 5.236231851668034, "vw_i": 2.6015769730037404, "vw_j": -3.95124404668229, "kt": 4.982023378682304, "train_sc_a": [3.2460236628346624], "train_sc_v": [2.3099692964204546], "val_sc_a": 0, "val_sc_v": 0, "total_sc_a": 0, "total_sc_v": 0}