{"c1": 0.019224197104273557, "c2": 0.12669437137668926, "ch1": -0.576903145591092, "ch2": 0.05535247375148535, "di": 49.10964086347644, "dj": 50.38089430829952, "dk": 8.282949693528558, "vw_i": -1.1408475322484652, "vw_j": -3.7286449071353966, "kt": 4.24742980816783, "train_sc_a": [4.032082483003443], "train_sc_v": [2.0258134826522247], "val_sc_a": 0, "val_sc_v": 0, "total_sc_a": 0, "total_sc_v": 0}