{"c1": 0.021334673972535873, "c2": 0.09907013799892724, "ch1": -0.03769114476274185, "ch2": 0.09175778823971219, "di": 25.623253887781573, "dj": 27.941961256232346, "dk": 10.641170266332821, "vw_i": -0.8433263610767955, "vw_j": -0.13019989678991783, "kt": 3.1600238999572325, "train_sc_a": [8.168383535903303], "train_sc_v": [5.334234885599758], "val_sc_a": 0, "val_sc_v": 0, "total_sc_a": 0, "total_sc_v": 0}