{"c1": 0.019375210562795262, "c2": 0.12413204481723472, "ch1": -0.4997360907865688, "ch2": 0.060435373403247374, "di": 52.83886636235782, "dj": 54.858377668498846, "dk": 6.579477843550653, "vw_i": 0.4003564819311001, "vw_j": -4.870775779226391, "kt": 4.372341009290244, "train_sc_a": [1.261877165300486], "train_sc_v": [0.9496586968598557], "val_sc_a": 0, "val_sc_v": 0, "total_sc_a": 0, "total_sc_v": 0}