{"c1": 0.01937607817062618, "c2": 0.1275870770046554, "ch1": -0.5940812814522097, "ch2": 0.048511693625047946, "di": 55.66088064768356, "dj": 53.14422072229872, "dk": 7.3529923698272475, "vw_i": 2.2505050789755203, "vw_j": -7.065697044008217, "kt": 4.834500737278758, "train_sc_a": [3.637681235289294], "train_sc_v": [2.30109232460722], "val_sc_a": 0, "val_sc_v": 0, "total_sc_a": 0, "total_sc_v": 0}