{"c1": 0.020350434770960796, "c2": 0.12146290966201426, "ch1": -0.6604201884537245, "ch2": 0.045573163976042566, "di": 52.21542453117009, "dj": 50.628852919999666, "dk": 8.881832765166365, "vw_i": -0.7150805841241283, "vw_j": -4.074910390132338, "kt": 6.883374627476045, "train_sc_a": [3.194998040159748], "train_sc_v": [1.4431997176786673], "val_sc_a": 0, "val_sc_v": 0, "total_sc_a": 0, "total_sc_v": 0}