{"c1": 0.020046766684962792, "c2": 0.11646732525724982, "ch1": -0.3453903045427573, "ch2": 0.0697863140916212, "di": 42.337408810014914, "dj": 49.44597090153945, "dk": 21.84788686991847, "vw_i": 0.9314920642310843, "vw_j": -2.745642531779497, "kt": 4.862355694390622, "train_sc_a": [1.055966223598792], "train_sc_v": [0.3942114011460385], "val_sc_a": 0, "val_sc_v": 0, "total_sc_a": 0, "total_sc_v": 0}