{"c1": 0.020066502907474724, "c2": 0.12452090912938739, "ch1": -0.5996518411490454, "ch2": 0.050493848248863084, "di": 54.12014655171309, "dj": 54.41439486668253, "dk": 11.742851869104518, "vw_i": 2.956009074979691, "vw_j": -4.9786266957279, "kt": 7.004593982145139, "train_sc_a": [1.3037262073982527], "train_sc_v": [0.6047266215064926], "val_sc_a": 0, "val_sc_v": 0, "total_sc_a": 0, "total_sc_v": 0}