{"c1": 0.018611990557277098, "c2": 0.11986486580857142, "ch1": -0.2811004487997521, "ch2": 0.07255534785857871, "di": 25.68167105665667, "dj": 15.49693579255758, "dk": 6.86901261579786, "vw_i": -7.95188842420557, "vw_j": -4.800993731601625, "kt": 3.4547016888954647, "train_sc_a": [0.6478790221966363], "train_sc_v": [0.6721691996415714], "val_sc_a": 0, "val_sc_v": 0, "total_sc_a": 0, "total_sc_v": 0}