{"c1": 0.019346641978295723, "c2": 0.1243607386830645, "ch1": -0.5069539122075518, "ch2": 0.05986499016797598, "di": 51.851321359755744, "dj": 53.11810638976661, "dk": 6.862828910235199, "vw_i": 2.914119643488981, "vw_j": -4.012646856639704, "kt": 4.320732853429867, "train_sc_a": [9.352693085200597], "train_sc_v": [4.3547255017888755], "val_sc_a": 0, "val_sc_v": 0, "total_sc_a": 0, "total_sc_v": 0}