{"c1": 0.020727566273209368, "c2": 0.11604208841011664, "ch1": -0.5614702047693899, "ch2": 0.05648923959879731, "di": 48.664238451901376, "dj": 51.86139693465501, "dk": 5.562330707343877, "vw_i": 2.90907789070312, "vw_j": -3.8388706753298445, "kt": 5.240953550618756, "train_sc_a": [1.215309947030821], "train_sc_v": [0.9995055981268257], "val_sc_a": 0, "val_sc_v": 0, "total_sc_a": 0, "total_sc_v": 0}