{"c1": 0.01980567952490607, "c2": 0.12462025247123087, "ch1": -0.6232951756669517, "ch2": 0.04852197831533809, "di": 54.010593207305476, "dj": 54.71356676315223, "dk": 6.146223808203918, "vw_i": -1.0719452839645385, "vw_j": -5.859585222177768, "kt": 6.63615088065873, "train_sc_a": [1.5964811359248894], "train_sc_v": [0.2959837708276716], "val_sc_a": 0, "val_sc_v": 0, "total_sc_a": 0, "total_sc_v": 0}