{"c1": 0.019953787323823424, "c2": 0.12636345559876894, "ch1": -0.6659583447442944, "ch2": 0.04754891135869473, "di": 49.855705850213994, "dj": 53.05796968422594, "dk": 10.711713283107697, "vw_i": 2.7656391154804467, "vw_j": -5.228496231545829, "kt": 6.618456129227683, "train_sc_a": [1.3843779756004673], "train_sc_v": [0.4224607829800826], "val_sc_a": 0, "val_sc_v": 0, "total_sc_a": 0, "total_sc_v": 0}