{"c1": 0.018563094104912574, "c2": 0.12943739757271863, "ch1": -0.5551021710888724, "ch2": 0.05549988537377375, "di": 48.44826523404654, "dj": 49.885642653979424, "dk": 14.519830908141712, "vw_i": -0.26896852025182294, "vw_j": -4.078855670757854, "kt": 4.576098082972512, "train_sc_a": [1.4020898117436422], "train_sc_v": [0.5475279354292635], "val_sc_a": 0, "val_sc_v": 0, "total_sc_a": 0, "total_sc_v": 0}