{"c1": 0.02168024224240825, "c2": 0.10443825325015438, "ch1": -0.6156947405407035, "ch2": 0.04914711815093107, "di": 43.19088026174971, "dj": 47.40712373687421, "dk": 7.786450348730551, "vw_i": 0.7263106398451037, "vw_j": -1.9128278854493677, "kt": 4.353623860481219, "train_sc_a": [4.329377596009777], "train_sc_v": [2.110454642161426], "val_sc_a": 0, "val_sc_v": 0, "total_sc_a": 0, "total_sc_v": 0}