{"c1": 0.019287386396609846, "c2": 0.13126771930594036, "ch1": -0.6754783324345486, "ch2": 0.04765845783749628, "di": 50.41442691712747, "dj": 51.12140342409226, "dk": 11.24886376819932, "vw_i": -0.17918569878822618, "vw_j": -5.373082642375147, "kt": 6.8996148593507485, "train_sc_a": [3.0653427440546355], "train_sc_v": [2.0798616010386244], "val_sc_a": 0, "val_sc_v": 0, "total_sc_a": 0, "total_sc_v": 0}