{"c1": 0.019241043273960423, "c2": 0.11977086401453681, "ch1": -0.3008275736152423, "ch2": 0.07229520342282211, "di": 45.6137215996427, "dj": 49.19753098237626, "dk": 13.098801501455611, "vw_i": 6.893957303270061, "vw_j": -0.5431182366910582, "kt": 4.825688751380127, "train_sc_a": [2.3443397960992307], "train_sc_v": [2.069546201777966], "val_sc_a": 0, "val_sc_v": 0, "total_sc_a": 0, "total_sc_v": 0}