{"c1": 0.018644774147096182, "c2": 0.12911064379732137, "ch1": -0.5135006541915191, "ch2": 0.05848339074366141, "di": 53.81068903689131, "dj": 49.03410311132867, "dk": 8.264732895589129, "vw_i": -2.1595146567151424, "vw_j": -6.621657409959011, "kt": 4.150780604719503, "train_sc_a": [2.1682791753626383], "train_sc_v": [0.7205372140002126], "val_sc_a": 0, "val_sc_v": 0, "total_sc_a": 0, "total_sc_v": 0}