{"c1": 0.018817499915738976, "c2": 0.10756567336875263, "ch1": -0.02281536017701479, "ch2": 0.09062898378714744, "di": 5.880625944002891, "dj": 3.5773406661604423, "dk": 1.5833018716865914, "vw_i": -2.036113931830127, "vw_j": -0.8380582040557645, "kt": 4.977077327207553, "train_sc_a": [0.4021003523405008], "train_sc_v": [0.2647474837971912], "val_sc_a": 0, "val_sc_v": 0, "total_sc_a": 0, "total_sc_v": 0}