{"c1": 0.019207988016978317, "c2": 0.13093835659508749, "ch1": -0.7956691045347282, "ch2": 0.03708839812397737, "di": 48.72277029003509, "dj": 38.495329455511126, "dk": 11.429420264117466, "vw_i": 9.459563013489184, "vw_j": 0.8120510487095262, "kt": 6.340171936032385, "train_sc_a": [12.93690156968136], "train_sc_v": [7.337831762532423], "val_sc_a": 0, "val_sc_v": 0, "total_sc_a": 0, "total_sc_v": 0}