{"c1": 0.019451532470123392, "c2": 0.11817792113507136, "ch1": -0.32570431075062783, "ch2": 0.07032086322591312, "di": 47.16896071001211, "dj": 45.38845172970209, "dk": 12.41061838842867, "vw_i": 8.195276059448773, "vw_j": -0.4784075693238682, "kt": 4.851565696636692, "train_sc_a": [2.7234112855317543], "train_sc_v": [1.969714226557066], "val_sc_a": 0, "val_sc_v": 0, "total_sc_a": 0, "total_sc_v": 0}