{"c1": 0.01978374971650536, "c2": 0.12280435210121246, "ch1": -0.5464815385459533, "ch2": 0.057065958043377385, "di": 51.36013241435068, "dj": 49.82112655483833, "dk": 7.1976324511694125, "vw_i": 0.03496496282616855, "vw_j": -5.182029663406789, "kt": 4.644399822830139, "train_sc_a": [0.4805131582284086], "train_sc_v": [0.44543078351391696], "val_sc_a": 0, "val_sc_v": 0, "total_sc_a": 0, "total_sc_v": 0}