{"c1": 0.01937799814909296, "c2": 0.12411261502969323, "ch1": -0.5004516679768941, "ch2": 0.06038530666305082, "di": 52.79151415384777, "dj": 54.838560921472535, "dk": 6.586259736706561, "vw_i": 0.40018190643585366, "vw_j": -4.8381273697656875, "kt": 4.3725803458434, "train_sc_a": [1.2213582175954496], "train_sc_v": [0.9187035768866088], "val_sc_a": 0, "val_sc_v": 0, "total_sc_a": 0, "total_sc_v": 0}