{"c1": 0.02047457645557691, "c2": 0.11564300759351842, "ch1": -0.5105827716065545, "ch2": 0.05899362124313719, "di": 47.88678591876121, "dj": 55.98953151662154, "dk": 9.596985283577038, "vw_i": -4.487746627693359, "vw_j": -6.955207716210543, "kt": 4.278181818135362, "train_sc_a": [7.189178105072095], "train_sc_v": [4.326986755862895], "val_sc_a": 0, "val_sc_v": 0, "total_sc_a": 0, "total_sc_v": 0}