{"c1": 0.020592630827298754, "c2": 0.11632025799046829, "ch1": -0.5192563542432418, "ch2": 0.05897990122111697, "di": 52.52712908539765, "dj": 53.44520360668342, "dk": 11.391187071438436, "vw_i": 0.2433940343761158, "vw_j": -3.7177395524350816, "kt": 4.698991431716419, "train_sc_a": [2.358454908338667], "train_sc_v": [1.5561672437492613], "val_sc_a": 0, "val_sc_v": 0, "total_sc_a": 0, "total_sc_v": 0}