{"c1": 0.01816856406383039, "c2": 0.1282055305573183, "ch1": -0.4152710080654755, "ch2": 0.06502597625528236, "di": 45.32709239813831, "dj": 40.875783256708544, "dk": 15.398836401731906, "vw_i": 1.0434781109517777, "vw_j": -0.6203128894076849, "kt": 4.790695501086373, "train_sc_a": [1.5969188567994288], "train_sc_v": [1.57919044676173], "val_sc_a": 0, "val_sc_v": 0, "total_sc_a": 0, "total_sc_v": 0}