{"c1": 0.021827229181111227, "c2": 0.09447262712912477, "ch1": -0.20451772073947735, "ch2": 0.07655351252675532, "di": 20.3558387363982, "dj": 19.803667437202694, "dk": 11.793410828593487, "vw_i": -2.970838388344708, "vw_j": -0.899277706177128, "kt": 2.139039453243816, "train_sc_a": [1.693105129206028], "train_sc_v": [0.6735756177175728], "val_sc_a": 0, "val_sc_v": 0, "total_sc_a": 0, "total_sc_v": 0}