{"c1": 0.02026553955727479, "c2": 0.11806175792393768, "ch1": -0.5597625716637037, "ch2": 0.0556552593368922, "di": 50.2944771431079, "dj": 49.27920630620941, "dk": 4.445917870238464, "vw_i": 1.2652836805696064, "vw_j": -4.438084324553134, "kt": 4.2666607863990995, "train_sc_a": [2.1817978941579628], "train_sc_v": [1.9006745672713898], "val_sc_a": 0, "val_sc_v": 0, "total_sc_a": 0, "total_sc_v": 0}