{"c1": 0.02030899400559709, "c2": 0.11690775087518349, "ch1": -0.5686346226255222, "ch2": 0.054558035522470974, "di": 47.72975327881808, "dj": 48.86648993841906, "dk": 9.648381307072658, "vw_i": -3.1230461526261077, "vw_j": -4.9991527144886145, "kt": 4.276885628801491, "train_sc_a": [0.7088212173736093], "train_sc_v": [0.6860177037353646], "val_sc_a": 0, "val_sc_v": 0, "total_sc_a": 0, "total_sc_v": 0}