{"c1": 0.020310622699861672, "c2": 0.11751289869522968, "ch1": -0.5322846500802533, "ch2": 0.05780085214793965, "di": 49.96105981710498, "dj": 50.0068901024508, "dk": 10.212752421625847, "vw_i": -0.533209146378602, "vw_j": -4.744078703867944, "kt": 4.0660340590907476, "train_sc_a": [2.0097107711663758], "train_sc_v": [0.3971315740977834], "val_sc_a": 0, "val_sc_v": 0, "total_sc_a": 0, "total_sc_v": 0}