{"c1": 0.020029665321928364, "c2": 0.12309367303507673, "ch1": -0.6454072185813804, "ch2": 0.04689217833161113, "di": 49.499080017291085, "dj": 56.47894416325845, "dk": 7.718914418209617, "vw_i": -1.104385221074331, "vw_j": -4.954811481773018, "kt": 6.638770071960135, "train_sc_a": [1.0398904439571113], "train_sc_v": [1.0515930930573092], "val_sc_a": 0, "val_sc_v": 0, "total_sc_a": 0, "total_sc_v": 0}