{"c1": 0.020430901008861743, "c2": 0.11886021989057483, "ch1": -0.6703435449251847, "ch2": 0.041762613498917474, "di": 46.98185359010508, "dj": 51.601979809373674, "dk": 9.836258516471307, "vw_i": 4.395662530849503, "vw_j": -4.592160547081771, "kt": 4.915780685213955, "train_sc_a": [1.5810029198134998], "train_sc_v": [1.1377950054613428], "val_sc_a": 0, "val_sc_v": 0, "total_sc_a": 0, "total_sc_v": 0}