{"c1": 0.02072757135351961, "c2": 0.11604204756781034, "ch1": -0.5614712839468112, "ch2": 0.056489153178231444, "di": 48.66411699494112, "dj": 51.86139550845205, "dk": 5.562311468246495, "vw_i": 2.9090617156068794, "vw_j": -3.83883073604846, "kt": 5.240953410127766, "train_sc_a": [1.2153726400107716], "train_sc_v": [0.9995453960745275], "val_sc_a": 0, "val_sc_v": 0, "total_sc_a": 0, "total_sc_v": 0}