{"c1": 0.020941074456085063, "c2": 0.11552077069345944, "ch1": -0.6950637650901814, "ch2": 0.04211078060510996, "di": 47.73973865424689, "dj": 49.91462235076195, "dk": 0.9341385141148055, "vw_i": -0.41703889628996454, "vw_j": -2.9495381387053117, "kt": 6.79768121677481, "train_sc_a": [2.930472825971411], "train_sc_v": [1.4692044829975215], "val_sc_a": 0, "val_sc_v": 0, "total_sc_a": 0, "total_sc_v": 0}