{"c1": 0.020189265121129184, "c2": 0.10764480117754988, "ch1": -0.28074970270581645, "ch2": 0.07647018174515484, "di": 28.525652484653286, "dj": 64.2088257575621, "dk": 1.8666039813045334, "vw_i": -3.942065464985215, "vw_j": -0.6258976357776558, "kt": 2.8725381998958603, "train_sc_a": [5.227023000577049], "train_sc_v": [4.659579493650532], "val_sc_a": 0, "val_sc_v": 0, "total_sc_a": 0, "total_sc_v": 0}