{"c1": 0.020085875011206157, "c2": 0.11831684899828834, "ch1": -0.5322626709457053, "ch2": 0.05687267834983302, "di": 48.45772760615829, "dj": 52.61756300229694, "dk": 14.561244125093687, "vw_i": 3.19819856878076, "vw_j": -3.1913001162901766, "kt": 4.503145675292741, "train_sc_a": [4.916416793503049], "train_sc_v": [2.473332598545402], "val_sc_a": 0, "val_sc_v": 0, "total_sc_a": 0, "total_sc_v": 0}