{"c1": 0.01878070783378144, "c2": 0.1150992155577, "ch1": -0.1277560065438081, "ch2": 0.08196374005535231, "di": 15.86322169591256, "dj": 12.479876939442908, "dk": 17.692358868748904, "vw_i": 3.84145613440362, "vw_j": 2.3791691810667537, "kt": 4.529896569662931, "train_sc_a": [0.459644666135397], "train_sc_v": [0.2246284057841593], "val_sc_a": 0, "val_sc_v": 0, "total_sc_a": 0, "total_sc_v": 0}