{"c1": 0.01863523685634751, "c2": 0.12917540304697991, "ch1": -0.521889496383442, "ch2": 0.05791103313615641, "di": 52.989404588262325, "dj": 49.02740102958559, "dk": 8.249056720520215, "vw_i": -2.2482823251115116, "vw_j": -6.283669980536982, "kt": 4.152106167210094, "train_sc_a": [1.6634026153800325], "train_sc_v": [0.4729259969774862], "val_sc_a": 0, "val_sc_v": 0, "total_sc_a": 0, "total_sc_v": 0}