{"c1": 0.018972055318512364, "c2": 0.12466022241664428, "ch1": -0.30493831902282326, "ch2": 0.07288034054114347, "di": 47.05425205567335, "dj": 47.68526102624262, "dk": 21.102952063674575, "vw_i": 1.2874389881871904, "vw_j": -2.8205561490706748, "kt": 4.528859830451147, "train_sc_a": [0.7835586812979353], "train_sc_v": [0.475442166444262], "val_sc_a": 0, "val_sc_v": 0, "total_sc_a": 0, "total_sc_v": 0}