{"c1": 0.018217540558825542, "c2": 0.12787252303141106, "ch1": -0.35762301265555274, "ch2": 0.06876630833527299, "di": 44.51868153445025, "dj": 46.441849457592795, "dk": 15.37520785058585, "vw_i": 1.731243388492609, "vw_j": -1.4016738796194363, "kt": 4.7921726611426685, "train_sc_a": [0.9354906320598869], "train_sc_v": [0.560656796752204], "val_sc_a": 0, "val_sc_v": 0, "total_sc_a": 0, "total_sc_v": 0}