{"c1": 0.019851871230674438, "c2": 0.12209141884449173, "ch1": -0.5934426105631413, "ch2": 0.053246021768312585, "di": 42.66451419416254, "dj": 53.2864057080855, "dk": 4.42494831076429, "vw_i": 2.3160067655586083, "vw_j": -2.7767019321870863, "kt": 5.010172163372674, "train_sc_a": [2.5817579764194893], "train_sc_v": [2.276421526758789], "val_sc_a": 0, "val_sc_v": 0, "total_sc_a": 0, "total_sc_v": 0}