{"c1": 0.01957239248648584, "c2": 0.11870558067961873, "ch1": -0.26655321893460326, "ch2": 0.07537096766712945, "di": 50.727037805983045, "dj": 47.28348377214826, "dk": 17.682904407687474, "vw_i": 3.615729837656237, "vw_j": -4.504074514369285, "kt": 4.846046155521337, "train_sc_a": [3.559840010686564], "train_sc_v": [3.066912080621023], "val_sc_a": 0, "val_sc_v": 0, "total_sc_a": 0, "total_sc_v": 0}