{"c1": 0.02082622426624409, "c2": 0.1129415688827483, "ch1": -0.5494336141598792, "ch2": 0.056375404371471094, "di": 47.69143210892497, "dj": 51.55551532667027, "dk": 9.849671176936157, "vw_i": -3.2793317172473384, "vw_j": -6.13779107865203, "kt": 4.233765865230036, "train_sc_a": [2.5128523674352983], "train_sc_v": [0.9851636724446674], "val_sc_a": 0, "val_sc_v": 0, "total_sc_a": 0, "total_sc_v": 0}