{"c1": 0.019052037003824566, "c2": 0.10551868030750172, "ch1": -0.03148047485343253, "ch2": 0.09015275095075385, "di": 5.281722989031014, "dj": 3.5411438596545817, "dk": 1.8263557324376007, "vw_i": -2.4133969568205114, "vw_j": -1.1472970222851782, "kt": 4.980579793717904, "train_sc_a": [0.5561549907564893], "train_sc_v": [0.12623436750847192], "val_sc_a": 0, "val_sc_v": 0, "total_sc_a": 0, "total_sc_v": 0}