{"c1": 0.019563500841088696, "c2": 0.12431280868573268, "ch1": -0.5623197757750124, "ch2": 0.05635352752954507, "di": 49.53985302884416, "dj": 51.1173424020541, "dk": 9.261091401373541, "vw_i": -2.7575231411984062, "vw_j": -4.420945283003061, "kt": 4.344915306379654, "train_sc_a": [1.690608542168911], "train_sc_v": [1.5092116743692907], "val_sc_a": 0, "val_sc_v": 0, "total_sc_a": 0, "total_sc_v": 0}