{"c1": 0.018848573858846317, "c2": 0.13279759651023415, "ch1": -0.617376548533381, "ch2": 0.04915122965431553, "di": 51.65051605998019, "dj": 55.04767702274401, "dk": 7.7167926079907145, "vw_i": 2.50617014274705, "vw_j": -4.4420656721403775, "kt": 6.961945633855629, "train_sc_a": [0.9359331155886627], "train_sc_v": [0.6666621027385341], "val_sc_a": 0, "val_sc_v": 0, "total_sc_a": 0, "total_sc_v": 0}