{"c1": 0.018391621656711904, "c2": 0.12671962195992897, "ch1": -0.4201512005538196, "ch2": 0.06450336628912874, "di": 43.31206741820057, "dj": 42.935500253426085, "dk": 15.860766370952215, "vw_i": 0.9833227619612994, "vw_j": 0.23268995038574117, "kt": 4.7616583815344775, "train_sc_a": [2.6664487922193394], "train_sc_v": [2.861890274741041], "val_sc_a": 0, "val_sc_v": 0, "total_sc_a": 0, "total_sc_v": 0}