{"c1": 0.018865402957595846, "c2": 0.10699800845192904, "ch1": 0.007756593668881585, "ch2": 0.09438259115102118, "di": 0.7775910235288321, "dj": 3.212631913876491, "dk": 4.01612928661076, "vw_i": -2.5422854173308176, "vw_j": -1.262165686272267, "kt": 5.020891052003344, "train_sc_a": [0.581887756101552], "train_sc_v": [0.48034091210896174], "val_sc_a": 0, "val_sc_v": 0, "total_sc_a": 0, "total_sc_v": 0}