{"c1": 0.01949530010432892, "c2": 0.10656932646293732, "ch1": -0.007390679006020313, "ch2": 0.09042497389087645, "di": 26.244126524018043, "dj": 2.497809626109663, "dk": 15.237864293021563, "vw_i": -0.1893598672695742, "vw_j": 0.5695824743582697, "kt": 4.435204971753129, "train_sc_a": [0.6240240648695701], "train_sc_v": [0.5327009802606596], "val_sc_a": 0, "val_sc_v": 0, "total_sc_a": 0, "total_sc_v": 0}