{"c1": 0.018636036513347103, "c2": 0.11317539722970747, "ch1": -0.022574704555633294, "ch2": 0.08964954625537681, "di": 24.192131157596407, "dj": 2.5677808637894226, "dk": 13.30817341332694, "vw_i": -0.7350247445926772, "vw_j": -0.1885152535611516, "kt": 4.343564491440929, "train_sc_a": [0.29042123227006456], "train_sc_v": [0.051073296113157834], "val_sc_a": 0, "val_sc_v": 0, "total_sc_a": 0, "total_sc_v": 0}