{"c1": 0.019421775431392622, "c2": 0.10710333509433306, "ch1": 0.010096289953701234, "ch2": 0.09182551310526921, "di": 24.906975917969387, "dj": 2.670522373476986, "dk": 12.394926427116072, "vw_i": 0.8283035528682148, "vw_j": 0.1382529986462994, "kt": 4.253369257579391, "train_sc_a": [0.8147296065116725], "train_sc_v": [0.6857808776099827], "val_sc_a": 0, "val_sc_v": 0, "total_sc_a": 0, "total_sc_v": 0}