{"c1": 0.020055349098800294, "c2": 0.12151841634621074, "ch1": -0.5506034889173567, "ch2": 0.05724188134093222, "di": 50.911191286586764, "dj": 50.80362657930743, "dk": 7.605584834097395, "vw_i": 1.594225529534918, "vw_j": -5.188580858594537, "kt": 5.257776868509949, "train_sc_a": [1.0459638551794088], "train_sc_v": [2.104592184569881], "val_sc_a": 0, "val_sc_v": 0, "total_sc_a": 0, "total_sc_v": 0}