{"c1": 0.018548172695362374, "c2": 0.11331283839091898, "ch1": -0.017844094531898082, "ch2": 0.09003354586077097, "di": 20.069967511138458, "dj": 6.139090717582344, "dk": 7.956382263051569, "vw_i": -0.9439383754428041, "vw_j": -0.2779011977768385, "kt": 3.2574276988557713, "train_sc_a": [0.3435905367101349], "train_sc_v": [0.06493496827468856], "val_sc_a": 0, "val_sc_v": 0, "total_sc_a": 0, "total_sc_v": 0}