{"c1": 0.019573909878843693, "c2": 0.1256215814520508, "ch1": -0.6666528135148581, "ch2": 0.042856937907295174, "di": 51.27630824739291, "dj": 48.59130789577462, "dk": 9.589564357990225, "vw_i": 1.769599456090924, "vw_j": -4.920248253894514, "kt": 5.668480662812348, "train_sc_a": [3.0690873058225545], "train_sc_v": [2.2699090397541672], "val_sc_a": 0, "val_sc_v": 0, "total_sc_a": 0, "total_sc_v": 0}