{"c1": 0.020148654132093054, "c2": 0.12304576885623711, "ch1": -0.6903383084013779, "ch2": 0.0431755520655017, "di": 47.81854387070412, "dj": 51.962864793169786, "dk": 9.85517518989942, "vw_i": -2.8265942511656004, "vw_j": -3.566044828403787, "kt": 6.954075285585206, "train_sc_a": [5.367179506787786], "train_sc_v": [3.612554683108493], "val_sc_a": 0, "val_sc_v": 0, "total_sc_a": 0, "total_sc_v": 0}