{"c1": 0.019290663944466057, "c2": 0.11939944422641986, "ch1": -0.3355061344960463, "ch2": 0.06977585643032447, "di": 45.252541858537654, "dj": 47.34524684705461, "dk": 13.024760721390166, "vw_i": 5.082567341163048, "vw_j": -0.25761147399408835, "kt": 4.803932087717678, "train_sc_a": [1.2181028267915057], "train_sc_v": [0.33880719454360925], "val_sc_a": 0, "val_sc_v": 0, "total_sc_a": 0, "total_sc_v": 0}