{"c1": 0.020681439823584915, "c2": 0.11405693395998905, "ch1": -0.5844293147113802, "ch2": 0.05325646196750731, "di": 42.1899771114655, "dj": 52.39689343963517, "dk": 9.757646425214757, "vw_i": -3.5301756567276588, "vw_j": -5.624753222776976, "kt": 4.375081857315161, "train_sc_a": [2.9874959908039806], "train_sc_v": [2.3291983173637103], "val_sc_a": 0, "val_sc_v": 0, "total_sc_a": 0, "total_sc_v": 0}