{"c1": 0.021039756087884828, "c2": 0.11372758690954264, "ch1": -0.6943107446331108, "ch2": 0.045086717459984736, "di": 46.094740635977644, "dj": 43.47211356293287, "dk": 2.3973844825765522, "vw_i": -0.9094800046226476, "vw_j": -2.9955007380526726, "kt": 5.117253995122644, "train_sc_a": [5.133092083528894], "train_sc_v": [4.385538496796452], "val_sc_a": 0, "val_sc_v": 0, "total_sc_a": 0, "total_sc_v": 0}