{"c1": 0.02168668196735303, "c2": 0.10436313207202441, "ch1": -0.5572305587575902, "ch2": 0.0543514894379159, "di": 48.544282372531676, "dj": 49.27860796813331, "dk": 6.974961403298878, "vw_i": 1.1322171305178297, "vw_j": -3.8994742423029516, "kt": 4.426455719841094, "train_sc_a": [1.8686097900150604], "train_sc_v": [0.9940792441867053], "val_sc_a": 0, "val_sc_v": 0, "total_sc_a": 0, "total_sc_v": 0}