{"c1": 0.021126405489332697, "c2": 0.11091392123280042, "ch1": -0.5589055730619367, "ch2": 0.05545404749039742, "di": 49.62188733925801, "dj": 50.10476269655256, "dk": 0.43159628325026117, "vw_i": 1.7069758751577078, "vw_j": -4.408998488098438, "kt": 4.412857277658072, "train_sc_a": [0.353848244468977], "train_sc_v": [0.13935943519313299], "val_sc_a": 0, "val_sc_v": 0, "total_sc_a": 0, "total_sc_v": 0}