{"c1": 0.01990019338493635, "c2": 0.12314957473509139, "ch1": -0.646953608999739, "ch2": 0.044364868978445375, "di": 53.47107752440814, "dj": 48.81096950311874, "dk": 8.414116701709142, "vw_i": 2.1571140260777186, "vw_j": -5.535171049427818, "kt": 5.561091429001248, "train_sc_a": [2.5221682504511027], "train_sc_v": [1.805041784282873], "val_sc_a": 0, "val_sc_v": 0, "total_sc_a": 0, "total_sc_v": 0}