{"c1": 0.018839673770602763, "c2": 0.11925485402711936, "ch1": -0.05471379154369684, "ch2": 0.09059539703830295, "di": 25.56221583312676, "dj": 27.75648231798244, "dk": 13.899298728463732, "vw_i": -0.28087310421368955, "vw_j": 0.005062233415836172, "kt": 2.969527861091356, "train_sc_a": [0.6551309958286842], "train_sc_v": [0.18266443130946305], "val_sc_a": 0, "val_sc_v": 0, "total_sc_a": 0, "total_sc_v": 0}