{"c1": 0.020141994837632536, "c2": 0.12197755788030172, "ch1": -0.6312168306562679, "ch2": 0.04732005561511752, "di": 53.15887336826055, "dj": 54.197411870746734, "dk": 5.366461657361492, "vw_i": -0.9154854366129772, "vw_j": -5.246154919862995, "kt": 6.806286963140804, "train_sc_a": [4.1062040926933845], "train_sc_v": [1.6380647173844578], "val_sc_a": 0, "val_sc_v": 0, "total_sc_a": 0, "total_sc_v": 0}