{"c1": 0.0198329483507939, "c2": 0.12623509240439906, "ch1": -0.604647465803375, "ch2": 0.05000469104788555, "di": 53.40873615818088, "dj": 54.74324969670842, "dk": 12.009854744244997, "vw_i": 3.067737582049121, "vw_j": -5.048188088137162, "kt": 7.005909327224144, "train_sc_a": [1.3401329358206653], "train_sc_v": [0.5766679124004241], "val_sc_a": 0, "val_sc_v": 0, "total_sc_a": 0, "total_sc_v": 0}