{"c1": 0.020575396582020344, "c2": 0.11645129681432015, "ch1": -0.5400110329379998, "ch2": 0.05739296088496022, "di": 50.41861373745703, "dj": 53.28656245840022, "dk": 11.381721251219867, "vw_i": 0.9866534689531334, "vw_j": -2.860567024436377, "kt": 4.701888864150138, "train_sc_a": [2.207937319668941], "train_sc_v": [1.4153500486739106], "val_sc_a": 0, "val_sc_v": 0, "total_sc_a": 0, "total_sc_v": 0}