{"c1": 0.020856968136701484, "c2": 0.11479543277246884, "ch1": -0.5947443323496665, "ch2": 0.05065597778742836, "di": 62.34233629196554, "dj": 47.73895295409778, "dk": 1.5871077650849366, "vw_i": 1.9964177065083333, "vw_j": -6.312758522089749, "kt": 4.737769637014564, "train_sc_a": [4.782668998373206], "train_sc_v": [4.6837674742414706], "val_sc_a": 0, "val_sc_v": 0, "total_sc_a": 0, "total_sc_v": 0}