{"c1": 0.020534641537724857, "c2": 0.11575673429853384, "ch1": -0.5812708071325356, "ch2": 0.0540375097114766, "di": 48.33433357252101, "dj": 47.22871437001464, "dk": 9.593658385974999, "vw_i": 1.2850053949378117, "vw_j": -2.4699159981849252, "kt": 4.145460529598651, "train_sc_a": [2.091095244993874], "train_sc_v": [1.1168977708348748], "val_sc_a": 0, "val_sc_v": 0, "total_sc_a": 0, "total_sc_v": 0}