{"c1": 0.019271410587895527, "c2": 0.1248866717034503, "ch1": -0.6901206716416484, "ch2": 0.04705063993050637, "di": 46.94523088205854, "dj": 39.52966072439732, "dk": 6.724232747842514, "vw_i": -5.317738487826611, "vw_j": -1.2305676396090415, "kt": 4.3823787368834015, "train_sc_a": [7.115758154133209], "train_sc_v": [7.185915776309571], "val_sc_a": 0, "val_sc_v": 0, "total_sc_a": 0, "total_sc_v": 0}