{"c1": 0.01911174319179511, "c2": 0.10522503097299521, "ch1": -0.023244972459293016, "ch2": 0.0920783756860988, "di": 4.244817077336564, "dj": 2.98172143113503, "dk": 0.0, "vw_i": -2.850956506318512, "vw_j": -1.2534502592577115, "kt": 4.9868185749492975, "train_sc_a": [0.3354203842517367], "train_sc_v": [0.12421900614900869], "val_sc_a": 0, "val_sc_v": 0, "total_sc_a": 0, "total_sc_v": 0}