{"c1": 0.020628718021471808, "c2": 0.10466116437351576, "ch1": 0.034890878258326416, "ch2": 0.09433136433707266, "di": 21.535691026279647, "dj": 19.246945194773417, "dk": 21.69123556106914, "vw_i": 4.03353061030571, "vw_j": 1.680970840291649, "kt": 2.8805773344733785, "train_sc_a": [1.2378983151813945], "train_sc_v": [0.42167446229409794], "val_sc_a": 0, "val_sc_v": 0, "total_sc_a": 0, "total_sc_v": 0}