{"c1": 0.020542980725567022, "c2": 0.11910950729040692, "ch1": -0.6542763599437648, "ch2": 0.04565450244568283, "di": 48.82567409848004, "dj": 50.87373407653048, "dk": 8.397957747072375, "vw_i": 3.695530664233366, "vw_j": -1.3338972576421355, "kt": 6.550059144630947, "train_sc_a": [5.783453435516724], "train_sc_v": [1.7825443472360125], "val_sc_a": 0, "val_sc_v": 0, "total_sc_a": 0, "total_sc_v": 0}