{"c1": 0.01947166452629633, "c2": 0.10613288191184234, "ch1": 0.012096762302340386, "ch2": 0.09179003668968364, "di": 26.639577435736594, "dj": 2.5903086967182882, "dk": 14.320646613495269, "vw_i": 0.0002811732673682968, "vw_j": -0.23104588050534203, "kt": 4.263257019463058, "train_sc_a": [0.9165245174084502], "train_sc_v": [0.733173524663046], "val_sc_a": 0, "val_sc_v": 0, "total_sc_a": 0, "total_sc_v": 0}