{"c1": 0.01865036083568287, "c2": 0.11163436966562779, "ch1": 0.00204237891227614, "ch2": 0.09106878823203607, "di": 26.82368364940679, "dj": 0.8126726948644134, "dk": 13.685695957047281, "vw_i": -1.1056759155334697, "vw_j": 0.25007961983130356, "kt": 4.196212659042342, "train_sc_a": [0.7093165579862831], "train_sc_v": [0.3773210205841605], "val_sc_a": 0, "val_sc_v": 0, "total_sc_a": 0, "total_sc_v": 0}