{"c1": 0.020028569757709988, "c2": 0.12073352022629834, "ch1": -0.5683403033043677, "ch2": 0.05514754689410408, "di": 48.697271792782566, "dj": 50.090000446729476, "dk": 4.026733597021716, "vw_i": 2.3128032257524898, "vw_j": -3.8738478976396995, "kt": 5.010676064966722, "train_sc_a": [0.6153538725512147], "train_sc_v": [0.5248359126350959], "val_sc_a": 0, "val_sc_v": 0, "total_sc_a": 0, "total_sc_v": 0}