{"c1": 0.020684572815288873, "c2": 0.11156220447576917, "ch1": -0.31140329898891067, "ch2": 0.07265502043674207, "di": 45.88224763038438, "dj": 48.34005170218935, "dk": 21.024573025016945, "vw_i": 2.6896942019726175, "vw_j": -2.543897378112758, "kt": 4.713844135591639, "train_sc_a": [1.3946125620031333], "train_sc_v": [1.1547772943458425], "val_sc_a": 0, "val_sc_v": 0, "total_sc_a": 0, "total_sc_v": 0}