{"c1": 0.019954403646331244, "c2": 0.12635896743808803, "ch1": -0.6662003241264722, "ch2": 0.047531358059617494, "di": 49.82461251489832, "dj": 53.05679366744154, "dk": 10.712011893533909, "vw_i": 2.7608073369760815, "vw_j": -5.219175544998324, "kt": 6.618602735647079, "train_sc_a": [1.3808923462575298], "train_sc_v": [0.41223829185295063], "val_sc_a": 0, "val_sc_v": 0, "total_sc_a": 0, "total_sc_v": 0}