{"c1": 0.019376353648223068, "c2": 0.12486307252823155, "ch1": -0.520840062154276, "ch2": 0.0588130227928069, "di": 50.15729714355942, "dj": 53.4947393561975, "dk": 6.219207185482708, "vw_i": 0.7276469681030122, "vw_j": -5.718737484527589, "kt": 4.35395431518946, "train_sc_a": [1.0870063110870556], "train_sc_v": [0.6749683434610869], "val_sc_a": 0, "val_sc_v": 0, "total_sc_a": 0, "total_sc_v": 0}