{"c1": 0.02002913686402411, "c2": 0.11956038248156718, "ch1": -0.5392222095771684, "ch2": 0.05693712228838601, "di": 51.4549917541362, "dj": 48.67642103423371, "dk": 11.971181148976871, "vw_i": -0.49551811166880855, "vw_j": -4.690670213446412, "kt": 4.173063841841125, "train_sc_a": [1.8423081082357164], "train_sc_v": [1.5681708274819406], "val_sc_a": 0, "val_sc_v": 0, "total_sc_a": 0, "total_sc_v": 0}