{"c1": 0.02064929588104801, "c2": 0.11183533727895745, "ch1": -0.32693477226657236, "ch2": 0.0714349043218644, "di": 44.8795579551695, "dj": 48.237847809341815, "dk": 21.02851583718204, "vw_i": 2.261580759255833, "vw_j": -2.1538701516529675, "kt": 4.714331270732664, "train_sc_a": [1.075875249619356], "train_sc_v": [0.8516898531061078], "val_sc_a": 0, "val_sc_v": 0, "total_sc_a": 0, "total_sc_v": 0}