{"c1": 0.019416519814050577, "c2": 0.10679139273058523, "ch1": -0.018467151527463668, "ch2": 0.08987553221258335, "di": 22.28374144765945, "dj": 4.2901588285251355, "dk": 6.884296975770453, "vw_i": -1.2759674996876207, "vw_j": -1.0453299967058924, "kt": 3.5480987689086265, "train_sc_a": [0.3769605596443115], "train_sc_v": [0.15560911308533187], "val_sc_a": 0, "val_sc_v": 0, "total_sc_a": 0, "total_sc_v": 0}