{"c1": 0.01943293157355297, "c2": 0.12392663103098141, "ch1": -0.5570661250465803, "ch2": 0.05558815761299176, "di": 49.77959641219163, "dj": 48.43560201803505, "dk": 12.47873509520144, "vw_i": -0.800203664536835, "vw_j": -4.155436625764608, "kt": 4.12873843789356, "train_sc_a": [1.4532067109446312], "train_sc_v": [0.9899045722082936], "val_sc_a": 0, "val_sc_v": 0, "total_sc_a": 0, "total_sc_v": 0}