{"c1": 0.020120945764410553, "c2": 0.11757701266433646, "ch1": -0.5901293164801538, "ch2": 0.05100179197869929, "di": 44.0052720188989, "dj": 44.32580246534867, "dk": 20.63437106076533, "vw_i": -3.4283051391532045, "vw_j": -2.9836644171386895, "kt": 4.2089377785986235, "train_sc_a": [3.3378046251360423], "train_sc_v": [1.6758242926902207], "val_sc_a": 0, "val_sc_v": 0, "total_sc_a": 0, "total_sc_v": 0}