{"c1": 0.01921431264481756, "c2": 0.1042445163489719, "ch1": -0.03390186702046723, "ch2": 0.09003938369802462, "di": 3.643975918626616, "dj": 4.9025325033952525, "dk": 0.18900439522746545, "vw_i": -2.5611868689822264, "vw_j": -1.1632713644320472, "kt": 4.981431873284329, "train_sc_a": [0.5440751135008437], "train_sc_v": [0.4895507158386633], "val_sc_a": 0, "val_sc_v": 0, "total_sc_a": 0, "total_sc_v": 0}