{"c1": 0.01903229474297988, "c2": 0.10934957150896817, "ch1": 0.017202284369156527, "ch2": 0.0922038063138905, "di": 25.853262772156683, "dj": 2.1776226521271402, "dk": 11.451148993281231, "vw_i": 1.247733496185194, "vw_j": 0.2690860706187123, "kt": 4.260145087173113, "train_sc_a": [1.1080140121135127], "train_sc_v": [0.3306526291129615], "val_sc_a": 0, "val_sc_v": 0, "total_sc_a": 0, "total_sc_v": 0}