{"c1": 0.020947834622816207, "c2": 0.10913983063257414, "ch1": -0.334329558428347, "ch2": 0.07095480487807088, "di": 42.41577032073341, "dj": 50.228507302069815, "dk": 19.660072806784594, "vw_i": 0.7849381497734578, "vw_j": -3.393653752072181, "kt": 5.041734967525914, "train_sc_a": [0.9138855503602711], "train_sc_v": [0.4072885828997714], "val_sc_a": 0, "val_sc_v": 0, "total_sc_a": 0, "total_sc_v": 0}