{"c1": 0.01911839122957487, "c2": 0.12605620138903023, "ch1": -0.5422966659648257, "ch2": 0.05661222698691319, "di": 48.49985296890356, "dj": 51.44502533414131, "dk": 11.300209594251339, "vw_i": -1.5425495314236968, "vw_j": -4.932601599121343, "kt": 4.204430371248982, "train_sc_a": [2.3743126115798665], "train_sc_v": [1.3688100476882463], "val_sc_a": 0, "val_sc_v": 0, "total_sc_a": 0, "total_sc_v": 0}