{"c1": 0.019057890679928677, "c2": 0.10691350074291427, "ch1": 0.026803874640779848, "ch2": 0.09350664692961433, "di": 7.010726818197413, "dj": 4.493683169321801, "dk": 4.769488769820109, "vw_i": -1.8779193774053573, "vw_j": -0.8167156401476625, "kt": 3.758988744538736, "train_sc_a": [6.67187683588843], "train_sc_v": [6.387612981239017], "val_sc_a": 0, "val_sc_v": 0, "total_sc_a": 0, "total_sc_v": 0}