{"c1": 0.019416350375049497, "c2": 0.12489938960379138, "ch1": -0.590229340381038, "ch2": 0.053912111542185434, "di": 47.25178207480946, "dj": 51.56528821543821, "dk": 12.457148862100848, "vw_i": 0.4557048215067159, "vw_j": -1.0903733231305324, "kt": 4.551428775888504, "train_sc_a": [4.484993379797744], "train_sc_v": [3.411652474172154], "val_sc_a": 0, "val_sc_v": 0, "total_sc_a": 0, "total_sc_v": 0}