{"c1": 0.02036326259951385, "c2": 0.11649446812007969, "ch1": -0.5691915137900146, "ch2": 0.05451500573315208, "di": 47.627594824399786, "dj": 48.90382378471256, "dk": 9.634442573681481, "vw_i": -3.1093470428937615, "vw_j": -4.979823867050996, "kt": 4.276336822568944, "train_sc_a": [0.727028076175917], "train_sc_v": [0.7156061498160866], "val_sc_a": 0, "val_sc_v": 0, "total_sc_a": 0, "total_sc_v": 0}