{"c1": 0.020345754840863442, "c2": 0.11831022193825269, "ch1": -0.510808231213453, "ch2": 0.05954978660561419, "di": 50.58513689807599, "dj": 53.874581916683496, "dk": 4.16392563725471, "vw_i": 1.627881619148137, "vw_j": -5.23498449174263, "kt": 4.524781898943076, "train_sc_a": [2.1675894724072338], "train_sc_v": [1.5318262246021894], "val_sc_a": 0, "val_sc_v": 0, "total_sc_a": 0, "total_sc_v": 0}