{"c1": 0.019281710174104433, "c2": 0.1248146659370034, "ch1": -0.5765747872700582, "ch2": 0.0549948325830323, "di": 48.984733239386856, "dj": 49.43469505692718, "dk": 6.721556702221684, "vw_i": -0.3482196784526024, "vw_j": -2.675084013623831, "kt": 4.350925411458768, "train_sc_a": [1.775367772447688], "train_sc_v": [0.6578271156774681], "val_sc_a": 0, "val_sc_v": 0, "total_sc_a": 0, "total_sc_v": 0}