{"c1": 0.019507944472200438, "c2": 0.10186996643948028, "ch1": -0.01895212428555243, "ch2": 0.09113307808734551, "di": 5.923321245670482, "dj": 3.85323111147631, "dk": 0.30460561194432423, "vw_i": -2.482332461270133, "vw_j": -1.076651518399787, "kt": 4.993445576083209, "train_sc_a": [0.5487440415496372], "train_sc_v": [0.5551323996671456], "val_sc_a": 0, "val_sc_v": 0, "total_sc_a": 0, "total_sc_v": 0}