{"c1": 0.018636100416418083, "c2": 0.11271060661876438, "ch1": -0.020182454965481263, "ch2": 0.08971586137048781, "di": 22.290507832094722, "dj": 4.523423614051994, "dk": 8.006661763019517, "vw_i": -1.2535763974307448, "vw_j": -0.8832362390750105, "kt": 3.4561494703732447, "train_sc_a": [0.8012862380659029], "train_sc_v": [0.41812719044020735], "val_sc_a": 0, "val_sc_v": 0, "total_sc_a": 0, "total_sc_v": 0}