{"c1": 0.020770320186716283, "c2": 0.11392643314601464, "ch1": -0.5194732382988408, "ch2": 0.05876467988076122, "di": 51.40483532603639, "dj": 49.91613191572007, "dk": 9.741796478861732, "vw_i": -0.1625112801854383, "vw_j": -5.512339671777328, "kt": 3.986114607463091, "train_sc_a": [1.3858137361979177], "train_sc_v": [1.112863626573466], "val_sc_a": 0, "val_sc_v": 0, "total_sc_a": 0, "total_sc_v": 0}