{"c1": 0.018827842668854934, "c2": 0.11830827858700901, "ch1": -0.47042070482682974, "ch2": 0.059371230985489104, "di": 25.598216804695888, "dj": 8.922311073791986, "dk": 6.376496731591468, "vw_i": -5.676673395297699, "vw_j": -3.3110027615943545, "kt": 3.52490799625944, "train_sc_a": [17.508495028813208], "train_sc_v": [15.040173117857076], "val_sc_a": 0, "val_sc_v": 0, "total_sc_a": 0, "total_sc_v": 0}