{"c1": 0.019423518345771464, "c2": 0.11411801406092659, "ch1": -0.04202286654189831, "ch2": 0.0919018539885623, "di": 22.787934479965266, "dj": 31.24386101873093, "dk": 12.142128032734725, "vw_i": -0.5559974665118135, "vw_j": -0.4572713144412299, "kt": 2.063069917098043, "train_sc_a": [0.8507798142166224], "train_sc_v": [0.18078677806560117], "val_sc_a": 0, "val_sc_v": 0, "total_sc_a": 0, "total_sc_v": 0}