{"c1": 0.02095697223766327, "c2": 0.11438194922548071, "ch1": -0.5998423372632978, "ch2": 0.05256621442499579, "di": 50.097613760599025, "dj": 54.31359296708986, "dk": 2.525605349966122, "vw_i": -2.2520517267045275, "vw_j": -5.788778203897817, "kt": 5.062875462638774, "train_sc_a": [1.820396878136877], "train_sc_v": [1.6075219581988902], "val_sc_a": 0, "val_sc_v": 0, "total_sc_a": 0, "total_sc_v": 0}