{"c1": 0.019354992561563384, "c2": 0.12772479233918937, "ch1": -0.6298678190920753, "ch2": 0.04603162464416123, "di": 51.349897734316194, "dj": 52.981785457937626, "dk": 7.19130955607577, "vw_i": 1.6198199249688938, "vw_j": -5.680071230565423, "kt": 4.874849203441946, "train_sc_a": [1.2240265555752665], "train_sc_v": [0.21155412034907434], "val_sc_a": 0, "val_sc_v": 0, "total_sc_a": 0, "total_sc_v": 0}