{"c1": 0.018949763758899636, "c2": 0.13008696412372675, "ch1": -0.7165946047826444, "ch2": 0.03930093666983647, "di": 45.60186319199053, "dj": 46.29951230072519, "dk": 10.072768762351298, "vw_i": 1.2045224841020332, "vw_j": -3.731384580235302, "kt": 5.354796711862848, "train_sc_a": [5.046454741053308], "train_sc_v": [3.1593633572502706], "val_sc_a": 0, "val_sc_v": 0, "total_sc_a": 0, "total_sc_v": 0}