{"c1": 0.019483642256084285, "c2": 0.12361168028812793, "ch1": -0.5229736177815922, "ch2": 0.05820131264281833, "di": 51.02889126351477, "dj": 50.9818300153113, "dk": 12.178844765663946, "vw_i": -1.2195251124223327, "vw_j": -4.8231367550386075, "kt": 4.230189226279629, "train_sc_a": [0.7441120658560991], "train_sc_v": [0.18058803626115605], "val_sc_a": 0, "val_sc_v": 0, "total_sc_a": 0, "total_sc_v": 0}