{"c1": 0.0191418095042227, "c2": 0.12048018894534795, "ch1": -0.2528402216957097, "ch2": 0.0760669323529675, "di": 44.64276291799467, "dj": 54.09810272643283, "dk": 13.441000695515736, "vw_i": 5.194233070298479, "vw_j": -1.3034853472731653, "kt": 4.8170254184491075, "train_sc_a": [2.491911709316439], "train_sc_v": [2.257733872317966], "val_sc_a": 0, "val_sc_v": 0, "total_sc_a": 0, "total_sc_v": 0}