{"c1": 0.01973475187148438, "c2": 0.12556775834856435, "ch1": -0.6304156270970785, "ch2": 0.047523004199857576, "di": 51.789706103311616, "dj": 55.22073614054771, "dk": 7.93894344780357, "vw_i": 2.195416154575007, "vw_j": -4.951106369806894, "kt": 7.002017584013425, "train_sc_a": [2.364559139072416], "train_sc_v": [0.901670389182055], "val_sc_a": 0, "val_sc_v": 0, "total_sc_a": 0, "total_sc_v": 0}