{"c1": 0.019273481589543222, "c2": 0.11159530107214344, "ch1": -0.12209994247768273, "ch2": 0.0826463555279954, "di": 15.880840409419816, "dj": 12.981213599524445, "dk": 18.075624460036536, "vw_i": 3.9988525999807982, "vw_j": 2.4109300337384028, "kt": 4.52231511758766, "train_sc_a": [0.4292242295024699], "train_sc_v": [0.26460669762948513], "val_sc_a": 0, "val_sc_v": 0, "total_sc_a": 0, "total_sc_v": 0}