{"c1": 0.02058751772958146, "c2": 0.11878201136538927, "ch1": -0.6503093963839534, "ch2": 0.046086752893955314, "di": 48.7551415403278, "dj": 51.32982745819684, "dk": 8.494273353975696, "vw_i": 3.869481251706424, "vw_j": -1.397360371326698, "kt": 6.6335519839530095, "train_sc_a": [5.736097497376859], "train_sc_v": [1.779627195547948], "val_sc_a": 0, "val_sc_v": 0, "total_sc_a": 0, "total_sc_v": 0}