{"c1": 0.018182035997876964, "c2": 0.12811886736164566, "ch1": -0.35389416285813546, "ch2": 0.06897432404918669, "di": 46.29116772237412, "dj": 44.826553134214095, "dk": 15.43298153252687, "vw_i": 3.4378258132968966, "vw_j": -0.2760880878270284, "kt": 4.773953413289112, "train_sc_a": [2.0756452541795665], "train_sc_v": [1.619791668378265], "val_sc_a": 0, "val_sc_v": 0, "total_sc_a": 0, "total_sc_v": 0}