{"c1": 0.02036532655678074, "c2": 0.11572217405195453, "ch1": -0.42693860312268844, "ch2": 0.06432615200258635, "di": 66.24676381350844, "dj": 48.104352488700755, "dk": 13.610786271225603, "vw_i": 6.777550042762713, "vw_j": -7.331217634760499, "kt": 4.527368834889042, "train_sc_a": [14.114467584996774], "train_sc_v": [8.189503771879984], "val_sc_a": 0, "val_sc_v": 0, "total_sc_a": 0, "total_sc_v": 0}