{"c1": 0.018494325638807176, "c2": 0.1260261062477109, "ch1": -0.33068271917243425, "ch2": 0.0705432017721066, "di": 45.87233827513027, "dj": 46.8295818006488, "dk": 16.021814679130244, "vw_i": 4.489455427542028, "vw_j": -0.4973786934984153, "kt": 4.770908088641595, "train_sc_a": [1.4213256874467453], "train_sc_v": [1.2563321834546297], "val_sc_a": 0, "val_sc_v": 0, "total_sc_a": 0, "total_sc_v": 0}