{"c1": 0.020443817842392104, "c2": 0.12071841891762697, "ch1": -0.6902636643772943, "ch2": 0.04321955128989145, "di": 51.45367895595553, "dj": 47.69577168514122, "dk": 8.308610684018648, "vw_i": -0.10178483013806527, "vw_j": -2.749829569148564, "kt": 6.863369527214915, "train_sc_a": [4.920701975669486], "train_sc_v": [2.8741536670017958], "val_sc_a": 0, "val_sc_v": 0, "total_sc_a": 0, "total_sc_v": 0}