{"c1": 0.019124743468783165, "c2": 0.10518275277191141, "ch1": -0.015164179565273352, "ch2": 0.09124582159492124, "di": 5.640616928093672, "dj": 4.201436504269429, "dk": 1.1665870640935005, "vw_i": -2.041507939634148, "vw_j": -0.9387032984902545, "kt": 4.992269326604078, "train_sc_a": [0.24448426471537127], "train_sc_v": [0.057192674589350304], "val_sc_a": 0, "val_sc_v": 0, "total_sc_a": 0, "total_sc_v": 0}