{"c1": 0.018507406980841405, "c2": 0.13304080597710807, "ch1": -0.6556312158993588, "ch2": 0.04305817420257931, "di": 47.82283732758425, "dj": 52.79051344159226, "dk": 8.790878871627287, "vw_i": 3.7269823336398353, "vw_j": -5.674234139108161, "kt": 5.2833807263003925, "train_sc_a": [2.760409729048716], "train_sc_v": [2.725442628176091], "val_sc_a": 0, "val_sc_v": 0, "total_sc_a": 0, "total_sc_v": 0}