{"c1": 0.020101074457901373, "c2": 0.12019488705219397, "ch1": -0.7361545842671154, "ch2": 0.042057313592787283, "di": 44.3599899385193, "dj": 35.98186629542221, "dk": 4.070580392645342, "vw_i": 3.9808324579154637, "vw_j": 2.7486679517752224, "kt": 4.963743666136996, "train_sc_a": [9.819946080818493], "train_sc_v": [8.826479498175628], "val_sc_a": 0, "val_sc_v": 0, "total_sc_a": 0, "total_sc_v": 0}