{"c1": 0.018605743987841403, "c2": 0.11990743458956327, "ch1": -0.274553652009235, "ch2": 0.07300220977201918, "di": 25.67815527699103, "dj": 16.664507859956682, "dk": 6.833422444858248, "vw_i": -8.010059293841355, "vw_j": -4.867431652840577, "kt": 3.4545266366510177, "train_sc_a": [0.5553093518382274], "train_sc_v": [0.3364193799667667], "val_sc_a": 0, "val_sc_v": 0, "total_sc_a": 0, "total_sc_v": 0}