{"c1": 0.02083865843873344, "c2": 0.11333290202976465, "ch1": -0.5271914746373392, "ch2": 0.05831342719173481, "di": 54.87595418570012, "dj": 48.05173033583646, "dk": 8.663702407225614, "vw_i": 2.396998645831313, "vw_j": -3.767136078860349, "kt": 4.164531543039356, "train_sc_a": [0.6168492143328578], "train_sc_v": [0.3959789469450242], "val_sc_a": 0, "val_sc_v": 0, "total_sc_a": 0, "total_sc_v": 0}