{"c1": 0.02073015035218691, "c2": 0.12041394769458132, "ch1": -0.6674536788667702, "ch2": 0.047440994212849, "di": 51.07586388749495, "dj": 51.62238811667525, "dk": 9.838690646407088, "vw_i": 2.6899620905661976, "vw_j": -5.1999786567072235, "kt": 6.557684831189974, "train_sc_a": [1.060252988228412], "train_sc_v": [0.6778316698858715], "val_sc_a": 0, "val_sc_v": 0, "total_sc_a": 0, "total_sc_v": 0}