{"c1": 0.01853817626150895, "c2": 0.10966635528930316, "ch1": -0.03525733330896942, "ch2": 0.08972639323761399, "di": 6.521638546881355, "dj": 1.8796850209584037, "dk": 1.770630480377324, "vw_i": -1.9216029815758766, "vw_j": -0.9080640572649724, "kt": 4.79111769425544, "train_sc_a": [0.9974391298299956], "train_sc_v": [1.085609938984156], "val_sc_a": 0, "val_sc_v": 0, "total_sc_a": 0, "total_sc_v": 0}