{"c1": 0.020619770216652226, "c2": 0.11375833255406982, "ch1": -0.5848732993737815, "ch2": 0.05214772898913323, "di": 46.290760838138375, "dj": 48.54267471373623, "dk": 13.558369972156276, "vw_i": 2.09689743817758, "vw_j": -3.1681198962225006, "kt": 4.510387288982386, "train_sc_a": [1.8376356498250854], "train_sc_v": [1.5282822996823127], "val_sc_a": 0, "val_sc_v": 0, "total_sc_a": 0, "total_sc_v": 0}