{"c1": 0.02063712865859137, "c2": 0.10481837385072186, "ch1": -0.1979051033168329, "ch2": 0.07820722130377633, "di": 25.582079151591408, "dj": 17.505310269701287, "dk": 10.914173148127306, "vw_i": -9.972718100891667, "vw_j": -5.331427178314407, "kt": 3.2594997993904773, "train_sc_a": [0.8917721523986836], "train_sc_v": [0.7336455738201954], "val_sc_a": 0, "val_sc_v": 0, "total_sc_a": 0, "total_sc_v": 0}