{"c1": 0.01859543950308844, "c2": 0.11997743770561982, "ch1": -0.27632577130760494, "ch2": 0.0728825817197156, "di": 25.6729200349083, "dj": 16.373768149066905, "dk": 6.780106934418982, "vw_i": -7.969894995245673, "vw_j": -4.877787407998765, "kt": 3.4545818246715077, "train_sc_a": [0.4577319196784276], "train_sc_v": [0.2853159882038573], "val_sc_a": 0, "val_sc_v": 0, "total_sc_a": 0, "total_sc_v": 0}