{"c1": 0.018887227967848225, "c2": 0.1107011661500692, "ch1": -0.001728276504986414, "ch2": 0.09097883742000062, "di": 22.673975134167556, "dj": 4.153416205437003, "dk": 7.041132990095243, "vw_i": -1.5966326605929704, "vw_j": -1.0708000501558588, "kt": 3.63590463723939, "train_sc_a": [0.8219817853254183], "train_sc_v": [0.15136015848065715], "val_sc_a": 0, "val_sc_v": 0, "total_sc_a": 0, "total_sc_v": 0}