{"c1": 0.020040293652149738, "c2": 0.12578296264691358, "ch1": -0.6675010219056127, "ch2": 0.047551638126952345, "di": 48.87242127866716, "dj": 53.692282339948626, "dk": 11.059664318436644, "vw_i": 2.293256878488114, "vw_j": -4.959325752023608, "kt": 6.788155154054307, "train_sc_a": [2.4129467513369094], "train_sc_v": [1.7223538260925104], "val_sc_a": 0, "val_sc_v": 0, "total_sc_a": 0, "total_sc_v": 0}