{"c1": 0.02012955233092262, "c2": 0.12319652681895839, "ch1": -0.6345071104845608, "ch2": 0.047512619475621846, "di": 52.6701541526401, "dj": 53.55349541491916, "dk": 9.968919324949766, "vw_i": -0.7590702225553635, "vw_j": -4.871898860720019, "kt": 7.008668036143688, "train_sc_a": [2.238411569089191], "train_sc_v": [0.8245420802091614], "val_sc_a": 0, "val_sc_v": 0, "total_sc_a": 0, "total_sc_v": 0}