{"c1": 0.019940154055549414, "c2": 0.11006524562746536, "ch1": -0.148703835606734, "ch2": 0.08695184590648079, "di": 38.49121892088363, "dj": 63.208713918951176, "dk": 4.239747615609714, "vw_i": -0.9834675924128254, "vw_j": 1.7031127006475952, "kt": 2.952786531410936, "train_sc_a": [0.7855936798453761], "train_sc_v": [0.32046864589556395], "val_sc_a": 0, "val_sc_v": 0, "total_sc_a": 0, "total_sc_v": 0}