{"c1": 0.02082594933883573, "c2": 0.11294375643063999, "ch1": -0.5489030777319489, "ch2": 0.05641988408452856, "di": 47.75091044867496, "dj": 51.55620091157102, "dk": 9.850362396655497, "vw_i": -3.262254709878234, "vw_j": -6.14765225173635, "kt": 4.233469339975719, "train_sc_a": [2.487779302877581], "train_sc_v": [0.9619439141384539], "val_sc_a": 0, "val_sc_v": 0, "total_sc_a": 0, "total_sc_v": 0}