{"c1": 0.019104316179361935, "c2": 0.11731144400289906, "ch1": -0.10175661603212038, "ch2": 0.08715921540564334, "di": 24.82248003366462, "dj": 27.518952867671135, "dk": 13.851469845095687, "vw_i": 0.44416286814923656, "vw_j": -0.03162731981485596, "kt": 2.9524772966506787, "train_sc_a": [0.899492237850398], "train_sc_v": [0.201782402742321], "val_sc_a": 0, "val_sc_v": 0, "total_sc_a": 0, "total_sc_v": 0}