{"c1": 0.01871102845248273, "c2": 0.11208825806979283, "ch1": -0.018432148994680854, "ch2": 0.09000380697141346, "di": 20.01016252333906, "dj": 6.177174241598719, "dk": 7.763134900423157, "vw_i": -0.8490937282662114, "vw_j": -0.3980772746433359, "kt": 3.113733738733989, "train_sc_a": [1.0576291290389004], "train_sc_v": [0.12580002999249704], "val_sc_a": 0, "val_sc_v": 0, "total_sc_a": 0, "total_sc_v": 0}