{"c1": 0.02018763491568906, "c2": 0.11880303542789082, "ch1": -0.5655480883392775, "ch2": 0.05509848138288938, "di": 49.503187571751624, "dj": 49.48518486932312, "dk": 0.0, "vw_i": 1.4547658298001398, "vw_j": -4.217913064453841, "kt": 4.2953708138834354, "train_sc_a": [0.5775683020567889], "train_sc_v": [0.5112076266528237], "val_sc_a": 0, "val_sc_v": 0, "total_sc_a": 0, "total_sc_v": 0}