{"c1": 0.020108076038286533, "c2": 0.10119649532526889, "ch1": -0.0033394372722498787, "ch2": 0.09121351015177767, "di": 21.78528466735989, "dj": 5.106857591589688, "dk": 7.035034620667618, "vw_i": -1.0358559571280728, "vw_j": -0.552651410230854, "kt": 3.2776355808715256, "train_sc_a": [1.17845573692336], "train_sc_v": [1.0405994467230928], "val_sc_a": 0, "val_sc_v": 0, "total_sc_a": 0, "total_sc_v": 0}