{"c1": 0.019376604443212146, "c2": 0.12486121119421119, "ch1": -0.5224145408710518, "ch2": 0.05869891846123279, "di": 50.04036819273326, "dj": 53.44678463742816, "dk": 6.2185925305816365, "vw_i": 0.7312419497484973, "vw_j": -5.650274842338957, "kt": 4.353592488431006, "train_sc_a": [2.9687460713792824], "train_sc_v": [2.04201451966279], "val_sc_a": 0, "val_sc_v": 0, "total_sc_a": 0, "total_sc_v": 0}