{"c1": 0.01930443286346668, "c2": 0.12804692904890622, "ch1": -0.6688919611255846, "ch2": 0.04344213846253853, "di": 46.6328162086988, "dj": 52.91231670015573, "dk": 6.6867921199291, "vw_i": 0.8404072079166214, "vw_j": -4.002636042151472, "kt": 4.884491887467561, "train_sc_a": [2.69273418835054], "train_sc_v": [1.988417519960638], "val_sc_a": 0, "val_sc_v": 0, "total_sc_a": 0, "total_sc_v": 0}