{"c1": 0.02005734697410992, "c2": 0.10213736860408694, "ch1": -0.016414645659321395, "ch2": 0.08989670351833008, "di": 22.898098182998144, "dj": 3.537286601094221, "dk": 7.7242940549949, "vw_i": -2.2925774302098656, "vw_j": -0.3456501926782765, "kt": 3.7715448407364196, "train_sc_a": [0.6481494771096591], "train_sc_v": [0.24669755685155872], "val_sc_a": 0, "val_sc_v": 0, "total_sc_a": 0, "total_sc_v": 0}