{"c1": 0.020917199008979825, "c2": 0.11548289659922924, "ch1": -0.6454674836970563, "ch2": 0.044314192156938846, "di": 52.71739680456788, "dj": 49.73670989129021, "dk": 3.7162004369856922, "vw_i": 2.051142650930439, "vw_j": -4.889923200990388, "kt": 4.905280357117855, "train_sc_a": [0.4614792511434014], "train_sc_v": [0.2815229185495284], "val_sc_a": 0, "val_sc_v": 0, "total_sc_a": 0, "total_sc_v": 0}