{"c1": 0.019741011263236803, "c2": 0.12178696761481872, "ch1": -0.5159300806189269, "ch2": 0.05892998652559136, "di": 50.967275307046656, "dj": 51.299183631420476, "dk": 11.711417669234116, "vw_i": -0.552967377507491, "vw_j": -4.617497017295566, "kt": 4.1302820616304325, "train_sc_a": [6.524562531771599], "train_sc_v": [2.1627136031262713], "val_sc_a": 0, "val_sc_v": 0, "total_sc_a": 0, "total_sc_v": 0}