{"c1": 0.0186274664407512, "c2": 0.11973134282355331, "ch1": -0.31652016333046745, "ch2": 0.07010751967998571, "di": 25.630111895511316, "dj": 14.980409303202505, "dk": 6.467934942007146, "vw_i": -7.3939494551303415, "vw_j": -4.639854151470494, "kt": 3.472879097664231, "train_sc_a": [2.75610243668987], "train_sc_v": [1.5140626879794798], "val_sc_a": 0, "val_sc_v": 0, "total_sc_a": 0, "total_sc_v": 0}