{"c1": 0.018881274278865424, "c2": 0.11804377465629821, "ch1": -0.04739214799265359, "ch2": 0.09152999963881062, "di": 22.38145576042169, "dj": 31.56515122437022, "dk": 12.071470936853421, "vw_i": -0.7904253746159496, "vw_j": -0.6594484023981833, "kt": 2.132416793202527, "train_sc_a": [0.3084975054610413], "train_sc_v": [0.09105495267199108], "val_sc_a": 0, "val_sc_v": 0, "total_sc_a": 0, "total_sc_v": 0}