{"c1": 0.01864171861571371, "c2": 0.11266994988663376, "ch1": -0.0289079711858763, "ch2": 0.0890813689018608, "di": 22.271868521417808, "dj": 3.7974117006751755, "dk": 8.007062903112038, "vw_i": -1.1491103804710174, "vw_j": -1.013358651151569, "kt": 3.457969174138073, "train_sc_a": [0.8398073054717817], "train_sc_v": [0.360687421348149], "val_sc_a": 0, "val_sc_v": 0, "total_sc_a": 0, "total_sc_v": 0}