{"c1": 0.020941752909137582, "c2": 0.1140951887999898, "ch1": -0.6944180868378899, "ch2": 0.042490951899446606, "di": 52.59347189808069, "dj": 44.01264749859167, "dk": 1.0531665735277538, "vw_i": 1.0562440605797316, "vw_j": -2.5142847724109734, "kt": 4.738675755190373, "train_sc_a": [5.159892354056417], "train_sc_v": [3.52118320887402], "val_sc_a": 0, "val_sc_v": 0, "total_sc_a": 0, "total_sc_v": 0}