{"c1": 0.019309849349890995, "c2": 0.12801013383948764, "ch1": -0.638795355961282, "ch2": 0.04547987543461367, "di": 50.358997828155736, "dj": 52.848635574226385, "dk": 6.706957426102648, "vw_i": 1.4386747467464311, "vw_j": -5.2061520926731495, "kt": 4.888024980476627, "train_sc_a": [0.3555990235272683], "train_sc_v": [0.11877087130019193], "val_sc_a": 0, "val_sc_v": 0, "total_sc_a": 0, "total_sc_v": 0}