{"c1": 0.019102472364388532, "c2": 0.10528386021982228, "ch1": -0.019002051441437517, "ch2": 0.09239151728748635, "di": 4.244641488431202, "dj": 3.2006543681681077, "dk": 0.0, "vw_i": -2.855346617184162, "vw_j": -1.2565367945588666, "kt": 4.9840930468177485, "train_sc_a": [0.31477123102500054], "train_sc_v": [0.05276969004849361], "val_sc_a": 0, "val_sc_v": 0, "total_sc_a": 0, "total_sc_v": 0}