{"c1": 0.019325550656887222, "c2": 0.127915755010427, "ch1": -0.6290326840169049, "ch2": 0.046111197843148495, "di": 51.45496079378099, "dj": 52.96462851592095, "dk": 6.936751433626311, "vw_i": 1.6233224053442745, "vw_j": -5.667339195176066, "kt": 4.88004242930319, "train_sc_a": [1.2146662468583067], "train_sc_v": [0.20929451779903493], "val_sc_a": 0, "val_sc_v": 0, "total_sc_a": 0, "total_sc_v": 0}