{"c1": 0.020798507983186453, "c2": 0.10335715834095933, "ch1": -0.12816338928454932, "ch2": 0.08206546862265054, "di": 18.36773068666597, "dj": 12.324433990887474, "dk": 22.309994589064136, "vw_i": 3.5915295103289284, "vw_j": 3.1269460273302725, "kt": 3.080755534472031, "train_sc_a": [1.3287622901153762], "train_sc_v": [1.4047871539311125], "val_sc_a": 0, "val_sc_v": 0, "total_sc_a": 0, "total_sc_v": 0}