{"c1": 0.01884311031190198, "c2": 0.11184272646833555, "ch1": 0.006352230223399983, "ch2": 0.09158275695967313, "di": 24.180295380125028, "dj": 3.0127311369847463, "dk": 13.565081840262161, "vw_i": -0.751868290341075, "vw_j": -0.10669751659546128, "kt": 3.7239330945350937, "train_sc_a": [1.73496273695406], "train_sc_v": [0.3082653201294572], "val_sc_a": 0, "val_sc_v": 0, "total_sc_a": 0, "total_sc_v": 0}