{"c1": 0.020346631062240925, "c2": 0.11830333310184016, "ch1": -0.5104910706708901, "ch2": 0.05957458936722077, "di": 50.61427132438653, "dj": 53.87771248224953, "dk": 4.161397119960666, "vw_i": 1.6333259452673223, "vw_j": -5.246860756774286, "kt": 4.524779244700466, "train_sc_a": [2.190689734541428], "train_sc_v": [1.5461567428441265], "val_sc_a": 0, "val_sc_v": 0, "total_sc_a": 0, "total_sc_v": 0}