{"c1": 0.01999680106792223, "c2": 0.1261079540093792, "ch1": -0.6431241534475163, "ch2": 0.04939040695186346, "di": 51.94615554090869, "dj": 53.545587027168516, "dk": 11.131108848599034, "vw_i": 2.667482073535094, "vw_j": -5.912782074714319, "kt": 6.791642187244619, "train_sc_a": [1.7799717369951948], "train_sc_v": [0.573371652520757], "val_sc_a": 0, "val_sc_v": 0, "total_sc_a": 0, "total_sc_v": 0}