{"c1": 0.020255786568678654, "c2": 0.12221748658363307, "ch1": -0.6301724004690051, "ch2": 0.04795866282715392, "di": 52.98749004781425, "dj": 53.60167081698896, "dk": 9.462820717880751, "vw_i": -1.3366851179260373, "vw_j": -5.417943079701859, "kt": 6.9036507519081125, "train_sc_a": [2.3605286208035774], "train_sc_v": [1.5401406145615577], "val_sc_a": 0, "val_sc_v": 0, "total_sc_a": 0, "total_sc_v": 0}