{"c1": 0.019459131161816287, "c2": 0.1209730564463793, "ch1": -0.40344959431194494, "ch2": 0.06572986422518648, "di": 43.97871710230433, "dj": 45.74443005792994, "dk": 19.34960258498019, "vw_i": 7.108985844964445, "vw_j": 0.6092688503772423, "kt": 3.929923752007186, "train_sc_a": [2.9374914470329214], "train_sc_v": [3.3529979429097763], "val_sc_a": 0, "val_sc_v": 0, "total_sc_a": 0, "total_sc_v": 0}