{"c1": 0.018611990422984274, "c2": 0.11986486672374284, "ch1": -0.2811003080524458, "ch2": 0.07255535746550751, "di": 25.681670981072145, "dj": 15.496960893783216, "dk": 6.8690118506571585, "vw_i": -7.9518896748008565, "vw_j": -4.800995159927377, "kt": 3.454701685132077, "train_sc_a": [0.6478667798315759], "train_sc_v": [0.6721542537570033], "val_sc_a": 0, "val_sc_v": 0, "total_sc_a": 0, "total_sc_v": 0}