{"c1": 0.02038182784348714, "c2": 0.11392462803858615, "ch1": -0.39646965858082234, "ch2": 0.06590310769818845, "di": 41.42869931253026, "dj": 46.14964147540543, "dk": 21.653533171240664, "vw_i": 1.668013542947302, "vw_j": -0.18429496126501188, "kt": 4.854984053174419, "train_sc_a": [1.5505429343169796], "train_sc_v": [1.7393406565822114], "val_sc_a": 0, "val_sc_v": 0, "total_sc_a": 0, "total_sc_v": 0}