{"c1": 0.02005566876929659, "c2": 0.11974314082297094, "ch1": -0.5583459699871101, "ch2": 0.05561551814065883, "di": 50.2790592611997, "dj": 49.50501357800389, "dk": 0.0, "vw_i": 1.6666885369022775, "vw_j": -4.437457165709605, "kt": 4.307087667553184, "train_sc_a": [0.40451018495444546], "train_sc_v": [0.12725721558197883], "val_sc_a": 0, "val_sc_v": 0, "total_sc_a": 0, "total_sc_v": 0}