{"c1": 0.0211731804314289, "c2": 0.11447565388630049, "ch1": -0.5982193626474767, "ch2": 0.051768671520116515, "di": 47.69834059658825, "dj": 57.43341613752445, "dk": 9.759989858880038, "vw_i": 6.1570780869120645, "vw_j": -2.2416574015578434, "kt": 7.7319975828752785, "train_sc_a": [5.586451514661117], "train_sc_v": [2.443908548534616], "val_sc_a": 0, "val_sc_v": 0, "total_sc_a": 0, "total_sc_v": 0}