{"c1": 0.01870668988955214, "c2": 0.11269196136201753, "ch1": -0.036415295125639374, "ch2": 0.08870624775198138, "di": 24.187717224418314, "dj": 2.0593439072212316, "dk": 13.41945154670097, "vw_i": -0.6204988240839074, "vw_j": -0.24651130568803306, "kt": 4.330051283294675, "train_sc_a": [0.2538393359658609], "train_sc_v": [0.04503843395371509], "val_sc_a": 0, "val_sc_v": 0, "total_sc_a": 0, "total_sc_v": 0}