{"c1": 0.019373698508367183, "c2": 0.11452444399130252, "ch1": -0.04126124672782987, "ch2": 0.09196776325285996, "di": 23.02160583268864, "dj": 31.006104706666214, "dk": 12.20652672587324, "vw_i": -0.25633511766870687, "vw_j": -0.4978759471344118, "kt": 1.967520104971502, "train_sc_a": [0.8455716613851798], "train_sc_v": [0.14329507743113118], "val_sc_a": 0, "val_sc_v": 0, "total_sc_a": 0, "total_sc_v": 0}