{"c1": 0.01908535394940108, "c2": 0.12775742743140264, "ch1": -0.5339221681598485, "ch2": 0.05803238632412459, "di": 51.41226368221283, "dj": 52.51207265530067, "dk": 5.158019256296101, "vw_i": -0.057124274041102374, "vw_j": -5.600119989075758, "kt": 5.363809055096736, "train_sc_a": [1.9355556038561452], "train_sc_v": [1.1978531251625197], "val_sc_a": 0, "val_sc_v": 0, "total_sc_a": 0, "total_sc_v": 0}