{"c1": 0.02038133533086426, "c2": 0.12032392063139333, "ch1": -0.4748624556491684, "ch2": 0.06038227343709297, "di": 76.07924338617988, "dj": 51.23917297462758, "dk": 6.568601548380844, "vw_i": 3.6436920853388455, "vw_j": -10.649350808437019, "kt": 6.614091477485534, "train_sc_a": [18.699712816246485], "train_sc_v": [9.853190487246131], "val_sc_a": 0, "val_sc_v": 0, "total_sc_a": 0, "total_sc_v": 0}