{"c1": 0.019211786818177198, "c2": 0.11557695932613997, "ch1": -0.2743128562829699, "ch2": 0.07304872219555206, "di": 25.692746069718915, "dj": 15.159101499581173, "dk": 8.765932278893994, "vw_i": -8.21648567201274, "vw_j": -4.804301459629892, "kt": 3.452212357621905, "train_sc_a": [0.4397935792787382], "train_sc_v": [0.39012180825767434], "val_sc_a": 0, "val_sc_v": 0, "total_sc_a": 0, "total_sc_v": 0}