{"c1": 0.019808259988803176, "c2": 0.1264154501775646, "ch1": -0.6198530113624149, "ch2": 0.048906197811802915, "di": 51.6080170894383, "dj": 54.75760538981987, "dk": 12.01624150585938, "vw_i": 2.7503544248872696, "vw_j": -4.505202639789715, "kt": 7.006744801448468, "train_sc_a": [1.7838746144181992], "train_sc_v": [0.5764100630552128], "val_sc_a": 0, "val_sc_v": 0, "total_sc_a": 0, "total_sc_v": 0}