{"c1": 0.02081550279092538, "c2": 0.1154909420651791, "ch1": -0.61147920756576, "ch2": 0.051679437755517775, "di": 52.62685578588351, "dj": 50.33531246226444, "dk": 2.64014513370396, "vw_i": -2.1034253346456055, "vw_j": -5.224845270725551, "kt": 5.058611961182821, "train_sc_a": [1.358401501440915], "train_sc_v": [1.2390867398438759], "val_sc_a": 0, "val_sc_v": 0, "total_sc_a": 0, "total_sc_v": 0}