{"c1": 0.020830134075222266, "c2": 0.1133721583090839, "ch1": -0.5256831909999344, "ch2": 0.05843930028744856, "di": 51.70641611308863, "dj": 51.41153077588633, "dk": 8.385714899303016, "vw_i": 2.055929546097201, "vw_j": -3.694886571567361, "kt": 4.25724802036076, "train_sc_a": [0.8715134652321064], "train_sc_v": [0.20018260013585562], "val_sc_a": 0, "val_sc_v": 0, "total_sc_a": 0, "total_sc_v": 0}