{"c1": 0.020825949951379995, "c2": 0.11294375155673553, "ch1": -0.5489042597786904, "ch2": 0.05641978498275701, "di": 47.75077792963576, "dj": 51.55619938407289, "dk": 9.850360856602874, "vw_i": -3.262292757823393, "vw_j": -6.147630280827477, "kt": 4.233470000640458, "train_sc_a": [2.4878348902120675], "train_sc_v": [0.961994679397081], "val_sc_a": 0, "val_sc_v": 0, "total_sc_a": 0, "total_sc_v": 0}