{"c1": 0.020925584939614206, "c2": 0.11263736343148263, "ch1": -0.5638207687136719, "ch2": 0.05506628953219661, "di": 49.14002972392884, "dj": 50.029436876940814, "dk": 1.3176100611539847, "vw_i": 1.5802993915604733, "vw_j": -4.251482096043613, "kt": 4.390530640969726, "train_sc_a": [1.685357178370909], "train_sc_v": [0.8060805101060708], "val_sc_a": 0, "val_sc_v": 0, "total_sc_a": 0, "total_sc_v": 0}