{"c1": 0.020611781588643806, "c2": 0.11860351673831411, "ch1": -0.6481229361277283, "ch2": 0.04632297347843759, "di": 48.75987891005234, "dj": 51.5429384199808, "dk": 8.54702543238422, "vw_i": 3.964202408890642, "vw_j": -1.428678474834266, "kt": 6.678867910787522, "train_sc_a": [5.706149138923697], "train_sc_v": [1.7792457667467578], "val_sc_a": 0, "val_sc_v": 0, "total_sc_a": 0, "total_sc_v": 0}