{"c1": 0.01951534603668259, "c2": 0.12338080646217678, "ch1": -0.5295317329149527, "ch2": 0.05773370582286425, "di": 50.667079153537166, "dj": 50.650164400342426, "dk": 12.169679385406058, "vw_i": -1.1083757249132533, "vw_j": -4.5394048709301345, "kt": 4.228286491047007, "train_sc_a": [1.2946061594915148], "train_sc_v": [0.4862360574834798], "val_sc_a": 0, "val_sc_v": 0, "total_sc_a": 0, "total_sc_v": 0}