{"c1": 0.020798637290677765, "c2": 0.10335612048913123, "ch1": -0.12813375495948148, "ch2": 0.08206784806907672, "di": 18.367754479882592, "dj": 12.327538399695277, "dk": 22.309892481653776, "vw_i": 3.591773991693925, "vw_j": 3.12716165127009, "kt": 3.08075457860594, "train_sc_a": [1.3300007962798184], "train_sc_v": [1.4062376989557746], "val_sc_a": 0, "val_sc_v": 0, "total_sc_a": 0, "total_sc_v": 0}