{"c1": 0.020398709527524265, "c2": 0.11683224328004732, "ch1": -0.5351526529538427, "ch2": 0.05766956519433428, "di": 49.892470236653594, "dj": 49.77749719731692, "dk": 10.067738963173326, "vw_i": -0.26478627312154346, "vw_j": -4.528195047329935, "kt": 4.205946430286083, "train_sc_a": [0.7208101903457791], "train_sc_v": [0.5448700368903205], "val_sc_a": 0, "val_sc_v": 0, "total_sc_a": 0, "total_sc_v": 0}