{"c1": 0.02013139116201774, "c2": 0.11994995221146898, "ch1": -0.5457331419370277, "ch2": 0.05680260103774595, "di": 52.83359832646421, "dj": 48.50638429832191, "dk": 3.845994701979552, "vw_i": 2.924258608456837, "vw_j": -4.615003204759184, "kt": 5.008585068827719, "train_sc_a": [1.8116571658686347], "train_sc_v": [1.3038078146784449], "val_sc_a": 0, "val_sc_v": 0, "total_sc_a": 0, "total_sc_v": 0}