{"c1": 0.020842718533758894, "c2": 0.115268641955921, "ch1": -0.6610315124473976, "ch2": 0.043747047382662, "di": 50.469241171390244, "dj": 50.80315099950475, "dk": 5.092789640112818, "vw_i": 3.303242186115967, "vw_j": -3.7532220396583558, "kt": 4.808869873773739, "train_sc_a": [3.9749778306339008], "train_sc_v": [1.4440997292978146], "val_sc_a": 0, "val_sc_v": 0, "total_sc_a": 0, "total_sc_v": 0}