{"c1": 0.01803038876667571, "c2": 0.11410907593253941, "ch1": -0.02075642786495567, "ch2": 0.0903140007945119, "di": 6.618543843986716, "dj": 2.7021720991836644, "dk": 4.171551199450721, "vw_i": -1.5628419978445838, "vw_j": -0.8521826299793717, "kt": 4.671558970882956, "train_sc_a": [0.566360350199299], "train_sc_v": [0.1139044748973876], "val_sc_a": 0, "val_sc_v": 0, "total_sc_a": 0, "total_sc_v": 0}