{"c1": 0.019151003380788425, "c2": 0.10931356142674663, "ch1": -0.047143672917111384, "ch2": 0.0885924785494328, "di": 19.78445212146791, "dj": 12.36570587785622, "dk": 8.466879730756911, "vw_i": 4.869689652427603, "vw_j": 1.826964270054102, "kt": 3.3442326136772067, "train_sc_a": [2.845396870100258], "train_sc_v": [1.7374177254010288], "val_sc_a": 0, "val_sc_v": 0, "total_sc_a": 0, "total_sc_v": 0}