{"c1": 0.01906611895648169, "c2": 0.12789436802045384, "ch1": -0.5866191509098281, "ch2": 0.05434104782742409, "di": 48.19842666913263, "dj": 49.52178684459229, "dk": 5.170227110972733, "vw_i": 0.5418765503099, "vw_j": -3.626149626173627, "kt": 5.357411031988619, "train_sc_a": [1.0614230024951592], "train_sc_v": [0.19194506114907386], "val_sc_a": 0, "val_sc_v": 0, "total_sc_a": 0, "total_sc_v": 0}