{"c1": 0.021026346606552705, "c2": 0.11344861254082542, "ch1": -0.6108167467750547, "ch2": 0.04934140319857053, "di": 53.76619151082123, "dj": 54.5599459314466, "dk": 0.8723638031409797, "vw_i": 1.3214750336737842, "vw_j": -4.89229361884305, "kt": 4.753146968253243, "train_sc_a": [0.2858523888180306], "train_sc_v": [0.05356153759316265], "val_sc_a": 0, "val_sc_v": 0, "total_sc_a": 0, "total_sc_v": 0}