{"c1": 0.02071337014707097, "c2": 0.11381262739044869, "ch1": -0.5356803896058667, "ch2": 0.057013877176803666, "di": 46.42192968008136, "dj": 53.79009474786475, "dk": 9.783081368992702, "vw_i": -3.147586650357756, "vw_j": -7.687882173753304, "kt": 4.3236931038420385, "train_sc_a": [2.7747947378802404], "train_sc_v": [2.499076887855229], "val_sc_a": 0, "val_sc_v": 0, "total_sc_a": 0, "total_sc_v": 0}