{"c1": 0.018668766699087336, "c2": 0.11294456245691412, "ch1": -0.01420856396185663, "ch2": 0.09022003374023103, "di": 24.190140000941653, "dj": 2.6146071861772717, "dk": 13.379143895617943, "vw_i": -0.5638882233826165, "vw_j": -0.28929591411876, "kt": 4.33217746979548, "train_sc_a": [0.3274449951372339], "train_sc_v": [0.2787291929972418], "val_sc_a": 0, "val_sc_v": 0, "total_sc_a": 0, "total_sc_v": 0}