{"c1": 0.02013590404350694, "c2": 0.12202222026962742, "ch1": -0.6763867605453892, "ch2": 0.04395895446061879, "di": 49.99837875779165, "dj": 51.87268729521093, "dk": 5.358617393472835, "vw_i": -3.097743427902106, "vw_j": -4.956286488657496, "kt": 6.763491992104977, "train_sc_a": [1.232417491892465], "train_sc_v": [1.3621820899398276], "val_sc_a": 0, "val_sc_v": 0, "total_sc_a": 0, "total_sc_v": 0}