{"c1": 0.01982476612050865, "c2": 0.11098670594599683, "ch1": -0.15213205454965104, "ch2": 0.07996903058557933, "di": 21.158522285191353, "dj": 18.969299317289423, "dk": 21.592514339320974, "vw_i": -4.129997586743715, "vw_j": -1.917677409399265, "kt": 2.65239823649903, "train_sc_a": [0.3324423321711244], "train_sc_v": [0.059811201251984504], "val_sc_a": 0, "val_sc_v": 0, "total_sc_a": 0, "total_sc_v": 0}