{"c1": 0.019794223074730298, "c2": 0.12685619796230882, "ch1": -0.67749525404262, "ch2": 0.04640150911997081, "di": 50.85382047899786, "dj": 50.581152897733126, "dk": 13.36679059108921, "vw_i": 6.218878190241894, "vw_j": -1.446052244014124, "kt": 6.525402522299191, "train_sc_a": [0.8284880279813367], "train_sc_v": [0.25991910947259494], "val_sc_a": 0, "val_sc_v": 0, "total_sc_a": 0, "total_sc_v": 0}