{"c1": 0.018533289812190802, "c2": 0.10970210575463378, "ch1": -0.01647195910343273, "ch2": 0.09108903466537445, "di": 6.6791188843786085, "dj": 3.1644106516205825, "dk": 1.7721949360021856, "vw_i": -2.0134439669557676, "vw_j": -0.9031040057757365, "kt": 4.791533717861917, "train_sc_a": [0.9934804599306486], "train_sc_v": [0.15989150312552036], "val_sc_a": 0, "val_sc_v": 0, "total_sc_a": 0, "total_sc_v": 0}