{"c1": 0.019522102451884706, "c2": 0.12599533278377356, "ch1": -0.6670842779099709, "ch2": 0.04282167500247113, "di": 51.13560057575687, "dj": 48.68037018573024, "dk": 9.582178703006916, "vw_i": 1.732229602553912, "vw_j": -4.919391490281127, "kt": 5.66471159205516, "train_sc_a": [1.8281469662068937], "train_sc_v": [0.8648072717369217], "val_sc_a": 0, "val_sc_v": 0, "total_sc_a": 0, "total_sc_v": 0}