{"c1": 0.019298286275195833, "c2": 0.10524672282980821, "ch1": -0.10573403174575445, "ch2": 0.08425560117075204, "di": 4.775952277456059, "dj": 4.858649961974704, "dk": 7.030356363974638, "vw_i": -0.2393634542115574, "vw_j": -0.4294798217459475, "kt": 3.8214408271165436, "train_sc_a": [2.5501599514751696], "train_sc_v": [0.7023310792348384], "val_sc_a": 0, "val_sc_v": 0, "total_sc_a": 0, "total_sc_v": 0}