{"c1": 0.018292560097260328, "c2": 0.11420618822902187, "ch1": 0.004040209016770938, "ch2": 0.09120425070449223, "di": 27.379672291471092, "dj": 0.3088867804315397, "dk": 13.708405961438189, "vw_i": -0.9520140414616617, "vw_j": -0.7817448027294892, "kt": 4.24424541499561, "train_sc_a": [0.5949678058984647], "train_sc_v": [0.21692514315713368], "val_sc_a": 0, "val_sc_v": 0, "total_sc_a": 0, "total_sc_v": 0}