{"c1": 0.020369545482873827, "c2": 0.11644761010799703, "ch1": -0.5616154073904549, "ch2": 0.055096550611811526, "di": 47.59302723815441, "dj": 49.86830370872333, "dk": 9.637519750709581, "vw_i": -3.288614150225138, "vw_j": -5.227432744656825, "kt": 4.276634270981356, "train_sc_a": [1.0960041854253042], "train_sc_v": [0.9330936432351621], "val_sc_a": 0, "val_sc_v": 0, "total_sc_a": 0, "total_sc_v": 0}