{"c1": 0.02049271701873562, "c2": 0.11550383611135183, "ch1": -0.5905537873379276, "ch2": 0.05286931559408455, "di": 46.513628658657545, "dj": 47.489927287759784, "dk": 9.589053697178214, "vw_i": -2.5842859255679014, "vw_j": -4.267245715846702, "kt": 4.27754971296652, "train_sc_a": [0.7444992031525134], "train_sc_v": [0.6778859956329856], "val_sc_a": 0, "val_sc_v": 0, "total_sc_a": 0, "total_sc_v": 0}