{"c1": 0.01912422500084608, "c2": 0.10518765627535594, "ch1": -0.014911033725899218, "ch2": 0.0912635628607287, "di": 5.622454698360651, "dj": 4.2275662661875, "dk": 1.1730047058935407, "vw_i": -2.0481584685635, "vw_j": -0.9314370098200178, "kt": 4.990029786566503, "train_sc_a": [0.24432129562103097], "train_sc_v": [0.056308796103651144], "val_sc_a": 0, "val_sc_v": 0, "total_sc_a": 0, "total_sc_v": 0}