{"c1": 0.019141477148875458, "c2": 0.10921926109082668, "ch1": 0.08232722583768567, "ch2": 0.09715012184281258, "di": 19.958434058226366, "dj": 8.749281439323928, "dk": 8.18180629960904, "vw_i": -2.654991304485797, "vw_j": -2.056022011256762, "kt": 2.97595120729645, "train_sc_a": [2.764987648081925], "train_sc_v": [0.5601002997583907], "val_sc_a": 0, "val_sc_v": 0, "total_sc_a": 0, "total_sc_v": 0}