{"c1": 0.021771456248875293, "c2": 0.09476152491491248, "ch1": -0.12141418597891629, "ch2": 0.08224012718232646, "di": 16.909207913995715, "dj": 14.449300051397879, "dk": 18.800394995740334, "vw_i": 3.2995754207924586, "vw_j": 2.8203207167739857, "kt": 3.165439950595232, "train_sc_a": [0.8922670032865542], "train_sc_v": [0.8324455189105777], "val_sc_a": 0, "val_sc_v": 0, "total_sc_a": 0, "total_sc_v": 0}