{"c1": 0.02042392827660159, "c2": 0.1187634477260978, "ch1": -0.5461716955749081, "ch2": 0.05745068281291678, "di": 46.553332970914674, "dj": 55.32300825876932, "dk": 6.576701136418464, "vw_i": 0.4835404058801215, "vw_j": -6.181498192073722, "kt": 5.233149473900602, "train_sc_a": [2.7700791749154656], "train_sc_v": [0.6038412203312293], "val_sc_a": 0, "val_sc_v": 0, "total_sc_a": 0, "total_sc_v": 0}