{"c1": 0.01923128553047152, "c2": 0.12672783186921407, "ch1": -0.5668158871324619, "ch2": 0.055318473490338686, "di": 48.314574559452744, "dj": 50.65713292455361, "dk": 5.2258993548457635, "vw_i": 2.5379176773923917, "vw_j": -3.8465121051011506, "kt": 4.982419720744797, "train_sc_a": [0.4486856721216633], "train_sc_v": [0.14931306779241296], "val_sc_a": 0, "val_sc_v": 0, "total_sc_a": 0, "total_sc_v": 0}