{"c1": 0.019074268569517702, "c2": 0.1278346146836419, "ch1": -0.5853248671959148, "ch2": 0.05444546122038241, "di": 48.268337492507776, "dj": 49.60212564251121, "dk": 5.145003519073887, "vw_i": 0.5284948196055468, "vw_j": -3.6680765761447782, "kt": 5.355464736329581, "train_sc_a": [2.0294995832044904], "train_sc_v": [1.6091979680067647], "val_sc_a": 0, "val_sc_v": 0, "total_sc_a": 0, "total_sc_v": 0}