{"c1": 0.02012194433661338, "c2": 0.12001840260078174, "ch1": -0.5637584185313267, "ch2": 0.0554908709302468, "di": 50.175316980771, "dj": 49.12908424873987, "dk": 3.824460017477154, "vw_i": 2.307407527250854, "vw_j": -4.071734166968572, "kt": 5.012845800397619, "train_sc_a": [0.3144138543450667], "train_sc_v": [0.07454735602028777], "val_sc_a": 0, "val_sc_v": 0, "total_sc_a": 0, "total_sc_v": 0}