{"c1": 0.020890840336420344, "c2": 0.12001187206725186, "ch1": -0.6461538600948233, "ch2": 0.04992102283169944, "di": 52.76675650395386, "dj": 52.67759595035214, "dk": 13.534495707586276, "vw_i": -1.388897705507507, "vw_j": -5.426661518464294, "kt": 7.276247287620781, "train_sc_a": [2.5051759652848062], "train_sc_v": [0.92084252182819], "val_sc_a": 0, "val_sc_v": 0, "total_sc_a": 0, "total_sc_v": 0}