{"c1": 0.020437113773554585, "c2": 0.11860224484291365, "ch1": -0.7418129393197176, "ch2": 0.0405348865677197, "di": 36.24893210483348, "dj": 42.36948632929414, "dk": 5.787887708779809, "vw_i": -7.97902442814705, "vw_j": -4.776239346714371, "kt": 4.874157641941365, "train_sc_a": [9.86344653880732], "train_sc_v": [7.505336708536835], "val_sc_a": 0, "val_sc_v": 0, "total_sc_a": 0, "total_sc_v": 0}