{"c1": 0.019506091363665098, "c2": 0.12611064734635202, "ch1": -0.667174953647525, "ch2": 0.04281384337274897, "di": 51.06953189065819, "dj": 48.73559817920756, "dk": 9.57923360450527, "vw_i": 1.7212134029513149, "vw_j": -4.920333037291608, "kt": 5.663492952826127, "train_sc_a": [1.7992581987581386], "train_sc_v": [0.8658168704348744], "val_sc_a": 0, "val_sc_v": 0, "total_sc_a": 0, "total_sc_v": 0}