{"c1": 0.019379784524651375, "c2": 0.12753450309487832, "ch1": -0.6356786847970161, "ch2": 0.04569853080111198, "di": 51.35529112176658, "dj": 52.23795291251935, "dk": 7.0300850389261464, "vw_i": 1.5920427587065653, "vw_j": -5.267481960727077, "kt": 4.898890792443081, "train_sc_a": [0.5774221409257984], "train_sc_v": [0.5046479913667514], "val_sc_a": 0, "val_sc_v": 0, "total_sc_a": 0, "total_sc_v": 0}