{"c1": 0.01932590646987337, "c2": 0.1080447016027152, "ch1": -0.006170208952411022, "ch2": 0.0906530465937071, "di": 23.79699756812036, "dj": 2.7078042746475375, "dk": 11.347701719704165, "vw_i": -0.8568000261884194, "vw_j": -1.103011553067307, "kt": 3.779523817158366, "train_sc_a": [0.9009623985403921], "train_sc_v": [0.3040128589237927], "val_sc_a": 0, "val_sc_v": 0, "total_sc_a": 0, "total_sc_v": 0}