{"c1": 0.019928800651994344, "c2": 0.12378393175959433, "ch1": -0.7279540829046989, "ch2": 0.04124616164389193, "di": 42.25061205040023, "dj": 53.89570516471994, "dk": 7.045308328448921, "vw_i": -4.598841388014526, "vw_j": -2.737957578791802, "kt": 6.64349835523716, "train_sc_a": [5.983131439867841], "train_sc_v": [5.528669153666124], "val_sc_a": 0, "val_sc_v": 0, "total_sc_a": 0, "total_sc_v": 0}