{"c1": 0.019867256372233983, "c2": 0.10100036104970961, "ch1": 0.004992572112936942, "ch2": 0.09180335156450324, "di": 6.949679107099368, "dj": 3.9085240966752166, "dk": 5.191222643685375, "vw_i": -1.5464273134774922, "vw_j": -0.5112372697564985, "kt": 4.208063968415258, "train_sc_a": [0.6892792241286744], "train_sc_v": [0.36994451099784054], "val_sc_a": 0, "val_sc_v": 0, "total_sc_a": 0, "total_sc_v": 0}