{"c1": 0.020256347988203843, "c2": 0.10708066681968825, "ch1": -0.30796709005064016, "ch2": 0.07410696121734434, "di": 25.195271310644962, "dj": 63.569266153798175, "dk": 1.4027901724461218, "vw_i": -5.362276487243413, "vw_j": -1.4837047490736055, "kt": 2.8769282598383255, "train_sc_a": [7.861335747025826], "train_sc_v": [6.484178274448208], "val_sc_a": 0, "val_sc_v": 0, "total_sc_a": 0, "total_sc_v": 0}