{"c1": 0.01896366468469587, "c2": 0.12715878597581373, "ch1": -0.5377126664214312, "ch2": 0.05695031291122434, "di": 50.67847820581436, "dj": 49.69167720935814, "dk": 11.326341274385817, "vw_i": -0.959331012061483, "vw_j": -4.928628688331138, "kt": 4.1974163285106325, "train_sc_a": [0.6386139372703954], "train_sc_v": [0.28427948320994484], "val_sc_a": 0, "val_sc_v": 0, "total_sc_a": 0, "total_sc_v": 0}