{"c1": 0.02013889651254332, "c2": 0.12200002674958305, "ch1": -0.6564234811627523, "ch2": 0.045409474368788054, "di": 51.21133073557035, "dj": 53.204979187510524, "dk": 5.357449484888041, "vw_i": -2.1716969751645667, "vw_j": -5.152238699060275, "kt": 6.776489172618507, "train_sc_a": [1.5071099475453424], "train_sc_v": [0.5049651332958816], "val_sc_a": 0, "val_sc_v": 0, "total_sc_a": 0, "total_sc_v": 0}