{"c1": 0.02020986974028336, "c2": 0.11864395187410606, "ch1": -0.5447493076084475, "ch2": 0.056580658488895, "di": 51.70988584895079, "dj": 49.46901292107786, "dk": 0.0, "vw_i": 2.124440402639985, "vw_j": -4.872377760324661, "kt": 4.283762553884268, "train_sc_a": [1.3975004136420603], "train_sc_v": [0.8542206047935831], "val_sc_a": 0, "val_sc_v": 0, "total_sc_a": 0, "total_sc_v": 0}