{"c1": 0.019102472103841705, "c2": 0.10528386115020989, "ch1": -0.019002047719535287, "ch2": 0.09239151757762327, "di": 4.244641456521831, "dj": 3.200654857254217, "dk": 0.0, "vw_i": -2.855346330448908, "vw_j": -1.2565365941900342, "kt": 4.984092805712922, "train_sc_a": [0.31477124996406664], "train_sc_v": [0.05276973635234565], "val_sc_a": 0, "val_sc_v": 0, "total_sc_a": 0, "total_sc_v": 0}