{"c1": 0.02034074610196263, "c2": 0.10703126105879553, "ch1": -0.23307196228575322, "ch2": 0.07364198239405394, "di": 18.283500241156812, "dj": 1.3345060173808112, "dk": 22.67146537300664, "vw_i": 2.7260402147746285, "vw_j": 2.3636149988889184, "kt": 3.0841393992095942, "train_sc_a": [35.4676469271358], "train_sc_v": [36.279957428531276], "val_sc_a": 0, "val_sc_v": 0, "total_sc_a": 0, "total_sc_v": 0}