{"c1": 0.020043215559916682, "c2": 0.12066068931134795, "ch1": -0.5467902103234442, "ch2": 0.0570313723283204, "di": 49.861392260350776, "dj": 51.20053380841958, "dk": 4.483227557953672, "vw_i": 0.5804000729356061, "vw_j": -4.824061174048896, "kt": 5.0108495843177305, "train_sc_a": [5.213306529675277], "train_sc_v": [2.627852865894403], "val_sc_a": 0, "val_sc_v": 0, "total_sc_a": 0, "total_sc_v": 0}