{"c1": 0.0197405088566704, "c2": 0.12723963225409904, "ch1": -0.6774587178224524, "ch2": 0.04639753341621627, "di": 50.87294024664026, "dj": 50.56836716739449, "dk": 13.282395441212833, "vw_i": 6.211875957188023, "vw_j": -1.4630283224631826, "kt": 6.522328435350751, "train_sc_a": [0.8315519629480072], "train_sc_v": [0.271771052661758], "val_sc_a": 0, "val_sc_v": 0, "total_sc_a": 0, "total_sc_v": 0}