{"c1": 0.020248350832235723, "c2": 0.12423229547230877, "ch1": -0.6379581155880714, "ch2": 0.04971484431120752, "di": 52.356070769067486, "dj": 53.84979682727787, "dk": 10.95515909179194, "vw_i": 2.8629190592005758, "vw_j": -6.23092205263724, "kt": 6.779731184659929, "train_sc_a": [1.9484920170314537], "train_sc_v": [0.6093633224901345], "val_sc_a": 0, "val_sc_v": 0, "total_sc_a": 0, "total_sc_v": 0}