{"c1": 0.02108771357958195, "c2": 0.10415651921313492, "ch1": -0.34383264924497775, "ch2": 0.06848469151170408, "di": 43.25107350085271, "dj": 45.81373987250382, "dk": 9.11872231353618, "vw_i": 0.6564157854333721, "vw_j": -2.914105224831607, "kt": 4.874679688932271, "train_sc_a": [1.043345815659852], "train_sc_v": [0.27896974787889456], "val_sc_a": 0, "val_sc_v": 0, "total_sc_a": 0, "total_sc_v": 0}