{"c1": 0.02018916344492746, "c2": 0.11935874866024493, "ch1": -0.5452476174775821, "ch2": 0.0571291845156175, "di": 51.52553253248122, "dj": 51.51948733053487, "dk": 11.104690737392092, "vw_i": -0.0036427464071735194, "vw_j": -3.2200327363522865, "kt": 4.63442940432937, "train_sc_a": [1.721076454593892], "train_sc_v": [0.909198006607835], "val_sc_a": 0, "val_sc_v": 0, "total_sc_a": 0, "total_sc_v": 0}