{"c1": 0.019489750876937408, "c2": 0.12483936900875461, "ch1": -0.5241047744298543, "ch2": 0.059064738422116875, "di": 53.08047910083129, "dj": 51.82358729468595, "dk": 9.155403489333787, "vw_i": -2.0821046620177635, "vw_j": -5.840782639466131, "kt": 4.298938477130643, "train_sc_a": [1.6188195314774507], "train_sc_v": [1.318709749953452], "val_sc_a": 0, "val_sc_v": 0, "total_sc_a": 0, "total_sc_v": 0}