{"c1": 0.01870395342474982, "c2": 0.11271051611547184, "ch1": -0.035651330797013686, "ch2": 0.08875834843240646, "di": 24.188105468465057, "dj": 2.0798378501903887, "dk": 13.416151718315614, "vw_i": -0.6222112113430568, "vw_j": -0.25176498020942106, "kt": 4.330243280266286, "train_sc_a": [0.25099843298074176], "train_sc_v": [0.04666895032564682], "val_sc_a": 0, "val_sc_v": 0, "total_sc_a": 0, "total_sc_v": 0}