{"c1": 0.018839673737197346, "c2": 0.11925485426603791, "ch1": -0.05471379384177057, "ch2": 0.09059539687828326, "di": 25.56221584461596, "dj": 27.756482221388058, "dk": 13.899298724592699, "vw_i": -0.28087299165416674, "vw_j": 0.005062184812367233, "kt": 2.9695278534631107, "train_sc_a": [0.6551309795659577], "train_sc_v": [0.18266444544449237], "val_sc_a": 0, "val_sc_v": 0, "total_sc_a": 0, "total_sc_v": 0}