{"c1": 0.01908418972711664, "c2": 0.11602011757825514, "ch1": -0.2591538291086407, "ch2": 0.07528209568273594, "di": 21.87589291440024, "dj": 30.424808528273108, "dk": 1.3482139759882015, "vw_i": -7.430753375862816, "vw_j": -3.128768486918288, "kt": 3.9311591737726053, "train_sc_a": [4.697367619592691], "train_sc_v": [4.55298884376889], "val_sc_a": 0, "val_sc_v": 0, "total_sc_a": 0, "total_sc_v": 0}