{"c1": 0.020009502103281354, "c2": 0.11852015444190847, "ch1": -0.5583786012550815, "ch2": 0.05419892502773601, "di": 49.10139302483109, "dj": 48.637384119138375, "dk": 15.533625769884546, "vw_i": 1.4616602268195886, "vw_j": -4.419331138369029, "kt": 4.529185154704153, "train_sc_a": [3.7324867323764237], "train_sc_v": [1.9303505812851345], "val_sc_a": 0, "val_sc_v": 0, "total_sc_a": 0, "total_sc_v": 0}