{"c1": 0.019881131381703866, "c2": 0.12403200427134037, "ch1": -0.6304871150462081, "ch2": 0.04735505729518458, "di": 52.925234419723466, "dj": 54.52943096667159, "dk": 6.233932827924839, "vw_i": -0.926993535009734, "vw_j": -5.2630031757951965, "kt": 6.814828694313414, "train_sc_a": [0.9179587773567986], "train_sc_v": [0.4664858886853116], "val_sc_a": 0, "val_sc_v": 0, "total_sc_a": 0, "total_sc_v": 0}