{"c1": 0.020451169672724027, "c2": 0.11655726868068955, "ch1": -0.5247615509058133, "ch2": 0.05827671524899139, "di": 46.20446215294613, "dj": 53.84423715747434, "dk": 11.908360853600028, "vw_i": 3.367741575329377, "vw_j": -4.208002183985425, "kt": 4.2712772754136115, "train_sc_a": [4.427761246551286], "train_sc_v": [4.504065521227023], "val_sc_a": 0, "val_sc_v": 0, "total_sc_a": 0, "total_sc_v": 0}