{"c1": 0.01881010253438427, "c2": 0.13084924574421225, "ch1": -0.6588026061419986, "ch2": 0.04270909147455479, "di": 49.018995303996924, "dj": 51.15137997868915, "dk": 9.143493041260317, "vw_i": 3.9026508068051955, "vw_j": -5.427954570220129, "kt": 5.102150029177033, "train_sc_a": [0.7673380045578712], "train_sc_v": [0.31752964218368745], "val_sc_a": 0, "val_sc_v": 0, "total_sc_a": 0, "total_sc_v": 0}