{"c1": 0.020581950422595547, "c2": 0.11641079596731158, "ch1": -0.3757028764795918, "ch2": 0.07009671694516342, "di": 59.06050780144015, "dj": 60.682722128099975, "dk": 11.4797065117525, "vw_i": -0.4375514525214466, "vw_j": -10.085695338831455, "kt": 4.706824097354851, "train_sc_a": [8.701017268995473], "train_sc_v": [6.003501060198428], "val_sc_a": 0, "val_sc_v": 0, "total_sc_a": 0, "total_sc_v": 0}