{"c1": 0.020113322436780358, "c2": 0.11783319710234497, "ch1": -0.5507564332539614, "ch2": 0.0552558114132969, "di": 48.15973581971492, "dj": 51.008122649643816, "dk": 13.55794339357446, "vw_i": 2.057236155444019, "vw_j": -3.510647456252138, "kt": 4.528143339926971, "train_sc_a": [2.214626199423086], "train_sc_v": [0.6551069657238064], "val_sc_a": 0, "val_sc_v": 0, "total_sc_a": 0, "total_sc_v": 0}