{"c1": 0.020458623542631088, "c2": 0.11576451680409344, "ch1": -0.5782979742378661, "ch2": 0.05381919485866206, "di": 47.36890089799198, "dj": 48.09719886968002, "dk": 9.594510650506658, "vw_i": -2.9015866542474806, "vw_j": -4.658491366298193, "kt": 4.2750319452171475, "train_sc_a": [0.9715351110518431], "train_sc_v": [0.9140892062009098], "val_sc_a": 0, "val_sc_v": 0, "total_sc_a": 0, "total_sc_v": 0}