{"c1": 0.01874371090811444, "c2": 0.11193790635520191, "ch1": -0.028827139372048033, "ch2": 0.08905850390989081, "di": 22.281149239576703, "dj": 3.821137313583807, "dk": 8.039020253923141, "vw_i": -1.210962387195286, "vw_j": -0.9710552322938782, "kt": 3.497335735293404, "train_sc_a": [0.6017626823723199], "train_sc_v": [0.13764910878441733], "val_sc_a": 0, "val_sc_v": 0, "total_sc_a": 0, "total_sc_v": 0}