{"c1": 0.02094173067712406, "c2": 0.11409537241590358, "ch1": -0.6943919506793078, "ch2": 0.042493092908506926, "di": 52.5960282166131, "dj": 44.013624599442444, "dk": 1.0533065820157221, "vw_i": 1.0564905901464248, "vw_j": -2.5152807970194684, "kt": 4.738675517590732, "train_sc_a": [5.159475434123452], "train_sc_v": [3.5206504340672717], "val_sc_a": 0, "val_sc_v": 0, "total_sc_a": 0, "total_sc_v": 0}