{"c1": 0.019082407120191706, "c2": 0.11616331839901589, "ch1": -0.231902727752319, "ch2": 0.07722540878767557, "di": 24.512037902038337, "dj": 34.777854145787245, "dk": 3.3345398628939877, "vw_i": -8.24049902517391, "vw_j": -2.8623677168099517, "kt": 3.528230696206126, "train_sc_a": [9.314132826710821], "train_sc_v": [6.09407520051458], "val_sc_a": 0, "val_sc_v": 0, "total_sc_a": 0, "total_sc_v": 0}