{"c1": 0.020476869801946455, "c2": 0.11720002451856389, "ch1": -0.5570067095638656, "ch2": 0.05615046041169716, "di": 49.6974698174013, "dj": 52.187124677128935, "dk": 11.339731092016198, "vw_i": 0.16230268917854965, "vw_j": -2.6076802806774673, "kt": 4.701616793541908, "train_sc_a": [1.6662528296941284], "train_sc_v": [1.083218766485765], "val_sc_a": 0, "val_sc_v": 0, "total_sc_a": 0, "total_sc_v": 0}