{"c1": 0.019250326392771428, "c2": 0.12446238856930457, "ch1": -0.5559947618225987, "ch2": 0.05538437591875874, "di": 48.356133579091136, "dj": 49.970575229685444, "dk": 14.35295752399402, "vw_i": 0.4174765151459602, "vw_j": -4.353795868509642, "kt": 4.3590956905682345, "train_sc_a": [0.9310706335407468], "train_sc_v": [0.2895605321289156], "val_sc_a": 0, "val_sc_v": 0, "total_sc_a": 0, "total_sc_v": 0}