{"c1": 0.02044565251086494, "c2": 0.11854774062012297, "ch1": -0.620323528225363, "ch2": 0.050984191771714565, "di": 45.50832656106136, "dj": 48.37966435412947, "dk": 5.938601346722688, "vw_i": -3.2214944410783524, "vw_j": -5.868079272808146, "kt": 5.091855039802972, "train_sc_a": [1.977440010916266], "train_sc_v": [1.4525436595492958], "val_sc_a": 0, "val_sc_v": 0, "total_sc_a": 0, "total_sc_v": 0}