{"c1": 0.018776157040269054, "c2": 0.11072210021317092, "ch1": 0.0013740076296094143, "ch2": 0.09102261113128951, "di": 26.783169140342462, "dj": 0.7875714385228234, "dk": 13.710631876606637, "vw_i": -0.8648005326096322, "vw_j": -0.051373190288317376, "kt": 4.201591236052011, "train_sc_a": [0.8861268650682838], "train_sc_v": [1.1040105387834758], "val_sc_a": 0, "val_sc_v": 0, "total_sc_a": 0, "total_sc_v": 0}