{"c1": 0.019378005737042833, "c2": 0.12411256214083594, "ch1": -0.5004536158139363, "ch2": 0.06038517037887008, "di": 52.79138525875858, "dj": 54.8385069792921, "dk": 6.58627819736026, "vw_i": 0.4001814312325899, "vw_j": -4.838038499155811, "kt": 4.372580997329516, "train_sc_a": [1.22124981682082], "train_sc_v": [0.9186202068552539], "val_sc_a": 0, "val_sc_v": 0, "total_sc_a": 0, "total_sc_v": 0}