{"c1": 0.01910247236438847, "c2": 0.10528386021982253, "ch1": -0.019002051441438437, "ch2": 0.09239151728748628, "di": 4.244641488431196, "dj": 3.200654368168133, "dk": 0.0, "vw_i": -2.855346617184094, "vw_j": -1.2565367945588193, "kt": 4.984093046817695, "train_sc_a": [0.3147712310250058], "train_sc_v": [0.05276969004849996], "val_sc_a": 0, "val_sc_v": 0, "total_sc_a": 0, "total_sc_v": 0}