{"c1": 0.019357576956690648, "c2": 0.1276855968385254, "ch1": -0.6394302033785092, "ch2": 0.045442674681894106, "di": 50.83873306411542, "dj": 52.286779782480174, "dk": 6.926950888742859, "vw_i": 1.4942712502364708, "vw_j": -5.131633404529915, "kt": 4.898458432367129, "train_sc_a": [0.6471402212453184], "train_sc_v": [0.5191035388469181], "val_sc_a": 0, "val_sc_v": 0, "total_sc_a": 0, "total_sc_v": 0}