{"c1": 0.01973496158226011, "c2": 0.12301853245227222, "ch1": -0.5314418065577532, "ch2": 0.05794624740574366, "di": 50.087156530407285, "dj": 52.358128137655115, "dk": 5.594864368391602, "vw_i": 1.8762936562547154, "vw_j": -4.093164821606757, "kt": 4.546254220352234, "train_sc_a": [0.6322826469934247], "train_sc_v": [0.24053846731762543], "val_sc_a": 0, "val_sc_v": 0, "total_sc_a": 0, "total_sc_v": 0}