{"c1": 0.020085619379736942, "c2": 0.12354877332319934, "ch1": -0.5981873786301453, "ch2": 0.05028916749027765, "di": 54.83973289260247, "dj": 55.467828831448266, "dk": 10.296143908967087, "vw_i": 1.0997698569866212, "vw_j": -5.498842628083592, "kt": 7.091382104226415, "train_sc_a": [1.7005029371401243], "train_sc_v": [0.3628520917587723], "val_sc_a": 0, "val_sc_v": 0, "total_sc_a": 0, "total_sc_v": 0}