{"c1": 0.01892148850172121, "c2": 0.12744216450208531, "ch1": -0.5436412826287619, "ch2": 0.05655233930581487, "di": 50.08109607693849, "dj": 49.65666166905297, "dk": 11.164490318810778, "vw_i": -0.9820609121967603, "vw_j": -4.670273436752302, "kt": 4.206451198375236, "train_sc_a": [0.876182498248395], "train_sc_v": [0.46321652952170667], "val_sc_a": 0, "val_sc_v": 0, "total_sc_a": 0, "total_sc_v": 0}