{"c1": 0.018591830986497464, "c2": 0.10928265237600952, "ch1": -0.00919800456003111, "ch2": 0.09163235023205865, "di": 6.523921947121216, "dj": 3.8339185237057745, "dk": 1.8045728029209631, "vw_i": -2.106761409366202, "vw_j": -0.8201423195210717, "kt": 4.9397557348116, "train_sc_a": [1.0089591757771355], "train_sc_v": [0.3768259966092746], "val_sc_a": 0, "val_sc_v": 0, "total_sc_a": 0, "total_sc_v": 0}