{"c1": 0.0205719024614858, "c2": 0.11980015031234775, "ch1": -0.6184608514120087, "ch2": 0.048777090409053904, "di": 53.65880065259263, "dj": 54.09843128045239, "dk": 9.34671927733365, "vw_i": 0.5742034716842596, "vw_j": -4.757756372285855, "kt": 7.0448720678404975, "train_sc_a": [2.210197776054726], "train_sc_v": [1.1132226521204514], "val_sc_a": 0, "val_sc_v": 0, "total_sc_a": 0, "total_sc_v": 0}