{"c1": 0.02051036390835318, "c2": 0.11595141398344473, "ch1": -0.7127673704248721, "ch2": 0.043771627394033744, "di": 47.58464552564453, "dj": 32.504336292923576, "dk": 9.701042404838244, "vw_i": 4.997952666901801, "vw_j": 1.7826264624666517, "kt": 3.907182100642739, "train_sc_a": [9.756938746501675], "train_sc_v": [9.440168904504688], "val_sc_a": 0, "val_sc_v": 0, "total_sc_a": 0, "total_sc_v": 0}