{"c1": 0.019102472364388532, "c2": 0.10528386021982228, "ch1": -0.019002051441437386, "ch2": 0.09239151728748635, "di": 4.244641488431202, "dj": 3.2006543681681148, "dk": 0.0, "vw_i": -2.8553466171841606, "vw_j": -1.256536794558866, "kt": 4.984093046817748, "train_sc_a": [0.3147712310250004], "train_sc_v": [0.052769690048493974], "val_sc_a": 0, "val_sc_v": 0, "total_sc_a": 0, "total_sc_v": 0}