{"c1": 0.019752324350856887, "c2": 0.12302659048849043, "ch1": -0.5482006952408113, "ch2": 0.05694406896300531, "di": 50.73296646652855, "dj": 50.25045908591228, "dk": 7.107134247243206, "vw_i": 0.022165235007805657, "vw_j": -5.097731858975143, "kt": 4.644382096951626, "train_sc_a": [0.3296753803935617], "train_sc_v": [0.23105897173599635], "val_sc_a": 0, "val_sc_v": 0, "total_sc_a": 0, "total_sc_v": 0}