{"c1": 0.019589421211708, "c2": 0.12329428532336935, "ch1": -0.5181119102870491, "ch2": 0.05907837093683596, "di": 53.57001145022453, "dj": 50.74956452055349, "dk": 5.871382802913265, "vw_i": 1.559594372351919, "vw_j": -5.432143815586109, "kt": 4.327752357770858, "train_sc_a": [2.148563207458532], "train_sc_v": [1.735879656430324], "val_sc_a": 0, "val_sc_v": 0, "total_sc_a": 0, "total_sc_v": 0}