{"c1": 0.01960771527421864, "c2": 0.12270815358394944, "ch1": -0.5486388577786196, "ch2": 0.05637132932988149, "di": 49.61293645827368, "dj": 49.68385377765166, "dk": 12.14297597117052, "vw_i": -0.7845410281338705, "vw_j": -3.7127495854981323, "kt": 4.222742855576616, "train_sc_a": [2.158751117164568], "train_sc_v": [1.246214515251317], "val_sc_a": 0, "val_sc_v": 0, "total_sc_a": 0, "total_sc_v": 0}