{"c1": 0.01873941358413833, "c2": 0.11098926628579427, "ch1": 0.0010291191680123163, "ch2": 0.09099685503714826, "di": 26.78450447880225, "dj": 0.7540691862669298, "dk": 13.705792205016518, "vw_i": -0.8670794860218543, "vw_j": -0.055904132618656385, "kt": 4.20006486922642, "train_sc_a": [0.633946473962785], "train_sc_v": [0.1519558681705273], "val_sc_a": 0, "val_sc_v": 0, "total_sc_a": 0, "total_sc_v": 0}