{"c1": 0.01899967717957903, "c2": 0.10594999705593047, "ch1": -0.031031210776431825, "ch2": 0.0901869972827054, "di": 5.283878021496972, "dj": 3.544516578798177, "dk": 2.130483765521548, "vw_i": -2.421759751370453, "vw_j": -1.1590162364127001, "kt": 4.972956174988883, "train_sc_a": [0.5633202976555838], "train_sc_v": [0.11013531304638323], "val_sc_a": 0, "val_sc_v": 0, "total_sc_a": 0, "total_sc_v": 0}