{"c1": 0.019239402067482866, "c2": 0.13161239802345004, "ch1": -0.6366996235622879, "ch2": 0.05053990773807543, "di": 52.74440249873277, "dj": 53.92332155991429, "dk": 11.332254431841816, "vw_i": -1.1706976259072996, "vw_j": -6.528343417959693, "kt": 7.1650999111187215, "train_sc_a": [1.4570754556064764], "train_sc_v": [0.8612859324827554], "val_sc_a": 0, "val_sc_v": 0, "total_sc_a": 0, "total_sc_v": 0}