{"c1": 0.020621372059648292, "c2": 0.11853309643698047, "ch1": -0.6473033595412393, "ch2": 0.046415051627291565, "di": 48.68544366621263, "dj": 51.68970117890645, "dk": 8.567382634632601, "vw_i": 4.001725644290044, "vw_j": -1.4468146837301714, "kt": 6.697081953613687, "train_sc_a": [5.706333252557935], "train_sc_v": [1.7927151443656186], "val_sc_a": 0, "val_sc_v": 0, "total_sc_a": 0, "total_sc_v": 0}