{"c1": 0.019244358683518367, "c2": 0.11475893141876173, "ch1": -0.31527405207037357, "ch2": 0.07085754656165909, "di": 24.322839775288877, "dj": 18.807404597536888, "dk": 0.0050290843887549445, "vw_i": -7.056378933235061, "vw_j": -2.3708910768092477, "kt": 3.7674730064279043, "train_sc_a": [2.4392681383417543], "train_sc_v": [1.8021536646166603], "val_sc_a": 0, "val_sc_v": 0, "total_sc_a": 0, "total_sc_v": 0}