{"c1": 0.019577750382680698, "c2": 0.12559277134590374, "ch1": -0.6660298561555157, "ch2": 0.04290402893345466, "di": 51.354829618318256, "dj": 48.59339487986144, "dk": 9.577002788174042, "vw_i": 1.7820950313931898, "vw_j": -4.9422444897951205, "kt": 5.668472586691507, "train_sc_a": [3.0426595651376416], "train_sc_v": [2.2506755838079058], "val_sc_a": 0, "val_sc_v": 0, "total_sc_a": 0, "total_sc_v": 0}