{"c1": 0.018666972295338896, "c2": 0.12396607550957546, "ch1": -0.3367060220202038, "ch2": 0.06925904739018994, "di": 41.72712214477888, "dj": 47.75346276275958, "dk": 14.721659661339773, "vw_i": -0.49478540531258086, "vw_j": -2.717529148228848, "kt": 4.8826192997496225, "train_sc_a": [1.4409803147011022], "train_sc_v": [1.2560771268578008], "val_sc_a": 0, "val_sc_v": 0, "total_sc_a": 0, "total_sc_v": 0}