{"c1": 0.020819833659857373, "c2": 0.11299241778723312, "ch1": -0.5371014516266904, "ch2": 0.05740932216104519, "di": 49.07398854498827, "dj": 51.57145154514882, "dk": 9.865738375108174, "vw_i": -2.8823817259379405, "vw_j": -6.367011133753896, "kt": 4.226873223294595, "train_sc_a": [2.017089037300448], "train_sc_v": [0.7945415575487098], "val_sc_a": 0, "val_sc_v": 0, "total_sc_a": 0, "total_sc_v": 0}