{"c1": 0.019564501163603792, "c2": 0.10306073177864171, "ch1": 0.1396962254534444, "ch2": 0.10277983609719125, "di": 27.96182363023947, "dj": 7.063623767189313, "dk": 6.72737036893683, "vw_i": -0.6250572369169534, "vw_j": -0.4013985361545791, "kt": 3.7153927622925624, "train_sc_a": [0.49298661236448194], "train_sc_v": [0.4637350676446942], "val_sc_a": 0, "val_sc_v": 0, "total_sc_a": 0, "total_sc_v": 0}