{"c1": 0.019257791658725182, "c2": 0.11964306983593885, "ch1": -0.33944753069913425, "ch2": 0.06949380779540534, "di": 44.84485031386938, "dj": 47.63308354981456, "dk": 13.059906891484571, "vw_i": 5.065313373431376, "vw_j": -0.41836223879073425, "kt": 4.816317140684695, "train_sc_a": [1.3083086547134013], "train_sc_v": [0.37469753495079205], "val_sc_a": 0, "val_sc_v": 0, "total_sc_a": 0, "total_sc_v": 0}