{"c1": 0.020590418492414542, "c2": 0.11876067219676018, "ch1": -0.6500480033948591, "ch2": 0.04611499324476325, "di": 48.755707896486896, "dj": 51.355305036008225, "dk": 8.500579905131557, "vw_i": 3.880805238198452, "vw_j": -1.4011044744565393, "kt": 6.638969537523957, "train_sc_a": [5.732462016307997], "train_sc_v": [1.7794225522719318], "val_sc_a": 0, "val_sc_v": 0, "total_sc_a": 0, "total_sc_v": 0}