{"c1": 0.01949533081563604, "c2": 0.10265723695027165, "ch1": -0.03774588447463236, "ch2": 0.0910957996190209, "di": 3.3930425816607226, "dj": 3.324971200857359, "dk": 3.334493038047341, "vw_i": -2.99262976743845, "vw_j": -1.377061770773936, "kt": 5.048961598097279, "train_sc_a": [1.2743339575241053], "train_sc_v": [0.49465520598960966], "val_sc_a": 0, "val_sc_v": 0, "total_sc_a": 0, "total_sc_v": 0}