{"c1": 0.019686061426403494, "c2": 0.11217003384587253, "ch1": -0.32521562035167356, "ch2": 0.07064406201484873, "di": 21.972924312688846, "dj": 20.073661760536226, "dk": 5.7783875329030225, "vw_i": -6.408633272747986, "vw_j": -2.5486299027012245, "kt": 3.965368666147163, "train_sc_a": [7.392158597458563], "train_sc_v": [8.792863525830658], "val_sc_a": 0, "val_sc_v": 0, "total_sc_a": 0, "total_sc_v": 0}