{"c1": 0.020959570151404112, "c2": 0.105482885432507, "ch1": -0.37590799346944626, "ch2": 0.06672121695242293, "di": 41.04430692729006, "dj": 45.35019790805196, "dk": 15.412131843948012, "vw_i": -0.2365915092242965, "vw_j": -2.3056099554495963, "kt": 4.92413813704822, "train_sc_a": [1.977060337028905], "train_sc_v": [1.8064307438636926], "val_sc_a": 0, "val_sc_v": 0, "total_sc_a": 0, "total_sc_v": 0}