{"c1": 0.020329840198757002, "c2": 0.10700369880615548, "ch1": -0.3254005466063624, "ch2": 0.07060858327071204, "di": 22.053593862396227, "dj": 19.36156215030178, "dk": 2.1072059830886136, "vw_i": -6.287545411995897, "vw_j": -2.491526457686536, "kt": 3.9881790513422435, "train_sc_a": [1.1774269799738384], "train_sc_v": [0.96208652125005], "val_sc_a": 0, "val_sc_v": 0, "total_sc_a": 0, "total_sc_v": 0}