{"c1": 0.020817427037030586, "c2": 0.1100612914039316, "ch1": -0.3614948933510983, "ch2": 0.06863526408157117, "di": 43.004242402266456, "dj": 47.61532877745878, "dk": 19.669473857736563, "vw_i": 1.390043022830432, "vw_j": -2.100821693494125, "kt": 5.00649818747014, "train_sc_a": [0.8899910791473202], "train_sc_v": [0.6154804243297879], "val_sc_a": 0, "val_sc_v": 0, "total_sc_a": 0, "total_sc_v": 0}