{"c1": 0.019026989447671106, "c2": 0.10957465234258042, "ch1": 0.014802934414239414, "ch2": 0.09215504205984372, "di": 25.591052184996233, "dj": 2.1358720405358973, "dk": 11.410524587246664, "vw_i": 0.6896393339739615, "vw_j": 0.08754531935928833, "kt": 4.242571464021581, "train_sc_a": [0.8013190711546166], "train_sc_v": [0.49748041175561725], "val_sc_a": 0, "val_sc_v": 0, "total_sc_a": 0, "total_sc_v": 0}