{"c1": 0.019032294742979884, "c2": 0.10934957150896814, "ch1": 0.017202284369156357, "ch2": 0.09220380631389048, "di": 25.853262772156683, "dj": 2.177622652127129, "dk": 11.451148993281254, "vw_i": 1.247733496185193, "vw_j": 0.2690860706187112, "kt": 4.260145087173114, "train_sc_a": [1.1080140121135116], "train_sc_v": [0.33065262911296134], "val_sc_a": 0, "val_sc_v": 0, "total_sc_a": 0, "total_sc_v": 0}