{"c1": 0.019737105244675163, "c2": 0.12504624156401586, "ch1": -0.6310112815434173, "ch2": 0.04617146523049879, "di": 56.01606692760257, "dj": 47.42353526335583, "dk": 7.95478389608488, "vw_i": 1.4283284846586293, "vw_j": -4.556659001520107, "kt": 5.068949080389445, "train_sc_a": [9.348824465099634], "train_sc_v": [4.412882490126986], "val_sc_a": 0, "val_sc_v": 0, "total_sc_a": 0, "total_sc_v": 0}