{"c1": 0.020072058704558846, "c2": 0.10876008270112247, "ch1": -0.49174090013891436, "ch2": 0.05723821288777799, "di": 20.239848185429015, "dj": 20.47496679357402, "dk": 3.5305285915021813, "vw_i": -2.953908124774, "vw_j": -1.094965510874132, "kt": 3.3756661205014553, "train_sc_a": [5.192940661118643], "train_sc_v": [3.709440598724197], "val_sc_a": 0, "val_sc_v": 0, "total_sc_a": 0, "total_sc_v": 0}