{"c1": 0.018517227830374103, "c2": 0.12972923393530186, "ch1": -0.5607426466178588, "ch2": 0.05514628591293821, "di": 47.88918953863678, "dj": 49.79544285882536, "dk": 14.191662447579127, "vw_i": -0.5591409619434095, "vw_j": -4.0314241333703125, "kt": 4.5716778803323805, "train_sc_a": [1.027525219866282], "train_sc_v": [0.4075798143351684], "val_sc_a": 0, "val_sc_v": 0, "total_sc_a": 0, "total_sc_v": 0}