{"c1": 0.020622064500217658, "c2": 0.11609400801442067, "ch1": -0.4894246306114226, "ch2": 0.061293483100934604, "di": 53.01502396003248, "dj": 55.797189122420455, "dk": 11.38377060155052, "vw_i": -0.017862751986629233, "vw_j": -5.006598325279312, "kt": 4.70507062475812, "train_sc_a": [1.1905521126106493], "train_sc_v": [0.3257795178877301], "val_sc_a": 0, "val_sc_v": 0, "total_sc_a": 0, "total_sc_v": 0}