{"c1": 0.020699712252175734, "c2": 0.1176036776718291, "ch1": -0.6979056544267864, "ch2": 0.04195700524681576, "di": 47.93264198450859, "dj": 49.27119190965532, "dk": 4.304831695344003, "vw_i": -0.19374263895335017, "vw_j": -2.8429119541580263, "kt": 6.7600210185597005, "train_sc_a": [2.4966387201210813], "train_sc_v": [1.2519923767719023], "val_sc_a": 0, "val_sc_v": 0, "total_sc_a": 0, "total_sc_v": 0}