{"c1": 0.019868212247759042, "c2": 0.12418977935971046, "ch1": -0.6348288522064496, "ch2": 0.04764880783156194, "di": 52.31716060527381, "dj": 55.0111565470079, "dk": 6.508170872273109, "vw_i": -1.0491218867031573, "vw_j": -5.394395430469954, "kt": 6.620694707315964, "train_sc_a": [0.7386703527489153], "train_sc_v": [0.27042689163752587], "val_sc_a": 0, "val_sc_v": 0, "total_sc_a": 0, "total_sc_v": 0}