{"c1": 0.020512001608013808, "c2": 0.11823568824518052, "ch1": -0.6595649315615214, "ch2": 0.04259138086345562, "di": 48.259638799531736, "dj": 51.77035574874812, "dk": 9.761963621341193, "vw_i": 4.72796095666, "vw_j": -4.908343913408411, "kt": 4.913004902807248, "train_sc_a": [1.0748086443683726], "train_sc_v": [0.9094907400837211], "val_sc_a": 0, "val_sc_v": 0, "total_sc_a": 0, "total_sc_v": 0}