{"c1": 0.019031875061898934, "c2": 0.10935221516964595, "ch1": 0.01724220349047806, "ch2": 0.09220721095309017, "di": 25.853007048399473, "dj": 2.1802648974414343, "dk": 11.445954012633694, "vw_i": 1.2479957994676143, "vw_j": 0.26935598597722343, "kt": 4.259966420948323, "train_sc_a": [1.108011277100178], "train_sc_v": [0.33066497737023554], "val_sc_a": 0, "val_sc_v": 0, "total_sc_a": 0, "total_sc_v": 0}