{"c1": 0.02064278511180636, "c2": 0.11818985385112596, "ch1": -0.6700486969063923, "ch2": 0.04451069920204726, "di": 52.08309059302631, "dj": 50.334761263875606, "dk": 4.841128396303907, "vw_i": -1.479384050333675, "vw_j": -4.843952024573878, "kt": 6.660418757985753, "train_sc_a": [3.0606644072449503], "train_sc_v": [2.2788202865481972], "val_sc_a": 0, "val_sc_v": 0, "total_sc_a": 0, "total_sc_v": 0}