{"c1": 0.01803038876667571, "c2": 0.11410907593253941, "ch1": -0.020756427864955608, "ch2": 0.0903140007945119, "di": 6.618543843986714, "dj": 2.702172099183668, "dk": 4.171551199450726, "vw_i": -1.5628419978445844, "vw_j": -0.8521826299793717, "kt": 4.671558970882956, "train_sc_a": [0.5663603501992989], "train_sc_v": [0.11390447489738781], "val_sc_a": 0, "val_sc_v": 0, "total_sc_a": 0, "total_sc_v": 0}