{"c1": 0.01828741331201348, "c2": 0.11845605332902245, "ch1": -0.12419358741635002, "ch2": 0.082187650894505, "di": 16.613825684399703, "dj": 12.065794557970378, "dk": 16.856296956649157, "vw_i": 3.6636547345132464, "vw_j": 2.538599919467241, "kt": 4.5359792080488734, "train_sc_a": [0.5981334921400117], "train_sc_v": [0.4384959758210946], "val_sc_a": 0, "val_sc_v": 0, "total_sc_a": 0, "total_sc_v": 0}