{"c1": 0.01856591729514023, "c2": 0.10946930526150267, "ch1": -0.016962861269842117, "ch2": 0.09105164414405159, "di": 6.583786939745304, "dj": 3.2493945808237936, "dk": 1.7949007040555343, "vw_i": -2.0553642493597173, "vw_j": -0.8422084189949715, "kt": 4.882708659948892, "train_sc_a": [0.9795036766422597], "train_sc_v": [0.16755829267568056], "val_sc_a": 0, "val_sc_v": 0, "total_sc_a": 0, "total_sc_v": 0}