{"c1": 0.019369699807715024, "c2": 0.11454876479054948, "ch1": -0.5945739764456328, "ch2": 0.05126240121510767, "di": 25.61161234389051, "dj": 0.0, "dk": 8.427407900609138, "vw_i": -4.36009196193918, "vw_j": -1.789780712765846, "kt": 3.215058114146257, "train_sc_a": [NaN], "train_sc_v": [NaN], "val_sc_a": 0, "val_sc_v": 0, "total_sc_a": 0, "total_sc_v": 0}