{"c1": 0.019061670766971957, "c2": 0.1240248496480147, "ch1": -0.3290420311573478, "ch2": 0.07117342467927065, "di": 47.45046024485436, "dj": 45.59278205373976, "dk": 21.129586722493446, "vw_i": 1.835337986040987, "vw_j": -2.1365574305564534, "kt": 4.514921585171155, "train_sc_a": [1.5300873730946085], "train_sc_v": [2.600397598118566], "val_sc_a": 0, "val_sc_v": 0, "total_sc_a": 0, "total_sc_v": 0}