{"c1": 0.020886641325988636, "c2": 0.12004585491739794, "ch1": -0.7462535214432476, "ch2": 0.041969972305332975, "di": 50.014895124092995, "dj": 43.378540812144685, "dk": 13.54152047929516, "vw_i": -0.906938402387598, "vw_j": -0.9637621741387292, "kt": 7.131448613976632, "train_sc_a": [7.29003300020776], "train_sc_v": [6.349770666827599], "val_sc_a": 0, "val_sc_v": 0, "total_sc_a": 0, "total_sc_v": 0}