{"c1": 0.02021036796371088, "c2": 0.11864038723373338, "ch1": -0.544283262113914, "ch2": 0.05661387014544806, "di": 51.759332102709266, "dj": 49.468650550623785, "dk": 0.0, "vw_i": 2.1394460330908633, "vw_j": -4.88704257778628, "kt": 4.283502443575784, "train_sc_a": [2.47626320092188], "train_sc_v": [1.215378768786924], "val_sc_a": 0, "val_sc_v": 0, "total_sc_a": 0, "total_sc_v": 0}