{"c1": 0.01952635732834533, "c2": 0.12307404419554283, "ch1": -0.5125616683438338, "ch2": 0.05954227084110082, "di": 51.970321630163404, "dj": 54.535209884225935, "dk": 6.9340632151827535, "vw_i": 0.3852535279620857, "vw_j": -4.291212557954215, "kt": 4.384944198666762, "train_sc_a": [0.8349457841623737], "train_sc_v": [0.5268924963376183], "val_sc_a": 0, "val_sc_v": 0, "total_sc_a": 0, "total_sc_v": 0}