{"c1": 0.02057655678949442, "c2": 0.11749942705637953, "ch1": -0.6250127906514032, "ch2": 0.05064219398065234, "di": 46.52789630607096, "dj": 46.74302098165168, "dk": 5.272179140499369, "vw_i": -3.160666026678377, "vw_j": -5.5226141112450655, "kt": 5.084456745076368, "train_sc_a": [1.6502328061552516], "train_sc_v": [0.6016857707738555], "val_sc_a": 0, "val_sc_v": 0, "total_sc_a": 0, "total_sc_v": 0}