{"c1": 0.0204731992146399, "c2": 0.11565459363782522, "ch1": -0.5902203262101101, "ch2": 0.052887984204204076, "di": 46.831951777348316, "dj": 47.212902685426236, "dk": 9.611640032434925, "vw_i": -2.5956257353167773, "vw_j": -4.288868369120554, "kt": 4.2769728790030905, "train_sc_a": [0.8781641662518814], "train_sc_v": [0.3106106097831709], "val_sc_a": 0, "val_sc_v": 0, "total_sc_a": 0, "total_sc_v": 0}