{"c1": 0.02016199041815963, "c2": 0.10846386078437727, "ch1": 0.0203600256421554, "ch2": 0.0932214824003693, "di": 21.792817136600924, "dj": 18.287458038180954, "dk": 22.230999506180858, "vw_i": 3.9825090775476797, "vw_j": 2.9041602889216285, "kt": 2.9706421118076016, "train_sc_a": [1.3333389336564936], "train_sc_v": [0.9263531121058606], "val_sc_a": 0, "val_sc_v": 0, "total_sc_a": 0, "total_sc_v": 0}