{"c1": 0.020642779561199167, "c2": 0.11818989915759504, "ch1": -0.6700445530813317, "ch2": 0.04451103615728879, "di": 52.08360003395136, "dj": 50.33478046463426, "dk": 4.841165070746188, "vw_i": -1.4792752868719594, "vw_j": -4.844075273819381, "kt": 6.660417774452567, "train_sc_a": [3.0604364208070405], "train_sc_v": [2.2785818045424517], "val_sc_a": 0, "val_sc_v": 0, "total_sc_a": 0, "total_sc_v": 0}