{"c1": 0.020706011212573303, "c2": 0.11682526477655762, "ch1": -0.7973480184787433, "ch2": 0.029530336377034002, "di": 46.31089483707317, "dj": 37.22676846420844, "dk": 9.769735730937185, "vw_i": 7.87973272763212, "vw_j": 0.1299681526637464, "kt": 4.899573826745893, "train_sc_a": [11.261520069151679], "train_sc_v": [11.165522856321141], "val_sc_a": 0, "val_sc_v": 0, "total_sc_a": 0, "total_sc_v": 0}