{"c1": 0.02086954181818982, "c2": 0.12018747910186885, "ch1": -0.6899475682188093, "ch2": 0.046416273051770145, "di": 51.321276619171186, "dj": 48.81584471783953, "dk": 13.679132631635497, "vw_i": -1.1854862486601077, "vw_j": -3.6069586075298115, "kt": 7.1519782785285, "train_sc_a": [4.299996298489467], "train_sc_v": [2.777681834254718], "val_sc_a": 0, "val_sc_v": 0, "total_sc_a": 0, "total_sc_v": 0}