{"c1": 0.019363556781534917, "c2": 0.10382773058262469, "ch1": -0.001331757529529803, "ch2": 0.09200200311682458, "di": 6.751758129888638, "dj": 3.406346237504464, "dk": 2.9112174502091386, "vw_i": -1.851524747924066, "vw_j": -1.0603614078876644, "kt": 4.848396863521998, "train_sc_a": [0.5835770981501011], "train_sc_v": [0.6707746607806776], "val_sc_a": 0, "val_sc_v": 0, "total_sc_a": 0, "total_sc_v": 0}