{"c1": 0.020314929371443746, "c2": 0.11747938735991972, "ch1": -0.539541420662714, "ch2": 0.05724728544944212, "di": 49.43942645955915, "dj": 49.75117915476911, "dk": 10.202705102715637, "vw_i": -0.5068238671128277, "vw_j": -4.429053890643902, "kt": 4.068691509318995, "train_sc_a": [1.0865455395528743], "train_sc_v": [0.24401030506363253], "val_sc_a": 0, "val_sc_v": 0, "total_sc_a": 0, "total_sc_v": 0}