{"c1": 0.018738607991049736, "c2": 0.11099512259571893, "ch1": 0.0010333688513505575, "ch2": 0.09099715276129947, "di": 26.784535262363395, "dj": 0.7545836673940771, "dk": 13.705682250082187, "vw_i": -0.8671322377745049, "vw_j": -0.056008443629906805, "kt": 4.200030610207056, "train_sc_a": [0.6339914787815202], "train_sc_v": [0.15201187716690606], "val_sc_a": 0, "val_sc_v": 0, "total_sc_a": 0, "total_sc_v": 0}