{"c1": 0.02062206470009238, "c2": 0.11609400646167951, "ch1": -0.4894246247929319, "ch2": 0.061293483579480175, "di": 53.01502329461878, "dj": 55.79718990733926, "dk": 11.383770403529732, "vw_i": -0.017863443286734684, "vw_j": -5.006598295903581, "kt": 4.705070649445302, "train_sc_a": [1.190551979784252], "train_sc_v": [0.3257795515518217], "val_sc_a": 0, "val_sc_v": 0, "total_sc_a": 0, "total_sc_v": 0}