{"c1": 0.019554510355372614, "c2": 0.11690335228654952, "ch1": -0.33734909692917087, "ch2": 0.06923646862274534, "di": 42.363048396197314, "dj": 47.1795096397787, "dk": 13.21410048369913, "vw_i": 0.021367975973297648, "vw_j": -3.0280902859783105, "kt": 4.871733338074968, "train_sc_a": [0.8859693121162817], "train_sc_v": [0.5366435900830082], "val_sc_a": 0, "val_sc_v": 0, "total_sc_a": 0, "total_sc_v": 0}