{"c1": 0.01863044756260859, "c2": 0.11275151413218867, "ch1": -0.011403117492589553, "ch2": 0.09035426755361592, "di": 22.309262114885716, "dj": 5.253913757658229, "dk": 8.006258148590616, "vw_i": -1.35868678794203, "vw_j": -0.7523111981316946, "kt": 3.4543185422025107, "train_sc_a": [0.9286245025376582], "train_sc_v": [0.7881410783838682], "val_sc_a": 0, "val_sc_v": 0, "total_sc_a": 0, "total_sc_v": 0}