{"c1": 0.018347137702535963, "c2": 0.12702261113753882, "ch1": -0.27083390613302816, "ch2": 0.07445997444162827, "di": 46.09618259618038, "dj": 52.223223687964726, "dk": 15.686645459615256, "vw_i": 0.7034283538482755, "vw_j": -4.437665380575136, "kt": 4.7808811964760745, "train_sc_a": [6.353490743608565], "train_sc_v": [4.0458051093526315], "val_sc_a": 0, "val_sc_v": 0, "total_sc_a": 0, "total_sc_v": 0}