{"c1": 0.019204010801646704, "c2": 0.11507663461996001, "ch1": -0.30113690478827443, "ch2": 0.07197212699773821, "di": 23.706433668216906, "dj": 21.733924517396165, "dk": 0.34338844287847065, "vw_i": -7.150686944764011, "vw_j": -2.5618066506086095, "kt": 3.8087069027610014, "train_sc_a": [1.5689681393986463], "train_sc_v": [1.3111668703189312], "val_sc_a": 0, "val_sc_v": 0, "total_sc_a": 0, "total_sc_v": 0}