{"c1": 0.020724390494283176, "c2": 0.11799922098801495, "ch1": -0.793160622596659, "ch2": 0.035277501575450614, "di": 47.79209684699297, "dj": 40.538625983915324, "dk": 7.696321338926236, "vw_i": 3.113720935912891, "vw_j": 2.0071618854354756, "kt": 7.1374635190017255, "train_sc_a": [8.364235973210988], "train_sc_v": [7.992977052742052], "val_sc_a": 0, "val_sc_v": 0, "total_sc_a": 0, "total_sc_v": 0}