{"c1": 0.019486171044824824, "c2": 0.1223615631120581, "ch1": -0.4306745653244522, "ch2": 0.06345375077251417, "di": 63.233418692333245, "dj": 49.39170262119131, "dk": 13.347893077256575, "vw_i": 5.258573681356973, "vw_j": -8.57962346097969, "kt": 4.511987573148259, "train_sc_a": [11.150983890573851], "train_sc_v": [6.499461646563586], "val_sc_a": 0, "val_sc_v": 0, "total_sc_a": 0, "total_sc_v": 0}