{"c1": 0.019522085705123975, "c2": 0.12599545359896344, "ch1": -0.6670844173809197, "ch2": 0.04282166360373036, "di": 51.135555091974936, "dj": 48.6803989751326, "dk": 9.582176315592521, "vw_i": 1.7322175227415657, "vw_j": -4.9193912133321245, "kt": 5.664710373702313, "train_sc_a": [1.8281326895272398], "train_sc_v": [0.8648092519167327], "val_sc_a": 0, "val_sc_v": 0, "total_sc_a": 0, "total_sc_v": 0}