{"c1": 0.020030145234840573, "c2": 0.11955274006678554, "ch1": -0.5399023645881217, "ch2": 0.05688556837288182, "di": 51.45167593047104, "dj": 48.60675743130828, "dk": 11.969833362617594, "vw_i": -0.4801276499687962, "vw_j": -4.6703659918100815, "kt": 4.172482623899009, "train_sc_a": [1.8783359331228628], "train_sc_v": [1.5971515064744244], "val_sc_a": 0, "val_sc_v": 0, "total_sc_a": 0, "total_sc_v": 0}