{"c1": 0.019991181915975723, "c2": 0.10275340482356315, "ch1": -0.05878612268623598, "ch2": 0.08643557490996893, "di": 22.501975534352272, "dj": 0.0, "dk": 8.563729018049498, "vw_i": -3.313718298094183, "vw_j": 0.7955554100019406, "kt": 3.7751036933237594, "train_sc_a": [8.406826135638303], "train_sc_v": [6.8237709764466965], "val_sc_a": 0, "val_sc_v": 0, "total_sc_a": 0, "total_sc_v": 0}