{"c1": 0.02067424895615556, "c2": 0.11629279693898278, "ch1": -0.6125528125068236, "ch2": 0.0492395976551479, "di": 54.580536613773646, "dj": 53.542957521514076, "dk": 2.4938785567360267, "vw_i": 1.2887674112759813, "vw_j": -4.866982956408952, "kt": 4.738799414110635, "train_sc_a": [1.0448387079704393], "train_sc_v": [0.6916677448572415], "val_sc_a": 0, "val_sc_v": 0, "total_sc_a": 0, "total_sc_v": 0}