{"c1": 0.018635236856345296, "c2": 0.12917540304699476, "ch1": -0.5218894963835323, "ch2": 0.0579110331361528, "di": 52.989404588234976, "dj": 49.02740102960381, "dk": 8.249056720514991, "vw_i": -2.2482823250939763, "vw_j": -6.283669980522557, "kt": 4.152106167209895, "train_sc_a": [1.6634026153684818], "train_sc_v": [0.472925996979434], "val_sc_a": 0, "val_sc_v": 0, "total_sc_a": 0, "total_sc_v": 0}