{"c1": 0.020077424275237576, "c2": 0.11640835821528495, "ch1": -0.34709630580496836, "ch2": 0.06986538013626369, "di": 44.661118846747556, "dj": 50.41680953669481, "dk": 19.329289643045673, "vw_i": 6.094946540054018, "vw_j": -0.9688389715589427, "kt": 4.1208143446411665, "train_sc_a": [2.605754913416119], "train_sc_v": [1.2713033607470352], "val_sc_a": 0, "val_sc_v": 0, "total_sc_a": 0, "total_sc_v": 0}