{"c1": 0.0201752227149247, "c2": 0.11949231023812397, "ch1": -0.609040241384467, "ch2": 0.05234645252570034, "di": 47.48963391080695, "dj": 48.82111389474646, "dk": 11.211175087264316, "vw_i": -2.361508717391626, "vw_j": -1.83344865000727, "kt": 4.700783829079093, "train_sc_a": [3.9020273188837917], "train_sc_v": [3.52993681055914], "val_sc_a": 0, "val_sc_v": 0, "total_sc_a": 0, "total_sc_v": 0}