{"c1": 0.02089934940691277, "c2": 0.11444540259418622, "ch1": -0.6445681415144872, "ch2": 0.04657453534796764, "di": 57.46918225428932, "dj": 45.87628877677011, "dk": 1.3202071735503293, "vw_i": 1.526454148327379, "vw_j": -4.414019659554609, "kt": 4.738222577302649, "train_sc_a": [3.8292217909671473], "train_sc_v": [3.459826325724344], "val_sc_a": 0, "val_sc_v": 0, "total_sc_a": 0, "total_sc_v": 0}