{"c1": 0.01970981562104672, "c2": 0.1252602708452046, "ch1": -0.6347747004298794, "ch2": 0.04583251480885742, "di": 53.52725404798772, "dj": 49.868314084368265, "dk": 8.227070949004716, "vw_i": 1.5773013009123635, "vw_j": -4.8792814857155005, "kt": 4.954577740365817, "train_sc_a": [0.5656270251817845], "train_sc_v": [0.3722417296267469], "val_sc_a": 0, "val_sc_v": 0, "total_sc_a": 0, "total_sc_v": 0}