{"c1": 0.01861965422303538, "c2": 0.1128265041755824, "ch1": -0.02584305715951136, "ch2": 0.08931507336138503, "di": 22.272916381818327, "dj": 4.113330282866461, "dk": 7.983685278845765, "vw_i": -1.2782048712202134, "vw_j": -0.7371725651801436, "kt": 3.4521632734639076, "train_sc_a": [0.7385101516751553], "train_sc_v": [0.2683345285182506], "val_sc_a": 0, "val_sc_v": 0, "total_sc_a": 0, "total_sc_v": 0}