{"c1": 0.01826776222499168, "c2": 0.11568259930680314, "ch1": 0.027144645361110765, "ch2": 0.09302866902864626, "di": 24.373022920964438, "dj": 3.4708960237824993, "dk": 12.998792753102647, "vw_i": -0.2915853498655506, "vw_j": -0.007847493383003576, "kt": 4.346963821561569, "train_sc_a": [0.3323220287237903], "train_sc_v": [0.09431382934431456], "val_sc_a": 0, "val_sc_v": 0, "total_sc_a": 0, "total_sc_v": 0}