{"c1": 0.018906760108215816, "c2": 0.11814090109111737, "ch1": -0.15546958678582748, "ch2": 0.08634967533464445, "di": 38.341245715735425, "dj": 63.06422354722028, "dk": 5.325003005473074, "vw_i": -0.6595433665993066, "vw_j": 1.6792513271458893, "kt": 2.9819357743111534, "train_sc_a": [0.4440665383712166], "train_sc_v": [0.0891688766209868], "val_sc_a": 0, "val_sc_v": 0, "total_sc_a": 0, "total_sc_v": 0}