{"c1": 0.020398753050372195, "c2": 0.11683191301918766, "ch1": -0.535352582179301, "ch2": 0.057654428355492934, "di": 49.87613765079063, "dj": 49.77266448526841, "dk": 10.067743160561124, "vw_i": -0.26603268690241405, "vw_j": -4.5196513254013775, "kt": 4.205923279459076, "train_sc_a": [0.7324122371303825], "train_sc_v": [0.5550709269777426], "val_sc_a": 0, "val_sc_v": 0, "total_sc_a": 0, "total_sc_v": 0}