{"c1": 0.02091351774399378, "c2": 0.1163838252050796, "ch1": -0.6209329450449579, "ch2": 0.04926052313997551, "di": 48.81879104449412, "dj": 54.19310557213882, "dk": 9.203030286550558, "vw_i": 5.142118820522665, "vw_j": -1.8181385405618133, "kt": 7.242399602264621, "train_sc_a": [5.414122993069085], "train_sc_v": [1.960092064878594], "val_sc_a": 0, "val_sc_v": 0, "total_sc_a": 0, "total_sc_v": 0}