{"c1": 0.018714147874839368, "c2": 0.11206923532801623, "ch1": -0.01840814152092108, "ch2": 0.09000434743711658, "di": 20.008840797544813, "dj": 6.1763227190867465, "dk": 7.775606015365318, "vw_i": -0.849783492375903, "vw_j": -0.40027618122490904, "kt": 3.125725578909085, "train_sc_a": [1.0558407415648812], "train_sc_v": [0.12553377327575507], "val_sc_a": 0, "val_sc_v": 0, "total_sc_a": 0, "total_sc_v": 0}