{"c1": 0.018354534425596057, "c2": 0.11506312858738338, "ch1": 0.02239508022208515, "ch2": 0.09268638570337383, "di": 24.278003710742375, "dj": 3.5101161145387048, "dk": 13.010824599733755, "vw_i": -0.12107684458481344, "vw_j": -0.45177437145450183, "kt": 4.337701843009278, "train_sc_a": [0.33569148448691], "train_sc_v": [0.08907306458044545], "val_sc_a": 0, "val_sc_v": 0, "total_sc_a": 0, "total_sc_v": 0}