{"c1": 0.018765186562765285, "c2": 0.11178327806154834, "ch1": -0.004160792315519849, "ch2": 0.0906484024427255, "di": 26.315583730529763, "dj": 2.467506204874044, "dk": 14.861338420732336, "vw_i": -0.25354007806298423, "vw_j": 0.16287913915684177, "kt": 4.293422451753686, "train_sc_a": [0.7001648554963174], "train_sc_v": [0.5464105125487598], "val_sc_a": 0, "val_sc_v": 0, "total_sc_a": 0, "total_sc_v": 0}