{"c1": 0.01920035096591058, "c2": 0.1269626180906781, "ch1": -0.5140219066198977, "ch2": 0.05919656636409647, "di": 54.21984782993084, "dj": 50.68713900797531, "dk": 5.398030924642739, "vw_i": 3.5984333179230257, "vw_j": -5.5912669133861925, "kt": 4.975816962227956, "train_sc_a": [2.432352865496592], "train_sc_v": [0.8097383798687291], "val_sc_a": 0, "val_sc_v": 0, "total_sc_a": 0, "total_sc_v": 0}