{"c1": 0.020702047309559372, "c2": 0.10403526503009267, "ch1": 0.029606767174704108, "ch2": 0.09388559734588488, "di": 21.55714347365073, "dj": 19.024578476849097, "dk": 21.529354030614524, "vw_i": 4.116248872579211, "vw_j": 1.891778535669798, "kt": 2.9257424983753184, "train_sc_a": [1.1674937548391267], "train_sc_v": [0.43367681430366484], "val_sc_a": 0, "val_sc_v": 0, "total_sc_a": 0, "total_sc_v": 0}