{"c1": 0.019103638310324328, "c2": 0.106604017290952, "ch1": -0.07949197123419148, "ch2": 0.08607570754684359, "di": 6.493800235025285, "dj": 3.552450803103123, "dk": 4.952312873685033, "vw_i": -0.672639781956975, "vw_j": -0.3748318762739414, "kt": 3.8267723941305154, "train_sc_a": [2.2991386728400243], "train_sc_v": [1.0382224208995048], "val_sc_a": 0, "val_sc_v": 0, "total_sc_a": 0, "total_sc_v": 0}