{"c1": 0.019061673068702708, "c2": 0.12402483288296998, "ch1": -0.3290420485134574, "ch2": 0.07117342324719199, "di": 47.4504673299977, "dj": 45.59277217709721, "dk": 21.129584223836105, "vw_i": 1.8353341123649987, "vw_j": -2.136559151752842, "kt": 4.514921600299348, "train_sc_a": [1.530085936307536], "train_sc_v": [2.600398170957171], "val_sc_a": 0, "val_sc_v": 0, "total_sc_a": 0, "total_sc_v": 0}