{"c1": 0.018980893661474162, "c2": 0.1298668156160999, "ch1": -0.6684409405245916, "ch2": 0.042699403743490995, "di": 52.71524806824335, "dj": 46.71246757045877, "dk": 10.044267301032193, "vw_i": 1.8223920319984053, "vw_j": -5.370803115431714, "kt": 5.452852354157818, "train_sc_a": [3.7095511504142498], "train_sc_v": [2.680408427253139], "val_sc_a": 0, "val_sc_v": 0, "total_sc_a": 0, "total_sc_v": 0}