{"c1": 0.019132730744445256, "c2": 0.12882732585452752, "ch1": -0.7155132824748736, "ch2": 0.03937255394340017, "di": 46.22008170269158, "dj": 45.96696711617443, "dk": 10.62539629338087, "vw_i": 1.445118031695839, "vw_j": -3.592438928443815, "kt": 5.31092381510347, "train_sc_a": [2.2944854372692634], "train_sc_v": [0.9447649576493192], "val_sc_a": 0, "val_sc_v": 0, "total_sc_a": 0, "total_sc_v": 0}