{"c1": 0.02071307190444808, "c2": 0.11785929452425835, "ch1": -0.6381140652976427, "ch2": 0.04738740428941835, "di": 48.31406894684341, "dj": 52.9628979188738, "dk": 8.764685790850102, "vw_i": 4.3242988351751555, "vw_j": -1.620352033738072, "kt": 6.870237442951985, "train_sc_a": [5.757323467439249], "train_sc_v": [1.9969999233108071], "val_sc_a": 0, "val_sc_v": 0, "total_sc_a": 0, "total_sc_v": 0}