{"c1": 0.018931602406937264, "c2": 0.10998784778728986, "ch1": 0.023534705067360107, "ch2": 0.09272758482700914, "di": 25.792370519478315, "dj": 2.5304327954207757, "dk": 10.397543694182549, "vw_i": 1.2362127686380748, "vw_j": 0.2583863837691719, "kt": 4.220614421065225, "train_sc_a": [1.1214314177410525], "train_sc_v": [0.33225374868987306], "val_sc_a": 0, "val_sc_v": 0, "total_sc_a": 0, "total_sc_v": 0}