{"c1": 0.019734773666706708, "c2": 0.12556758903096665, "ch1": -0.6304252077288688, "ch2": 0.04752228821912955, "di": 51.78788496201642, "dj": 55.21970470696661, "dk": 7.938862025137654, "vw_i": 2.1946774841883534, "vw_j": -4.94936515283152, "kt": 7.001963473976492, "train_sc_a": [2.36305983159604], "train_sc_v": [0.901626472686956], "val_sc_a": 0, "val_sc_v": 0, "total_sc_a": 0, "total_sc_v": 0}