{"c1": 0.021785357841084853, "c2": 0.1114950065223973, "ch1": -0.6879758385947703, "ch2": 0.04572110464167846, "di": 49.97566395362442, "dj": 49.844935634245054, "dk": 2.907745896582456, "vw_i": 2.618246038936121, "vw_j": -4.331980472822536, "kt": 6.578060864324459, "train_sc_a": [1.9833830730188289], "train_sc_v": [1.7254749874504645], "val_sc_a": 0, "val_sc_v": 0, "total_sc_a": 0, "total_sc_v": 0}