{"c1": 0.019426618477716567, "c2": 0.12510174620960654, "ch1": -0.5193527185690967, "ch2": 0.05910149552910361, "di": 50.41376274978829, "dj": 53.7065741631805, "dk": 5.998622456187489, "vw_i": 0.8844257135895484, "vw_j": -5.234008685867812, "kt": 4.513353892341785, "train_sc_a": [1.6644427807665207], "train_sc_v": [0.7304706639797911], "val_sc_a": 0, "val_sc_v": 0, "total_sc_a": 0, "total_sc_v": 0}