{"c1": 0.02081645875768358, "c2": 0.11301709171258385, "ch1": -0.5364086227067999, "ch2": 0.05744353381697781, "di": 48.982445384812415, "dj": 51.711845331784204, "dk": 9.848941532568984, "vw_i": -2.8761778738883796, "vw_j": -6.4424625522409436, "kt": 4.23122276258958, "train_sc_a": [1.9552101913591122], "train_sc_v": [0.7791495027634819], "val_sc_a": 0, "val_sc_v": 0, "total_sc_a": 0, "total_sc_v": 0}