{"c1": 0.01941738036864296, "c2": 0.12730762708725865, "ch1": -0.6298203304964638, "ch2": 0.04600425138798412, "di": 50.81675332814653, "dj": 53.532654837173155, "dk": 7.582122328558692, "vw_i": 1.6025144049435993, "vw_j": -5.780366771728321, "kt": 4.87164096652768, "train_sc_a": [1.2588678203257146], "train_sc_v": [0.28314168786749866], "val_sc_a": 0, "val_sc_v": 0, "total_sc_a": 0, "total_sc_v": 0}