{"c1": 0.020244760467319347, "c2": 0.10724772118666426, "ch1": -0.5132620632244063, "ch2": 0.05600504540906654, "di": 20.35423039047633, "dj": 21.20589362136122, "dk": 1.000354680776026, "vw_i": -2.283342987580827, "vw_j": -0.8330405035589925, "kt": 3.0962188826001875, "train_sc_a": [5.038621848684481], "train_sc_v": [2.3594388201784655], "val_sc_a": 0, "val_sc_v": 0, "total_sc_a": 0, "total_sc_v": 0}