{"c1": 0.0207377095331994, "c2": 0.11789572422839972, "ch1": -0.6691528174065272, "ch2": 0.04495088887188296, "di": 50.38181919270623, "dj": 52.6877936253649, "dk": 7.678662377047207, "vw_i": 0.20012524847510899, "vw_j": -3.4670743339295056, "kt": 7.0999845296704125, "train_sc_a": [1.3977211663746443], "train_sc_v": [0.5332834513989781], "val_sc_a": 0, "val_sc_v": 0, "total_sc_a": 0, "total_sc_v": 0}