{"c1": 0.01906156812816199, "c2": 0.12792770235357792, "ch1": -0.5860764691738133, "ch2": 0.054371514523905685, "di": 48.27782162785665, "dj": 49.504080430746164, "dk": 5.1838574863892495, "vw_i": 0.5653692594542167, "vw_j": -3.6416522867483185, "kt": 5.3586880347509265, "train_sc_a": [1.0479587349108157], "train_sc_v": [0.20043606280216122], "val_sc_a": 0, "val_sc_v": 0, "total_sc_a": 0, "total_sc_v": 0}