{"c1": 0.020684098171701578, "c2": 0.10427543794563042, "ch1": -0.15438350623296404, "ch2": 0.07996016123252304, "di": 18.34667871666308, "dj": 9.577688053196638, "dk": 22.400338075371007, "vw_i": 3.3752151530001484, "vw_j": 2.9361643946808957, "kt": 3.0816012740204615, "train_sc_a": [1.2740874836412714], "train_sc_v": [1.3374833142700402], "val_sc_a": 0, "val_sc_v": 0, "total_sc_a": 0, "total_sc_v": 0}