{"c1": 0.02081573421750777, "c2": 0.11514280727679733, "ch1": -0.5908827484030346, "ch2": 0.05100398473316915, "di": 58.018487408948005, "dj": 52.453562713828504, "dk": 1.9050301580519462, "vw_i": 1.0756655805769708, "vw_j": -5.9230738583434395, "kt": 4.742188468554143, "train_sc_a": [2.560160102854108], "train_sc_v": [2.3352943938903086], "val_sc_a": 0, "val_sc_v": 0, "total_sc_a": 0, "total_sc_v": 0}