{"c1": 0.019208336863287174, "c2": 0.12680885948655196, "ch1": -0.733707146849179, "ch2": 0.04423931900081082, "di": 46.60869176731204, "dj": 36.207035177664, "dk": 8.306838068814876, "vw_i": 3.359509400792684, "vw_j": 1.3744895152820469, "kt": 4.240636536363625, "train_sc_a": [8.462473337992968], "train_sc_v": [7.654775034814906], "val_sc_a": 0, "val_sc_v": 0, "total_sc_a": 0, "total_sc_v": 0}