{"c1": 0.021241136566803168, "c2": 0.11397373044439447, "ch1": -0.5914106199513579, "ch2": 0.05245005328077323, "di": 48.88275661107535, "dj": 57.070601779482836, "dk": 9.915306671957337, "vw_i": 6.42107588716633, "vw_j": -2.241006155206576, "kt": 7.854270556752558, "train_sc_a": [5.348858327953522], "train_sc_v": [2.1574233004126], "val_sc_a": 0, "val_sc_v": 0, "total_sc_a": 0, "total_sc_v": 0}