{"c1": 0.02039877774651048, "c2": 0.11683172561950568, "ch1": -0.5354660278758641, "ch2": 0.05764583926991936, "di": 49.86687006334486, "dj": 49.76992226294762, "dk": 10.06774554228186, "vw_i": -0.2667399385773632, "vw_j": -4.514803367414222, "kt": 4.2059101430019625, "train_sc_a": [1.0159641218561948], "train_sc_v": [0.19232453911402891], "val_sc_a": 0, "val_sc_v": 0, "total_sc_a": 0, "total_sc_v": 0}