{"c1": 0.019876191366642215, "c2": 0.10094642311351919, "ch1": 0.005318868637947888, "ch2": 0.09183037206095505, "di": 6.925810083498117, "dj": 3.9434571962240437, "dk": 5.237936848238041, "vw_i": -1.5460196746085137, "vw_j": -0.5392952663255342, "kt": 4.263285952272082, "train_sc_a": [0.6959977060371959], "train_sc_v": [0.369364901832207], "val_sc_a": 0, "val_sc_v": 0, "total_sc_a": 0, "total_sc_v": 0}