{"c1": 0.020594308692394564, "c2": 0.11630680798745058, "ch1": -0.5388192258318937, "ch2": 0.05747929585145432, "di": 50.97652139364287, "dj": 52.92662546207124, "dk": 11.383546118989846, "vw_i": 1.0975680269512489, "vw_j": -2.929263126300569, "kt": 4.705408399219708, "train_sc_a": [1.558025883778461], "train_sc_v": [0.6144410565548084], "val_sc_a": 0, "val_sc_v": 0, "total_sc_a": 0, "total_sc_v": 0}