{"c1": 0.019347660222400243, "c2": 0.12435362026886887, "ch1": -0.504474781196602, "ch2": 0.06003843022422326, "di": 51.91772446195269, "dj": 53.30202369628937, "dk": 6.864704785777506, "vw_i": 3.0255364465930716, "vw_j": -4.050301826805517, "kt": 4.319898486856808, "train_sc_a": [0.8253330515630858], "train_sc_v": [0.2785128526096533], "val_sc_a": 0, "val_sc_v": 0, "total_sc_a": 0, "total_sc_v": 0}