{"c1": 0.019402086630566244, "c2": 0.12392067394779556, "ch1": -0.5262549894010233, "ch2": 0.058386904738964324, "di": 52.33865808015007, "dj": 50.735566294039344, "dk": 6.526387818474835, "vw_i": 1.91381000442182, "vw_j": -3.529756431215138, "kt": 4.310993571268739, "train_sc_a": [2.1482528186833987], "train_sc_v": [1.513639939330607], "val_sc_a": 0, "val_sc_v": 0, "total_sc_a": 0, "total_sc_v": 0}