{"c1": 0.0208848517319129, "c2": 0.11645242127898583, "ch1": -0.5976612918445144, "ch2": 0.05028313372740816, "di": 53.68200136783743, "dj": 53.06521695815886, "dk": 7.766967735873533, "vw_i": 5.1974080107551925, "vw_j": -2.8212048947853186, "kt": 6.659922452106011, "train_sc_a": [1.466773334209954], "train_sc_v": [1.2651901998050965], "val_sc_a": 0, "val_sc_v": 0, "total_sc_a": 0, "total_sc_v": 0}