{"c1": 0.019885362152946895, "c2": 0.10089204014641158, "ch1": 0.005648305975719953, "ch2": 0.09185744262236456, "di": 6.900449140222617, "dj": 3.980124491584991, "dk": 5.2887832524906875, "vw_i": -1.5454711527201992, "vw_j": -0.5689212950876665, "kt": 4.322397860859094, "train_sc_a": [0.7030638028269108], "train_sc_v": [0.3696193823375676], "val_sc_a": 0, "val_sc_v": 0, "total_sc_a": 0, "total_sc_v": 0}