{"c1": 0.020700888253869003, "c2": 0.11277308535764002, "ch1": -0.40312774707308857, "ch2": 0.06530181440721503, "di": 45.04044318218139, "dj": 46.073935635691804, "dk": 21.946998444212586, "vw_i": 5.232557318431285, "vw_j": -0.13298135053820292, "kt": 4.670024102847402, "train_sc_a": [0.9367077805880771], "train_sc_v": [0.791239866613583], "val_sc_a": 0, "val_sc_v": 0, "total_sc_a": 0, "total_sc_v": 0}