{"c1": 0.01927144649137535, "c2": 0.12413666735811807, "ch1": -0.5507877183429302, "ch2": 0.05548720781441921, "di": 47.82118511278316, "dj": 51.0363728571699, "dk": 13.516903706778644, "vw_i": 1.9839618114889082, "vw_j": -3.1673277393139756, "kt": 4.481160937840548, "train_sc_a": [3.0132959092229945], "train_sc_v": [2.049821112132318], "val_sc_a": 0, "val_sc_v": 0, "total_sc_a": 0, "total_sc_v": 0}