{"c1": 0.021103954663056396, "c2": 0.11543114937583224, "ch1": -0.6257237605925936, "ch2": 0.04840837098188956, "di": 53.874586747843814, "dj": 52.08197604698579, "dk": 4.010010634358649, "vw_i": 1.7014733011067174, "vw_j": -4.864543434644821, "kt": 6.4907712900564905, "train_sc_a": [1.9803314676458423], "train_sc_v": [1.0653853696817126], "val_sc_a": 0, "val_sc_v": 0, "total_sc_a": 0, "total_sc_v": 0}