{"c1": 0.019975814630694606, "c2": 0.1262030601718101, "ch1": -0.6701510226557689, "ch2": 0.047244895369818365, "di": 49.341805996415644, "dj": 53.013259965877424, "dk": 10.723105472521812, "vw_i": 2.683757019415718, "vw_j": -5.060087255351585, "kt": 6.625462707456369, "train_sc_a": [1.3890855128482194], "train_sc_v": [0.31741701221589286], "val_sc_a": 0, "val_sc_v": 0, "total_sc_a": 0, "total_sc_v": 0}