{"c1": 0.019901037004531136, "c2": 0.12140326075289512, "ch1": -0.4793114464257799, "ch2": 0.06262127179290236, "di": 54.10048363015956, "dj": 56.31378520387672, "dk": 2.5779703523859236, "vw_i": -1.3520988733696393, "vw_j": -6.887553170497933, "kt": 4.201297632980767, "train_sc_a": [4.608200192660641], "train_sc_v": [3.9431611164215687], "val_sc_a": 0, "val_sc_v": 0, "total_sc_a": 0, "total_sc_v": 0}