{"c1": 0.020542203631866953, "c2": 0.11911522125417724, "ch1": -0.6543454833328086, "ch2": 0.04564696311771316, "di": 48.82706420348017, "dj": 50.865645390425705, "dk": 8.396278237285989, "vw_i": 3.6924953518128985, "vw_j": -1.332777906613491, "kt": 6.548601706765328, "train_sc_a": [5.784307036324068], "train_sc_v": [1.7827372634171534], "val_sc_a": 0, "val_sc_v": 0, "total_sc_a": 0, "total_sc_v": 0}