{"c1": 0.021199231504072637, "c2": 0.10863420783050813, "ch1": -0.5511987849097195, "ch2": 0.05491793922201533, "di": 48.46394437782408, "dj": 50.010297888291156, "dk": 10.193507472980796, "vw_i": 1.1886748493515271, "vw_j": -4.315589972775298, "kt": 4.492967594667326, "train_sc_a": [1.498377003205963], "train_sc_v": [1.0034621932751906], "val_sc_a": 0, "val_sc_v": 0, "total_sc_a": 0, "total_sc_v": 0}