{"c1": 0.020158494581332374, "c2": 0.11736657383757416, "ch1": -0.5854265967245643, "ch2": 0.052116834683428453, "di": 46.62052982599715, "dj": 48.14477490518759, "dk": 15.090410141023746, "vw_i": 1.9645488842726067, "vw_j": -3.2944240032458016, "kt": 4.51470694178975, "train_sc_a": [2.0832895482947147], "train_sc_v": [0.8024184374940376], "val_sc_a": 0, "val_sc_v": 0, "total_sc_a": 0, "total_sc_v": 0}