{"c1": 0.019075646414487196, "c2": 0.11690480185329095, "ch1": -0.1604526360895699, "ch2": 0.0859642497482892, "di": 38.57634938632364, "dj": 62.56112508227374, "dk": 5.2382853177971676, "vw_i": 0.06305754519445247, "vw_j": 1.9430694049749269, "kt": 2.993694410596177, "train_sc_a": [1.3655995637207807], "train_sc_v": [0.51656848368269], "val_sc_a": 0, "val_sc_v": 0, "total_sc_a": 0, "total_sc_v": 0}