{"c1": 0.01861064884755395, "c2": 0.1091423388376658, "ch1": -0.020529923680132962, "ch2": 0.09078736400609723, "di": 6.37752371264171, "dj": 3.245893223299797, "dk": 1.7904005697929923, "vw_i": -2.075815172566385, "vw_j": -0.7879118733328065, "kt": 4.97247720679413, "train_sc_a": [0.3935529923439794], "train_sc_v": [0.14154089318262086], "val_sc_a": 0, "val_sc_v": 0, "total_sc_a": 0, "total_sc_v": 0}