{"c1": 0.020643086310390826, "c2": 0.11497945749584504, "ch1": -0.5794792535871655, "ch2": 0.0538751356948472, "di": 47.27039963047513, "dj": 47.198408160833125, "dk": 10.649533979929465, "vw_i": 0.4328538777886287, "vw_j": -3.014896681106668, "kt": 4.110138415375355, "train_sc_a": [2.9808150875274513], "train_sc_v": [1.0932308606693704], "val_sc_a": 0, "val_sc_v": 0, "total_sc_a": 0, "total_sc_v": 0}