{"c1": 0.020386435802123307, "c2": 0.12124266213596867, "ch1": -0.7462921869691901, "ch2": 0.03881260619773309, "di": 46.42924949817095, "dj": 46.572454288768284, "dk": 9.734025300409458, "vw_i": 2.532866516259713, "vw_j": 0.6149556041130327, "kt": 7.026415555282374, "train_sc_a": [7.052021759480371], "train_sc_v": [6.4005603853463064], "val_sc_a": 0, "val_sc_v": 0, "total_sc_a": 0, "total_sc_v": 0}