{"c1": 0.01951782842092614, "c2": 0.10633420727497092, "ch1": -0.013076430846750564, "ch2": 0.09000553955631532, "di": 26.206685610920694, "dj": 2.3462423531603136, "dk": 15.10817503052428, "vw_i": -0.2836115900098022, "vw_j": 0.5845249131994893, "kt": 4.3498597566375645, "train_sc_a": [0.6997069018319793], "train_sc_v": [0.28657634495674744], "val_sc_a": 0, "val_sc_v": 0, "total_sc_a": 0, "total_sc_v": 0}