{"c1": 0.01920543627302176, "c2": 0.10832315983997663, "ch1": -0.005380011492602429, "ch2": 0.09104947130050971, "di": 21.094156022820865, "dj": 5.577150641259076, "dk": 7.5153637575064725, "vw_i": -1.644002472817412, "vw_j": 0.4724036684158345, "kt": 3.2540345722257067, "train_sc_a": [0.43382397393197664], "train_sc_v": [0.14281212749851402], "val_sc_a": 0, "val_sc_v": 0, "total_sc_a": 0, "total_sc_v": 0}