{"c1": 0.020063925239143545, "c2": 0.12285921822771453, "ch1": -0.6173691677957089, "ch2": 0.048809916866257075, "di": 51.96111070301136, "dj": 57.35637284363643, "dk": 7.947712954763024, "vw_i": 0.08254950116071127, "vw_j": -5.707792989014146, "kt": 6.637164052788637, "train_sc_a": [2.4510347639879586], "train_sc_v": [1.3363411925863504], "val_sc_a": 0, "val_sc_v": 0, "total_sc_a": 0, "total_sc_v": 0}