{"c1": 0.02059385807633565, "c2": 0.11903227591755557, "ch1": -0.618784659432102, "ch2": 0.04881089023239473, "di": 54.34237215448321, "dj": 54.846668153306624, "dk": 8.171679551990046, "vw_i": -1.0311828601027369, "vw_j": -5.78013033875348, "kt": 7.1168859095570705, "train_sc_a": [1.0844365913645089], "train_sc_v": [0.15804342884193143], "val_sc_a": 0, "val_sc_v": 0, "total_sc_a": 0, "total_sc_v": 0}