{"c1": 0.020691399352873383, "c2": 0.11826197618523532, "ch1": -0.668731321127755, "ch2": 0.044963879908067134, "di": 50.61670041434814, "dj": 52.52148675949609, "dk": 7.8355865510360765, "vw_i": 0.14722163045268605, "vw_j": -3.5012315806514396, "kt": 7.110162708863002, "train_sc_a": [1.4387209290394272], "train_sc_v": [0.5522972369104701], "val_sc_a": 0, "val_sc_v": 0, "total_sc_a": 0, "total_sc_v": 0}