{"c1": 0.02033817484771305, "c2": 0.12355698608263832, "ch1": -0.66755585249264, "ch2": 0.04743514978147139, "di": 50.30214242692396, "dj": 52.356291217778136, "dk": 10.878758368918316, "vw_i": 2.7506433930623126, "vw_j": -4.958597568284067, "kt": 6.780185798090215, "train_sc_a": [3.0097123152126057], "train_sc_v": [1.7706930619909098], "val_sc_a": 0, "val_sc_v": 0, "total_sc_a": 0, "total_sc_v": 0}