{"c1": 0.019453365478226122, "c2": 0.12298653273824037, "ch1": -0.5510217790736464, "ch2": 0.05573234333664742, "di": 49.70395680434084, "dj": 49.199376743772774, "dk": 14.287496748053385, "vw_i": 0.5350395958641688, "vw_j": -4.641390696140399, "kt": 4.300081339657451, "train_sc_a": [1.5149758205803505], "train_sc_v": [1.0046234669305556], "val_sc_a": 0, "val_sc_v": 0, "total_sc_a": 0, "total_sc_v": 0}