{"c1": 0.021037156320797182, "c2": 0.11375056086310012, "ch1": -0.6973341445466761, "ch2": 0.04483107094339688, "di": 46.19697351007339, "dj": 42.81786494321773, "dk": 2.4329621206129723, "vw_i": -0.8149253392713368, "vw_j": -2.9831240076936307, "kt": 5.080499199818108, "train_sc_a": [2.1026024561560743], "train_sc_v": [0.8939607139299349], "val_sc_a": 0, "val_sc_v": 0, "total_sc_a": 0, "total_sc_v": 0}