{"c1": 0.020585047628097618, "c2": 0.11637881957700556, "ch1": -0.5816086280614787, "ch2": 0.05414182155119478, "di": 50.64602765345174, "dj": 49.58323388609196, "dk": 11.387255719490888, "vw_i": 2.246662451796782, "vw_j": -1.049170909710087, "kt": 4.7105870088563755, "train_sc_a": [2.8036009906319674], "train_sc_v": [2.7965047986309255], "val_sc_a": 0, "val_sc_v": 0, "total_sc_a": 0, "total_sc_v": 0}