{"c1": 0.02199295318234256, "c2": 0.091933294484531, "ch1": -0.1385290632809532, "ch2": 0.081588366397981, "di": 15.052707376462543, "dj": 13.81986000058346, "dk": 16.64506195168659, "vw_i": 3.14646809729866, "vw_j": 2.304349903858863, "kt": 3.5146291121452844, "train_sc_a": [1.5006470443380737], "train_sc_v": [0.7369457488742173], "val_sc_a": 0, "val_sc_v": 0, "total_sc_a": 0, "total_sc_v": 0}