{"c1": 0.019026904131093498, "c2": 0.10938399534092842, "ch1": 0.017552656266458095, "ch2": 0.09223280487920679, "di": 25.850103893101355, "dj": 2.1976836445085683, "dk": 11.396682961601465, "vw_i": 1.2470433107906014, "vw_j": 0.26850803622573366, "kt": 4.258065766184388, "train_sc_a": [1.107982639962478], "train_sc_v": [0.3304133052595513], "val_sc_a": 0, "val_sc_v": 0, "total_sc_a": 0, "total_sc_v": 0}