{"c1": 0.01865622714131375, "c2": 0.1195280100709893, "ch1": -0.31750700495120404, "ch2": 0.07005205759455155, "di": 25.626783490597433, "dj": 14.961746184890167, "dk": 6.502443121493052, "vw_i": -7.381541720154371, "vw_j": -4.613043820889323, "kt": 3.476204797802606, "train_sc_a": [2.8015299418369843], "train_sc_v": [1.5000255538232659], "val_sc_a": 0, "val_sc_v": 0, "total_sc_a": 0, "total_sc_v": 0}