{"c1": 0.018636889066447428, "c2": 0.11316906526036802, "ch1": -0.022803809414366674, "ch2": 0.08963402048146991, "di": 24.191889369080794, "dj": 2.5606406778379656, "dk": 13.30845236209098, "vw_i": -0.7310084266418204, "vw_j": -0.19443019814677703, "kt": 4.338283144793419, "train_sc_a": [0.2906172218928712], "train_sc_v": [0.05138000686441959], "val_sc_a": 0, "val_sc_v": 0, "total_sc_a": 0, "total_sc_v": 0}