{"c1": 0.018224681391147923, "c2": 0.11442344011283723, "ch1": 0.07527687578861078, "ch2": 0.09607679344681855, "di": 27.727702561827662, "dj": 3.1714643521239254, "dk": 12.977773258332782, "vw_i": -4.662355607796391, "vw_j": -0.8745228913362861, "kt": 4.223218368212834, "train_sc_a": [1.138806847321852], "train_sc_v": [0.45711552948739126], "val_sc_a": 0, "val_sc_v": 0, "total_sc_a": 0, "total_sc_v": 0}