{"c1": 0.017948221938933945, "c2": 0.11651270306044732, "ch1": 0.07273893737986449, "ch2": 0.09591580459779128, "di": 27.70929193833197, "dj": 2.8940871789130393, "dk": 13.306202640430035, "vw_i": -3.9596830227567676, "vw_j": -0.6845887916670234, "kt": 4.267226834502329, "train_sc_a": [0.47845188387476245], "train_sc_v": [0.35466711839878845], "val_sc_a": 0, "val_sc_v": 0, "total_sc_a": 0, "total_sc_v": 0}