{"c1": 0.018528741157006482, "c2": 0.12043017534536185, "ch1": -0.2769837300074421, "ch2": 0.07284318517282304, "di": 25.644173637790914, "dj": 16.304237051190302, "dk": 6.4249357215018374, "vw_i": -7.843883060510276, "vw_j": -5.019836069040558, "kt": 3.454704488496184, "train_sc_a": [1.9401325808138004], "train_sc_v": [2.79058073022854], "val_sc_a": 0, "val_sc_v": 0, "total_sc_a": 0, "total_sc_v": 0}