{"c1": 0.020622064500964096, "c2": 0.11609400800862194, "ch1": -0.4894246305896933, "ch2": 0.06129348310272174, "di": 53.01502395754748, "dj": 55.79718912535174, "dk": 11.383770600811005, "vw_i": -0.017862754568304103, "vw_j": -5.006598325169608, "kt": 4.705070624850316, "train_sc_a": [1.1905521121146068], "train_sc_v": [0.3257795180134484], "val_sc_a": 0, "val_sc_v": 0, "total_sc_a": 0, "total_sc_v": 0}