{"c1": 0.020313750360724275, "c2": 0.11749583673621883, "ch1": -0.5244870987614569, "ch2": 0.05840136317746037, "di": 49.63218250630037, "dj": 51.141642067775315, "dk": 10.275422833296968, "vw_i": -0.5642922121723817, "vw_j": -5.1599708356580765, "kt": 4.023471494657463, "train_sc_a": [2.186254989605748], "train_sc_v": [0.7829731436911991], "val_sc_a": 0, "val_sc_v": 0, "total_sc_a": 0, "total_sc_v": 0}