{"c1": 0.02104718052747639, "c2": 0.1112170827541566, "ch1": -0.5433611793725023, "ch2": 0.056990588862234993, "di": 48.19936052220676, "dj": 51.64050573196276, "dk": 8.863700730525384, "vw_i": -3.4088531513647853, "vw_j": -6.413262897519569, "kt": 4.177516275336508, "train_sc_a": [1.0671816100756304], "train_sc_v": [0.6202354118822585], "val_sc_a": 0, "val_sc_v": 0, "total_sc_a": 0, "total_sc_v": 0}