{"c1": 0.020994221989562578, "c2": 0.11408855258244205, "ch1": -0.5918100874911316, "ch2": 0.05318233538907449, "di": 49.3687764868696, "dj": 56.017910094872235, "dk": 2.4886561951295127, "vw_i": -2.4119973185131482, "vw_j": -6.273832373015432, "kt": 5.063469362146826, "train_sc_a": [2.7691692094686613], "train_sc_v": [2.519097016349541], "val_sc_a": 0, "val_sc_v": 0, "total_sc_a": 0, "total_sc_v": 0}