{"c1": 0.01926455685145037, "c2": 0.10816979770624949, "ch1": 0.06417576060388833, "ch2": 0.09584034046662512, "di": 19.98580831980525, "dj": 8.164824130245558, "dk": 7.90025889388484, "vw_i": -2.4218902899692436, "vw_j": -1.800641912396723, "kt": 3.021746130117555, "train_sc_a": [2.3014456354263686], "train_sc_v": [0.542096386834572], "val_sc_a": 0, "val_sc_v": 0, "total_sc_a": 0, "total_sc_v": 0}