{"c1": 0.019309026283095627, "c2": 0.12462370519325738, "ch1": -0.5985372919246, "ch2": 0.05345781504924118, "di": 49.39827612090714, "dj": 46.323883557081956, "dk": 6.793530829038856, "vw_i": -1.2018094221688154, "vw_j": -2.6216072481243726, "kt": 4.351555795156633, "train_sc_a": [1.6903738061120566], "train_sc_v": [1.9458402720543584], "val_sc_a": 0, "val_sc_v": 0, "total_sc_a": 0, "total_sc_v": 0}