{"c1": 0.018635235348895822, "c2": 0.12917541317829706, "ch1": -0.5218895579472738, "ch2": 0.05791103067133529, "di": 52.989385955115424, "dj": 49.027413452859875, "dk": 8.249053158899784, "vw_i": -2.2482703722981823, "vw_j": -6.283660147774993, "kt": 4.1521060322906385, "train_sc_a": [1.6633947429491651], "train_sc_v": [0.4729273242145515], "val_sc_a": 0, "val_sc_v": 0, "total_sc_a": 0, "total_sc_v": 0}