{"c1": 0.02066565754224701, "c2": 0.11908592170741313, "ch1": -0.6150705030462037, "ch2": 0.04900200558185307, "di": 54.1658259774909, "dj": 53.98561603709726, "dk": 9.338182628809637, "vw_i": 0.5852367863451275, "vw_j": -5.017640030506256, "kt": 6.9184887646789015, "train_sc_a": [1.1645520608754774], "train_sc_v": [0.37934567826072785], "val_sc_a": 0, "val_sc_v": 0, "total_sc_a": 0, "total_sc_v": 0}