{"c1": 0.02031065646213578, "c2": 0.11751263598216535, "ch1": -0.5323415397392038, "ch2": 0.057796512446094836, "di": 49.956970457592924, "dj": 50.004885449218605, "dk": 10.212673655384146, "vw_i": -0.5330022982329325, "vw_j": -4.7416090579033945, "kt": 4.066054892247176, "train_sc_a": [1.0104820456701045], "train_sc_v": [0.33269827158725035], "val_sc_a": 0, "val_sc_v": 0, "total_sc_a": 0, "total_sc_v": 0}