{"c1": 0.020328857043009695, "c2": 0.11676143015614254, "ch1": -0.5871052228545289, "ch2": 0.053081354280340325, "di": 50.11485162772185, "dj": 44.298232354113836, "dk": 9.73590626752882, "vw_i": -2.4743355091543955, "vw_j": -4.977197433816397, "kt": 4.278199260583356, "train_sc_a": [1.6351805396795294], "train_sc_v": [1.6158663508607738], "val_sc_a": 0, "val_sc_v": 0, "total_sc_a": 0, "total_sc_v": 0}