{"c1": 0.02084446239624141, "c2": 0.11764435771781932, "ch1": -0.6212645834023353, "ch2": 0.048512766123434324, "di": 53.486913256492265, "dj": 53.950212206576985, "dk": 8.665217842569348, "vw_i": 0.6216980112569657, "vw_j": -4.713812214990685, "kt": 6.895287954806303, "train_sc_a": [0.5890839781589694], "train_sc_v": [0.3204453455302723], "val_sc_a": 0, "val_sc_v": 0, "total_sc_a": 0, "total_sc_v": 0}