{"c1": 0.020179207997341155, "c2": 0.10811567410428904, "ch1": -0.23683444260528097, "ch2": 0.07328164440155821, "di": 20.936960985299564, "dj": 10.720913280769485, "dk": 19.757605684646446, "vw_i": -6.084449844503261, "vw_j": -2.973416402948399, "kt": 2.451338472579115, "train_sc_a": [7.024520640456104], "train_sc_v": [6.3228377370636775], "val_sc_a": 0, "val_sc_v": 0, "total_sc_a": 0, "total_sc_v": 0}