{"c1": 0.020017203396171145, "c2": 0.10923870738282396, "ch1": -0.4779151167065985, "ch2": 0.05826520758650128, "di": 20.403971275008946, "dj": 20.299006196906667, "dk": 4.082010535930097, "vw_i": -3.28309340973595, "vw_j": -1.228591737955305, "kt": 3.461427899753902, "train_sc_a": [5.020819999738218], "train_sc_v": [4.059094798366606], "val_sc_a": 0, "val_sc_v": 0, "total_sc_a": 0, "total_sc_v": 0}