{"c1": 0.019371252426305243, "c2": 0.10728210237658986, "ch1": -0.008499284462450896, "ch2": 0.09049347684235888, "di": 22.736212643219513, "dj": 3.8899446607078905, "dk": 7.531886665588999, "vw_i": -1.8396422721181138, "vw_j": -0.8148933249497842, "kt": 3.7342696423829396, "train_sc_a": [0.24756627380336613], "train_sc_v": [0.03932438747185949], "val_sc_a": 0, "val_sc_v": 0, "total_sc_a": 0, "total_sc_v": 0}