{"c1": 0.020525140431188537, "c2": 0.12016341075973642, "ch1": -0.6355810131063897, "ch2": 0.04744212324005617, "di": 52.335962078379794, "dj": 53.438576990442165, "dk": 9.445674125338323, "vw_i": 0.8401229517809633, "vw_j": -4.041720035762389, "kt": 7.040739767585361, "train_sc_a": [1.110498375258419], "train_sc_v": [0.397066096860535], "val_sc_a": 0, "val_sc_v": 0, "total_sc_a": 0, "total_sc_v": 0}