{"c1": 0.019387729176262487, "c2": 0.12402504382242685, "ch1": -0.4842807189168728, "ch2": 0.06143705171285752, "di": 56.165172797430486, "dj": 51.009918879012915, "dk": 6.533515129151131, "vw_i": 2.8419037082406744, "vw_j": -5.0027797052789955, "kt": 4.309077408917193, "train_sc_a": [0.9826605762499764], "train_sc_v": [0.9097572061847107], "val_sc_a": 0, "val_sc_v": 0, "total_sc_a": 0, "total_sc_v": 0}