{"c1": 0.018485489836270734, "c2": 0.11372577780288101, "ch1": 0.007756499245738121, "ch2": 0.09147578854449556, "di": 26.56487579604191, "dj": 2.584151344481391, "dk": 14.652000964228579, "vw_i": 0.06216700613510728, "vw_j": -0.48975816597892086, "kt": 4.2800281562483615, "train_sc_a": [0.6214965165267152], "train_sc_v": [0.1416872227146879], "val_sc_a": 0, "val_sc_v": 0, "total_sc_a": 0, "total_sc_v": 0}