{"c1": 0.01849477627183102, "c2": 0.12602306331718274, "ch1": -0.33029015939547895, "ch2": 0.07056970268542755, "di": 45.883571944697735, "dj": 46.846667815299114, "dk": 16.02252130885013, "vw_i": 4.504839243562206, "vw_j": -0.5005820068840926, "kt": 4.7709486734699365, "train_sc_a": [1.4442507435712817], "train_sc_v": [1.274468871501004], "val_sc_a": 0, "val_sc_v": 0, "total_sc_a": 0, "total_sc_v": 0}