{"c1": 0.021632863949644237, "c2": 0.09606776039087812, "ch1": -0.03724957713023061, "ch2": 0.09179656834434907, "di": 25.622385911784512, "dj": 27.95861453677469, "dk": 8.922727289439644, "vw_i": -0.9412433460628868, "vw_j": -0.21757529043630305, "kt": 3.191633331373252, "train_sc_a": [0.35815490027988883], "train_sc_v": [0.29358381970769276], "val_sc_a": 0, "val_sc_v": 0, "total_sc_a": 0, "total_sc_v": 0}