{"c1": 0.018612052904164657, "c2": 0.1198644409303996, "ch1": -0.2811657922506781, "ch2": 0.0725508877385466, "di": 25.68170614758486, "dj": 15.485282278552203, "dk": 6.869367840599034, "vw_i": -7.951307821891645, "vw_j": -4.800330616007081, "kt": 3.454703436088498, "train_sc_a": [0.6535899044254112], "train_sc_v": [0.6791217381666586], "val_sc_a": 0, "val_sc_v": 0, "total_sc_a": 0, "total_sc_v": 0}