{"c1": 0.019506443939408497, "c2": 0.11917298416795066, "ch1": -0.3318760561639559, "ch2": 0.0706795027524661, "di": 45.84036386291927, "dj": 47.14949414392725, "dk": 17.572150756944232, "vw_i": 2.473189559357428, "vw_j": -2.4136722298874695, "kt": 4.841767162675749, "train_sc_a": [1.276922715801897], "train_sc_v": [0.7962636246695084], "val_sc_a": 0, "val_sc_v": 0, "total_sc_a": 0, "total_sc_v": 0}