{"c1": 0.01996355818914044, "c2": 0.12013644755316162, "ch1": -0.5181136348451908, "ch2": 0.05876280338369257, "di": 51.064550263659235, "dj": 51.07670804121953, "dk": 11.881500442043091, "vw_i": -0.3976932379107502, "vw_j": -4.713991298548383, "kt": 4.165885538303911, "train_sc_a": [0.8317497783113627], "train_sc_v": [0.2031947582685605], "val_sc_a": 0, "val_sc_v": 0, "total_sc_a": 0, "total_sc_v": 0}