{"c1": 0.019188163976991503, "c2": 0.12556362907303353, "ch1": -0.526316685563094, "ch2": 0.05770716027090084, "di": 47.34935806021938, "dj": 54.30791027677254, "dk": 11.365653780340432, "vw_i": -2.079783263117547, "vw_j": -5.954619284255336, "kt": 4.210235841132719, "train_sc_a": [4.772247706038208], "train_sc_v": [3.13605897875562], "val_sc_a": 0, "val_sc_v": 0, "total_sc_a": 0, "total_sc_v": 0}