{"c1": 0.01861214307957674, "c2": 0.11986382640791532, "ch1": -0.28126030174176536, "ch2": 0.07254443684456334, "di": 25.681756901343928, "dj": 15.468427220204061, "dk": 6.869881619940419, "vw_i": -7.950468067816287, "vw_j": -4.799371518859864, "kt": 3.4547059631408974, "train_sc_a": [2.0771377147813777], "train_sc_v": [1.9374423379100798], "val_sc_a": 0, "val_sc_v": 0, "total_sc_a": 0, "total_sc_v": 0}