{"c1": 0.019354353799077927, "c2": 0.1138914981126829, "ch1": -0.14406240980670265, "ch2": 0.08447635721283116, "di": 23.41943359793179, "dj": 54.46880741766624, "dk": 0.0, "vw_i": -9.134871153174108, "vw_j": -1.2409479036215565, "kt": 3.5629894996746283, "train_sc_a": [15.028322912599085], "train_sc_v": [8.521734195206548], "val_sc_a": 0, "val_sc_v": 0, "total_sc_a": 0, "total_sc_v": 0}