{"c1": 0.018992809423907308, "c2": 0.13014730228201699, "ch1": -0.6324810069507502, "ch2": 0.04581181685912082, "di": 50.40808375248738, "dj": 53.59975813186857, "dk": 5.4970989005435476, "vw_i": 1.7694590608014584, "vw_j": -5.477200343310406, "kt": 4.847499237819097, "train_sc_a": [0.6091183992898127], "train_sc_v": [0.4168062462993977], "val_sc_a": 0, "val_sc_v": 0, "total_sc_a": 0, "total_sc_v": 0}