{"c1": 0.019601790776633484, "c2": 0.1254216922836815, "ch1": -0.6666966094809199, "ch2": 0.042856080709792195, "di": 51.49810702215848, "dj": 48.36418272333916, "dk": 9.597824743098363, "vw_i": 1.7862632164965881, "vw_j": -4.912906348574844, "kt": 5.670857089389474, "train_sc_a": [2.0131790329224253], "train_sc_v": [0.9025112479534052], "val_sc_a": 0, "val_sc_v": 0, "total_sc_a": 0, "total_sc_v": 0}