{"c1": 0.020733270282926344, "c2": 0.11793152078746166, "ch1": -0.6713769679064291, "ch2": 0.044775176869723245, "di": 49.638315825896164, "dj": 53.1500903733714, "dk": 7.696625568674954, "vw_i": 0.22791122307312564, "vw_j": -3.3922771204978757, "kt": 7.101654398496129, "train_sc_a": [1.5073608524540139], "train_sc_v": [0.8223325840928994], "val_sc_a": 0, "val_sc_v": 0, "total_sc_a": 0, "total_sc_v": 0}