{"c1": 0.018618082105281455, "c2": 0.11046415880228962, "ch1": 0.14693504154776368, "ch2": 0.1033453281055239, "di": 28.116069070843448, "dj": 7.091611941438905, "dk": 7.543025618827515, "vw_i": 0.8608579716228142, "vw_j": -1.2612329260587694, "kt": 3.6439405643282705, "train_sc_a": [1.819619909987453], "train_sc_v": [1.8618084770601315], "val_sc_a": 0, "val_sc_v": 0, "total_sc_a": 0, "total_sc_v": 0}