{"c1": 0.020303242868796954, "c2": 0.12087322618162627, "ch1": -0.6587988144992111, "ch2": 0.04452137240740835, "di": 49.33906672006339, "dj": 50.531742103167474, "dk": 7.913511460070037, "vw_i": 2.246635017387751, "vw_j": -1.507657234008144, "kt": 6.087094015347507, "train_sc_a": [7.4964852032518], "train_sc_v": [2.2766750903453343], "val_sc_a": 0, "val_sc_v": 0, "total_sc_a": 0, "total_sc_v": 0}