{"c1": 0.020982043727019475, "c2": 0.11535605761568941, "ch1": -0.6361669684303476, "ch2": 0.045463542026490285, "di": 51.36135078697771, "dj": 52.15282253133191, "dk": 6.818300763445763, "vw_i": 2.5475624834448434, "vw_j": -4.918374626299338, "kt": 4.806595736427062, "train_sc_a": [1.08243625850378], "train_sc_v": [0.9048570910194668], "val_sc_a": 0, "val_sc_v": 0, "total_sc_a": 0, "total_sc_v": 0}