{"c1": 0.020413865040170634, "c2": 0.1198365266537511, "ch1": -0.6306176038997099, "ch2": 0.04738474136528887, "di": 53.4973093977254, "dj": 53.92157082608947, "dk": 4.463234345741685, "vw_i": -0.8378330199334372, "vw_j": -5.23733011303135, "kt": 6.7986785811093435, "train_sc_a": [0.8633410815346062], "train_sc_v": [0.4430922285480424], "val_sc_a": 0, "val_sc_v": 0, "total_sc_a": 0, "total_sc_v": 0}