{"c1": 0.019740640561004448, "c2": 0.1217897183510365, "ch1": -0.5149704333232049, "ch2": 0.05899963200152579, "di": 51.01756493536496, "dj": 51.349524446716444, "dk": 11.711711852965347, "vw_i": -0.5827099983720305, "vw_j": -4.650518872317257, "kt": 4.129137461665368, "train_sc_a": [0.8077810526848238], "train_sc_v": [0.16119493672122626], "val_sc_a": 0, "val_sc_v": 0, "total_sc_a": 0, "total_sc_v": 0}