{"c1": 0.01951208211757004, "c2": 0.10606064583529991, "ch1": -0.014713998519342355, "ch2": 0.09016476090506953, "di": 22.28854800556059, "dj": 4.535698449595235, "dk": 6.8342879236674525, "vw_i": -1.293527577306588, "vw_j": -1.025438139110448, "kt": 3.5513448555272484, "train_sc_a": [0.3528888729695092], "train_sc_v": [0.050421017509859715], "val_sc_a": 0, "val_sc_v": 0, "total_sc_a": 0, "total_sc_v": 0}