{"c1": 0.019663245598104333, "c2": 0.12355346828496071, "ch1": -0.527735304623943, "ch2": 0.05849664243050381, "di": 50.56194799340401, "dj": 52.79358269886194, "dk": 7.824613658406952, "vw_i": 0.9889457523725407, "vw_j": -4.90675034218777, "kt": 4.51512136196492, "train_sc_a": [0.38953835933832204], "train_sc_v": [0.325936112459908], "val_sc_a": 0, "val_sc_v": 0, "total_sc_a": 0, "total_sc_v": 0}