{"c1": 0.018633963498727563, "c2": 0.12918399054504506, "ch1": -0.522025283156558, "ch2": 0.05790300673086071, "di": 52.967535087403206, "dj": 49.03547768706436, "dk": 8.246338299517667, "vw_i": -2.240531575658312, "vw_j": -6.273029017381965, "kt": 4.152020087413565, "train_sc_a": [1.6533265206767391], "train_sc_v": [0.4730694922212445], "val_sc_a": 0, "val_sc_v": 0, "total_sc_a": 0, "total_sc_v": 0}