{"c1": 0.020206742309167882, "c2": 0.10281574443098107, "ch1": -0.10987179612586197, "ch2": 0.08378534342970743, "di": 18.761659911880937, "dj": 9.844064501955975, "dk": 14.059713584575384, "vw_i": 4.8167046649049965, "vw_j": 2.2599123758320574, "kt": 4.34503652843784, "train_sc_a": [1.7147200156260738], "train_sc_v": [1.2890219919616484], "val_sc_a": 0, "val_sc_v": 0, "total_sc_a": 0, "total_sc_v": 0}