{"c1": 0.019735324402259793, "c2": 0.12556331060611695, "ch1": -0.6306672972321937, "ch2": 0.04750419636228428, "di": 51.74186720438932, "dj": 55.19364178660544, "dk": 7.93680458537977, "vw_i": 2.1760122906040498, "vw_j": -4.905366973799501, "kt": 7.000596187115596, "train_sc_a": [2.3264467242122673], "train_sc_v": [0.9020967558541787], "val_sc_a": 0, "val_sc_v": 0, "total_sc_a": 0, "total_sc_v": 0}