{"c1": 0.02064448979926508, "c2": 0.11706233649465443, "ch1": -0.5446041773404684, "ch2": 0.05750650703991838, "di": 46.46712286669648, "dj": 55.524632553757826, "dk": 5.766745359203737, "vw_i": -0.19626963350661752, "vw_j": -6.6310586610909406, "kt": 5.236782660723186, "train_sc_a": [3.695149439668693], "train_sc_v": [0.8784717945271691], "val_sc_a": 0, "val_sc_v": 0, "total_sc_a": 0, "total_sc_v": 0}