{"c1": 0.019849306156505094, "c2": 0.11148594231590898, "ch1": -0.006955791394319621, "ch2": 0.09473534931460681, "di": 21.35924184587171, "dj": 33.78535745525928, "dk": 15.856059461597628, "vw_i": -3.1183994824142296, "vw_j": -1.1431662187850193, "kt": 1.7577652088055011, "train_sc_a": [1.5576504898298007], "train_sc_v": [0.44552189447408685], "val_sc_a": 0, "val_sc_v": 0, "total_sc_a": 0, "total_sc_v": 0}