{"c1": 0.01861066325689823, "c2": 0.10914534065244874, "ch1": -0.02045492552530752, "ch2": 0.09078898737682257, "di": 6.48912761008817, "dj": 3.128493659833255, "dk": 1.8002488281122202, "vw_i": -2.090819961126908, "vw_j": -0.7737331973702042, "kt": 4.969012996603386, "train_sc_a": [0.39831980233206465], "train_sc_v": [0.13108737063767542], "val_sc_a": 0, "val_sc_v": 0, "total_sc_a": 0, "total_sc_v": 0}