{"c1": 0.019519871634744, "c2": 0.1260114264391838, "ch1": -0.667102856678011, "ch2": 0.042820156589047996, "di": 51.12954173237978, "dj": 48.684205189602956, "dk": 9.581860678223613, "vw_i": 1.7306204643528962, "vw_j": -4.919354598216293, "kt": 5.664549296644189, "train_sc_a": [1.8262492852745629], "train_sc_v": [0.8650788296719673], "val_sc_a": 0, "val_sc_v": 0, "total_sc_a": 0, "total_sc_v": 0}