{"c1": 0.018621966704937896, "c2": 0.125099097582627, "ch1": -0.3348984040704334, "ch2": 0.0701243297243862, "di": 46.191322408904554, "dj": 46.20840173677728, "dk": 16.247368911343642, "vw_i": 4.605861352351813, "vw_j": -0.35509763743831735, "kt": 5.011089559162534, "train_sc_a": [1.6392127908245555], "train_sc_v": [0.45610513633696675], "val_sc_a": 0, "val_sc_v": 0, "total_sc_a": 0, "total_sc_v": 0}