{"c1": 0.018647563568782742, "c2": 0.12909285576739796, "ch1": -0.5663354332278152, "ch2": 0.05480493469470549, "di": 48.32602243633483, "dj": 48.46484831417395, "dk": 8.283593687467198, "vw_i": -2.9628244674812603, "vw_j": -4.908322503487651, "kt": 4.166263152201135, "train_sc_a": [2.345495700340991], "train_sc_v": [2.2553792742980083], "val_sc_a": 0, "val_sc_v": 0, "total_sc_a": 0, "total_sc_v": 0}