{"c1": 0.020476968546179888, "c2": 0.12050158313067375, "ch1": -0.6213430386425627, "ch2": 0.04884701291305811, "di": 53.36877062328242, "dj": 53.99186786301352, "dk": 8.578513189651932, "vw_i": -2.4277013139146906, "vw_j": -6.4718223610834515, "kt": 6.707137463333492, "train_sc_a": [1.5643526599578716], "train_sc_v": [1.1493262032440619], "val_sc_a": 0, "val_sc_v": 0, "total_sc_a": 0, "total_sc_v": 0}