{"c1": 0.019506812877449247, "c2": 0.10643346696326983, "ch1": -0.01160021680701671, "ch2": 0.09011554814323093, "di": 26.21714965197428, "dj": 2.3824879129669667, "dk": 15.139918308834632, "vw_i": -0.26185154699654206, "vw_j": 0.5701661917598025, "kt": 4.368783310696216, "train_sc_a": [0.6907933500767477], "train_sc_v": [0.2786203952504446], "val_sc_a": 0, "val_sc_v": 0, "total_sc_a": 0, "total_sc_v": 0}