{"c1": 0.020313764265515837, "c2": 0.11749574547452196, "ch1": -0.5243733221988641, "ch2": 0.05841032970661592, "di": 49.635140643271, "dj": 51.150608911016434, "dk": 10.275573651121944, "vw_i": -0.5643739335283093, "vw_j": -5.1649605100626435, "kt": 4.0235116554773995, "train_sc_a": [0.6177744261564357], "train_sc_v": [0.17358351510995335], "val_sc_a": 0, "val_sc_v": 0, "total_sc_a": 0, "total_sc_v": 0}