{"c1": 0.019672483453533247, "c2": 0.10056753368347789, "ch1": -0.029593580727654053, "ch2": 0.09029255531876615, "di": 3.894023156750525, "dj": 4.949182903164684, "dk": 0.0, "vw_i": -2.4729014585466387, "vw_j": -1.1346945319243509, "kt": 4.997158004898181, "train_sc_a": [0.2621358057209898], "train_sc_v": [0.12224790592775503], "val_sc_a": 0, "val_sc_v": 0, "total_sc_a": 0, "total_sc_v": 0}