{"c1": 0.02010820416082556, "c2": 0.11787114404954518, "ch1": -0.5558540057534974, "ch2": 0.05487306698488648, "di": 47.56650156693319, "dj": 51.009201593951616, "dk": 13.554238201583582, "vw_i": 1.9530087485448893, "vw_j": -3.3317604710071884, "kt": 4.528478502017991, "train_sc_a": [1.866298138077279], "train_sc_v": [0.5888934984008272], "val_sc_a": 0, "val_sc_v": 0, "total_sc_a": 0, "total_sc_v": 0}