{"c1": 0.020853636840767294, "c2": 0.1148360185946119, "ch1": -0.6080532367831956, "ch2": 0.04960015774826361, "di": 54.379038927604206, "dj": 54.26204010267629, "dk": 1.6108334307843037, "vw_i": 1.3704847095727979, "vw_j": -5.017169876796475, "kt": 4.746039631699258, "train_sc_a": [0.37440396685758615], "train_sc_v": [0.28233412389253254], "val_sc_a": 0, "val_sc_v": 0, "total_sc_a": 0, "total_sc_v": 0}