{"c1": 0.01886375931398606, "c2": 0.10769291766545525, "ch1": -0.046087310972251855, "ch2": 0.09024444436189423, "di": 1.1363459441126145, "dj": 2.7930574126367307, "dk": 7.820294811904506, "vw_i": -2.5051807895430533, "vw_j": -1.1457940039867003, "kt": 5.092779776723411, "train_sc_a": [2.133921656973801], "train_sc_v": [2.2899935746059312], "val_sc_a": 0, "val_sc_v": 0, "total_sc_a": 0, "total_sc_v": 0}