{"c1": 0.019471488397972733, "c2": 0.12474939164457455, "ch1": -0.5556938523117374, "ch2": 0.05688599328184574, "di": 50.54650863330225, "dj": 51.25273087695997, "dk": 6.156687604950654, "vw_i": -0.9357905932276727, "vw_j": -4.387820867522419, "kt": 4.247909984190373, "train_sc_a": [3.3361730673003573], "train_sc_v": [1.7087512250035175], "val_sc_a": 0, "val_sc_v": 0, "total_sc_a": 0, "total_sc_v": 0}