{"c1": 0.0212591370171836, "c2": 0.11601994961999573, "ch1": -0.6766621856326307, "ch2": 0.04673775948542866, "di": 50.19958205906738, "dj": 51.23848929201961, "dk": 6.914847440132238, "vw_i": 2.552008769662273, "vw_j": -4.798952919234622, "kt": 6.564915812867966, "train_sc_a": [1.1631360659784524], "train_sc_v": [0.7552795798568497], "val_sc_a": 0, "val_sc_v": 0, "total_sc_a": 0, "total_sc_v": 0}