{"c1": 0.01936494835732763, "c2": 0.10348660803686699, "ch1": -0.028230926920453037, "ch2": 0.09182202705298703, "di": 4.143538437382903, "dj": 3.1791815413093603, "dk": 1.293837693059698, "vw_i": -2.933629033560736, "vw_j": -1.305683239525441, "kt": 5.028415016522646, "train_sc_a": [0.8055162021697447], "train_sc_v": [0.24764083606925885], "val_sc_a": 0, "val_sc_v": 0, "total_sc_a": 0, "total_sc_v": 0}