{"c1": 0.019401990815338232, "c2": 0.12738341804142597, "ch1": -0.6319273819850603, "ch2": 0.04595437220470065, "di": 51.8718194694508, "dj": 52.189128850848256, "dk": 7.13321325732278, "vw_i": 1.689808643823695, "vw_j": -5.403322703560271, "kt": 4.8993231276517335, "train_sc_a": [0.7037978568938908], "train_sc_v": [0.5977334059541737], "val_sc_a": 0, "val_sc_v": 0, "total_sc_a": 0, "total_sc_v": 0}