{"c1": 0.01821509505388991, "c2": 0.11601807072791565, "ch1": 0.030459678904521725, "ch2": 0.09325411106954565, "di": 24.37299234850792, "dj": 3.5228952440021137, "dk": 12.970275126040045, "vw_i": -0.41986421419184206, "vw_j": -0.09908063630697814, "kt": 4.342333452887029, "train_sc_a": [0.32678605582962367], "train_sc_v": [0.05676260336812633], "val_sc_a": 0, "val_sc_v": 0, "total_sc_a": 0, "total_sc_v": 0}