{"c1": 0.01807238801294472, "c2": 0.11991496958626031, "ch1": -0.1194376367513936, "ch2": 0.08250471166462744, "di": 16.94946049811379, "dj": 12.173077863924195, "dk": 16.479594663160647, "vw_i": 3.6056699555232403, "vw_j": 2.6309668428101625, "kt": 4.5386826822008, "train_sc_a": [0.657355313881232], "train_sc_v": [0.5294082625333211], "val_sc_a": 0, "val_sc_v": 0, "total_sc_a": 0, "total_sc_v": 0}