{"c1": 0.019189091155739375, "c2": 0.10905469373351531, "ch1": -0.051525650539702934, "ch2": 0.08829788360183594, "di": 19.77884591409384, "dj": 12.353066303553543, "dk": 8.573020256276362, "vw_i": 5.029415022863628, "vw_j": 1.9064668406610097, "kt": 3.3715105558105853, "train_sc_a": [2.7607214299057588], "train_sc_v": [1.675251471852442], "val_sc_a": 0, "val_sc_v": 0, "total_sc_a": 0, "total_sc_v": 0}