{"c1": 0.019552653954147247, "c2": 0.11289956208807897, "ch1": -0.16545081904465794, "ch2": 0.08569644020294606, "di": 36.26189608095851, "dj": 64.72602617752321, "dk": 4.0813327466850895, "vw_i": -1.2098279462488521, "vw_j": 2.187479193714242, "kt": 2.883780862368184, "train_sc_a": [0.9546034612488286], "train_sc_v": [0.35519192474492733], "val_sc_a": 0, "val_sc_v": 0, "total_sc_a": 0, "total_sc_v": 0}