{"c1": 0.01903173702029971, "c2": 0.1093533641513457, "ch1": 0.017248896424744253, "ch2": 0.0922076800281211, "di": 25.8530280677216, "dj": 2.1807680047263576, "dk": 11.447282257573917, "vw_i": 1.2475951371401601, "vw_j": 0.2690215044347535, "kt": 4.259963672244303, "train_sc_a": [1.1081761314134548], "train_sc_v": [0.3306522315213964], "val_sc_a": 0, "val_sc_v": 0, "total_sc_a": 0, "total_sc_v": 0}