{"c1": 0.018636036513347255, "c2": 0.11317539722970796, "ch1": -0.022574704555658968, "ch2": 0.08964954625537519, "di": 24.19213115759564, "dj": 2.5677808637892965, "dk": 13.308173413330096, "vw_i": -0.7350247445941671, "vw_j": -0.1885152535598941, "kt": 4.343564491455299, "train_sc_a": [0.2904212322700442], "train_sc_v": [0.0510732961132701], "val_sc_a": 0, "val_sc_v": 0, "total_sc_a": 0, "total_sc_v": 0}