{"c1": 0.020852534661384415, "c2": 0.12032833840267879, "ch1": -0.6339457120933135, "ch2": 0.050838560224498196, "di": 52.62060261123389, "dj": 54.22378284160365, "dk": 13.816001568491332, "vw_i": -1.4625297141856914, "vw_j": -6.2358796700000685, "kt": 7.172397066502049, "train_sc_a": [2.9922057367847708], "train_sc_v": [1.2963925212118024], "val_sc_a": 0, "val_sc_v": 0, "total_sc_a": 0, "total_sc_v": 0}