{"c1": 0.02067843981154065, "c2": 0.11898799199458404, "ch1": -0.6217837486747688, "ch2": 0.04847758227105407, "di": 53.51850638614166, "dj": 53.85414015402198, "dk": 9.331612214305382, "vw_i": 0.5383318936092201, "vw_j": -4.727235965829889, "kt": 6.90119534855354, "train_sc_a": [1.201256603136966], "train_sc_v": [0.19130457790888336], "val_sc_a": 0, "val_sc_v": 0, "total_sc_a": 0, "total_sc_v": 0}