{"c1": 0.019402506621583614, "c2": 0.12467054960753113, "ch1": -0.5567894391947499, "ch2": 0.056222935374069465, "di": 49.475664717326026, "dj": 50.590177295094804, "dk": 6.174306142198398, "vw_i": 0.9845618438594363, "vw_j": -4.005135750220572, "kt": 4.335968022851457, "train_sc_a": [1.8285127893027655], "train_sc_v": [1.9621446352627907], "val_sc_a": 0, "val_sc_v": 0, "total_sc_a": 0, "total_sc_v": 0}