{"c1": 0.02066813821040536, "c2": 0.11780674594380075, "ch1": -0.48816667240533496, "ch2": 0.0589481604849635, "di": 62.97114161135311, "dj": 63.59006683232378, "dk": 3.6162370212388057, "vw_i": -1.953490453243576, "vw_j": -10.816632565983465, "kt": 6.815641412006697, "train_sc_a": [14.394246291664645], "train_sc_v": [7.375427583239446], "val_sc_a": 0, "val_sc_v": 0, "total_sc_a": 0, "total_sc_v": 0}