{"c1": 0.019403926296068172, "c2": 0.11990724559180391, "ch1": -0.36211408009762364, "ch2": 0.06850401589442631, "di": 43.464036391996615, "dj": 47.028745398935854, "dk": 17.452068520476498, "vw_i": 2.04340225606121, "vw_j": -1.490349296275146, "kt": 4.833996546805225, "train_sc_a": [1.9720816522542066], "train_sc_v": [1.4984952346606497], "val_sc_a": 0, "val_sc_v": 0, "total_sc_a": 0, "total_sc_v": 0}