{"c1": 0.020873503246602424, "c2": 0.11654190452565079, "ch1": -0.6046728105869522, "ch2": 0.049723659342324235, "di": 52.75093826176297, "dj": 53.15888734650084, "dk": 7.788008405455613, "vw_i": 5.090148559690094, "vw_j": -2.5376395918720442, "kt": 6.661016508822784, "train_sc_a": [1.0351613420095602], "train_sc_v": [1.0146132142902655], "val_sc_a": 0, "val_sc_v": 0, "total_sc_a": 0, "total_sc_v": 0}