{"c1": 0.019148559185978905, "c2": 0.12871804262250433, "ch1": -0.6999294237818913, "ch2": 0.04044838510310063, "di": 46.91752753616277, "dj": 47.597690522741836, "dk": 10.668026823423677, "vw_i": 2.058433366892119, "vw_j": -3.77700594921445, "kt": 5.303567690558406, "train_sc_a": [3.7664333394299185], "train_sc_v": [1.3214028295676892], "val_sc_a": 0, "val_sc_v": 0, "total_sc_a": 0, "total_sc_v": 0}