{"c1": 0.019821547684049142, "c2": 0.1211995312627568, "ch1": -0.543868232300018, "ch2": 0.056897953351481144, "di": 48.5287748667896, "dj": 50.711143671865514, "dk": 11.759079152490644, "vw_i": 0.7338765278797634, "vw_j": -3.6451629915583124, "kt": 4.177873655922534, "train_sc_a": [3.609640876624704], "train_sc_v": [1.1511786478230626], "val_sc_a": 0, "val_sc_v": 0, "total_sc_a": 0, "total_sc_v": 0}