{"c1": 0.019225656396122854, "c2": 0.11582363867882184, "ch1": -0.15280380247645925, "ch2": 0.08652471242399198, "di": 39.42163481344759, "dj": 61.93288103230803, "dk": 5.27835426555098, "vw_i": -0.1273736512306989, "vw_j": 1.975690391873632, "kt": 3.057188768212391, "train_sc_a": [1.3793550800202574], "train_sc_v": [0.44902238252519927], "val_sc_a": 0, "val_sc_v": 0, "total_sc_a": 0, "total_sc_v": 0}