{"c1": 0.01920543627302231, "c2": 0.10832315983997248, "ch1": -0.005380011492644062, "ch2": 0.09104947130050677, "di": 21.094156022814943, "dj": 5.577150641262155, "dk": 7.515363757506319, "vw_i": -1.6440024728179337, "vw_j": 0.4724036684193038, "kt": 3.254034572225791, "train_sc_a": [0.4338239739314098], "train_sc_v": [0.1428121274991342], "val_sc_a": 0, "val_sc_v": 0, "total_sc_a": 0, "total_sc_v": 0}