{"c1": 0.01973986699386057, "c2": 0.1255297037296219, "ch1": -0.6285851937570431, "ch2": 0.04764684748057164, "di": 51.876778234523236, "dj": 55.094866891178995, "dk": 7.9346625134823805, "vw_i": 2.1444526798950623, "vw_j": -4.847235449242746, "kt": 6.9941193019610814, "train_sc_a": [2.298271759716753], "train_sc_v": [0.8978261652158676], "val_sc_a": 0, "val_sc_v": 0, "total_sc_a": 0, "total_sc_v": 0}