{"c1": 0.01962571730580268, "c2": 0.12524783012032803, "ch1": -0.6662213491197452, "ch2": 0.04289220081211922, "di": 51.41701591902894, "dj": 48.50224560581901, "dk": 9.596950012973537, "vw_i": 1.8069693096279358, "vw_j": -4.921105017507902, "kt": 5.672249733569535, "train_sc_a": [1.9248427064404992], "train_sc_v": [0.8692245201825849], "val_sc_a": 0, "val_sc_v": 0, "total_sc_a": 0, "total_sc_v": 0}