{"c1": 0.019096438734770373, "c2": 0.12768024431875166, "ch1": -0.4825222258744722, "ch2": 0.06161911905940284, "di": 54.55602126169205, "dj": 55.421863606276524, "dk": 5.171034295478267, "vw_i": -0.6427119606630065, "vw_j": -7.532059785618652, "kt": 5.3721529263541905, "train_sc_a": [6.431847168383206], "train_sc_v": [3.8911966639717583], "val_sc_a": 0, "val_sc_v": 0, "total_sc_a": 0, "total_sc_v": 0}