{"c1": 0.019666977198843475, "c2": 0.12362802092653563, "ch1": -0.5472247723620703, "ch2": 0.05701252467329012, "di": 50.38371582935007, "dj": 50.708310055988335, "dk": 6.8472477845967745, "vw_i": 0.03455972408316021, "vw_j": -5.120998620115006, "kt": 4.645299248315336, "train_sc_a": [2.015071444882937], "train_sc_v": [0.49283468081877446], "val_sc_a": 0, "val_sc_v": 0, "total_sc_a": 0, "total_sc_v": 0}