{"c1": 0.019090252787101993, "c2": 0.1092532320863524, "ch1": 0.006891355048575822, "ch2": 0.09158643509850696, "di": 22.662520971285787, "dj": 4.316074991169192, "dk": 7.120137094885107, "vw_i": -1.8852485077073111, "vw_j": -0.8990252233137255, "kt": 3.6310806085336544, "train_sc_a": [0.3430794549256753], "train_sc_v": [0.09069112591318684], "val_sc_a": 0, "val_sc_v": 0, "total_sc_a": 0, "total_sc_v": 0}