{"c1": 0.020183133346490176, "c2": 0.12278125067763589, "ch1": -0.632856423774035, "ch2": 0.04768443453967838, "di": 52.86819101729922, "dj": 53.49345196285813, "dk": 9.754582793646692, "vw_i": -0.9852279933824075, "vw_j": -5.083167948311895, "kt": 6.967795352941359, "train_sc_a": [2.145329468162234], "train_sc_v": [0.8088298435607156], "val_sc_a": 0, "val_sc_v": 0, "total_sc_a": 0, "total_sc_v": 0}