{"c1": 0.019290933499489953, "c2": 0.11939744186044834, "ch1": -0.33548400849928245, "ch2": 0.0697774230999258, "di": 45.25451568349993, "dj": 47.34358946770729, "dk": 13.024447382135579, "vw_i": 5.082313555717345, "vw_j": -0.2563131681718376, "kt": 4.803824165083919, "train_sc_a": [1.217615354849818], "train_sc_v": [0.3387460317684264], "val_sc_a": 0, "val_sc_v": 0, "total_sc_a": 0, "total_sc_v": 0}