{"c1": 0.020417309540242075, "c2": 0.11609004672770878, "ch1": -0.5696318016400509, "ch2": 0.05440967193230333, "di": 50.10117687999555, "dj": 46.52800717110326, "dk": 9.76780404721906, "vw_i": -2.8296707543936215, "vw_j": -5.568343507002725, "kt": 4.297147098134685, "train_sc_a": [1.4408717536834414], "train_sc_v": [0.48405955851722765], "val_sc_a": 0, "val_sc_v": 0, "total_sc_a": 0, "total_sc_v": 0}