{"c1": 0.020959934415183054, "c2": 0.11585282493470686, "ch1": -0.6158774266818199, "ch2": 0.0488290587644293, "di": 52.467643891426384, "dj": 52.16736842524229, "dk": 7.568459766275147, "vw_i": 4.9177153431562814, "vw_j": -2.06779341915259, "kt": 6.666591893528899, "train_sc_a": [0.6980376477847466], "train_sc_v": [0.4303516802121134], "val_sc_a": 0, "val_sc_v": 0, "total_sc_a": 0, "total_sc_v": 0}