{"c1": 0.01946949831133076, "c2": 0.12498268868564155, "ch1": -0.5368523267240892, "ch2": 0.05816668993207103, "di": 51.63876270580449, "dj": 51.94309594291394, "dk": 9.128305861895006, "vw_i": -2.3436598552592254, "vw_j": -5.342835773808804, "kt": 4.30519106016363, "train_sc_a": [0.8511380481254117], "train_sc_v": [0.8392615582168031], "val_sc_a": 0, "val_sc_v": 0, "total_sc_a": 0, "total_sc_v": 0}