{"c1": 0.018714677311897025, "c2": 0.13199352132808959, "ch1": -0.6302614811433284, "ch2": 0.04590089295017333, "di": 50.59571733554101, "dj": 53.6783163775859, "dk": 3.9335108439347213, "vw_i": 1.6768512068258676, "vw_j": -5.569935006538238, "kt": 4.853531071371086, "train_sc_a": [0.46098924260733987], "train_sc_v": [0.4115228234655143], "val_sc_a": 0, "val_sc_v": 0, "total_sc_a": 0, "total_sc_v": 0}