{"c1": 0.019859481164026006, "c2": 0.10097796175801346, "ch1": 0.005096284153884685, "ch2": 0.09182682403576815, "di": 7.031540095508734, "dj": 3.820557453557558, "dk": 4.945094323636628, "vw_i": -1.5560038336644961, "vw_j": -0.42817127924308446, "kt": 3.987613075546647, "train_sc_a": [0.6854893464218678], "train_sc_v": [0.36883868215946747], "val_sc_a": 0, "val_sc_v": 0, "total_sc_a": 0, "total_sc_v": 0}