{"c1": 0.02059271484191968, "c2": 0.11874377933369576, "ch1": -0.6498410751846974, "ch2": 0.0461373493349831, "di": 48.75615624464927, "dj": 51.37547401450314, "dk": 8.505572400712627, "vw_i": 3.889769718327818, "vw_j": -1.4040684428552468, "kt": 6.643258270239308, "train_sc_a": [5.729594662030355], "train_sc_v": [1.7792909379311226], "val_sc_a": 0, "val_sc_v": 0, "total_sc_a": 0, "total_sc_v": 0}