{"c1": 0.019961345930594763, "c2": 0.12015286017302931, "ch1": -0.518069728752396, "ch2": 0.058766092038003946, "di": 51.06526944964812, "dj": 51.07959998635098, "dk": 11.880037392323633, "vw_i": -0.399420673047024, "vw_j": -4.714091730860552, "kt": 4.16555816092883, "train_sc_a": [0.8311585607923027], "train_sc_v": [0.2025536796619484], "val_sc_a": 0, "val_sc_v": 0, "total_sc_a": 0, "total_sc_v": 0}