{"c1": 0.019842408329875338, "c2": 0.12616425498326014, "ch1": -0.6118718742236389, "ch2": 0.04948826671317501, "di": 52.551538915358286, "dj": 54.73180772312535, "dk": 11.989634045836151, "vw_i": 2.9065725204091293, "vw_j": -4.779608823666631, "kt": 7.0059223011610845, "train_sc_a": [1.4466723306246356], "train_sc_v": [0.35526368113568807], "val_sc_a": 0, "val_sc_v": 0, "total_sc_a": 0, "total_sc_v": 0}