{"c1": 0.019490046447880875, "c2": 0.10273235775641468, "ch1": -0.03447255599773297, "ch2": 0.09138992528183354, "di": 3.2594817306886266, "dj": 3.814902290215029, "dk": 3.6883819425869073, "vw_i": -3.0365242185114094, "vw_j": -1.3982774706689896, "kt": 5.047159539448881, "train_sc_a": [1.2268822641677826], "train_sc_v": [0.4232365771807515], "val_sc_a": 0, "val_sc_v": 0, "total_sc_a": 0, "total_sc_v": 0}