{"c1": 0.01907175591556965, "c2": 0.10938990625066723, "ch1": 0.010576534745358981, "ch2": 0.09184843192563671, "di": 22.659150310978834, "dj": 4.382133051262804, "dk": 7.11566614872388, "vw_i": -1.9745166138780068, "vw_j": -0.8886759341596496, "kt": 3.6293175143560923, "train_sc_a": [0.33804877307711323], "train_sc_v": [0.06170548376824823], "val_sc_a": 0, "val_sc_v": 0, "total_sc_a": 0, "total_sc_v": 0}