{"c1": 0.018965150091566917, "c2": 0.1297266786745873, "ch1": -0.6604270644607249, "ch2": 0.04253028335001723, "di": 49.63169466504339, "dj": 50.31177848357348, "dk": 9.324110050627274, "vw_i": 3.992632200054955, "vw_j": -5.3018045653946455, "kt": 5.009319538122246, "train_sc_a": [0.7852147998878347], "train_sc_v": [0.3877101137929363], "val_sc_a": 0, "val_sc_v": 0, "total_sc_a": 0, "total_sc_v": 0}