{"c1": 0.018548433727192195, "c2": 0.10959109442421955, "ch1": -0.02174827881761923, "ch2": 0.09071129086338944, "di": 6.404900542934497, "dj": 3.037908066130489, "dk": 1.765489915561145, "vw_i": -1.9671850871013903, "vw_j": -0.9333985475525861, "kt": 4.789332671349865, "train_sc_a": [0.61264668651162], "train_sc_v": [0.37789183096292495], "val_sc_a": 0, "val_sc_v": 0, "total_sc_a": 0, "total_sc_v": 0}