{"c1": 0.018228543905718413, "c2": 0.13155814128237245, "ch1": -0.55493477220723, "ch2": 0.05556177174834999, "di": 47.96919650610351, "dj": 50.325182024513296, "dk": 12.047655108477084, "vw_i": -0.6528986368325731, "vw_j": -4.281495892832693, "kt": 4.5328210904637425, "train_sc_a": [0.9649050975732367], "train_sc_v": [0.2817679920594431], "val_sc_a": 0, "val_sc_v": 0, "total_sc_a": 0, "total_sc_v": 0}