{"c1": 0.020556080459212346, "c2": 0.11916636293619398, "ch1": -0.6125560149454227, "ch2": 0.048767830535483524, "di": 53.53814459682179, "dj": 55.71970729598019, "dk": 5.899028272082519, "vw_i": 2.7944299318599777, "vw_j": -5.848389845391804, "kt": 7.019089855052085, "train_sc_a": [1.6860520368747456], "train_sc_v": [0.6941213527213289], "val_sc_a": 0, "val_sc_v": 0, "total_sc_a": 0, "total_sc_v": 0}