{"c1": 0.019347314054561218, "c2": 0.12433545347091535, "ch1": -0.5566648116290368, "ch2": 0.056286988817884735, "di": 49.1334209030158, "dj": 51.1564902749876, "dk": 6.692626720710354, "vw_i": 3.165572071247242, "vw_j": -1.8457187100428234, "kt": 4.304869552803714, "train_sc_a": [2.5140238924029767], "train_sc_v": [2.1243120044438766], "val_sc_a": 0, "val_sc_v": 0, "total_sc_a": 0, "total_sc_v": 0}