{"c1": 0.019807980102714704, "c2": 0.12460341398114042, "ch1": -0.6145149154155449, "ch2": 0.04917416779409845, "di": 55.10572137461144, "dj": 54.62924601881344, "dk": 6.146538125714125, "vw_i": -1.1566819770578207, "vw_j": -6.234085361874331, "kt": 6.638579670759519, "train_sc_a": [1.8339723720549435], "train_sc_v": [0.812802201687353], "val_sc_a": 0, "val_sc_v": 0, "total_sc_a": 0, "total_sc_v": 0}