{"c1": 0.019384386572501973, "c2": 0.12480345429064972, "ch1": -0.571270369223141, "ch2": 0.05515827889702791, "di": 46.41208113487363, "dj": 51.95875721355443, "dk": 6.1995198851259845, "vw_i": 0.8427936679961768, "vw_j": -3.5258897619563525, "kt": 4.34236506070151, "train_sc_a": [1.697813257192417], "train_sc_v": [1.4645874533160101], "val_sc_a": 0, "val_sc_v": 0, "total_sc_a": 0, "total_sc_v": 0}