{"c1": 0.020587716248292635, "c2": 0.11765412143515841, "ch1": -0.6559751399617841, "ch2": 0.04286728007944938, "di": 48.59261452000965, "dj": 51.918583521093545, "dk": 9.698498040244845, "vw_i": 4.873128738331162, "vw_j": -4.98959125332042, "kt": 4.910865174063512, "train_sc_a": [1.0778690070426276], "train_sc_v": [0.9691744426450717], "val_sc_a": 0, "val_sc_v": 0, "total_sc_a": 0, "total_sc_v": 0}