{"c1": 0.01976899197312101, "c2": 0.12290945045893419, "ch1": -0.48181414968663017, "ch2": 0.061655704699503, "di": 58.612636916506766, "dj": 50.05118817137173, "dk": 7.141704412786762, "vw_i": 0.6361686476027533, "vw_j": -7.824789528608531, "kt": 4.647436665497582, "train_sc_a": [6.194779123793472], "train_sc_v": [4.2409391127118985], "val_sc_a": 0, "val_sc_v": 0, "total_sc_a": 0, "total_sc_v": 0}