{"c1": 0.020267281683643907, "c2": 0.1180480893413741, "ch1": -0.5605725446475756, "ch2": 0.05559194913136421, "di": 50.22876705475754, "dj": 49.25785491330984, "dk": 4.440352407562307, "vw_i": 1.2654120481668383, "vw_j": -4.407368996428351, "kt": 4.265896875459935, "train_sc_a": [2.21938867988575], "train_sc_v": [1.9315575229423585], "val_sc_a": 0, "val_sc_v": 0, "total_sc_a": 0, "total_sc_v": 0}