{"c1": 0.019406283972092465, "c2": 0.12293367716506738, "ch1": -0.568306797337282, "ch2": 0.053525750120923754, "di": 46.93289529184567, "dj": 50.45025931108845, "dk": 13.194297028848057, "vw_i": 2.528321096783234, "vw_j": -3.1741864590958233, "kt": 4.534431592372446, "train_sc_a": [2.189728185371797], "train_sc_v": [1.2099066863995758], "val_sc_a": 0, "val_sc_v": 0, "total_sc_a": 0, "total_sc_v": 0}