{"c1": 0.019686640602242067, "c2": 0.11236846843215767, "ch1": -0.06309033298897868, "ch2": 0.09034180259561406, "di": 21.382912127241273, "dj": 32.24217837761717, "dk": 12.573888790533438, "vw_i": -1.2073533982886049, "vw_j": -0.7232339492846649, "kt": 2.152864197999414, "train_sc_a": [0.5480158377899385], "train_sc_v": [0.3107889268522381], "val_sc_a": 0, "val_sc_v": 0, "total_sc_a": 0, "total_sc_v": 0}