{"c1": 0.020642684996014567, "c2": 0.11847849850325046, "ch1": -0.6209967689309571, "ch2": 0.048093516000734846, "di": 52.40652951360635, "dj": 55.87199273839328, "dk": 5.588690672510658, "vw_i": 2.7006088767885545, "vw_j": -5.513321138874922, "kt": 7.021075255136823, "train_sc_a": [1.858805293828625], "train_sc_v": [0.9649737334096972], "val_sc_a": 0, "val_sc_v": 0, "total_sc_a": 0, "total_sc_v": 0}