{"c1": 0.019875438581847395, "c2": 0.12079020188952426, "ch1": -0.5163647490007134, "ch2": 0.058893798437144734, "di": 51.09319718064593, "dj": 51.191901208760584, "dk": 11.823223633945325, "vw_i": -0.46650115646542134, "vw_j": -4.7179917603954795, "kt": 4.1528453058296435, "train_sc_a": [0.810140737831728], "train_sc_v": [0.18411806895994406], "val_sc_a": 0, "val_sc_v": 0, "total_sc_a": 0, "total_sc_v": 0}