{"c1": 0.021022977644259994, "c2": 0.11347665209926945, "ch1": -0.6112519703081687, "ch2": 0.04929294335554302, "di": 53.77710355953129, "dj": 54.487652540533226, "dk": 0.902219292173638, "vw_i": 1.3479498041713254, "vw_j": -4.88302351616265, "kt": 4.7536322469833125, "train_sc_a": [4.435854871372491], "train_sc_v": [4.6353107617069425], "val_sc_a": 0, "val_sc_v": 0, "total_sc_a": 0, "total_sc_v": 0}