{"c1": 0.021823673215315153, "c2": 0.09451107397787505, "ch1": -0.2014718638743446, "ch2": 0.07691727694052469, "di": 20.36125285138985, "dj": 19.52426808964649, "dk": 11.781703321555133, "vw_i": -2.9317116399044583, "vw_j": -0.8582505217692233, "kt": 2.1259029894427854, "train_sc_a": [3.1440112624674144], "train_sc_v": [3.417902486294857], "val_sc_a": 0, "val_sc_v": 0, "total_sc_a": 0, "total_sc_v": 0}