{"c1": 0.019417477661792516, "c2": 0.12324761732110995, "ch1": -0.5573821711385621, "ch2": 0.05527217169865985, "di": 48.05703077864021, "dj": 50.13284050220312, "dk": 14.295154649502544, "vw_i": 0.580403312691656, "vw_j": -4.369933048687735, "kt": 4.31205209663579, "train_sc_a": [0.9531552369809546], "train_sc_v": [0.4069114555693703], "val_sc_a": 0, "val_sc_v": 0, "total_sc_a": 0, "total_sc_v": 0}