{"c1": 0.01925996684252275, "c2": 0.11523277247243831, "ch1": -0.18719687158096407, "ch2": 0.07925906913643863, "di": 25.693699034053903, "dj": 18.04701281762484, "dk": 8.878587863243212, "vw_i": -9.540195505051507, "vw_j": -5.621087445371717, "kt": 3.4554094202132744, "train_sc_a": [5.138342749016513], "train_sc_v": [4.524986698317089], "val_sc_a": 0, "val_sc_v": 0, "total_sc_a": 0, "total_sc_v": 0}