{"c1": 0.01974724920301202, "c2": 0.12056630349777815, "ch1": -0.4015743039689649, "ch2": 0.06533949497810827, "di": 46.631631471873426, "dj": 44.71829540876972, "dk": 24.11496928165363, "vw_i": 5.416753053946675, "vw_j": 0.5557980864994512, "kt": 4.671279220735232, "train_sc_a": [0.510170787584799], "train_sc_v": [0.2818569959209381], "val_sc_a": 0, "val_sc_v": 0, "total_sc_a": 0, "total_sc_v": 0}