{"c1": 0.01957472607171403, "c2": 0.12290170491255058, "ch1": -0.5757138499297991, "ch2": 0.05426713577127545, "di": 48.951307401471446, "dj": 47.27050967908596, "dk": 12.407745581795561, "vw_i": -0.7568681404805258, "vw_j": -3.383070007017035, "kt": 4.161618036488557, "train_sc_a": [2.280806966938673], "train_sc_v": [1.836328912605136], "val_sc_a": 0, "val_sc_v": 0, "total_sc_a": 0, "total_sc_v": 0}