{"c1": 0.020660260603180537, "c2": 0.11483849478494651, "ch1": -0.5788785213915086, "ch2": 0.053941970044619536, "di": 47.31680634075303, "dj": 47.20389675119191, "dk": 10.543291357241216, "vw_i": 0.40297091283552955, "vw_j": -3.0586006428575447, "kt": 4.097175266616112, "train_sc_a": [2.9683148936627277], "train_sc_v": [1.0842492937061954], "val_sc_a": 0, "val_sc_v": 0, "total_sc_a": 0, "total_sc_v": 0}