{"c1": 0.01949281889714898, "c2": 0.1298201208955593, "ch1": -0.6813289413787947, "ch2": 0.0469050873097307, "di": 48.64763834363758, "dj": 52.13005754393441, "dk": 11.387409064686619, "vw_i": 0.95847057623931, "vw_j": -4.728364957459416, "kt": 6.869766707085355, "train_sc_a": [1.851002130140591], "train_sc_v": [0.948799779952183], "val_sc_a": 0, "val_sc_v": 0, "total_sc_a": 0, "total_sc_v": 0}