{"c1": 0.02054800382705066, "c2": 0.1199860277248141, "ch1": -0.6349327842560991, "ch2": 0.04749309917138546, "di": 52.72722405136655, "dj": 53.12865820366453, "dk": 9.396626279982172, "vw_i": 0.8265904626659555, "vw_j": -4.065446067616501, "kt": 7.0424938212699795, "train_sc_a": [1.1992055317275785], "train_sc_v": [0.5640953878618887], "val_sc_a": 0, "val_sc_v": 0, "total_sc_a": 0, "total_sc_v": 0}