{"c1": 0.018549023888985185, "c2": 0.12030223201915227, "ch1": -0.5132725076993367, "ch2": 0.05637003940171509, "di": 25.595074813294534, "dj": 0.0, "dk": 6.725819448361453, "vw_i": -5.009732039008279, "vw_j": -3.525758614608363, "kt": 3.492611939552168, "train_sc_a": [NaN], "train_sc_v": [NaN], "val_sc_a": 0, "val_sc_v": 0, "total_sc_a": 0, "total_sc_v": 0}