{"c1": 0.01950680791096843, "c2": 0.12972107302276825, "ch1": -0.6884174161221739, "ch2": 0.046400198395130564, "di": 47.40480099660602, "dj": 52.37336205650717, "dk": 11.400927043647714, "vw_i": 0.8878602105166439, "vw_j": -4.476346073513703, "kt": 6.876521515903254, "train_sc_a": [1.9541293870972403], "train_sc_v": [1.2366337962693474], "val_sc_a": 0, "val_sc_v": 0, "total_sc_a": 0, "total_sc_v": 0}