{"c1": 0.020113161670881882, "c2": 0.12332352998895316, "ch1": -0.6348066052160835, "ch2": 0.04747673913793509, "di": 52.566699189020085, "dj": 53.63751773055512, "dk": 10.035274680237224, "vw_i": -0.687801804885363, "vw_j": -4.816702955726983, "kt": 7.020507424388393, "train_sc_a": [2.2501610662629243], "train_sc_v": [0.8300498315218707], "val_sc_a": 0, "val_sc_v": 0, "total_sc_a": 0, "total_sc_v": 0}