{"c1": 0.018630844948723538, "c2": 0.12920502198327286, "ch1": -0.5223578353282424, "ch2": 0.057883349451652695, "di": 52.91397501054518, "dj": 49.05525803770478, "dk": 8.239680678990883, "vw_i": -2.221549398648423, "vw_j": -6.246968486412446, "kt": 4.15180927142157, "train_sc_a": [1.6292446306849266], "train_sc_v": [0.47462168819992845], "val_sc_a": 0, "val_sc_v": 0, "total_sc_a": 0, "total_sc_v": 0}