{"c1": 0.018189670979624924, "c2": 0.1149188879321434, "ch1": 0.00731991867965358, "ch2": 0.09143532289166478, "di": 27.442899845066076, "dj": 0.3945159970769903, "dk": 13.637981174767614, "vw_i": -1.067893764670977, "vw_j": -0.5868877347794725, "kt": 4.253693221293933, "train_sc_a": [0.44426212918740016], "train_sc_v": [0.05981605558795388], "val_sc_a": 0, "val_sc_v": 0, "total_sc_a": 0, "total_sc_v": 0}