{"c1": 0.018841523573195136, "c2": 0.11159137347239681, "ch1": 0.021222020759395124, "ch2": 0.09262930612411911, "di": 24.341464174081004, "dj": 3.4733190594382837, "dk": 12.793192587203785, "vw_i": 0.23999391084473273, "vw_j": -0.10146039213363725, "kt": 4.271834105507945, "train_sc_a": [0.5425508965235133], "train_sc_v": [0.540430814832771], "val_sc_a": 0, "val_sc_v": 0, "total_sc_a": 0, "total_sc_v": 0}