{"c1": 0.02024441335746862, "c2": 0.12008562760960598, "ch1": -0.5445362424310637, "ch2": 0.057667954683440895, "di": 51.039861447369475, "dj": 51.250389197299654, "dk": 7.015804739823298, "vw_i": 1.1647295945779286, "vw_j": -5.717563624708105, "kt": 5.253979507119532, "train_sc_a": [1.595613689007659], "train_sc_v": [1.8160947967928647], "val_sc_a": 0, "val_sc_v": 0, "total_sc_a": 0, "total_sc_v": 0}