{"c1": 0.019787214333720056, "c2": 0.12475603283322106, "ch1": -0.6241645104665804, "ch2": 0.04846258254173494, "di": 53.93140370432725, "dj": 54.683166508760536, "dk": 6.155251898187408, "vw_i": -1.0659915945955916, "vw_j": -5.801606192924567, "kt": 6.6522386467112655, "train_sc_a": [1.5964628359554704], "train_sc_v": [0.28175354297942096], "val_sc_a": 0, "val_sc_v": 0, "total_sc_a": 0, "total_sc_v": 0}