{"c1": 0.018064817726130476, "c2": 0.11300831484750917, "ch1": -0.01688958078899405, "ch2": 0.09105879659553147, "di": 6.381042087041852, "dj": 3.176748741736013, "dk": 1.5090152524053946, "vw_i": -1.9105854888797946, "vw_j": -0.9033274817816462, "kt": 4.831492357339038, "train_sc_a": [0.5338492335452061], "train_sc_v": [0.17937525239385466], "val_sc_a": 0, "val_sc_v": 0, "total_sc_a": 0, "total_sc_v": 0}