{"c1": 0.02046825918797858, "c2": 0.11325314997292497, "ch1": -0.4511973352880327, "ch2": 0.061709693612353254, "di": 40.06855590547719, "dj": 43.07292913388405, "dk": 21.547704531404303, "vw_i": 2.6163873277628245, "vw_j": 2.2344060821032956, "kt": 4.8603356413173096, "train_sc_a": [3.70548841017376], "train_sc_v": [4.485274398464379], "val_sc_a": 0, "val_sc_v": 0, "total_sc_a": 0, "total_sc_v": 0}