{"c1": 0.019748064404155826, "c2": 0.1174282359350092, "ch1": -0.332985333913799, "ch2": 0.07064604540899393, "di": 45.4988861162537, "dj": 47.38797449402327, "dk": 17.781429463662562, "vw_i": 2.3000114297109455, "vw_j": -2.4710084011448537, "kt": 4.866537400335512, "train_sc_a": [1.2356871556968345], "train_sc_v": [0.7271653111215413], "val_sc_a": 0, "val_sc_v": 0, "total_sc_a": 0, "total_sc_v": 0}