{"c1": 0.019430037433942365, "c2": 0.12722237241544243, "ch1": -0.6348646650971844, "ch2": 0.0456471498111881, "di": 50.06850417041145, "dj": 53.65282843753747, "dk": 7.655501700256625, "vw_i": 1.5081324509327585, "vw_j": -5.610284575309748, "kt": 4.876650664090175, "train_sc_a": [1.3418405541275067], "train_sc_v": [0.47572221096032336], "val_sc_a": 0, "val_sc_v": 0, "total_sc_a": 0, "total_sc_v": 0}