{"c1": 0.02020037674670193, "c2": 0.11944701655902762, "ch1": -0.530281218057735, "ch2": 0.0580255731482422, "di": 49.13076964554018, "dj": 53.436463130192934, "dk": 4.571202794177606, "vw_i": 1.4021460617797532, "vw_j": -4.41254638086466, "kt": 4.527740752050757, "train_sc_a": [0.9867346580582459], "train_sc_v": [0.7773740694864966], "val_sc_a": 0, "val_sc_v": 0, "total_sc_a": 0, "total_sc_v": 0}