{"c1": 0.02062206450021765, "c2": 0.11609400801442077, "ch1": -0.4894246306114229, "ch2": 0.061293483100934576, "di": 53.015023960032515, "dj": 55.79718912242041, "dk": 11.383770601550529, "vw_i": -0.01786275198659322, "vw_j": -5.006598325279313, "kt": 4.705070624758119, "train_sc_a": [1.190552112610657], "train_sc_v": [0.325779517887728], "val_sc_a": 0, "val_sc_v": 0, "total_sc_a": 0, "total_sc_v": 0}