{"c1": 0.018136092332837847, "c2": 0.13214368353397912, "ch1": -0.5539863046249844, "ch2": 0.05565134583478957, "di": 47.97612304830532, "dj": 50.40972473542944, "dk": 11.351200176455556, "vw_i": -0.744413723223873, "vw_j": -4.368599514372412, "kt": 4.517253899194437, "train_sc_a": [1.2453306900943246], "train_sc_v": [0.9480025364013703], "val_sc_a": 0, "val_sc_v": 0, "total_sc_a": 0, "total_sc_v": 0}