{"c1": 0.020643848192899942, "c2": 0.11818117652105374, "ch1": -0.6708423437859582, "ch2": 0.0444461637855942, "di": 51.98551982336957, "dj": 50.33108383493666, "dk": 4.8341043167998965, "vw_i": -1.5002149929383686, "vw_j": -4.820346689485854, "kt": 6.660607129365677, "train_sc_a": [3.104528111325531], "train_sc_v": [2.324602053818445], "val_sc_a": 0, "val_sc_v": 0, "total_sc_a": 0, "total_sc_v": 0}