{"c1": 0.020734674939941106, "c2": 0.11624429130391012, "ch1": -0.6523446643136437, "ch2": 0.04847543126355201, "di": 51.516359890106166, "dj": 38.12736624324755, "dk": 4.550879625703919, "vw_i": -2.8073050055969153, "vw_j": -4.118518105453059, "kt": 5.020343692467781, "train_sc_a": [4.7919221100603515], "train_sc_v": [3.674145919737609], "val_sc_a": 0, "val_sc_v": 0, "total_sc_a": 0, "total_sc_v": 0}