{"c1": 0.02067869971416842, "c2": 0.118986000784016, "ch1": -0.62192024949005, "ch2": 0.048466919141260056, "di": 53.50534439910061, "dj": 53.851466847215924, "dk": 9.33147861768369, "vw_i": 0.5373781736869394, "vw_j": -4.721331163029197, "kt": 6.900843720513883, "train_sc_a": [1.20505708968276], "train_sc_v": [0.19517794412222053], "val_sc_a": 0, "val_sc_v": 0, "total_sc_a": 0, "total_sc_v": 0}