{"c1": 0.0194845203285621, "c2": 0.12265147072025283, "ch1": -0.3479910406996083, "ch2": 0.06971077640639868, "di": 70.24001081634262, "dj": 51.18414173977052, "dk": 14.063135721261538, "vw_i": 6.76020290466841, "vw_j": -9.48401427555506, "kt": 4.496241309458348, "train_sc_a": [13.42800520105131], "train_sc_v": [8.28682464456902], "val_sc_a": 0, "val_sc_v": 0, "total_sc_a": 0, "total_sc_v": 0}