{"c1": 0.018906767790620244, "c2": 0.11814084696726555, "ch1": -0.15546917648595626, "ch2": 0.08634969791228658, "di": 38.34127749656158, "dj": 63.06422275367763, "dk": 5.325005922357297, "vw_i": -0.6595483032356468, "vw_j": 1.6792781604387053, "kt": 2.9819393956622733, "train_sc_a": [0.4440679598244469], "train_sc_v": [0.08916841332185713], "val_sc_a": 0, "val_sc_v": 0, "total_sc_a": 0, "total_sc_v": 0}