{"c1": 0.01973578793775339, "c2": 0.1272732841407686, "ch1": -0.6799030383394781, "ch2": 0.04622284838303207, "di": 50.60753934457948, "dj": 50.50703082521309, "dk": 13.274392779923923, "vw_i": 6.117983808393514, "vw_j": -1.4343273664736027, "kt": 6.522182031600441, "train_sc_a": [0.8330835271792021], "train_sc_v": [0.3188309397446207], "val_sc_a": 0, "val_sc_v": 0, "total_sc_a": 0, "total_sc_v": 0}