{"c1": 0.019187696818330897, "c2": 0.10923367442601872, "ch1": 0.011007335392597673, "ch2": 0.09202588339045396, "di": 24.190414205500932, "dj": 3.150367382768001, "dk": 13.472314333274374, "vw_i": -0.8528812535592828, "vw_j": -0.2363887518153115, "kt": 4.233706340085941, "train_sc_a": [0.6864848599002729], "train_sc_v": [0.17311464113873637], "val_sc_a": 0, "val_sc_v": 0, "total_sc_a": 0, "total_sc_v": 0}