{"c1": 0.018776613914310562, "c2": 0.10837705617465865, "ch1": -0.024451186932834622, "ch2": 0.09192975210781333, "di": 1.0979669771616805, "dj": 3.2557697720527914, "dk": 8.316638433974338, "vw_i": -2.30182344392261, "vw_j": -1.0398261966602025, "kt": 5.098541240003326, "train_sc_a": [1.2931696523556395], "train_sc_v": [1.3494767335201474], "val_sc_a": 0, "val_sc_v": 0, "total_sc_a": 0, "total_sc_v": 0}