{"c1": 0.019380132048129124, "c2": 0.12408023532006605, "ch1": -0.4962619011483939, "ch2": 0.060566439638323026, "di": 55.033698944545726, "dj": 51.063772648245454, "dk": 6.5360878858065155, "vw_i": 2.517024488875419, "vw_j": -4.5651556330355785, "kt": 4.309844435379484, "train_sc_a": [0.7657077846912084], "train_sc_v": [0.41095487446746276], "val_sc_a": 0, "val_sc_v": 0, "total_sc_a": 0, "total_sc_v": 0}