{"c1": 0.020510447280120997, "c2": 0.11603643266499608, "ch1": -0.5398783457227603, "ch2": 0.05582377310016703, "di": 50.950600591266735, "dj": 49.04726090207782, "dk": 0.0, "vw_i": 4.483882383414438, "vw_j": -5.1866091401247605, "kt": 4.275311757586815, "train_sc_a": [2.7940394449865176], "train_sc_v": [1.8753238531649865], "val_sc_a": 0, "val_sc_v": 0, "total_sc_a": 0, "total_sc_v": 0}