{"c1": 0.018746886386290997, "c2": 0.12340857046986381, "ch1": -0.30703440137088805, "ch2": 0.07129280416776741, "di": 44.12014400030773, "dj": 47.77720499240631, "dk": 14.766970515550252, "vw_i": -0.021644402681618786, "vw_j": -3.5095582232964757, "kt": 4.875667366769749, "train_sc_a": [0.8610976536119154], "train_sc_v": [0.3850947814908888], "val_sc_a": 0, "val_sc_v": 0, "total_sc_a": 0, "total_sc_v": 0}