{"c1": 0.020356218642702296, "c2": 0.12161683124540162, "ch1": -0.6009260734240465, "ch2": 0.05052875568794671, "di": 54.71576669496486, "dj": 53.73285061346452, "dk": 7.67199796776315, "vw_i": 2.7842289932882935, "vw_j": -5.176604938197392, "kt": 6.918790634393329, "train_sc_a": [1.472993070308012], "train_sc_v": [1.168767679165884], "val_sc_a": 0, "val_sc_v": 0, "total_sc_a": 0, "total_sc_v": 0}