{"c1": 0.021014554679487464, "c2": 0.11352876339829301, "ch1": -0.608746920579382, "ch2": 0.04953765359989227, "di": 54.03532524951814, "dj": 54.529140826915565, "dk": 0.8387449100160631, "vw_i": 1.3587797355741946, "vw_j": -4.97056924009826, "kt": 4.751944259537963, "train_sc_a": [0.27858556728104067], "train_sc_v": [0.12515725064485952], "val_sc_a": 0, "val_sc_v": 0, "total_sc_a": 0, "total_sc_v": 0}