{"c1": 0.018678291912930706, "c2": 0.11936922696618545, "ch1": -0.3737022174171359, "ch2": 0.06610720807915607, "di": 25.621195221243404, "dj": 12.613274062491145, "dk": 6.400716226546653, "vw_i": -6.760278227903988, "vw_j": -4.165419415317456, "kt": 3.4898062423778122, "train_sc_a": [6.722768722899544], "train_sc_v": [4.4311763495308485], "val_sc_a": 0, "val_sc_v": 0, "total_sc_a": 0, "total_sc_v": 0}