{"c1": 0.020353218169021466, "c2": 0.11751706697138418, "ch1": -0.5351272882709869, "ch2": 0.05778396006541193, "di": 50.97761953518817, "dj": 51.60702597528562, "dk": 4.032167958997902, "vw_i": 1.3287785586129097, "vw_j": -4.635690526506658, "kt": 4.391052570046189, "train_sc_a": [0.7955930494887629], "train_sc_v": [0.8443572078951138], "val_sc_a": 0, "val_sc_v": 0, "total_sc_a": 0, "total_sc_v": 0}