{"c1": 0.018425456690566798, "c2": 0.1142029895329076, "ch1": 0.035487060051154797, "ch2": 0.09354794673272719, "di": 26.038954041532868, "dj": 3.261844543756405, "dk": 14.927667455918229, "vw_i": -0.4133538271552587, "vw_j": -0.12229253861851018, "kt": 4.170123353037005, "train_sc_a": [0.7276947340245521], "train_sc_v": [0.10542837963247077], "val_sc_a": 0, "val_sc_v": 0, "total_sc_a": 0, "total_sc_v": 0}