{"c1": 0.01946849858455861, "c2": 0.10697803945246623, "ch1": -0.010472853405907728, "ch2": 0.09033411361791503, "di": 23.388980844990893, "dj": 2.827747470023221, "dk": 11.365430489203904, "vw_i": -0.7744052109313568, "vw_j": -1.0185016726048786, "kt": 3.7779157249143, "train_sc_a": [1.4303425140867256], "train_sc_v": [1.60831350679802], "val_sc_a": 0, "val_sc_v": 0, "total_sc_a": 0, "total_sc_v": 0}