{"c1": 0.020613009357154363, "c2": 0.11616367920211379, "ch1": -0.5119748688473591, "ch2": 0.059544029007052475, "di": 52.435515232149534, "dj": 54.27711866721403, "dk": 11.384623138238124, "vw_i": 0.5360900407881377, "vw_j": -4.038524326634797, "kt": 4.706420053933004, "train_sc_a": [3.6977903608774136], "train_sc_v": [1.6732201663395425], "val_sc_a": 0, "val_sc_v": 0, "total_sc_a": 0, "total_sc_v": 0}