{"c1": 0.018841462722304324, "c2": 0.11186160466201443, "ch1": 0.007467483250439034, "ch2": 0.09166763027766958, "di": 24.180511531176794, "dj": 3.030755033578742, "dk": 13.57863193237331, "vw_i": -0.7658088493184039, "vw_j": -0.12182146001556132, "kt": 3.7759148319955425, "train_sc_a": [0.9935970425123515], "train_sc_v": [0.8190714492072544], "val_sc_a": 0, "val_sc_v": 0, "total_sc_a": 0, "total_sc_v": 0}