{"c1": 0.019519085215751717, "c2": 0.12336473856022241, "ch1": -0.5233743975338205, "ch2": 0.058172155570179455, "di": 50.96560718448425, "dj": 51.00603693763367, "dk": 12.291312244645587, "vw_i": -1.2274081210913068, "vw_j": -4.8241499562667025, "kt": 4.2302189617646455, "train_sc_a": [0.7450372765073835], "train_sc_v": [0.18486381115005296], "val_sc_a": 0, "val_sc_v": 0, "total_sc_a": 0, "total_sc_v": 0}