{"c1": 0.019342119737834534, "c2": 0.12437359545004714, "ch1": -0.5147733654911693, "ch2": 0.0593096688524806, "di": 55.23006111695658, "dj": 50.975187208483554, "dk": 6.602902594264484, "vw_i": 0.7638692212260833, "vw_j": -4.405711284439152, "kt": 4.357598550687551, "train_sc_a": [1.702143782796368], "train_sc_v": [1.6507618980500354], "val_sc_a": 0, "val_sc_v": 0, "total_sc_a": 0, "total_sc_v": 0}