{"c1": 0.01841319702270297, "c2": 0.1142639447075745, "ch1": 0.035811917704625745, "ch2": 0.093570376504931, "di": 26.038976880248015, "dj": 3.2663021223626276, "dk": 14.868129234845611, "vw_i": -0.43464350656666617, "vw_j": -0.13808977754638763, "kt": 4.200949176676176, "train_sc_a": [1.8758055664705768], "train_sc_v": [1.212095944080784], "val_sc_a": 0, "val_sc_v": 0, "total_sc_a": 0, "total_sc_v": 0}