{"c1": 0.019126779905332684, "c2": 0.12696374987585185, "ch1": -0.5186207924970412, "ch2": 0.059006588199382114, "di": 53.07044425817621, "dj": 52.83003732507301, "dk": 12.526789050514338, "vw_i": 0.20572732935441704, "vw_j": -4.373274711895033, "kt": 4.5735924109918, "train_sc_a": [1.9069398789971135], "train_sc_v": [0.9763096241230529], "val_sc_a": 0, "val_sc_v": 0, "total_sc_a": 0, "total_sc_v": 0}