{"c1": 0.018147309101657662, "c2": 0.12834281248572252, "ch1": -0.38640515896361866, "ch2": 0.06688321998229839, "di": 45.04794328141825, "dj": 43.45143900316163, "dk": 15.307862537006722, "vw_i": 2.1083727016617635, "vw_j": -0.4201073682792249, "kt": 4.785525347362129, "train_sc_a": [0.3857281679483657], "train_sc_v": [0.24258205165742588], "val_sc_a": 0, "val_sc_v": 0, "total_sc_a": 0, "total_sc_v": 0}