{"c1": 0.01868662969284106, "c2": 0.11137228403707466, "ch1": -0.0003459634480204566, "ch2": 0.09089755768574104, "di": 26.790241642312278, "dj": 0.6381630341168189, "dk": 13.69586980061358, "vw_i": -0.8962745622356517, "vw_j": -0.021914892744162792, "kt": 4.197810698815275, "train_sc_a": [0.6624083956153483], "train_sc_v": [0.22296648844119413], "val_sc_a": 0, "val_sc_v": 0, "total_sc_a": 0, "total_sc_v": 0}