{"c1": 0.020341021361601774, "c2": 0.11666794694790535, "ch1": -0.6030681780083073, "ch2": 0.05185998704787127, "di": 49.52781847692281, "dj": 42.87042584560171, "dk": 9.719043583515726, "vw_i": -2.0730188299461934, "vw_j": -4.40984998657051, "kt": 4.279423960782471, "train_sc_a": [2.107577980198047], "train_sc_v": [1.8627965216893139], "val_sc_a": 0, "val_sc_v": 0, "total_sc_a": 0, "total_sc_v": 0}