{"c1": 0.020319226360270823, "c2": 0.12106141665927708, "ch1": -0.5597444330011876, "ch2": 0.052957627939536324, "di": 59.9991864854456, "dj": 55.32824627819631, "dk": 6.886413479179668, "vw_i": 3.367864634267972, "vw_j": -8.042580096855039, "kt": 7.014248350606882, "train_sc_a": [5.6078558175687085], "train_sc_v": [3.6142997358904836], "val_sc_a": 0, "val_sc_v": 0, "total_sc_a": 0, "total_sc_v": 0}