{"c1": 0.01927352491665123, "c2": 0.11561369915643278, "ch1": -0.2606596197769071, "ch2": 0.07808502617345169, "di": 38.58982175810259, "dj": 54.95060122990332, "dk": 5.91727206088577, "vw_i": 9.405434770354123, "vw_j": 3.818106368891172, "kt": 3.2443679017395435, "train_sc_a": [2.9471424389559417], "train_sc_v": [2.981941677808057], "val_sc_a": 0, "val_sc_v": 0, "total_sc_a": 0, "total_sc_v": 0}