{"c1": 0.02071400681094258, "c2": 0.11380775612234229, "ch1": -0.5347083769230545, "ch2": 0.0570887968848818, "di": 46.506311265128645, "dj": 53.81787401352811, "dk": 9.783588520440354, "vw_i": -3.139958146432979, "vw_j": -7.729019234771277, "kt": 4.322668455195496, "train_sc_a": [1.4445484439329062], "train_sc_v": [0.6729146232146161], "val_sc_a": 0, "val_sc_v": 0, "total_sc_a": 0, "total_sc_v": 0}