{"c1": 0.0214119533475458, "c2": 0.10683697710953183, "ch1": -0.4328669211396273, "ch2": 0.06275493439862312, "di": 41.93168640098758, "dj": 46.55824909247756, "dk": 19.94569666872992, "vw_i": 4.171956623697139, "vw_j": -0.41428704271106354, "kt": 4.664990224229823, "train_sc_a": [2.1491364177525107], "train_sc_v": [2.1818043298518495], "val_sc_a": 0, "val_sc_v": 0, "total_sc_a": 0, "total_sc_v": 0}