{"c1": 0.02066585416357737, "c2": 0.1147476678934059, "ch1": -0.5266477722760126, "ch2": 0.0582121555010131, "di": 49.352426177782846, "dj": 51.21948035928925, "dk": 9.880088228439273, "vw_i": -0.22898444398342677, "vw_j": -5.171645041907855, "kt": 3.9977262249115775, "train_sc_a": [0.6451111226393965], "train_sc_v": [0.3642492726161978], "val_sc_a": 0, "val_sc_v": 0, "total_sc_a": 0, "total_sc_v": 0}