{"c1": 0.019177948378387023, "c2": 0.10449682055527883, "ch1": -0.05295422364464725, "ch2": 0.08871668337888512, "di": 3.5442384779156915, "dj": 3.450586588375056, "dk": 0.009681383080689337, "vw_i": -2.6420145664546357, "vw_j": -1.2017687372671768, "kt": 4.97969066136287, "train_sc_a": [1.482976514886294], "train_sc_v": [1.6769942817075234], "val_sc_a": 0, "val_sc_v": 0, "total_sc_a": 0, "total_sc_v": 0}