{"c1": 0.019430428038984225, "c2": 0.12394162202275415, "ch1": -0.5439710365108374, "ch2": 0.05652667529681787, "di": 50.753985325554254, "dj": 48.86680608051679, "dk": 12.4700440665806, "vw_i": -0.7792039782810023, "vw_j": -4.67929743501932, "kt": 4.11536346139297, "train_sc_a": [1.367385346940326], "train_sc_v": [0.6594204708261358], "val_sc_a": 0, "val_sc_v": 0, "total_sc_a": 0, "total_sc_v": 0}