{"c1": 0.020667346700050035, "c2": 0.11476875540809117, "ch1": -0.7063136370607971, "ch2": 0.04344789919662624, "di": 40.526623440706175, "dj": 38.98485634753671, "dk": 10.36624940220302, "vw_i": -4.383562000225233, "vw_j": -0.3457451001418155, "kt": 3.97506611086967, "train_sc_a": [8.742986520097967], "train_sc_v": [8.683140904499055], "val_sc_a": 0, "val_sc_v": 0, "total_sc_a": 0, "total_sc_v": 0}