{"c1": 0.0193987044596136, "c2": 0.1296675865032347, "ch1": -0.6897315347221579, "ch2": 0.044985379559841075, "di": 48.48865565999961, "dj": 51.152323147934254, "dk": 12.903368469721165, "vw_i": 5.9207940058271245, "vw_j": -1.4757193316081383, "kt": 6.619112365889435, "train_sc_a": [4.252221725488293], "train_sc_v": [1.71930520876035], "val_sc_a": 0, "val_sc_v": 0, "total_sc_a": 0, "total_sc_v": 0}