{"c1": 0.02014197357915762, "c2": 0.12197533233068675, "ch1": -0.6588984152578543, "ch2": 0.045049322796662516, "di": 50.69743662991375, "dj": 53.24602019666899, "dk": 5.324497599562792, "vw_i": -2.2751420241168714, "vw_j": -5.454028304283899, "kt": 6.734797604480397, "train_sc_a": [1.5417801055233913], "train_sc_v": [1.7929510421474475], "val_sc_a": 0, "val_sc_v": 0, "total_sc_a": 0, "total_sc_v": 0}