{"c1": 0.01969535118951178, "c2": 0.12537526680868855, "ch1": -0.6383699268201578, "ch2": 0.0455326924583587, "di": 51.90512666584469, "dj": 51.2918420167987, "dk": 8.39894621898874, "vw_i": 1.7113636662362375, "vw_j": -5.031002224644024, "kt": 4.888972050991235, "train_sc_a": [0.5687696592337156], "train_sc_v": [0.4139490701507788], "val_sc_a": 0, "val_sc_v": 0, "total_sc_a": 0, "total_sc_v": 0}