{"c1": 0.02005739201091369, "c2": 0.12017920368529839, "ch1": -0.561068126641784, "ch2": 0.056269654457520364, "di": 48.4863807002875, "dj": 52.24491832315382, "dk": 7.7221958803310855, "vw_i": -2.8927418018381186, "vw_j": -4.72974059898084, "kt": 4.378863129617376, "train_sc_a": [1.2626085399403126], "train_sc_v": [0.7169450375550794], "val_sc_a": 0, "val_sc_v": 0, "total_sc_a": 0, "total_sc_v": 0}