{"c1": 0.018993328891383394, "c2": 0.13014385685011792, "ch1": -0.6325427304906254, "ch2": 0.04580771911086251, "di": 50.4004029197754, "dj": 53.599732392872355, "dk": 5.499884357052702, "vw_i": 1.7678326167622131, "vw_j": -5.475152203623978, "kt": 4.847516608788649, "train_sc_a": [0.6081131613428358], "train_sc_v": [0.4151966020599305], "val_sc_a": 0, "val_sc_v": 0, "total_sc_a": 0, "total_sc_v": 0}