{"c1": 0.02010041775852003, "c2": 0.12533500389909788, "ch1": -0.6441084194474054, "ch2": 0.04929862178458195, "di": 51.503192552013196, "dj": 53.89903790825351, "dk": 11.024376899136874, "vw_i": 2.667749253022404, "vw_j": -5.922417652991429, "kt": 6.783287544780098, "train_sc_a": [1.7905692030541493], "train_sc_v": [0.6370293242057493], "val_sc_a": 0, "val_sc_v": 0, "total_sc_a": 0, "total_sc_v": 0}