{"c1": 0.020362478341772638, "c2": 0.12043626101318027, "ch1": -0.67139253080432, "ch2": 0.04381836625396456, "di": 49.36148343969187, "dj": 48.66762382070878, "dk": 8.00875209071724, "vw_i": 3.02705476519027, "vw_j": -1.0313302973798633, "kt": 6.210323091735745, "train_sc_a": [5.909856881409237], "train_sc_v": [1.920287721517831], "val_sc_a": 0, "val_sc_v": 0, "total_sc_a": 0, "total_sc_v": 0}