{"c1": 0.018193829384264688, "c2": 0.11219463680963249, "ch1": -0.019849032761754853, "ch2": 0.09086078973027162, "di": 6.77788049723619, "dj": 2.627654056594049, "dk": 1.9523618888320413, "vw_i": -1.979231965858107, "vw_j": -0.8488261769677683, "kt": 4.824945676572773, "train_sc_a": [0.7535340236901856], "train_sc_v": [0.17700962788008184], "val_sc_a": 0, "val_sc_v": 0, "total_sc_a": 0, "total_sc_v": 0}