{"c1": 0.018906767789894634, "c2": 0.11814084697237759, "ch1": -0.15546917652470946, "ch2": 0.08634969791015411, "di": 38.34127749355986, "dj": 63.06422275375259, "dk": 5.325005922081795, "vw_i": -0.6595483027693773, "vw_j": 1.679278157904278, "kt": 2.9819393953202336, "train_sc_a": [0.44406795969013046], "train_sc_v": [0.08916841336525928], "val_sc_a": 0, "val_sc_v": 0, "total_sc_a": 0, "total_sc_v": 0}