{"c1": 0.019338340386127202, "c2": 0.12439798331083891, "ch1": -0.5217465057255115, "ch2": 0.05875083457010613, "di": 50.885818426868, "dj": 52.630703003729494, "dk": 6.678851307630956, "vw_i": 2.6520571772109998, "vw_j": -3.4341132307004463, "kt": 4.309787112291292, "train_sc_a": [0.9030031481146691], "train_sc_v": [0.46746470326788553], "val_sc_a": 0, "val_sc_v": 0, "total_sc_a": 0, "total_sc_v": 0}