{"c1": 0.0185210967726861, "c2": 0.12974155228891332, "ch1": -0.5557851633048573, "ch2": 0.055460481972274225, "di": 48.65691641663723, "dj": 49.59086843166122, "dk": 14.531444878778455, "vw_i": -0.31070253502579837, "vw_j": -4.020311086929891, "kt": 4.597619918101834, "train_sc_a": [0.7964176916198472], "train_sc_v": [0.2635299454530255], "val_sc_a": 0, "val_sc_v": 0, "total_sc_a": 0, "total_sc_v": 0}