{"c1": 0.019147433977557225, "c2": 0.12872581132245872, "ch1": -0.7010372453577752, "ch2": 0.040371906677942604, "di": 46.86794767551647, "dj": 47.481766051807824, "dk": 10.664996314619458, "vw_i": 2.0148341547498196, "vw_j": -3.763885493502258, "kt": 5.304090620960078, "train_sc_a": [3.650863568651136], "train_sc_v": [1.2655228791704594], "val_sc_a": 0, "val_sc_v": 0, "total_sc_a": 0, "total_sc_v": 0}