{"c1": 0.019823439016709972, "c2": 0.12448927134165158, "ch1": -0.6341745853014705, "ch2": 0.04770598551320474, "di": 52.20493636151087, "dj": 55.19884841953848, "dk": 6.133305687911748, "vw_i": -1.0817760225386217, "vw_j": -5.4493507762906415, "kt": 6.614954892216492, "train_sc_a": [1.9663748034527158], "train_sc_v": [1.0373440501938145], "val_sc_a": 0, "val_sc_v": 0, "total_sc_a": 0, "total_sc_v": 0}