{"c1": 0.020572788554930627, "c2": 0.11979325850615792, "ch1": -0.6178501189554564, "ch2": 0.04882469715503783, "di": 53.69334086542125, "dj": 54.13438771004028, "dk": 9.344868867511366, "vw_i": 0.5648456793436114, "vw_j": -4.783425270834024, "kt": 7.044960246464345, "train_sc_a": [2.261019038509893], "train_sc_v": [1.1435260186138767], "val_sc_a": 0, "val_sc_v": 0, "total_sc_a": 0, "total_sc_v": 0}