{"c1": 0.01990984675833236, "c2": 0.1196293615820177, "ch1": -0.557996825380354, "ch2": 0.05502196721124943, "di": 48.80683874834178, "dj": 49.5394756007316, "dk": 14.532276869749328, "vw_i": 1.6144556952956755, "vw_j": -3.1856969102685033, "kt": 4.455871659611384, "train_sc_a": [2.221446907266372], "train_sc_v": [0.8329634406811123], "val_sc_a": 0, "val_sc_v": 0, "total_sc_a": 0, "total_sc_v": 0}