{"c1": 0.019740781914004784, "c2": 0.12178866946386083, "ch1": -0.5153363578110385, "ch2": 0.05897307538512637, "di": 50.998388925003916, "dj": 51.330328918175475, "dk": 11.711599677344513, "vw_i": -0.5713687969168687, "vw_j": -4.637927261378537, "kt": 4.129573910721034, "train_sc_a": [6.582526871742046], "train_sc_v": [2.1881573098542373], "val_sc_a": 0, "val_sc_v": 0, "total_sc_a": 0, "total_sc_v": 0}