{"c1": 0.019826144740447423, "c2": 0.11097627581481687, "ch1": -0.11285077477335455, "ch2": 0.08292438597133647, "di": 21.18681331251573, "dj": 21.222662210251368, "dk": 21.591556001989627, "vw_i": -4.928759964897709, "vw_j": -2.318339847650109, "kt": 2.6528571115559587, "train_sc_a": [1.5758710264548599], "train_sc_v": [1.5932213393363006], "val_sc_a": 0, "val_sc_v": 0, "total_sc_a": 0, "total_sc_v": 0}