{"c1": 0.01863890949740216, "c2": 0.1126902783877613, "ch1": -0.024545184089394226, "ch2": 0.08939861724396699, "di": 22.281188238676307, "dj": 4.160420069185118, "dk": 8.006862331733183, "vw_i": -1.2013437359884223, "vw_j": -0.9482970128448522, "kt": 3.4570593162105783, "train_sc_a": [0.7918688741376185], "train_sc_v": [0.2957049145438487], "val_sc_a": 0, "val_sc_v": 0, "total_sc_a": 0, "total_sc_v": 0}