{"c1": 0.01809645862741058, "c2": 0.12867003611454542, "ch1": -0.3856387160116594, "ch2": 0.06693231180511401, "di": 44.29833757501811, "dj": 44.27659717171961, "dk": 15.108868090799543, "vw_i": 2.0676032737167933, "vw_j": -0.39932814416065243, "kt": 4.793126843553126, "train_sc_a": [1.5395537724697856], "train_sc_v": [1.519774205471157], "val_sc_a": 0, "val_sc_v": 0, "total_sc_a": 0, "total_sc_v": 0}