{"c1": 0.020995112462387302, "c2": 0.11585564323986114, "ch1": -0.6656318511751732, "ch2": 0.045345084787405156, "di": 50.3890130126155, "dj": 53.063896354867566, "dk": 6.782214212647879, "vw_i": 0.41915921956869634, "vw_j": -3.4598468584311135, "kt": 7.040395939270983, "train_sc_a": [1.3347989155932496], "train_sc_v": [0.4772618050899678], "val_sc_a": 0, "val_sc_v": 0, "total_sc_a": 0, "total_sc_v": 0}