{"c1": 0.018840909000812384, "c2": 0.11186588339400153, "ch1": 0.007528100303878783, "ch2": 0.09167231691560336, "di": 24.180668422664162, "dj": 3.0354803100576326, "dk": 13.580406200893272, "vw_i": -0.7641682457093074, "vw_j": -0.12216679481544694, "kt": 3.775895859661159, "train_sc_a": [1.7233071166762055], "train_sc_v": [0.30775755767096974], "val_sc_a": 0, "val_sc_v": 0, "total_sc_a": 0, "total_sc_v": 0}