{"c1": 0.019906935637350257, "c2": 0.11965084329356618, "ch1": -0.55798226498947, "ch2": 0.05502427073959588, "di": 48.8195314735424, "dj": 49.52756470400203, "dk": 14.530915873798534, "vw_i": 1.6068462308233833, "vw_j": -3.1941491798557116, "kt": 4.454927531072331, "train_sc_a": [2.216142288502243], "train_sc_v": [0.829917316379598], "val_sc_a": 0, "val_sc_v": 0, "total_sc_a": 0, "total_sc_v": 0}