{"c1": 0.02120794338136987, "c2": 0.1146434132427105, "ch1": -0.6271868828945784, "ch2": 0.04820129496410832, "di": 53.028274530701594, "dj": 52.445047517861966, "dk": 3.4824181809690455, "vw_i": 2.3403570680391192, "vw_j": -4.623539294662247, "kt": 6.38922184472276, "train_sc_a": [1.794722547271578], "train_sc_v": [1.003169998461903], "val_sc_a": 0, "val_sc_v": 0, "total_sc_a": 0, "total_sc_v": 0}