{"c1": 0.021188408362023403, "c2": 0.11480895985814302, "ch1": -0.6224800104602461, "ch2": 0.04860020064115573, "di": 53.55558555791704, "dj": 52.46530666424246, "dk": 3.6183932324447303, "vw_i": 2.427412305225855, "vw_j": -4.797575980603505, "kt": 6.405155046276789, "train_sc_a": [2.9605795434959252], "train_sc_v": [1.2365127647667888], "val_sc_a": 0, "val_sc_v": 0, "total_sc_a": 0, "total_sc_v": 0}