{"c1": 0.020852801070172844, "c2": 0.11390831658542525, "ch1": -0.5608830947195615, "ch2": 0.056505546770275486, "di": 49.67382321595548, "dj": 51.12861043347583, "dk": 4.401803855864344, "vw_i": -2.5904444045648263, "vw_j": -4.48427000417646, "kt": 4.31449380438552, "train_sc_a": [0.9077383695775764], "train_sc_v": [0.9069328253978605], "val_sc_a": 0, "val_sc_v": 0, "total_sc_a": 0, "total_sc_v": 0}