{"c1": 0.019444613536231854, "c2": 0.10657726174232718, "ch1": -0.014762619812090302, "ch2": 0.09015852114171553, "di": 22.286146820055578, "dj": 4.517697085846492, "dk": 6.872037591943932, "vw_i": -1.2998751696919508, "vw_j": -1.0409826836250562, "kt": 3.5489899795199626, "train_sc_a": [0.3534053477928669], "train_sc_v": [0.07595793200617987], "val_sc_a": 0, "val_sc_v": 0, "total_sc_a": 0, "total_sc_v": 0}