{"c1": 0.01950789264546898, "c2": 0.12609767963652407, "ch1": -0.6671659501164, "ch2": 0.04281463837602329, "di": 51.077598654727296, "dj": 48.728607290950414, "dk": 9.57958353224905, "vw_i": 1.7224377892024998, "vw_j": -4.92019325002611, "kt": 5.663631562717049, "train_sc_a": [1.8028859000306316], "train_sc_v": [0.8656256880684371], "val_sc_a": 0, "val_sc_v": 0, "total_sc_a": 0, "total_sc_v": 0}