{"c1": 0.020032675712160095, "c2": 0.11871807559712377, "ch1": -0.5363764349671477, "ch2": 0.05655109132046355, "di": 48.46793464275461, "dj": 52.16646499075128, "dk": 14.59965275363994, "vw_i": 3.0150400591152686, "vw_j": -3.0918087916674737, "kt": 4.50606351958453, "train_sc_a": [1.1224072869775343], "train_sc_v": [0.5157372055071285], "val_sc_a": 0, "val_sc_v": 0, "total_sc_a": 0, "total_sc_v": 0}