{"c1": 0.019702734983078587, "c2": 0.12089731929936219, "ch1": -0.4025050132299285, "ch2": 0.06526903368362308, "di": 46.712157296651434, "dj": 44.55205170547216, "dk": 24.138760874911757, "vw_i": 5.3881791060225295, "vw_j": 0.5543844161757996, "kt": 4.670174319862616, "train_sc_a": [0.525419290295469], "train_sc_v": [0.2673139792196581], "val_sc_a": 0, "val_sc_v": 0, "total_sc_a": 0, "total_sc_v": 0}