{"c1": 0.020601536883156614, "c2": 0.11514844862825024, "ch1": -0.5334627318855091, "ch2": 0.05784073225312115, "di": 50.80933125865633, "dj": 51.52627402565811, "dk": 8.441226353299223, "vw_i": 1.8064796787356083, "vw_j": -3.399264596849098, "kt": 4.30412792616926, "train_sc_a": [0.8054204452658384], "train_sc_v": [0.7449523453534508], "val_sc_a": 0, "val_sc_v": 0, "total_sc_a": 0, "total_sc_v": 0}