{"c1": 0.02079745812194479, "c2": 0.11989280652825518, "ch1": -0.6755386292055413, "ch2": 0.046813296227444554, "di": 50.18286355185073, "dj": 51.43457912899554, "dk": 9.73791434499696, "vw_i": 2.5602199677231225, "vw_j": -4.876989632369934, "kt": 6.5547307011601035, "train_sc_a": [1.2592081496698386], "train_sc_v": [0.8314547745121825], "val_sc_a": 0, "val_sc_v": 0, "total_sc_a": 0, "total_sc_v": 0}