{"c1": 0.020953312367777845, "c2": 0.10553660440202368, "ch1": -0.3750838510104525, "ch2": 0.06678838875035399, "di": 41.08899390132362, "dj": 45.38369779151517, "dk": 15.431945178905595, "vw_i": -0.2760459562437733, "vw_j": -2.359611767296092, "kt": 4.924216084677518, "train_sc_a": [1.9181117953745102], "train_sc_v": [1.7435751482078592], "val_sc_a": 0, "val_sc_v": 0, "total_sc_a": 0, "total_sc_v": 0}