{"c1": 0.020828729340762738, "c2": 0.10285316707882584, "ch1": -0.15035175988501115, "ch2": 0.08067101135999767, "di": 20.569894012771393, "dj": 19.820965289525766, "dk": 16.321652866689764, "vw_i": -6.064615368894973, "vw_j": -2.593222835101152, "kt": 2.3542411133876886, "train_sc_a": [3.6537159369179615], "train_sc_v": [4.1269840389188275], "val_sc_a": 0, "val_sc_v": 0, "total_sc_a": 0, "total_sc_v": 0}