{"c1": 0.01901892377711042, "c2": 0.126757321410748, "ch1": -0.5421186503325564, "ch2": 0.05664499025451314, "di": 50.16463325363761, "dj": 49.77985435864689, "dk": 11.226317969752293, "vw_i": -1.2127750329050688, "vw_j": -4.7710863271514405, "kt": 4.203253096291657, "train_sc_a": [1.8627335517596173], "train_sc_v": [0.5331627588189223], "val_sc_a": 0, "val_sc_v": 0, "total_sc_a": 0, "total_sc_v": 0}