{"c1": 0.0186663180789655, "c2": 0.1287112714462539, "ch1": -0.5466217775728822, "ch2": 0.0561176919142854, "di": 49.27480620457609, "dj": 49.98368980213786, "dk": 13.557349691063125, "vw_i": -0.7528093328799557, "vw_j": -4.841319284180324, "kt": 4.512707875454742, "train_sc_a": [0.7805332649785138], "train_sc_v": [0.393032713393886], "val_sc_a": 0, "val_sc_v": 0, "total_sc_a": 0, "total_sc_v": 0}