{"c1": 0.018528571343254363, "c2": 0.12043138004422116, "ch1": -0.27687390689658775, "ch2": 0.07285083382386053, "di": 25.644199729609085, "dj": 16.308428111744735, "dk": 6.4249632225551565, "vw_i": -7.845113485601082, "vw_j": -5.020806252687869, "kt": 3.4546646307201687, "train_sc_a": [1.9417034382391867], "train_sc_v": [2.7955883253894123], "val_sc_a": 0, "val_sc_v": 0, "total_sc_a": 0, "total_sc_v": 0}