{"c1": 0.020582912347923737, "c2": 0.11881589039013228, "ch1": -0.6507243956605928, "ch2": 0.046041917241714025, "di": 48.75424236779389, "dj": 51.28937810873692, "dk": 8.48426078945803, "vw_i": 3.8515027809786844, "vw_j": -1.3914160646491087, "kt": 6.624950832021237, "train_sc_a": [5.741900102979272], "train_sc_v": [1.7800396411723853], "val_sc_a": 0, "val_sc_v": 0, "total_sc_a": 0, "total_sc_v": 0}