{"c1": 0.0206352771947997, "c2": 0.11488520591673959, "ch1": -0.5282549031806697, "ch2": 0.05824211314487729, "di": 51.32072289299301, "dj": 51.54079676997908, "dk": 8.433062565997707, "vw_i": 1.9525801749536469, "vw_j": -3.5820612827625546, "kt": 4.3044315852432256, "train_sc_a": [0.6553598540955899], "train_sc_v": [0.6762816182133058], "val_sc_a": 0, "val_sc_v": 0, "total_sc_a": 0, "total_sc_v": 0}