{"c1": 0.019047240939690013, "c2": 0.10873325179432217, "ch1": 0.009584789736486632, "ch2": 0.09161756135637117, "di": 26.783715941983665, "dj": 1.9441026549783085, "dk": 13.730742600993109, "vw_i": -0.7228988476314588, "vw_j": 0.04885090847538903, "kt": 4.210720347981263, "train_sc_a": [0.7425388049692621], "train_sc_v": [0.6000572030932514], "val_sc_a": 0, "val_sc_v": 0, "total_sc_a": 0, "total_sc_v": 0}