{"c1": 0.021033638977830563, "c2": 0.11378037784522517, "ch1": -0.6242055031427468, "ch2": 0.05089544777058396, "di": 46.72179085686975, "dj": 46.74295450493151, "dk": 2.4902886110434985, "vw_i": -3.0460027245235293, "vw_j": -5.263104636933937, "kt": 5.137038328394274, "train_sc_a": [9.956297101259478], "train_sc_v": [4.4338285927036], "val_sc_a": 0, "val_sc_v": 0, "total_sc_a": 0, "total_sc_v": 0}