{"c1": 0.019786646848959345, "c2": 0.12268987888525254, "ch1": -0.5608005675467553, "ch2": 0.05599975684855957, "di": 47.88819336364659, "dj": 51.700063457741685, "dk": 6.130395465071178, "vw_i": 0.3029260091790018, "vw_j": -4.4762471787494365, "kt": 4.79120289347361, "train_sc_a": [1.632766692922807], "train_sc_v": [1.0926680620475995], "val_sc_a": 0, "val_sc_v": 0, "total_sc_a": 0, "total_sc_v": 0}