{"c1": 0.019083243952808915, "c2": 0.1291686128725979, "ch1": -0.7195729946637465, "ch2": 0.039092551476860846, "di": 45.29092692142507, "dj": 46.233143210315625, "dk": 10.481079997723988, "vw_i": 1.2460271061831227, "vw_j": -3.55767472298886, "kt": 5.322279027030198, "train_sc_a": [1.860774710764319], "train_sc_v": [0.629194664015526], "val_sc_a": 0, "val_sc_v": 0, "total_sc_a": 0, "total_sc_v": 0}