{"c1": 0.019524690679208322, "c2": 0.1233127174975381, "ch1": -0.5271761130999914, "ch2": 0.05790821279388248, "di": 50.77058285812479, "dj": 50.78904553953492, "dk": 12.168144138142605, "vw_i": -1.1195008818499148, "vw_j": -4.636067148757506, "kt": 4.227888352094045, "train_sc_a": [1.2321867742530572], "train_sc_v": [0.47318164924786105], "val_sc_a": 0, "val_sc_v": 0, "total_sc_a": 0, "total_sc_v": 0}