{"c1": 0.020126360851495027, "c2": 0.12324170187404576, "ch1": -0.6344406463988435, "ch2": 0.04752002109064654, "di": 52.08218095095282, "dj": 53.75416053506352, "dk": 10.235010694468631, "vw_i": 0.9896622474950054, "vw_j": -4.1190152334171835, "kt": 7.011214779333849, "train_sc_a": [3.385742808741566], "train_sc_v": [1.907198961664971], "val_sc_a": 0, "val_sc_v": 0, "total_sc_a": 0, "total_sc_v": 0}