{"c1": 0.020255878314332888, "c2": 0.12237239017448534, "ch1": -0.6131293291045199, "ch2": 0.049607590069393595, "di": 53.303785576270045, "dj": 53.85479584184031, "dk": 7.71763308621117, "vw_i": 2.5536725049461144, "vw_j": -4.642254249577664, "kt": 6.9192398329408915, "train_sc_a": [0.7565031495771423], "train_sc_v": [0.7487906323771156], "val_sc_a": 0, "val_sc_v": 0, "total_sc_a": 0, "total_sc_v": 0}