{"c1": 0.021179883487584563, "c2": 0.10328436453030723, "ch1": -0.34371036757387324, "ch2": 0.06841189780680182, "di": 43.23476084997013, "dj": 45.83059794268896, "dk": 8.168532204440753, "vw_i": 0.6306237670099528, "vw_j": -2.869126944317358, "kt": 4.726564772842828, "train_sc_a": [1.0269986381321505], "train_sc_v": [0.31420885595595627], "val_sc_a": 0, "val_sc_v": 0, "total_sc_a": 0, "total_sc_v": 0}