{"c1": 0.019102472364388504, "c2": 0.10528386021982239, "ch1": -0.019002051441437948, "ch2": 0.09239151728748632, "di": 4.244641488431199, "dj": 3.2006543681681188, "dk": 0.0, "vw_i": -2.8553466171841304, "vw_j": -1.2565367945588446, "kt": 4.984093046817724, "train_sc_a": [0.31477123102500276], "train_sc_v": [0.05276969004849622], "val_sc_a": 0, "val_sc_v": 0, "total_sc_a": 0, "total_sc_v": 0}