{"c1": 0.01990913461887892, "c2": 0.11044233153066502, "ch1": -0.32049812053331694, "ch2": 0.07099659523982488, "di": 22.03145125979143, "dj": 20.17576266839332, "dk": 4.988630100812666, "vw_i": -6.456199944737209, "vw_j": -2.564221183713584, "kt": 3.9853364365464774, "train_sc_a": [0.977069759823102], "train_sc_v": [0.3713076619867523], "val_sc_a": 0, "val_sc_v": 0, "total_sc_a": 0, "total_sc_v": 0}