{"c1": 0.019684398505814372, "c2": 0.11915562761684662, "ch1": -0.332196525223335, "ch2": 0.07071178032199231, "di": 44.32338139303318, "dj": 48.56492344996676, "dk": 21.878087574770294, "vw_i": 1.415605158697823, "vw_j": -3.3747118273282672, "kt": 4.877458235823803, "train_sc_a": [1.3143586472250726], "train_sc_v": [0.8103978525924526], "val_sc_a": 0, "val_sc_v": 0, "total_sc_a": 0, "total_sc_v": 0}