{"c1": 0.019289590656958528, "c2": 0.12377175690833037, "ch1": -0.5416838605111585, "ch2": 0.05538386729251117, "di": 49.78051974689477, "dj": 50.405267669175316, "dk": 13.142965958968755, "vw_i": 3.1600448655834006, "vw_j": -4.341997888252587, "kt": 4.535563773142724, "train_sc_a": [2.3239760788606283], "train_sc_v": [2.3013906442857532], "val_sc_a": 0, "val_sc_v": 0, "total_sc_a": 0, "total_sc_v": 0}