{"c1": 0.019698243034162108, "c2": 0.125352275897431, "ch1": -0.6376511404524855, "ch2": 0.045592635336738956, "di": 52.22943532469999, "dj": 51.00723894573799, "dk": 8.364583542596908, "vw_i": 1.6845608476784768, "vw_j": -5.000669003033869, "kt": 4.902088464269605, "train_sc_a": [0.566832554941243], "train_sc_v": [0.409407558778819], "val_sc_a": 0, "val_sc_v": 0, "total_sc_a": 0, "total_sc_v": 0}