{"c1": 0.018958868889835633, "c2": 0.13280457967104084, "ch1": -0.5984359957222393, "ch2": 0.05073719837744329, "di": 54.41086257286415, "dj": 54.22455911380886, "dk": 13.100657359150143, "vw_i": 2.9157381514657392, "vw_j": -4.877355584211609, "kt": 7.058997747767901, "train_sc_a": [1.956343280626562], "train_sc_v": [1.2742715327054592], "val_sc_a": 0, "val_sc_v": 0, "total_sc_a": 0, "total_sc_v": 0}