{"c1": 0.020826094158917494, "c2": 0.11294260412332213, "ch1": -0.5491825417887642, "ch2": 0.056396454060872105, "di": 47.71957978551199, "dj": 51.55583977456407, "dk": 9.849998291465452, "vw_i": -3.271250152050324, "vw_j": -6.142457804588107, "kt": 4.233625536885407, "train_sc_a": [2.500956003228094], "train_sc_v": [0.9740678197941747], "val_sc_a": 0, "val_sc_v": 0, "total_sc_a": 0, "total_sc_v": 0}