{"c1": 0.01941085153968469, "c2": 0.12388451791795688, "ch1": -0.5199574146774547, "ch2": 0.058870707262307025, "di": 50.58751121701213, "dj": 53.10187276603728, "dk": 6.772386929442188, "vw_i": 2.687671030392143, "vw_j": -3.523449536869041, "kt": 4.3082190477078575, "train_sc_a": [0.8716925445417959], "train_sc_v": [0.33672873867100794], "val_sc_a": 0, "val_sc_v": 0, "total_sc_a": 0, "total_sc_v": 0}