{"c1": 0.020021504793224443, "c2": 0.1251320794556305, "ch1": -0.7711793960105817, "ch2": 0.0392925881182254, "di": 46.150770021734644, "dj": 42.18233082779982, "dk": 12.335883377876918, "vw_i": 2.041767843240292, "vw_j": -2.0582995652870535, "kt": 6.5484566026956115, "train_sc_a": [6.098695150571491], "train_sc_v": [3.732319026927465], "val_sc_a": 0, "val_sc_v": 0, "total_sc_a": 0, "total_sc_v": 0}