{"c1": 0.01936224717473235, "c2": 0.13073833012986083, "ch1": -0.6810277529619954, "ch2": 0.047122279085929225, "di": 50.134680681373986, "dj": 50.71482096339093, "dk": 11.252137160317966, "vw_i": 0.23188841601095359, "vw_j": -5.007873322736018, "kt": 6.885563355677468, "train_sc_a": [1.8070564127632904], "train_sc_v": [0.7219880299618966], "val_sc_a": 0, "val_sc_v": 0, "total_sc_a": 0, "total_sc_v": 0}