{"c1": 0.019484934757888945, "c2": 0.10280502383317883, "ch1": -0.031306190371625985, "ch2": 0.09167443977375159, "di": 3.130285259727598, "dj": 4.288823857039488, "dk": 4.030706787374911, "vw_i": -3.0789843266353296, "vw_j": -1.4187999032190926, "kt": 5.045416366833979, "train_sc_a": [1.235409360677176], "train_sc_v": [0.4987800695013259], "val_sc_a": 0, "val_sc_v": 0, "total_sc_a": 0, "total_sc_v": 0}