{"c1": 0.018562243452170547, "c2": 0.12944281284511594, "ch1": -0.5553226951879593, "ch2": 0.05548592823682642, "di": 48.42837531691836, "dj": 49.88017313073942, "dk": 14.513825968900008, "vw_i": -0.279209874655913, "vw_j": -4.076448151111078, "kt": 4.576041755279858, "train_sc_a": [1.3868033312941284], "train_sc_v": [0.5391189923924837], "val_sc_a": 0, "val_sc_v": 0, "total_sc_a": 0, "total_sc_v": 0}