{"c1": 0.01954583645598325, "c2": 0.12315876859710356, "ch1": -0.5358388570643307, "ch2": 0.05728399516567502, "di": 50.31911425051666, "dj": 50.3311922311825, "dk": 12.160864780906557, "vw_i": -1.0014802264519664, "vw_j": -4.266531921642333, "kt": 4.22645657694951, "train_sc_a": [1.527448815508891], "train_sc_v": [0.646745121848202], "val_sc_a": 0, "val_sc_v": 0, "total_sc_a": 0, "total_sc_v": 0}