{"c1": 0.018635103236022323, "c2": 0.1291763010856437, "ch1": -0.5218949533936411, "ch2": 0.05791081465472598, "di": 52.987752948495114, "dj": 49.02850222703557, "dk": 8.248741018939024, "vw_i": -2.247222829261017, "vw_j": -6.282798405767117, "kt": 4.152094207966761, "train_sc_a": [1.6627052467785453], "train_sc_v": [0.4730450018667837], "val_sc_a": 0, "val_sc_v": 0, "total_sc_a": 0, "total_sc_v": 0}