{"c1": 0.018611737023721913, "c2": 0.11986659357522732, "ch1": -0.28083472972267176, "ch2": 0.07257348493217687, "di": 25.681528359432686, "dj": 15.54432479547019, "dk": 6.8675680945032775, "vw_i": -7.954249442927729, "vw_j": -4.8036902904959415, "kt": 3.454694583936761, "train_sc_a": [0.6252321976687127], "train_sc_v": [0.6441865126500238], "val_sc_a": 0, "val_sc_v": 0, "total_sc_a": 0, "total_sc_v": 0}