{"c1": 0.019673953220526234, "c2": 0.10561617540414373, "ch1": 0.026272871066904246, "ch2": 0.09299105019130259, "di": 24.397260148367856, "dj": 3.551830569532872, "dk": 13.214657234668396, "vw_i": -0.1538696400249711, "vw_j": 0.11024832846329893, "kt": 4.3064924457329505, "train_sc_a": [0.32914790760811347], "train_sc_v": [0.11632087640622782], "val_sc_a": 0, "val_sc_v": 0, "total_sc_a": 0, "total_sc_v": 0}