{"c1": 0.01925393957127929, "c2": 0.12487233201797765, "ch1": -0.5662905613892336, "ch2": 0.054786332724786814, "di": 48.39326739177193, "dj": 48.50289698240475, "dk": 9.63504681043546, "vw_i": -3.1786884021766895, "vw_j": -5.073856741652976, "kt": 4.287322467416142, "train_sc_a": [0.49551669873678283], "train_sc_v": [0.3230737339831746], "val_sc_a": 0, "val_sc_v": 0, "total_sc_a": 0, "total_sc_v": 0}