{"c1": 0.020981416159412954, "c2": 0.11217537833171205, "ch1": -0.5256901384942518, "ch2": 0.05843192779196707, "di": 55.03471352205437, "dj": 48.05320004354932, "dk": 8.224540812762662, "vw_i": 2.4217819415845865, "vw_j": -3.783108188450319, "kt": 4.150047714614451, "train_sc_a": [0.5922023664931623], "train_sc_v": [0.3149558143124246], "val_sc_a": 0, "val_sc_v": 0, "total_sc_a": 0, "total_sc_v": 0}