{"c1": 0.019168553656473963, "c2": 0.1285798665776743, "ch1": -0.6822281087734976, "ch2": 0.041671055328476946, "di": 44.933605752249974, "dj": 52.18237129156158, "dk": 10.722075681865876, "vw_i": 3.1533952284079714, "vw_j": -4.170944481650381, "kt": 5.290232958642494, "train_sc_a": [7.356745674088958], "train_sc_v": [4.831334767152414], "val_sc_a": 0, "val_sc_v": 0, "total_sc_a": 0, "total_sc_v": 0}