{"c1": 0.02025533290623768, "c2": 0.12222110337930284, "ch1": -0.6300274184725135, "ch2": 0.04797009686610702, "di": 52.991190668834264, "dj": 53.61591996056697, "dk": 9.46560547666591, "vw_i": -1.339664557823737, "vw_j": -5.424380428468838, "kt": 6.903747938287584, "train_sc_a": [2.363077139530975], "train_sc_v": [1.5463137021609143], "val_sc_a": 0, "val_sc_v": 0, "total_sc_a": 0, "total_sc_v": 0}