{"c1": 0.019735049220041437, "c2": 0.125565448377021, "ch1": -0.6305463340472452, "ch2": 0.04751323619505513, "di": 51.76486057853528, "dj": 55.206664465460356, "dk": 7.937832612049804, "vw_i": 2.1853385985712586, "vw_j": -4.927351239100347, "kt": 7.00127936986892, "train_sc_a": [2.3444334021128803], "train_sc_v": [0.9014818593115528], "val_sc_a": 0, "val_sc_v": 0, "total_sc_a": 0, "total_sc_v": 0}