{"c1": 0.02045117700005799, "c2": 0.1165572080589195, "ch1": -0.5247677046252119, "ch2": 0.05827621262533703, "di": 46.204269702245256, "dj": 53.843733497825596, "dk": 11.908308583635225, "vw_i": 3.367478844406327, "vw_j": -4.207871272538234, "kt": 4.271267235317527, "train_sc_a": [4.427256020012424], "train_sc_v": [4.503745690489091], "val_sc_a": 0, "val_sc_v": 0, "total_sc_a": 0, "total_sc_v": 0}