{"c1": 0.020517764553165833, "c2": 0.11797302247433872, "ch1": -0.6283129065151438, "ch2": 0.0503582478113593, "di": 47.00735054668807, "dj": 45.821682409903, "dk": 5.592360233990204, "vw_i": -3.11815282088821, "vw_j": -5.431558033568729, "kt": 5.074012724517917, "train_sc_a": [1.8696277626911957], "train_sc_v": [0.8824812795950077], "val_sc_a": 0, "val_sc_v": 0, "total_sc_a": 0, "total_sc_v": 0}