{"c1": 0.020310616862281965, "c2": 0.11751293153256506, "ch1": -0.5322823794035276, "ch2": 0.05780106151089848, "di": 49.96125445276585, "dj": 50.00693464835687, "dk": 10.212648719442411, "vw_i": -0.533171077252875, "vw_j": -4.744038905458243, "kt": 4.066130808074413, "train_sc_a": [2.0097004164483474], "train_sc_v": [0.39713314243936665], "val_sc_a": 0, "val_sc_v": 0, "total_sc_a": 0, "total_sc_v": 0}