{"c1": 0.0182640639674576, "c2": 0.1313216699178576, "ch1": -0.5183872908040661, "ch2": 0.05793430039785737, "di": 51.514379810503584, "dj": 50.8756904586264, "dk": 11.922602830690215, "vw_i": -0.8921593150869388, "vw_j": -5.8680418943068, "kt": 4.519586837388585, "train_sc_a": [2.1587697225091564], "train_sc_v": [1.4931397242928812], "val_sc_a": 0, "val_sc_v": 0, "total_sc_a": 0, "total_sc_v": 0}