{"c1": 0.01938100934081629, "c2": 0.12700762106044222, "ch1": -0.6526715618566371, "ch2": 0.04384353992119561, "di": 50.42305572701373, "dj": 51.28911896085262, "dk": 9.561628208098941, "vw_i": 1.7775940156082137, "vw_j": -5.553519695806024, "kt": 5.647789256734844, "train_sc_a": [1.0208928800217898], "train_sc_v": [1.3618506230663319], "val_sc_a": 0, "val_sc_v": 0, "total_sc_a": 0, "total_sc_v": 0}