{"c1": 0.020498890173738182, "c2": 0.1146884272730667, "ch1": -0.5626984947095904, "ch2": 0.05386203435589655, "di": 49.201024715457095, "dj": 48.52520906562612, "dk": 13.571470983974063, "vw_i": 2.658136680173847, "vw_j": -3.7798781416759364, "kt": 4.514778958700159, "train_sc_a": [0.6257198969016087], "train_sc_v": [0.5651898533078342], "val_sc_a": 0, "val_sc_v": 0, "total_sc_a": 0, "total_sc_v": 0}