{"c1": 0.020129889901940465, "c2": 0.12206632058340641, "ch1": -0.7209882274969002, "ch2": 0.04064015271726774, "di": 46.87765892791193, "dj": 49.577219346032244, "dk": 5.350871849535802, "vw_i": -5.25253773280968, "vw_j": -4.670066047615542, "kt": 6.721235595182719, "train_sc_a": [4.603836357363063], "train_sc_v": [4.022302848447552], "val_sc_a": 0, "val_sc_v": 0, "total_sc_a": 0, "total_sc_v": 0}