{"c1": 0.02011924339073143, "c2": 0.11916039362798159, "ch1": -0.5124870635501864, "ch2": 0.059516331998708705, "di": 52.44880125563116, "dj": 54.07217280780758, "dk": 9.865845265675452, "vw_i": 0.3563008268252792, "vw_j": -4.3917330843814675, "kt": 4.46515904829632, "train_sc_a": [0.8724108076230896], "train_sc_v": [0.5052980264233329], "val_sc_a": 0, "val_sc_v": 0, "total_sc_a": 0, "total_sc_v": 0}