{"c1": 0.018574140709946643, "c2": 0.12012209892612265, "ch1": -0.2767142119609052, "ch2": 0.07285801278848493, "di": 25.66303827701173, "dj": 16.316564871575736, "dk": 6.667741687754844, "vw_i": -7.9262857886679425, "vw_j": -4.923835477897653, "kt": 3.454609926857303, "train_sc_a": [0.42405417528829376], "train_sc_v": [0.2543333473272332], "val_sc_a": 0, "val_sc_v": 0, "total_sc_a": 0, "total_sc_v": 0}