{"c1": 0.018471262233763688, "c2": 0.11342034571455106, "ch1": 0.02581204144194392, "ch2": 0.0928777558705871, "di": 25.81846697013985, "dj": 2.4892151525680597, "dk": 10.928260889775942, "vw_i": 0.570131645323916, "vw_j": 0.3962721761797153, "kt": 4.24225447581278, "train_sc_a": [0.38185262235939355], "train_sc_v": [0.2603011106404121], "val_sc_a": 0, "val_sc_v": 0, "total_sc_a": 0, "total_sc_v": 0}