{"c1": 0.019256022733436004, "c2": 0.1080006701246184, "ch1": -0.020119569323381183, "ch2": 0.08975552257378766, "di": 22.611303406124865, "dj": 3.775162255498253, "dk": 6.92184792271606, "vw_i": -1.880161037382425, "vw_j": -0.2919129078533332, "kt": 3.542663834626303, "train_sc_a": [1.7550023981234775], "train_sc_v": [0.6254468054860151], "val_sc_a": 0, "val_sc_v": 0, "total_sc_a": 0, "total_sc_v": 0}