{"c1": 0.01995162985756182, "c2": 0.12025116025143719, "ch1": -0.5397165325649235, "ch2": 0.05719689648782877, "di": 47.616031355347275, "dj": 51.714790702821475, "dk": 11.847014354091701, "vw_i": 1.3904379133863645, "vw_j": -3.8189987488360995, "kt": 4.201571968636824, "train_sc_a": [3.089496256648596], "train_sc_v": [0.9577096573230595], "val_sc_a": 0, "val_sc_v": 0, "total_sc_a": 0, "total_sc_v": 0}