{"c1": 0.01968620874835093, "c2": 0.1004468449720974, "ch1": -0.03159293160016752, "ch2": 0.09011884565891962, "di": 3.966266532266932, "dj": 4.764930286202406, "dk": 0.0, "vw_i": -2.4633824995312525, "vw_j": -1.133431254882849, "kt": 4.9963484135550695, "train_sc_a": [0.2560771752687722], "train_sc_v": [0.10911968646359758], "val_sc_a": 0, "val_sc_v": 0, "total_sc_a": 0, "total_sc_v": 0}