{"c1": 0.018529514396890562, "c2": 0.12042468979902235, "ch1": -0.2774838049922256, "ch2": 0.0728083573572437, "di": 25.644054829777957, "dj": 16.285153230611186, "dk": 6.424810496595043, "vw_i": -7.838280370841635, "vw_j": -5.015418378001827, "kt": 3.454885979227774, "train_sc_a": [1.9332584331327458], "train_sc_v": [2.767801995967017], "val_sc_a": 0, "val_sc_v": 0, "total_sc_a": 0, "total_sc_v": 0}