{"c1": 0.020227690165166942, "c2": 0.12133077811580587, "ch1": -0.6842593854149559, "ch2": 0.04318788882963134, "di": 51.48352958020651, "dj": 49.19570071079319, "dk": 5.238994922840939, "vw_i": -2.009254733055389, "vw_j": -4.23083740226607, "kt": 6.733754662492353, "train_sc_a": [2.7927326691483856], "train_sc_v": [1.2880846662302214], "val_sc_a": 0, "val_sc_v": 0, "total_sc_a": 0, "total_sc_v": 0}