{"c1": 0.019131988187506364, "c2": 0.12566781735752217, "ch1": -0.5515837002239761, "ch2": 0.05578897223800857, "di": 48.910272022223175, "dj": 49.80341747681409, "dk": 15.325714912788355, "vw_i": -0.8547498748499833, "vw_j": -4.8936556874313855, "kt": 4.505256519640967, "train_sc_a": [2.7810807232695813], "train_sc_v": [2.607764062639389], "val_sc_a": 0, "val_sc_v": 0, "total_sc_a": 0, "total_sc_v": 0}