{"c1": 0.020280467423116573, "c2": 0.1171307034119006, "ch1": -0.5449328405430437, "ch2": 0.05637390636496099, "di": 47.81715357831685, "dj": 51.63940854776665, "dk": 9.6805288509125, "vw_i": -3.675641646202795, "vw_j": -5.796374123015458, "kt": 4.278236596745566, "train_sc_a": [2.4344369940360546], "train_sc_v": [1.786548364274416], "val_sc_a": 0, "val_sc_v": 0, "total_sc_a": 0, "total_sc_v": 0}