{"c1": 0.018958844466599876, "c2": 0.1328047420233959, "ch1": -0.5988367782276544, "ch2": 0.05071059969491158, "di": 54.36762755151642, "dj": 54.22356526692542, "dk": 13.100640176681791, "vw_i": 2.9034832927364795, "vw_j": -4.86286447172393, "kt": 7.059062918169621, "train_sc_a": [1.9167692434705432], "train_sc_v": [1.249384827590208], "val_sc_a": 0, "val_sc_v": 0, "total_sc_a": 0, "total_sc_v": 0}