{"c1": 0.019096983354023583, "c2": 0.10676808283061082, "ch1": 0.008759890888933867, "ch2": 0.09212162966542935, "di": 7.027381395098993, "dj": 3.9563205886260286, "dk": 5.05521659328785, "vw_i": -1.7221572062814978, "vw_j": -0.5790954794248228, "kt": 3.919060632445157, "train_sc_a": [0.5530197099997698], "train_sc_v": [0.1585547965704776], "val_sc_a": 0, "val_sc_v": 0, "total_sc_a": 0, "total_sc_v": 0}