{"c1": 0.019062755596355167, "c2": 0.11763887715885685, "ch1": -0.07993410955165979, "ch2": 0.08877925268189654, "di": 25.262515481708338, "dj": 27.62118916033475, "dk": 13.898370158990373, "vw_i": 0.18972353554811322, "vw_j": -0.12581927186402428, "kt": 2.9743944920485057, "train_sc_a": [0.7918949743947437], "train_sc_v": [0.6132531288910934], "val_sc_a": 0, "val_sc_v": 0, "total_sc_a": 0, "total_sc_v": 0}