{"c1": 0.021041716453852628, "c2": 0.1137120463619801, "ch1": -0.6987236748841041, "ch2": 0.04473817923344167, "di": 45.953784546015946, "dj": 42.93198312296979, "dk": 2.393454988731191, "vw_i": -0.8447925743954999, "vw_j": -2.854359702979343, "kt": 5.119569568900563, "train_sc_a": [2.0298608411192567], "train_sc_v": [0.8259145054913526], "val_sc_a": 0, "val_sc_v": 0, "total_sc_a": 0, "total_sc_v": 0}