{"c1": 0.019758919432106444, "c2": 0.12249888240956315, "ch1": -0.6228777309695874, "ch2": 0.051453663197341556, "di": 47.36194911694602, "dj": 46.85953375266031, "dk": 9.17699201438305, "vw_i": -5.379662728413031, "vw_j": -4.841144286282955, "kt": 4.42417850863982, "train_sc_a": [4.728336593878568], "train_sc_v": [3.334175845488628], "val_sc_a": 0, "val_sc_v": 0, "total_sc_a": 0, "total_sc_v": 0}