{"c1": 0.02018309876567982, "c2": 0.12278151896663324, "ch1": -0.6328577787586935, "ch2": 0.047684297718418395, "di": 52.86813210520005, "dj": 53.493393305400694, "dk": 9.754721202659567, "vw_i": -0.9850582319093466, "vw_j": -5.083004520666247, "kt": 6.967826029187968, "train_sc_a": [2.1454193119442815], "train_sc_v": [0.8088552255308781], "val_sc_a": 0, "val_sc_v": 0, "total_sc_a": 0, "total_sc_v": 0}