{"c1": 0.01816681139485607, "c2": 0.1282169924096249, "ch1": -0.3855258616393019, "ch2": 0.06693946062566608, "di": 45.5704165090387, "dj": 43.00345402263394, "dk": 15.3833172049119, "vw_i": 2.186148787976361, "vw_j": -0.44088925927361633, "kt": 4.783351166210635, "train_sc_a": [0.4642874423633811], "train_sc_v": [0.37441098657959787], "val_sc_a": 0, "val_sc_v": 0, "total_sc_a": 0, "total_sc_v": 0}