{"c1": 0.018335945182954224, "c2": 0.11113722460621184, "ch1": -0.019794423128194433, "ch2": 0.09085385394221955, "di": 6.401639092786946, "dj": 3.104581019840471, "dk": 1.7496018465186274, "vw_i": -1.9412793479443515, "vw_j": -0.9226897024447207, "kt": 4.797506050737168, "train_sc_a": [0.5519996773787126], "train_sc_v": [0.22438016707678377], "val_sc_a": 0, "val_sc_v": 0, "total_sc_a": 0, "total_sc_v": 0}