{"c1": 0.018187806024405843, "c2": 0.11223659999046742, "ch1": -0.018835837302212347, "ch2": 0.09093406956577561, "di": 6.767960880358208, "dj": 2.685431460818856, "dk": 1.9487817317577174, "vw_i": -1.9803701476313582, "vw_j": -0.8506333619658253, "kt": 4.825726865465041, "train_sc_a": [0.753072398529908], "train_sc_v": [0.17261471128018682], "val_sc_a": 0, "val_sc_v": 0, "total_sc_a": 0, "total_sc_v": 0}