{"c1": 0.018533299122300204, "c2": 0.109702037639583, "ch1": -0.016507750713585234, "ch2": 0.09108643843650903, "di": 6.678818838460719, "dj": 3.1619628750459725, "dk": 1.7721919552584853, "vw_i": -2.013268983124795, "vw_j": -0.9031134561187159, "kt": 4.791532925215757, "train_sc_a": [0.363375836702763], "train_sc_v": [0.2523431194567574], "val_sc_a": 0, "val_sc_v": 0, "total_sc_a": 0, "total_sc_v": 0}