{"c1": 0.021085185737889898, "c2": 0.11568370463101968, "ch1": -0.5976089972548592, "ch2": 0.050708009701198285, "di": 56.3418857400851, "dj": 52.572355560125864, "dk": 4.3368824942712525, "vw_i": 2.88741031534329, "vw_j": -5.7171821043417985, "kt": 6.489345742282036, "train_sc_a": [1.835670169061169], "train_sc_v": [1.4028459988561166], "val_sc_a": 0, "val_sc_v": 0, "total_sc_a": 0, "total_sc_v": 0}