{"c1": 0.018949759414440107, "c2": 0.1300869948474426, "ch1": -0.7166013250621193, "ch2": 0.03930046238301172, "di": 45.600870454779, "dj": 46.299454669081456, "dk": 10.072772739988068, "vw_i": 1.2044362548169967, "vw_j": -3.7311557845475276, "kt": 5.354783027310894, "train_sc_a": [5.046904907805384], "train_sc_v": [3.1597846408132817], "val_sc_a": 0, "val_sc_v": 0, "total_sc_a": 0, "total_sc_v": 0}