{"c1": 0.01881108748474794, "c2": 0.11842990041577768, "ch1": -0.3195405071136181, "ch2": 0.06999117930051264, "di": 25.602122924177923, "dj": 15.132303462296107, "dk": 6.661391081222755, "vw_i": -7.348189103560195, "vw_j": -4.480048927028463, "kt": 3.4935520381538936, "train_sc_a": [4.77810320720983], "train_sc_v": [2.52151878031113], "val_sc_a": 0, "val_sc_v": 0, "total_sc_a": 0, "total_sc_v": 0}