{"c1": 0.020970047952024812, "c2": 0.11605232679312774, "ch1": -0.6162500033365603, "ch2": 0.04940660021772424, "di": 55.23465718489569, "dj": 54.5590703620648, "dk": 6.818303287273802, "vw_i": 0.4709726908942121, "vw_j": -5.435909886096387, "kt": 6.989102407163869, "train_sc_a": [2.0581815459570962], "train_sc_v": [0.742255629430357], "val_sc_a": 0, "val_sc_v": 0, "total_sc_a": 0, "total_sc_v": 0}