{"c1": 0.020131556046491965, "c2": 0.11994881955537368, "ch1": -0.5944842814819571, "ch2": 0.05325330068323184, "di": 46.81041258993269, "dj": 48.46728540293005, "dk": 3.8531722108358526, "vw_i": 1.6267133836226224, "vw_j": -3.1294792316102265, "kt": 5.014502755945856, "train_sc_a": [2.1276138082163167], "train_sc_v": [1.689351432612042], "val_sc_a": 0, "val_sc_v": 0, "total_sc_a": 0, "total_sc_v": 0}