{"c1": 0.019630299518183805, "c2": 0.11272678946801931, "ch1": -0.06645440700836017, "ch2": 0.09010468868937037, "di": 21.572876998200567, "dj": 31.950413194146154, "dk": 12.43831364116922, "vw_i": -0.9380459630537298, "vw_j": -0.7081684815525515, "kt": 2.1468053327301857, "train_sc_a": [0.5266295727230067], "train_sc_v": [0.33899792540933066], "val_sc_a": 0, "val_sc_v": 0, "total_sc_a": 0, "total_sc_v": 0}