{"c1": 0.020442529748443874, "c2": 0.11857588185166515, "ch1": -0.6202334763901062, "ch2": 0.050982035186439005, "di": 45.40301222418959, "dj": 48.49524275597613, "dk": 5.993168248720228, "vw_i": -3.2104545219070624, "vw_j": -5.871448265420866, "kt": 5.0983726732148895, "train_sc_a": [1.1214232441143754], "train_sc_v": [0.26181386191926737], "val_sc_a": 0, "val_sc_v": 0, "total_sc_a": 0, "total_sc_v": 0}