{"c1": 0.01934319282708015, "c2": 0.11442561816448438, "ch1": -0.19018605810446365, "ch2": 0.08388848979409584, "di": 34.86350995446952, "dj": 65.00213851705945, "dk": 3.9940446313889435, "vw_i": -0.5919799251460054, "vw_j": 2.152255782162811, "kt": 2.861864466281296, "train_sc_a": [1.1127211782855655], "train_sc_v": [0.7015078666202509], "val_sc_a": 0, "val_sc_v": 0, "total_sc_a": 0, "total_sc_v": 0}