{"c1": 0.021612429451299535, "c2": 0.11301643860277476, "ch1": -0.6622593826399513, "ch2": 0.04796700177293764, "di": 50.22088503410742, "dj": 53.12174272583524, "dk": 4.516853801103773, "vw_i": 2.528648542863606, "vw_j": -5.3710706263556585, "kt": 6.573934831342725, "train_sc_a": [1.8118238720790374], "train_sc_v": [1.495718026428371], "val_sc_a": 0, "val_sc_v": 0, "total_sc_a": 0, "total_sc_v": 0}