{"c1": 0.0193921687017918, "c2": 0.12474569738708825, "ch1": -0.6201261975752304, "ch2": 0.05161763933282302, "di": 42.783794077014, "dj": 50.47072978968071, "dk": 6.180447239670333, "vw_i": 0.9543453862438565, "vw_j": -1.4015046815737475, "kt": 4.3311376329720135, "train_sc_a": [4.715644681256379], "train_sc_v": [4.069162945936582], "val_sc_a": 0, "val_sc_v": 0, "total_sc_a": 0, "total_sc_v": 0}