{"c1": 0.019733889760462277, "c2": 0.12506953773469162, "ch1": -0.6294736254731906, "ch2": 0.0462802709647628, "di": 56.09783524352942, "dj": 47.5535163996203, "dk": 7.952760624044508, "vw_i": 1.3776764169158815, "vw_j": -4.618538136695438, "kt": 5.061643362952846, "train_sc_a": [9.548308199863262], "train_sc_v": [4.468967654300888], "val_sc_a": 0, "val_sc_v": 0, "total_sc_a": 0, "total_sc_v": 0}