{"c1": 0.019981747727140692, "c2": 0.10277351914459516, "ch1": -0.01649472009350119, "ch2": 0.08990089962839848, "di": 22.907504745294325, "dj": 3.5339281615883693, "dk": 8.292495184781576, "vw_i": -2.226354258979259, "vw_j": -0.2725290071737264, "kt": 3.7734000019261584, "train_sc_a": [0.6555929766894693], "train_sc_v": [0.30889726316385996], "val_sc_a": 0, "val_sc_v": 0, "total_sc_a": 0, "total_sc_v": 0}