{"c1": 0.01878614217309821, "c2": 0.11506057417303042, "ch1": -0.12769363112106422, "ch2": 0.0819712679808107, "di": 15.863415996169836, "dj": 12.485405710995705, "dk": 17.69658554528585, "vw_i": 3.843191912316315, "vw_j": 2.379519441705413, "kt": 4.5298129609426825, "train_sc_a": [0.4578654335582445], "train_sc_v": [0.22120202603962905], "val_sc_a": 0, "val_sc_v": 0, "total_sc_a": 0, "total_sc_v": 0}