{"c1": 0.020798326087513034, "c2": 0.11988607825048357, "ch1": -0.6757436454626913, "ch2": 0.04679739948317454, "di": 50.15754918893298, "dj": 51.432556611555654, "dk": 9.736560565950683, "vw_i": 2.5569535038715516, "vw_j": -4.868804719271548, "kt": 6.554710511097717, "train_sc_a": [1.030696333416813], "train_sc_v": [0.4039708982873158], "val_sc_a": 0, "val_sc_v": 0, "total_sc_a": 0, "total_sc_v": 0}