{"c1": 0.019500290040096884, "c2": 0.11356666789726916, "ch1": -0.15998715194463425, "ch2": 0.08605808063785542, "di": 38.186093822722775, "dj": 63.07667102726977, "dk": 4.795334058181487, "vw_i": -0.613203496669087, "vw_j": 1.5262319860715146, "kt": 2.968735404276873, "train_sc_a": [0.5596052719597628], "train_sc_v": [0.4571497787052292], "val_sc_a": 0, "val_sc_v": 0, "total_sc_a": 0, "total_sc_v": 0}