{"c1": 0.020041343424083254, "c2": 0.1206757612385887, "ch1": -0.540662962097444, "ch2": 0.05751588677479496, "di": 50.039400704679295, "dj": 51.69296304196082, "dk": 4.496579549983343, "vw_i": 0.4703725484092698, "vw_j": -5.069091377649856, "kt": 5.012373786825289, "train_sc_a": [1.6964031432156779], "train_sc_v": [0.3012199057054217], "val_sc_a": 0, "val_sc_v": 0, "total_sc_a": 0, "total_sc_v": 0}