{"c1": 0.018161703955827793, "c2": 0.12824125368181247, "ch1": -0.35575797099670253, "ch2": 0.0688915691571195, "di": 44.76627048401863, "dj": 46.34490006697323, "dk": 15.259248708573717, "vw_i": 1.7125435599340388, "vw_j": -1.4504036641956963, "kt": 4.789939615960141, "train_sc_a": [0.993020559726198], "train_sc_v": [0.6131365805800971], "val_sc_a": 0, "val_sc_v": 0, "total_sc_a": 0, "total_sc_v": 0}