{"c1": 0.01863616984903085, "c2": 0.10894853518809203, "ch1": -0.020483707245020473, "ch2": 0.09079136515305944, "di": 6.221971143091937, "dj": 3.399977827663877, "dk": 1.7648533885615634, "vw_i": -2.0619573604520944, "vw_j": -0.8048285861622279, "kt": 4.974735678862233, "train_sc_a": [0.3905555489944677], "train_sc_v": [0.16161342198834178], "val_sc_a": 0, "val_sc_v": 0, "total_sc_a": 0, "total_sc_v": 0}