{"c1": 0.020924435502340438, "c2": 0.1163951646788008, "ch1": -0.6183614478248599, "ch2": 0.04911394267598064, "di": 54.29444666209719, "dj": 55.125610673652936, "dk": 6.694626702046288, "vw_i": 0.7420097034040435, "vw_j": -5.384844278773409, "kt": 6.9937627859608, "train_sc_a": [1.7408560870313967], "train_sc_v": [0.5277990217913289], "val_sc_a": 0, "val_sc_v": 0, "total_sc_a": 0, "total_sc_v": 0}