{"c1": 0.02102298057078638, "c2": 0.11347662118178932, "ch1": -0.6112502520978449, "ch2": 0.04929312582215458, "di": 53.77717249445513, "dj": 54.48781190893202, "dk": 0.9021374190847611, "vw_i": 1.347889496728141, "vw_j": -4.88306980072443, "kt": 4.75363089951607, "train_sc_a": [4.435929498745737], "train_sc_v": [4.635442538863613], "val_sc_a": 0, "val_sc_v": 0, "total_sc_a": 0, "total_sc_v": 0}