{"c1": 0.019061670776338285, "c2": 0.1240248495797935, "ch1": -0.3290420312279742, "ch2": 0.07117342467344316, "di": 47.4504602736856, "dj": 45.5927820135492, "dk": 21.129586712325775, "vw_i": 1.8353379702780173, "vw_j": -2.136557437560438, "kt": 4.514921585232716, "train_sc_a": [1.5300873672479673], "train_sc_v": [2.6003976004495635], "val_sc_a": 0, "val_sc_v": 0, "total_sc_a": 0, "total_sc_v": 0}