{"c1": 0.020328265561612543, "c2": 0.11831783824823201, "ch1": -0.5479498871851408, "ch2": 0.056878322155430316, "di": 51.10452297462918, "dj": 51.704884475232525, "dk": 11.226796845895155, "vw_i": 0.17424338420102892, "vw_j": -2.991608649798981, "kt": 4.663312887123441, "train_sc_a": [1.7288716730983564], "train_sc_v": [0.922030316574765], "val_sc_a": 0, "val_sc_v": 0, "total_sc_a": 0, "total_sc_v": 0}