{"c1": 0.019284131290014862, "c2": 0.11997098284605856, "ch1": -0.3339651130305525, "ch2": 0.07008197803661702, "di": 47.04261657498759, "dj": 45.40188505141585, "dk": 15.150685930754456, "vw_i": 4.717025552930172, "vw_j": -0.37579001131179185, "kt": 4.980179025744357, "train_sc_a": [1.7206766644259128], "train_sc_v": [0.5779875922856819], "val_sc_a": 0, "val_sc_v": 0, "total_sc_a": 0, "total_sc_v": 0}