{"c1": 0.0190613698134532, "c2": 0.12402698421078383, "ch1": -0.328791733719704, "ch2": 0.07119114675852224, "di": 47.45429443888114, "dj": 45.60618104157132, "dk": 21.129475992772228, "vw_i": 1.8317908928308688, "vw_j": -2.1447547674715395, "kt": 4.514994719926846, "train_sc_a": [1.1505101551555186], "train_sc_v": [0.9981144340510079], "val_sc_a": 0, "val_sc_v": 0, "total_sc_a": 0, "total_sc_v": 0}