{"c1": 0.019445397082588897, "c2": 0.11827485209625294, "ch1": -0.3461126293956111, "ch2": 0.06902121189883591, "di": 45.8646595981997, "dj": 45.92000581732, "dk": 13.057720420206403, "vw_i": 4.56640650889513, "vw_j": -0.14870735030689258, "kt": 4.812328721055548, "train_sc_a": [1.176296761967526], "train_sc_v": [0.6245191753872562], "val_sc_a": 0, "val_sc_v": 0, "total_sc_a": 0, "total_sc_v": 0}