{"c1": 0.019397455287365244, "c2": 0.1247071621691943, "ch1": -0.5573776729591995, "ch2": 0.05617570241331722, "di": 49.54158305451248, "dj": 50.46510969350124, "dk": 6.1761077565900795, "vw_i": 0.9790716784269762, "vw_j": -3.9798491174044788, "kt": 4.3383458740535215, "train_sc_a": [0.6356688313349403], "train_sc_v": [0.18116988154194769], "val_sc_a": 0, "val_sc_v": 0, "total_sc_a": 0, "total_sc_v": 0}