{"c1": 0.02104502776957965, "c2": 0.11601179068055263, "ch1": -0.6223375726176263, "ch2": 0.04841076042842543, "di": 52.419324399609565, "dj": 54.88963788888881, "dk": 7.807751811375163, "vw_i": 0.6621628328696125, "vw_j": -4.654529335953609, "kt": 6.888775462660803, "train_sc_a": [0.7630254995486967], "train_sc_v": [0.7458237553283287], "val_sc_a": 0, "val_sc_v": 0, "total_sc_a": 0, "total_sc_v": 0}