{"c1": 0.020097145409748156, "c2": 0.12346194022706716, "ch1": -0.599336060660293, "ch2": 0.05019992658117629, "di": 55.01171934762776, "dj": 55.173862293761466, "dk": 10.279809493076234, "vw_i": 1.0973685984585575, "vw_j": -5.459819275503431, "kt": 7.089777057068088, "train_sc_a": [1.7300518298143965], "train_sc_v": [0.43313529175933774], "val_sc_a": 0, "val_sc_v": 0, "total_sc_a": 0, "total_sc_v": 0}