{"c1": 0.020501345360087513, "c2": 0.11880487633692667, "ch1": -0.6446833178530252, "ch2": 0.04432159835702148, "di": 52.85651799923905, "dj": 49.72121208522326, "dk": 4.514995144880881, "vw_i": 2.137931248104425, "vw_j": -4.880133245164745, "kt": 4.934161770260859, "train_sc_a": [0.4099344355095633], "train_sc_v": [0.057855658620479394], "val_sc_a": 0, "val_sc_v": 0, "total_sc_a": 0, "total_sc_v": 0}