{"c1": 0.02047429076627612, "c2": 0.11691524901669469, "ch1": -0.5701986255162946, "ch2": 0.055666508200305886, "di": 49.31751672194305, "dj": 50.467788102845645, "dk": 5.637473187948975, "vw_i": -2.615706406774123, "vw_j": -4.202423586153864, "kt": 4.3129685636276935, "train_sc_a": [0.7221222583596723], "train_sc_v": [0.8400246528625444], "val_sc_a": 0, "val_sc_v": 0, "total_sc_a": 0, "total_sc_v": 0}