{"c1": 0.019114704207452045, "c2": 0.10665285550140263, "ch1": 0.007066583369620317, "ch2": 0.0919910973290223, "di": 7.028479121014039, "dj": 3.9049805828498743, "dk": 5.080765775930367, "vw_i": -1.704621131030931, "vw_j": -0.5597759691135674, "kt": 3.9307239743429894, "train_sc_a": [0.5526614662846188], "train_sc_v": [0.1589543658395588], "val_sc_a": 0, "val_sc_v": 0, "total_sc_a": 0, "total_sc_v": 0}