{"c1": 0.019824809320688076, "c2": 0.11098644341628128, "ch1": -0.15232806899379467, "ch2": 0.07995437468710453, "di": 21.147201015563947, "dj": 18.965370414917903, "dk": 21.593014012417253, "vw_i": -4.124482802190435, "vw_j": -1.9191666496354007, "kt": 2.652005814609969, "train_sc_a": [2.761993289024233], "train_sc_v": [1.9001313193217917], "val_sc_a": 0, "val_sc_v": 0, "total_sc_a": 0, "total_sc_v": 0}