{"c1": 0.01966750812341142, "c2": 0.12362385877968003, "ch1": -0.5472850025305882, "ch2": 0.05700803144280726, "di": 50.37264423195158, "dj": 50.71271005419862, "dk": 6.8440674083889705, "vw_i": 0.03575035390306565, "vw_j": -5.118138125577688, "kt": 4.645946562230704, "train_sc_a": [2.0105131788023125], "train_sc_v": [0.4895372598151733], "val_sc_a": 0, "val_sc_v": 0, "total_sc_a": 0, "total_sc_v": 0}