{"c1": 0.01863470145796203, "c2": 0.12917901376287572, "ch1": -0.5219465895503248, "ch2": 0.05790765833840181, "di": 52.98020929601458, "dj": 49.03079695646932, "dk": 8.247913728015192, "vw_i": -2.2450234301408774, "vw_j": -6.279195860773664, "kt": 4.152069973933859, "train_sc_a": [1.6591488742028935], "train_sc_v": [0.4729508816235276], "val_sc_a": 0, "val_sc_v": 0, "total_sc_a": 0, "total_sc_v": 0}