{"c1": 0.019325390801870547, "c2": 0.12376065728744381, "ch1": -0.49944529596660864, "ch2": 0.05908821585278753, "di": 53.4970020533236, "dj": 51.073783787529926, "dk": 13.655194309607824, "vw_i": 3.1931718953368513, "vw_j": -4.766535339415371, "kt": 4.484978864338116, "train_sc_a": [1.3492519291767175], "train_sc_v": [0.9795328637459823], "val_sc_a": 0, "val_sc_v": 0, "total_sc_a": 0, "total_sc_v": 0}