{"c1": 0.019539711009637396, "c2": 0.1244640911360238, "ch1": -0.5331405177731987, "ch2": 0.057820971629224484, "di": 50.21477188274104, "dj": 52.03570973634012, "dk": 5.772170167888248, "vw_i": 1.851775050461468, "vw_j": -4.0464648745429495, "kt": 4.569394022461315, "train_sc_a": [5.50649430690342], "train_sc_v": [2.836717905974514], "val_sc_a": 0, "val_sc_v": 0, "total_sc_a": 0, "total_sc_v": 0}