{"c1": 0.0194515078840918, "c2": 0.11817810389074448, "ch1": -0.3256985267468804, "ch2": 0.0703213193530094, "di": 47.16876017861612, "dj": 45.38914310805674, "dk": 12.410700180916612, "vw_i": 8.195037834499821, "vw_j": -0.4784730645907614, "kt": 4.8515629548045895, "train_sc_a": [2.723295009880493], "train_sc_v": [1.969580863735377], "val_sc_a": 0, "val_sc_v": 0, "total_sc_a": 0, "total_sc_v": 0}