{"c1": 0.021668524713280637, "c2": 0.1045321644962052, "ch1": -0.500611069690037, "ch2": 0.059508812665024585, "di": 56.37781105450268, "dj": 49.77108433304117, "dk": 7.30762019787355, "vw_i": 1.65749107859587, "vw_j": -5.656714484263747, "kt": 4.469012998853071, "train_sc_a": [4.352782232177734], "train_sc_v": [3.431132257047333], "val_sc_a": 0, "val_sc_v": 0, "total_sc_a": 0, "total_sc_v": 0}