{"c1": 0.019953788341416534, "c2": 0.12636344818849052, "ch1": -0.6659587442697836, "ch2": 0.047548882376926366, "di": 49.85565451286494, "dj": 53.05796774253702, "dk": 10.711713776135142, "vw_i": 2.7656311378641134, "vw_j": -5.228480842417134, "kt": 6.618456371285503, "train_sc_a": [1.3843718351441991], "train_sc_v": [0.4224436056532773], "val_sc_a": 0, "val_sc_v": 0, "total_sc_a": 0, "total_sc_v": 0}