{"c1": 0.019273214741526348, "c2": 0.12485490053993345, "ch1": -0.49553237912090853, "ch2": 0.06061468441110339, "di": 54.15566502086321, "dj": 51.97531190298962, "dk": 6.570200159496722, "vw_i": 2.391434420723609, "vw_j": -4.6055087236117895, "kt": 4.315431640055621, "train_sc_a": [2.879997166476175], "train_sc_v": [1.915524604497963], "val_sc_a": 0, "val_sc_v": 0, "total_sc_a": 0, "total_sc_v": 0}