{"c1": 0.02005500479650145, "c2": 0.1256263735105271, "ch1": -0.7056981582242505, "ch2": 0.04466616645287237, "di": 44.74930655787203, "dj": 52.86483468553105, "dk": 10.760753505187914, "vw_i": 1.972125325951416, "vw_j": -3.697777615896726, "kt": 6.642533022512183, "train_sc_a": [3.940474635104613], "train_sc_v": [2.456319952367002], "val_sc_a": 0, "val_sc_v": 0, "total_sc_a": 0, "total_sc_v": 0}