{"c1": 0.01848548983627076, "c2": 0.11372577780288083, "ch1": 0.0077564992457560605, "ch2": 0.09147578854449684, "di": 26.564875796042564, "dj": 2.5841513444811737, "dk": 14.652000964228613, "vw_i": 0.062167006134622026, "vw_j": -0.489758165978846, "kt": 4.280028156248529, "train_sc_a": [0.6214965165267697], "train_sc_v": [0.14168722271458903], "val_sc_a": 0, "val_sc_v": 0, "total_sc_a": 0, "total_sc_v": 0}