{"c1": 0.019210754977616113, "c2": 0.12667346509134966, "ch1": -0.5262883887974015, "ch2": 0.058644371281176014, "di": 49.80168574377437, "dj": 53.69853729798911, "dk": 6.303305912668574, "vw_i": 0.7915309797416976, "vw_j": -5.033510303212011, "kt": 4.511550444570861, "train_sc_a": [1.782010011413124], "train_sc_v": [0.8744782005082284], "val_sc_a": 0, "val_sc_v": 0, "total_sc_a": 0, "total_sc_v": 0}