{"c1": 0.020165400091094764, "c2": 0.1189621189816756, "ch1": -0.5863468690701075, "ch2": 0.05361630427688375, "di": 47.29648929455246, "dj": 49.50135681756838, "dk": 0.0, "vw_i": 0.785091256960295, "vw_j": -3.5634483685830203, "kt": 4.306979073882602, "train_sc_a": [1.9836608148748787], "train_sc_v": [1.760062331878454], "val_sc_a": 0, "val_sc_v": 0, "total_sc_a": 0, "total_sc_v": 0}