{"c1": 0.020587290624947147, "c2": 0.11636552697888994, "ch1": -0.4474796153614168, "ch2": 0.0645383090831402, "di": 55.7938184434189, "dj": 57.063962867391695, "dk": 11.435446791595467, "vw_i": -0.09707870907266544, "vw_j": -6.901717445633269, "kt": 4.702907764535636, "train_sc_a": [2.3944879331114777], "train_sc_v": [2.266571938635286], "val_sc_a": 0, "val_sc_v": 0, "total_sc_a": 0, "total_sc_v": 0}