{"c1": 0.01869263143792033, "c2": 0.12880763436420353, "ch1": -0.5301026131009036, "ch2": 0.05738461682284507, "di": 50.86296213051309, "dj": 50.3158999675318, "dk": 8.605846997143294, "vw_i": -2.6548674569470867, "vw_j": -6.061684352159754, "kt": 4.158617896921462, "train_sc_a": [1.189942295534497], "train_sc_v": [1.1797328814142674], "val_sc_a": 0, "val_sc_v": 0, "total_sc_a": 0, "total_sc_v": 0}