{"c1": 0.02074512420030186, "c2": 0.11412491356209264, "ch1": -0.4673158359969235, "ch2": 0.06286195802165481, "di": 54.95566252876626, "dj": 52.463862873297515, "dk": 9.782477668215368, "vw_i": -0.4757087352767265, "vw_j": -7.523415932502271, "kt": 3.9784127227355492, "train_sc_a": [5.2075629507510275], "train_sc_v": [3.4365146386532857], "val_sc_a": 0, "val_sc_v": 0, "total_sc_a": 0, "total_sc_v": 0}