{"c1": 0.020492755401853937, "c2": 0.11550354164224307, "ch1": -0.5907229958091145, "ch2": 0.052856357344317685, "di": 46.51072323300356, "dj": 47.471943209101966, "dk": 9.58903691495285, "vw_i": -2.580258445456198, "vw_j": -4.261558331029462, "kt": 4.277548375512589, "train_sc_a": [0.7544692228391875], "train_sc_v": [0.6868781718980219], "val_sc_a": 0, "val_sc_v": 0, "total_sc_a": 0, "total_sc_v": 0}