{"c1": 0.019771235033821197, "c2": 0.10393973712599842, "ch1": -0.014054315151690915, "ch2": 0.09036260183386681, "di": 21.437835255482746, "dj": 5.054525569881291, "dk": 7.321472751499135, "vw_i": -1.3075483075521528, "vw_j": 0.01969350177068306, "kt": 3.2682151096046477, "train_sc_a": [0.6887845843488677], "train_sc_v": [0.5433873689773946], "val_sc_a": 0, "val_sc_v": 0, "total_sc_a": 0, "total_sc_v": 0}