{"c1": 0.021024079086711986, "c2": 0.11346501583817262, "ch1": -0.610605295874816, "ch2": 0.04936161742355807, "di": 53.80304826035838, "dj": 54.54763324694238, "dk": 0.8714051173179391, "vw_i": 1.325252186127659, "vw_j": -4.900443410774643, "kt": 4.753125107313646, "train_sc_a": [0.2797146103885354], "train_sc_v": [0.05095571779159714], "val_sc_a": 0, "val_sc_v": 0, "total_sc_a": 0, "total_sc_v": 0}