{"c1": 0.020112660698999828, "c2": 0.11948824733081331, "ch1": -0.5457175240184308, "ch2": 0.056871129532980076, "di": 52.02265896180103, "dj": 49.60585704132609, "dk": 0.0, "vw_i": 1.3760863126687988, "vw_j": -4.789502268260309, "kt": 4.286169370219257, "train_sc_a": [2.765422780005974], "train_sc_v": [1.2563043841109975], "val_sc_a": 0, "val_sc_v": 0, "total_sc_a": 0, "total_sc_v": 0}