{"c1": 0.019824774113936357, "c2": 0.11098665923741985, "ch1": -0.15221073562609358, "ch2": 0.07996312901017141, "di": 21.156055795049113, "dj": 18.9657413829789, "dk": 21.592622142896648, "vw_i": -4.12824193887736, "vw_j": -1.9177083224703142, "kt": 2.6523132966304526, "train_sc_a": [0.33230689708026245], "train_sc_v": [0.05976100234827506], "val_sc_a": 0, "val_sc_v": 0, "total_sc_a": 0, "total_sc_v": 0}