{"c1": 0.02067213334110027, "c2": 0.1190363082070659, "ch1": -0.6184715914871053, "ch2": 0.04873632037395475, "di": 53.83787861767151, "dj": 53.91900725634865, "dk": 9.334853901982292, "vw_i": 0.5614736623165613, "vw_j": -4.870514487630398, "kt": 6.909727512530253, "train_sc_a": [1.1444701051853514], "train_sc_v": [0.2125402654038851], "val_sc_a": 0, "val_sc_v": 0, "total_sc_a": 0, "total_sc_v": 0}