{"c1": 0.019466761314292626, "c2": 0.11483213617192999, "ch1": -0.08912538934887759, "ch2": 0.08796219538591014, "di": 24.23553743039361, "dj": 28.368782214739003, "dk": 14.307123286391546, "vw_i": -0.274470999249605, "vw_j": -0.8281380676778349, "kt": 2.908218137706676, "train_sc_a": [0.3457575921965653], "train_sc_v": [0.09104079113805863], "val_sc_a": 0, "val_sc_v": 0, "total_sc_a": 0, "total_sc_v": 0}