{"c1": 0.019741010240215715, "c2": 0.12178697520598197, "ch1": -0.5159274322954615, "ch2": 0.05893017872510987, "di": 50.96741409053861, "dj": 51.299322556172314, "dk": 11.711418481088305, "vw_i": -0.5530494577479171, "vw_j": -4.617588147186636, "kt": 4.13027890289601, "train_sc_a": [6.524820482540429], "train_sc_v": [2.1628265254160297], "val_sc_a": 0, "val_sc_v": 0, "total_sc_a": 0, "total_sc_v": 0}