{"c1": 0.02087498444195936, "c2": 0.12014307863760179, "ch1": -0.6474349708085113, "ch2": 0.04979700399151139, "di": 52.655038544695586, "dj": 52.63564483524864, "dk": 13.651988805143326, "vw_i": -1.4078961828222203, "vw_j": -5.467003035403707, "kt": 7.223247085149784, "train_sc_a": [2.517161422616807], "train_sc_v": [0.49449882776730875], "val_sc_a": 0, "val_sc_v": 0, "total_sc_a": 0, "total_sc_v": 0}