{"c1": 0.019207287586320714, "c2": 0.12533281803203217, "ch1": -0.5780257169431869, "ch2": 0.05488868026316275, "di": 48.32169312190261, "dj": 49.87899831877399, "dk": 6.528918142656873, "vw_i": -0.4559375148183319, "vw_j": -2.701603848104498, "kt": 4.3641705169522185, "train_sc_a": 0.0, "train_sc_v": 0.0, "val_sc_a": [4.794020821298285], "val_sc_v": [2.055872171456799], "total_sc_a": 0, "total_sc_v": 0}