{"c1": 0.01872382988341164, "c2": 0.11110287680225672, "ch1": 0.004339598697979231, "ch2": 0.09123512862474832, "di": 26.78063193015115, "dj": 1.045997560812976, "dk": 13.705047085042638, "vw_i": -0.8397151806972836, "vw_j": -0.10735113529155114, "kt": 4.199414311705633, "train_sc_a": [0.6413189713323918], "train_sc_v": [0.25991853788129876], "val_sc_a": 0, "val_sc_v": 0, "total_sc_a": 0, "total_sc_v": 0}