{"c1": 0.01864756297497985, "c2": 0.1290928595540551, "ch1": -0.5663241859342357, "ch2": 0.05480571775230233, "di": 48.32718999407931, "dj": 48.464969495258494, "dk": 8.283589672444, "vw_i": -2.9626534615370366, "vw_j": -4.908687232574145, "kt": 4.166259856327469, "train_sc_a": [2.344913248946813], "train_sc_v": [2.254798242009116], "val_sc_a": 0, "val_sc_v": 0, "total_sc_a": 0, "total_sc_v": 0}