{"c1": 0.02045566242601268, "c2": 0.11971110598275841, "ch1": -0.6286110581714265, "ch2": 0.047906876194524745, "di": 55.487948193343385, "dj": 52.34456318702625, "dk": 5.94299958911657, "vw_i": -0.417712033778886, "vw_j": -5.894842984092459, "kt": 6.648231517922477, "train_sc_a": [1.7552297678760618], "train_sc_v": [1.1040699949164983], "val_sc_a": 0, "val_sc_v": 0, "total_sc_a": 0, "total_sc_v": 0}