{"c1": 0.018839673770539644, "c2": 0.11925485402757081, "ch1": -0.05471379154803937, "ch2": 0.09059539703800058, "di": 25.562215833148507, "dj": 27.75648231779989, "dk": 13.899298728456419, "vw_i": -0.2808731040009483, "vw_j": 0.005062233323979553, "kt": 2.9695278610769402, "train_sc_a": [0.6551309957979489], "train_sc_v": [0.18266443133617627], "val_sc_a": 0, "val_sc_v": 0, "total_sc_a": 0, "total_sc_v": 0}