{"c1": 0.01949078020653938, "c2": 0.12454817962282101, "ch1": -0.5311463295737181, "ch2": 0.05845518403835616, "di": 52.34680983502656, "dj": 51.94478237998901, "dk": 10.381910872914744, "vw_i": -1.0299239486435345, "vw_j": -4.4413021191843995, "kt": 4.486936319614218, "train_sc_a": [2.897055126535917], "train_sc_v": [2.716350034370893], "val_sc_a": 0, "val_sc_v": 0, "total_sc_a": 0, "total_sc_v": 0}