{"c1": 0.01895470006622152, "c2": 0.13283235361494478, "ch1": -0.6181835194890001, "ch2": 0.04942842582002666, "di": 52.469817035265635, "dj": 54.10534342302034, "dk": 13.088175238297692, "vw_i": 2.2632138862272715, "vw_j": -4.1502688497819875, "kt": 7.061874740656006, "train_sc_a": [0.31237924059108013], "train_sc_v": [0.20976294221264663], "val_sc_a": 0, "val_sc_v": 0, "total_sc_a": 0, "total_sc_v": 0}