{"c1": 0.02059258135264557, "c2": 0.11874476133405028, "ch1": -0.6498531041447949, "ch2": 0.04613604975134015, "di": 48.7561301816869, "dj": 51.374301570024286, "dk": 8.505282181558432, "vw_i": 3.8892486034267257, "vw_j": -1.4038961441746047, "kt": 6.643008961579741, "train_sc_a": [5.729761087337406], "train_sc_v": [1.7792978517540963], "val_sc_a": 0, "val_sc_v": 0, "total_sc_a": 0, "total_sc_v": 0}