{"c1": 0.020826161640093203, "c2": 0.112942067187756, "ch1": -0.5493127624245578, "ch2": 0.056385536475934805, "di": 47.704980774378285, "dj": 51.55567149714339, "dk": 9.849828630973567, "vw_i": -3.275441718623296, "vw_j": -6.140037370926802, "kt": 4.2336983192715225, "train_sc_a": [2.507119327333891], "train_sc_v": [0.9797991558279389], "val_sc_a": 0, "val_sc_v": 0, "total_sc_a": 0, "total_sc_v": 0}