{"c1": 0.01922292564765818, "c2": 0.1262343436242744, "ch1": -0.5183062148787945, "ch2": 0.05902501751505792, "di": 52.7470898632629, "dj": 53.20331245357547, "dk": 12.455581033291653, "vw_i": 0.39429050751682065, "vw_j": -4.3278871270753925, "kt": 4.467138514720186, "train_sc_a": [0.8475082677943011], "train_sc_v": [0.1596497443199098], "val_sc_a": 0, "val_sc_v": 0, "total_sc_a": 0, "total_sc_v": 0}