{"c1": 0.02087498079808332, "c2": 0.1201431087946623, "ch1": -0.6474353108632543, "ch2": 0.04979697187638285, "di": 52.65500996424485, "dj": 52.63563247554172, "dk": 13.652015851289248, "vw_i": -1.4078999740849625, "vw_j": -5.467010427834548, "kt": 7.223234856757177, "train_sc_a": [2.517163681911557], "train_sc_v": [0.49449912185612344], "val_sc_a": 0, "val_sc_v": 0, "total_sc_a": 0, "total_sc_v": 0}