{"c1": 0.019004780790579556, "c2": 0.12688309204882892, "ch1": -0.5077795185695471, "ch2": 0.05895878584194195, "di": 53.646651292223034, "dj": 49.92515189785675, "dk": 11.484816521885492, "vw_i": -0.9163519350495721, "vw_j": -6.223315331043801, "kt": 4.199031514498221, "train_sc_a": [2.3052707554806586], "train_sc_v": [1.8737239663411138], "val_sc_a": 0, "val_sc_v": 0, "total_sc_a": 0, "total_sc_v": 0}