{"c1": 0.020631849116105556, "c2": 0.11921935125162085, "ch1": -0.7503549282855833, "ch2": 0.03848043975262899, "di": 49.919867864096815, "dj": 41.78987255329347, "dk": 7.154400650156546, "vw_i": 1.1331154576499065, "vw_j": -0.08171605859527031, "kt": 6.823088302521718, "train_sc_a": [8.420988196979966], "train_sc_v": [8.192631261328161], "val_sc_a": 0, "val_sc_v": 0, "total_sc_a": 0, "total_sc_v": 0}