{"c1": 0.020518176798218296, "c2": 0.11610065806936219, "ch1": -0.5136476496222313, "ch2": 0.05911763001898526, "di": 46.29631615192147, "dj": 54.54995650794952, "dk": 12.121585160514648, "vw_i": 4.219426184259554, "vw_j": -4.735770444150943, "kt": 4.287845907597014, "train_sc_a": [2.6763273749275136], "train_sc_v": [1.1636280186430126], "val_sc_a": 0, "val_sc_v": 0, "total_sc_a": 0, "total_sc_v": 0}