{"c1": 0.02132325046137713, "c2": 0.09919051656026705, "ch1": -0.03765705282820468, "ch2": 0.091760932172544, "di": 25.623757600407853, "dj": 27.94273091848342, "dk": 10.755908179058926, "vw_i": -0.8355627818288585, "vw_j": -0.12299561159442901, "kt": 3.1535830695765465, "train_sc_a": [0.23486839714036364], "train_sc_v": [0.06546821449749254], "val_sc_a": 0, "val_sc_v": 0, "total_sc_a": 0, "total_sc_v": 0}