{"c1": 0.020339829842570545, "c2": 0.11425090708217896, "ch1": -0.36987684054661985, "ch2": 0.06794073663543118, "di": 42.089608897961604, "dj": 47.644651977667145, "dk": 21.70495654477489, "vw_i": 1.2071876317190195, "vw_j": -1.3595700797308918, "kt": 4.852383653920504, "train_sc_a": [0.9443604777445923], "train_sc_v": [0.47738888532785734], "val_sc_a": 0, "val_sc_v": 0, "total_sc_a": 0, "total_sc_v": 0}