{"c1": 0.019518524169796384, "c2": 0.10230587214507343, "ch1": -0.02682009135625895, "ch2": 0.09039989515681585, "di": 5.671445467583377, "dj": 3.8256420100905895, "dk": 1.448207576442413, "vw_i": -2.0170159556198137, "vw_j": -0.9281128975739771, "kt": 5.011758788790503, "train_sc_a": [0.45988035088407625], "train_sc_v": [0.11023280227594695], "val_sc_a": 0, "val_sc_v": 0, "total_sc_a": 0, "total_sc_v": 0}