{"c1": 0.019695621944409568, "c2": 0.12755924515939585, "ch1": -0.6808716619871455, "ch2": 0.04614488499661888, "di": 48.67033738236434, "dj": 52.25345022812044, "dk": 13.206096118869745, "vw_i": 6.260686965497866, "vw_j": -1.3002552779368814, "kt": 6.521257510671506, "train_sc_a": [1.8083086925234124], "train_sc_v": [1.7800073920001533], "val_sc_a": 0, "val_sc_v": 0, "total_sc_a": 0, "total_sc_v": 0}