{"c1": 0.019967575404195338, "c2": 0.11893377479677739, "ch1": -0.5159165908224227, "ch2": 0.05792983905015784, "di": 52.24971499380652, "dj": 51.000348460175424, "dk": 13.60042402829318, "vw_i": 2.7514057937121272, "vw_j": -4.638046576058074, "kt": 4.5161864007569354, "train_sc_a": [5.307752468433653], "train_sc_v": [2.3339954467358264], "val_sc_a": 0, "val_sc_v": 0, "total_sc_a": 0, "total_sc_v": 0}