{"c1": 0.018786133722167864, "c2": 0.11506063426417146, "ch1": -0.12769372812096103, "ch2": 0.08197125627414867, "di": 15.863415694013892, "dj": 12.485397113213974, "dk": 17.696578972389503, "vw_i": 3.843189213011508, "vw_j": 2.3795188970157852, "kt": 4.529813090962439, "train_sc_a": [0.4578681804186051], "train_sc_v": [0.22120732643749777], "val_sc_a": 0, "val_sc_v": 0, "total_sc_a": 0, "total_sc_v": 0}