{"c1": 0.019416005006013332, "c2": 0.12536590010693463, "ch1": -0.4858918940712667, "ch2": 0.06177579883865334, "di": 56.62090866306869, "dj": 52.529792989728364, "dk": 9.049721443122483, "vw_i": -1.4067236695170493, "vw_j": -7.260541192949756, "kt": 4.252964199660619, "train_sc_a": [4.785846242464872], "train_sc_v": [3.20750032088552], "val_sc_a": 0, "val_sc_v": 0, "total_sc_a": 0, "total_sc_v": 0}