{"c1": 0.019053973405158492, "c2": 0.10556022683007629, "ch1": -0.022006523151599174, "ch2": 0.09085871858238419, "di": 5.312414598481916, "dj": 4.096785904911545, "dk": 2.1746704986519023, "vw_i": -2.4391898754284793, "vw_j": -1.171111410303828, "kt": 4.95756258856403, "train_sc_a": [0.5591040332360645], "train_sc_v": [0.23478035101941622], "val_sc_a": 0, "val_sc_v": 0, "total_sc_a": 0, "total_sc_v": 0}