{"c1": 0.019976573285042758, "c2": 0.10264404812299595, "ch1": -0.35326122527429343, "ch2": 0.0638910476566083, "di": 23.536404260219832, "dj": 0.0, "dk": 4.7462830151579265, "vw_i": -6.5675814503928915, "vw_j": -0.3429594471177002, "kt": 4.5189331864555005, "train_sc_a": [NaN], "train_sc_v": [NaN], "val_sc_a": 0, "val_sc_v": 0, "total_sc_a": 0, "total_sc_v": 0}