{"c1": 0.020391175048449898, "c2": 0.10647858290799572, "ch1": -0.3134060650701879, "ch2": 0.07163730717220618, "di": 22.052258602313394, "dj": 21.158948985489708, "dk": 1.5106238690015719, "vw_i": -6.475198929288261, "vw_j": -2.571009548543748, "kt": 3.988139314329441, "train_sc_a": [1.2066539751927097], "train_sc_v": [1.1168981170947387], "val_sc_a": 0, "val_sc_v": 0, "total_sc_a": 0, "total_sc_v": 0}