{"c1": 0.019208755874410496, "c2": 0.13100324813783631, "ch1": -0.690693154504723, "ch2": 0.044593153391906525, "di": 49.72286734835178, "dj": 49.65062891159211, "dk": 12.630478089790904, "vw_i": 5.53974663725651, "vw_j": -1.671525921476635, "kt": 6.703343402525695, "train_sc_a": [4.475086431678718], "train_sc_v": [2.1825083016498388], "val_sc_a": 0, "val_sc_v": 0, "total_sc_a": 0, "total_sc_v": 0}