{"c1": 0.02008053122210908, "c2": 0.10146340757535995, "ch1": -0.0072933980335568695, "ch2": 0.09087917548086696, "di": 21.784548330468706, "dj": 5.000476586600714, "dk": 7.122670933384673, "vw_i": -1.0055896632156638, "vw_j": -0.5410862364956502, "kt": 3.312047136137149, "train_sc_a": [0.41534656157506133], "train_sc_v": [0.06360553288248195], "val_sc_a": 0, "val_sc_v": 0, "total_sc_a": 0, "total_sc_v": 0}