{"c1": 0.02064465204540405, "c2": 0.11817461512743131, "ch1": -0.6714424626624684, "ch2": 0.04439736510369412, "di": 51.91174134307281, "dj": 50.32830313412362, "dk": 4.828793034403409, "vw_i": -1.5159663833796877, "vw_j": -4.802497432420268, "kt": 6.6607495670464605, "train_sc_a": [3.137946259774464], "train_sc_v": [2.35935443733209], "val_sc_a": 0, "val_sc_v": 0, "total_sc_a": 0, "total_sc_v": 0}