{"c1": 0.020436362956305732, "c2": 0.11593919535051417, "ch1": -0.5924393923736456, "ch2": 0.05270522629613938, "di": 45.94479717941296, "dj": 47.82320407182003, "dk": 9.65617207967966, "vw_i": -2.5523200613523263, "vw_j": -4.235481240521172, "kt": 4.275743255914895, "train_sc_a": [0.8766201082446162], "train_sc_v": [0.34736285676279766], "val_sc_a": 0, "val_sc_v": 0, "total_sc_a": 0, "total_sc_v": 0}