{"c1": 0.020741246943544053, "c2": 0.11415553032358408, "ch1": -0.5235565146173815, "ch2": 0.05844776472782627, "di": 50.52805736013569, "dj": 50.37257110021224, "dk": 9.782441947941942, "vw_i": -0.1660094909199973, "vw_j": -5.3091796517943575, "kt": 3.990740918578011, "train_sc_a": [0.9626184690275236], "train_sc_v": [0.6759642340983983], "val_sc_a": 0, "val_sc_v": 0, "total_sc_a": 0, "total_sc_v": 0}