{"c1": 0.019222014643767223, "c2": 0.12628331928336864, "ch1": -0.5300482805992599, "ch2": 0.05819771642279883, "di": 52.029740987585825, "dj": 52.76060645239412, "dk": 12.497372380034973, "vw_i": 0.2504656092491841, "vw_j": -3.8301629307736365, "kt": 4.573726952291052, "train_sc_a": [1.6091686908015332], "train_sc_v": [0.5890728604759566], "val_sc_a": 0, "val_sc_v": 0, "total_sc_a": 0, "total_sc_v": 0}