{"c1": 0.019525667635067842, "c2": 0.11399588804793606, "ch1": -0.24003121410057032, "ch2": 0.07947026834235042, "di": 38.81441428289097, "dj": 55.80841344054529, "dk": 7.297879796343924, "vw_i": 8.419061565674815, "vw_j": 3.3559839690676343, "kt": 3.38568339598787, "train_sc_a": [2.3366829026046854], "train_sc_v": [2.1383507515109414], "val_sc_a": 0, "val_sc_v": 0, "total_sc_a": 0, "total_sc_v": 0}