{"c1": 0.020587453877203978, "c2": 0.11878248108895127, "ch1": -0.6503151502372571, "ch2": 0.04608613125970125, "di": 48.755129073542555, "dj": 51.32926663885059, "dk": 8.494134532462814, "vw_i": 3.8692319850473833, "vw_j": -1.3972779551140913, "kt": 6.6334327312958505, "train_sc_a": [5.736177691046492], "train_sc_v": [1.779632180872803], "val_sc_a": 0, "val_sc_v": 0, "total_sc_a": 0, "total_sc_v": 0}