{"c1": 0.02028140725441872, "c2": 0.1239855749995164, "ch1": -0.6387222860315329, "ch2": 0.049645085345301945, "di": 52.48968406404503, "dj": 53.64008524614544, "dk": 10.946321439976444, "vw_i": 2.886925140399334, "vw_j": -6.209468963812222, "kt": 6.780097864507953, "train_sc_a": [1.93329357579135], "train_sc_v": [0.6324370814797212], "val_sc_a": 0, "val_sc_v": 0, "total_sc_a": 0, "total_sc_v": 0}