{"c1": 0.02000220261089791, "c2": 0.10954948767339562, "ch1": -0.19462750363112435, "ch2": 0.0766143577569776, "di": 21.04196594229949, "dj": 14.838629901007408, "dk": 20.67430538399731, "vw_i": -5.105538955171102, "vw_j": -2.4468684859099463, "kt": 2.5515623243105927, "train_sc_a": [3.2080156356222598], "train_sc_v": [2.108837456125104], "val_sc_a": 0, "val_sc_v": 0, "total_sc_a": 0, "total_sc_v": 0}