{"c1": 0.020691379851372968, "c2": 0.11667432952335995, "ch1": -0.6602091159805098, "ch2": 0.04309278957043085, "di": 48.663839753481376, "dj": 51.92290236640078, "dk": 7.745769280381598, "vw_i": 4.136304702210966, "vw_j": -4.422048331153357, "kt": 4.8629169934364915, "train_sc_a": [3.2133249575367255], "train_sc_v": [1.1975241029777555], "val_sc_a": 0, "val_sc_v": 0, "total_sc_a": 0, "total_sc_v": 0}