{"c1": 0.0196650340722657, "c2": 0.12119501290590112, "ch1": -0.5543251638923058, "ch2": 0.055116950839067036, "di": 47.58192822687498, "dj": 51.01591264480867, "dk": 13.555962250837716, "vw_i": 1.9476807399354146, "vw_j": -3.211929476156649, "kt": 4.504180524696683, "train_sc_a": [1.7306595876441653], "train_sc_v": [0.5245756632455266], "val_sc_a": 0, "val_sc_v": 0, "total_sc_a": 0, "total_sc_v": 0}