{"c1": 0.01920543627433177, "c2": 0.108323159827934, "ch1": -0.00538001144257857, "ch2": 0.09104947130725327, "di": 21.09415598035952, "dj": 5.577150673727736, "dk": 7.515363753977939, "vw_i": -1.6440024766714725, "vw_j": 0.47240368986395576, "kt": 3.254034572802098, "train_sc_a": [0.4338239708146043], "train_sc_v": [0.14281213036645735], "val_sc_a": 0, "val_sc_v": 0, "total_sc_a": 0, "total_sc_v": 0}