{"c1": 0.02064951113329579, "c2": 0.11430122803354775, "ch1": -0.6331757463691087, "ch2": 0.04949923894539477, "di": 37.958241002037916, "dj": 51.003763391945355, "dk": 9.73221278240302, "vw_i": -3.91274509413869, "vw_j": -3.5617297983184444, "kt": 4.426467982316511, "train_sc_a": [5.412496620638096], "train_sc_v": [4.722712376842203], "val_sc_a": 0, "val_sc_v": 0, "total_sc_a": 0, "total_sc_v": 0}