{"c1": 0.0194369309848447, "c2": 0.12341393626674374, "ch1": -0.5779527933261009, "ch2": 0.0538907258674134, "di": 46.69810209053979, "dj": 49.107721158474746, "dk": 14.46790995138468, "vw_i": -2.3977995346541428, "vw_j": -5.088821338317939, "kt": 4.456775945080773, "train_sc_a": [1.6808210157661982], "train_sc_v": [1.325224632397907], "val_sc_a": 0, "val_sc_v": 0, "total_sc_a": 0, "total_sc_v": 0}