{"c1": 0.02005666406459649, "c2": 0.1197350920947633, "ch1": -0.5582874748130991, "ch2": 0.055620254681627804, "di": 50.28504591007968, "dj": 49.5054197273268, "dk": 0.0, "vw_i": 1.667799152267066, "vw_j": -4.439476405323885, "kt": 4.307146516932279, "train_sc_a": [0.7268852319486778], "train_sc_v": [0.813604448032567], "val_sc_a": 0, "val_sc_v": 0, "total_sc_a": 0, "total_sc_v": 0}