{"c1": 0.01935009538496829, "c2": 0.1027437493588131, "ch1": -0.3607110614140074, "ch2": 0.05519097564553159, "di": 4.9334488112150074, "dj": 0.0, "dk": 0.0, "vw_i": -0.8613762557291815, "vw_j": -0.43091297200248097, "kt": 5.018556928706784, "train_sc_a": [NaN], "train_sc_v": [NaN], "val_sc_a": 0, "val_sc_v": 0, "total_sc_a": 0, "total_sc_v": 0}