{"c1": 0.019106045851872557, "c2": 0.11668452905059819, "ch1": -0.15687185137942136, "ch2": 0.08623237671626777, "di": 38.777176269079746, "dj": 62.495867191504, "dk": 5.240591129266437, "vw_i": -0.08590453058202074, "vw_j": 1.9327326674342107, "kt": 3.0055051648420292, "train_sc_a": [1.3742380927163864], "train_sc_v": [0.4810553334762333], "val_sc_a": 0, "val_sc_v": 0, "total_sc_a": 0, "total_sc_v": 0}