{"c1": 0.019164274032102538, "c2": 0.11538952586242018, "ch1": -0.2872138798982048, "ch2": 0.07306982590713304, "di": 23.09936369859007, "dj": 24.61611912656453, "dk": 0.6766229827778666, "vw_i": -7.243566559416761, "vw_j": -2.7498306014714706, "kt": 3.849316267118915, "train_sc_a": [2.209195097474532], "train_sc_v": [2.209575784675569], "val_sc_a": 0, "val_sc_v": 0, "total_sc_a": 0, "total_sc_v": 0}