{"c1": 0.020981072707661808, "c2": 0.11653485393765273, "ch1": -0.6193368102857211, "ch2": 0.048660947980925205, "di": 53.343774031295034, "dj": 54.32000010045424, "dk": 8.097401998412302, "vw_i": 0.681847618756162, "vw_j": -4.770565215018266, "kt": 6.891113888556055, "train_sc_a": [0.6862774542143723], "train_sc_v": [0.4158755085241084], "val_sc_a": 0, "val_sc_v": 0, "total_sc_a": 0, "total_sc_v": 0}