{"c1": 0.020959283577852074, "c2": 0.11235112259393526, "ch1": -0.5299991110019562, "ch2": 0.058096372847064946, "di": 52.92568568686814, "dj": 49.75477282174373, "dk": 8.250092100511859, "vw_i": 2.0357702247055665, "vw_j": -3.5989286489059467, "kt": 4.180021471292127, "train_sc_a": [0.9878072581206715], "train_sc_v": [0.5569561712424831], "val_sc_a": 0, "val_sc_v": 0, "total_sc_a": 0, "total_sc_v": 0}