{"c1": 0.01958837167987819, "c2": 0.12288079883884556, "ch1": -0.5178888708505701, "ch2": 0.05856343572846592, "di": 50.3596990061021, "dj": 52.17841484545429, "dk": 12.506578742090166, "vw_i": -1.2520610287690814, "vw_j": -5.1204321171893055, "kt": 4.229018401630732, "train_sc_a": [0.9021116592231879], "train_sc_v": [0.5669016421267209], "val_sc_a": 0, "val_sc_v": 0, "total_sc_a": 0, "total_sc_v": 0}