{"c1": 0.019267611522448005, "c2": 0.12642540056282933, "ch1": -0.4089988780634408, "ch2": 0.06723106968059797, "di": 63.74505906599747, "dj": 53.950839644786676, "dk": 8.837065103301727, "vw_i": -0.047703334477894876, "vw_j": -10.117418668707234, "kt": 4.16045348546484, "train_sc_a": [13.162479513323403], "train_sc_v": [7.242036169835521], "val_sc_a": 0, "val_sc_v": 0, "total_sc_a": 0, "total_sc_v": 0}