{"c1": 0.019888968384254913, "c2": 0.10087046525610557, "ch1": 0.005778912218178641, "ch2": 0.09186821624596225, "di": 6.890643727760236, "dj": 3.994385549414207, "dk": 5.308214953751265, "vw_i": -1.545280708744702, "vw_j": -0.5804105504487072, "kt": 4.345170392407775, "train_sc_a": [0.7058982817998202], "train_sc_v": [0.36992931287225184], "val_sc_a": 0, "val_sc_v": 0, "total_sc_a": 0, "total_sc_v": 0}