{"c1": 0.020920279689050844, "c2": 0.11691945333735923, "ch1": -0.6227090758627746, "ch2": 0.048350941105837084, "di": 52.66980207565128, "dj": 54.63911817520991, "dk": 7.829023063074338, "vw_i": 0.836172630341899, "vw_j": -4.687078370144116, "kt": 6.9010369216825005, "train_sc_a": [1.177013442010208], "train_sc_v": [0.3850752325851339], "val_sc_a": 0, "val_sc_v": 0, "total_sc_a": 0, "total_sc_v": 0}