{"c1": 0.01885508357434288, "c2": 0.11821698532129027, "ch1": -0.03686608626002738, "ch2": 0.0922505339799699, "di": 22.7783299628494, "dj": 31.40100692662004, "dk": 12.048850184310703, "vw_i": -0.8911784824208308, "vw_j": -0.38402792074972764, "kt": 2.0974525941127244, "train_sc_a": [0.3014007942805986], "train_sc_v": [0.05278232274672682], "val_sc_a": 0, "val_sc_v": 0, "total_sc_a": 0, "total_sc_v": 0}