{"c1": 0.019667509181959204, "c2": 0.12362385048126706, "ch1": -0.5472851226164067, "ch2": 0.05700802248428574, "di": 50.37262215760131, "dj": 50.712718826835314, "dk": 6.844061067412518, "vw_i": 0.0357527277592254, "vw_j": -5.118132422375514, "kt": 4.645947852833459, "train_sc_a": [2.0105041097517757], "train_sc_v": [0.4895307408278438], "val_sc_a": 0, "val_sc_v": 0, "total_sc_a": 0, "total_sc_v": 0}