{"c1": 0.018397103938556335, "c2": 0.11487075336122893, "ch1": 0.024689809773147997, "ch2": 0.09286005456725897, "di": 24.373041339858652, "dj": 3.4385079353066264, "dk": 13.090641350205626, "vw_i": -0.1980273014724568, "vw_j": 0.04967969415568389, "kt": 4.346274139547649, "train_sc_a": [0.348910930238442], "train_sc_v": [0.15607072421656068], "val_sc_a": 0, "val_sc_v": 0, "total_sc_a": 0, "total_sc_v": 0}