{"c1": 0.021785353308815324, "c2": 0.11149504639751709, "ch1": -0.6879751645937583, "ch2": 0.0457211635042582, "di": 49.97567038060863, "dj": 49.84502151588052, "dk": 2.907788069592528, "vw_i": 2.618243690680859, "vw_j": -4.332007706272442, "kt": 6.578060756185514, "train_sc_a": [1.983334858836983], "train_sc_v": [1.725435570490549], "val_sc_a": 0, "val_sc_v": 0, "total_sc_a": 0, "total_sc_v": 0}