{"c1": 0.020145442110398176, "c2": 0.10858241577167055, "ch1": -0.36146095071919804, "ch2": 0.06751581102403077, "di": 22.05760820999745, "dj": 13.95786917462028, "dk": 3.9007801409700464, "vw_i": -5.723380829612798, "vw_j": -2.2525672023152996, "kt": 3.988298517342967, "train_sc_a": [5.239092842645857], "train_sc_v": [4.872307908089734], "val_sc_a": 0, "val_sc_v": 0, "total_sc_a": 0, "total_sc_v": 0}