{"c1": 0.02032323131868999, "c2": 0.09927413664150059, "ch1": -0.008787155486871374, "ch2": 0.09076831167686951, "di": 21.783575293171715, "dj": 4.948061961318995, "dk": 6.585034843047895, "vw_i": -0.9277026312812817, "vw_j": -0.5097348229540293, "kt": 3.3066810034233542, "train_sc_a": [0.4427454946275561], "train_sc_v": [0.19778185846791774], "val_sc_a": 0, "val_sc_v": 0, "total_sc_a": 0, "total_sc_v": 0}