{"c1": 0.0192204592174369, "c2": 0.11551481742229089, "ch1": -0.2761792998927602, "ch2": 0.07291517106093648, "di": 25.692925526551118, "dj": 14.992525330828926, "dk": 8.793198362267796, "vw_i": -8.196909291434151, "vw_j": -4.788707592190858, "kt": 3.45210724783875, "train_sc_a": [0.4200700159474591], "train_sc_v": [0.3628324102292237], "val_sc_a": 0, "val_sc_v": 0, "total_sc_a": 0, "total_sc_v": 0}