{"c1": 0.0196306157147474, "c2": 0.12253993142578785, "ch1": -0.5252416138161137, "ch2": 0.058081940040459516, "di": 50.76953663602639, "dj": 50.943808749467436, "dk": 12.139186028406277, "vw_i": -0.9923925550447165, "vw_j": -4.692370392750708, "kt": 4.22226334888623, "train_sc_a": [1.1756775700824686], "train_sc_v": [0.4413613281655448], "val_sc_a": 0, "val_sc_v": 0, "total_sc_a": 0, "total_sc_v": 0}