{"c1": 0.01942981605361259, "c2": 0.12722386870018149, "ch1": -0.6346973418543206, "ch2": 0.045658902263226726, "di": 50.09144818544557, "dj": 53.65074175701581, "dk": 7.654260585919359, "vw_i": 1.51117820595443, "vw_j": -5.616255740823797, "kt": 4.876477734288618, "train_sc_a": [1.3370705430475338], "train_sc_v": [0.46728611740126214], "val_sc_a": 0, "val_sc_v": 0, "total_sc_a": 0, "total_sc_v": 0}