{"c1": 0.020825928554505265, "c2": 0.11691946435561454, "ch1": -0.6038786910437777, "ch2": 0.04978933544929017, "di": 52.41777739691963, "dj": 53.58297038411721, "dk": 7.900271717629064, "vw_i": 5.099209619991534, "vw_j": -2.5770895167927614, "kt": 6.659085992869213, "train_sc_a": [0.96164460383594], "train_sc_v": [0.9063766763197646], "val_sc_a": 0, "val_sc_v": 0, "total_sc_a": 0, "total_sc_v": 0}