{"c1": 0.019427913166341803, "c2": 0.10670463264585667, "ch1": -0.014946397356038536, "ch2": 0.09014396160890757, "di": 22.285469287411914, "dj": 4.505089329226979, "dk": 6.8798093899987895, "vw_i": -1.2998653935446647, "vw_j": -1.0440523442841672, "kt": 3.5484576117647646, "train_sc_a": [0.35439733584060484], "train_sc_v": [0.08466005927005843], "val_sc_a": 0, "val_sc_v": 0, "total_sc_a": 0, "total_sc_v": 0}