{"c1": 0.02034434274933964, "c2": 0.1183213237759354, "ch1": -0.5113193574257839, "ch2": 0.05950981523498633, "di": 50.53818474933705, "dj": 53.869536793140426, "dk": 4.168000518249913, "vw_i": 1.6191077099931495, "vw_j": -5.215845066916277, "kt": 4.5247861764391395, "train_sc_a": [2.1305978425462295], "train_sc_v": [1.5088861787148562], "val_sc_a": 0, "val_sc_v": 0, "total_sc_a": 0, "total_sc_v": 0}