{"c1": 0.018501221464572302, "c2": 0.12983128004065306, "ch1": -0.5711420985411133, "ch2": 0.05448470623914377, "di": 47.00156245150278, "dj": 49.48781422465458, "dk": 14.083058735889978, "vw_i": -1.0138784069012319, "vw_j": -3.903743559954511, "kt": 4.572001060889775, "train_sc_a": [0.8856329118336251], "train_sc_v": [0.75810470294947], "val_sc_a": 0, "val_sc_v": 0, "total_sc_a": 0, "total_sc_v": 0}