{"c1": 0.0198936156180801, "c2": 0.09924840276413682, "ch1": -0.014208839224442644, "ch2": 0.09086724992732662, "di": 6.73651946394428, "dj": 2.8072531390855167, "dk": 1.8146540689925135, "vw_i": -1.798977165839708, "vw_j": -0.9079565597738458, "kt": 4.893828063740168, "train_sc_a": [0.2016116480238881], "train_sc_v": [0.1298883153859378], "val_sc_a": 0, "val_sc_v": 0, "total_sc_a": 0, "total_sc_v": 0}