{"c1": 0.019699829323299136, "c2": 0.12082227127794545, "ch1": -0.7229116438312704, "ch2": 0.04249526012435918, "di": 29.17669572370659, "dj": 50.46064117978363, "dk": 13.218592288220062, "vw_i": -0.6697902361339703, "vw_j": 2.974602061005985, "kt": 4.529233743583429, "train_sc_a": [10.152512795186407], "train_sc_v": [9.540078505735085], "val_sc_a": 0, "val_sc_v": 0, "total_sc_a": 0, "total_sc_v": 0}