{"c1": 0.01885302403418855, "c2": 0.1077781676076582, "ch1": -0.02754571902538904, "ch2": 0.09169370953105277, "di": 1.2905834613804834, "dj": 3.2540045241944155, "dk": 7.867084619295561, "vw_i": -2.3968151095095616, "vw_j": -1.0850276835496329, "kt": 5.092949581425805, "train_sc_a": [1.2207708761762743], "train_sc_v": [1.268429617989576], "val_sc_a": 0, "val_sc_v": 0, "total_sc_a": 0, "total_sc_v": 0}