{"c1": 0.02060217551630221, "c2": 0.11469019080116896, "ch1": -0.5555910383289324, "ch2": 0.05575160980067876, "di": 47.17639476433439, "dj": 51.469335401482184, "dk": 10.849441198233365, "vw_i": -3.147997510002656, "vw_j": -5.858463775061389, "kt": 4.290802720533894, "train_sc_a": [1.1995317068207783], "train_sc_v": [0.5170186377545786], "val_sc_a": 0, "val_sc_v": 0, "total_sc_a": 0, "total_sc_v": 0}