{"c1": 0.019505687363326023, "c2": 0.1261135558080687, "ch1": -0.667176973003752, "ch2": 0.04281366506550593, "di": 51.06772263715208, "dj": 48.737166129996965, "dk": 9.579155120990453, "vw_i": 1.7209387915831358, "vw_j": -4.920364389466786, "kt": 5.6634618647183075, "train_sc_a": [1.7984468952612764], "train_sc_v": [0.8658644387698999], "val_sc_a": 0, "val_sc_v": 0, "total_sc_a": 0, "total_sc_v": 0}