{"c1": 0.019224800689666616, "c2": 0.10406570640158397, "ch1": -0.029961733422540146, "ch2": 0.09029653468477578, "di": 5.27853159375652, "dj": 3.746119323067239, "dk": 0.555149311010217, "vw_i": -2.390747274367262, "vw_j": -1.1215010683464224, "kt": 4.9886878751518395, "train_sc_a": [0.6435475354705044], "train_sc_v": [0.37940581803580636], "val_sc_a": 0, "val_sc_v": 0, "total_sc_a": 0, "total_sc_v": 0}