{"c1": 0.019842770961409798, "c2": 0.10100950040250772, "ch1": 0.004873699669821482, "ch2": 0.09182327601058127, "di": 7.137270107519352, "dj": 3.6976577108910726, "dk": 4.652251799035215, "vw_i": -1.5659879927204785, "vw_j": -0.3170472921606349, "kt": 3.711940198821212, "train_sc_a": [0.6767444668273965], "train_sc_v": [0.3749601754299198], "val_sc_a": 0, "val_sc_v": 0, "total_sc_a": 0, "total_sc_v": 0}