{"c1": 0.020344337495113576, "c2": 0.11832136508456446, "ch1": -0.5113212592661551, "ch2": 0.05950966650622909, "di": 50.53801004592753, "dj": 53.869518020830576, "dk": 4.168015680401644, "vw_i": 1.6190750633116804, "vw_j": -5.215773851373151, "kt": 4.524786192355198, "train_sc_a": [2.1304607546802323], "train_sc_v": [1.508801186905716], "val_sc_a": 0, "val_sc_v": 0, "total_sc_a": 0, "total_sc_v": 0}