{"c1": 0.019940262828182957, "c2": 0.11006516869674998, "ch1": -0.14865956691758006, "ch2": 0.08695504700229992, "di": 38.49933643460536, "dj": 63.202829286765464, "dk": 4.241157469062995, "vw_i": -0.9826751842094694, "vw_j": 1.7007908060422527, "kt": 2.953070198941506, "train_sc_a": [0.7847857902213701], "train_sc_v": [0.32050068584666885], "val_sc_a": 0, "val_sc_v": 0, "total_sc_a": 0, "total_sc_v": 0}