{"c1": 0.020178088758761228, "c2": 0.12282038820420052, "ch1": -0.6330540865503604, "ch2": 0.04766447529516826, "di": 52.859597023998305, "dj": 53.48489511624312, "dk": 9.774773656752819, "vw_i": -0.9604634885859384, "vw_j": -5.059327411106652, "kt": 6.972270349785704, "train_sc_a": [2.158399182906754], "train_sc_v": [0.8126604197102492], "val_sc_a": 0, "val_sc_v": 0, "total_sc_a": 0, "total_sc_v": 0}