{"c1": 0.018689467308272506, "c2": 0.10906120415446051, "ch1": -0.0028147633823686694, "ch2": 0.09361508318361765, "di": 1.0595874789268336, "dj": 3.718488536842742, "dk": 8.812988926979026, "vw_i": -2.0984632832059074, "vw_j": -0.933856922410653, "kt": 5.104302783039758, "train_sc_a": [1.7090304187482108], "train_sc_v": [1.9396150472290465], "val_sc_a": 0, "val_sc_v": 0, "total_sc_a": 0, "total_sc_v": 0}