{"c1": 0.01863563074138932, "c2": 0.12917274669421494, "ch1": -0.5218474937457178, "ch2": 0.057913515927271654, "di": 52.99616943509342, "dj": 49.02490269406774, "dk": 8.249897603987277, "vw_i": -2.2506798481833723, "vw_j": -6.286961527351117, "kt": 4.152132794093009, "train_sc_a": [1.6665478830943143], "train_sc_v": [0.47294083504464585], "val_sc_a": 0, "val_sc_v": 0, "total_sc_a": 0, "total_sc_v": 0}