{"c1": 0.020622064500217654, "c2": 0.11609400801442071, "ch1": -0.4894246306114227, "ch2": 0.06129348310093459, "di": 53.015023960032494, "dj": 55.797189122420434, "dk": 11.383770601550523, "vw_i": -0.017862751986611337, "vw_j": -5.006598325279312, "kt": 4.70507062475812, "train_sc_a": [1.1905521126106529], "train_sc_v": [0.32577951788772924], "val_sc_a": 0, "val_sc_v": 0, "total_sc_a": 0, "total_sc_v": 0}