{"c1": 0.020796182286333113, "c2": 0.11990269652470242, "ch1": -0.6752372727331036, "ch2": 0.046836663090360935, "di": 50.22007351371885, "dj": 51.43755205772618, "dk": 9.739904285129112, "vw_i": 2.5650213919483935, "vw_j": -4.889020758939248, "kt": 6.554760378835738, "train_sc_a": [1.2451510115563893], "train_sc_v": [0.8207084305004194], "val_sc_a": 0, "val_sc_v": 0, "total_sc_a": 0, "total_sc_v": 0}