{"c1": 0.020962286711721557, "c2": 0.11063816551989865, "ch1": -0.5360816061538224, "ch2": 0.05617907588298141, "di": 50.61972827044852, "dj": 49.553444290075234, "dk": 11.419747156827896, "vw_i": 1.6050756400212196, "vw_j": -4.869711550272931, "kt": 4.490201904402188, "train_sc_a": [1.333364219048878], "train_sc_v": [1.1294576045120535], "val_sc_a": 0, "val_sc_v": 0, "total_sc_a": 0, "total_sc_v": 0}