{"c1": 0.019061670766971857, "c2": 0.12402484964801547, "ch1": -0.32904203115734704, "ch2": 0.07117342467927072, "di": 47.45046024485404, "dj": 45.5927820537402, "dk": 21.129586722493556, "vw_i": 1.8353379860411598, "vw_j": -2.1365574305563766, "kt": 4.514921585171154, "train_sc_a": [1.530087373094672], "train_sc_v": [2.60039759811854], "val_sc_a": 0, "val_sc_v": 0, "total_sc_a": 0, "total_sc_v": 0}