{"c1": 0.019783734370590025, "c2": 0.12147055019807773, "ch1": -0.514544720497708, "ch2": 0.05903012221824715, "di": 51.123009421166756, "dj": 51.31178030146306, "dk": 11.762576192525955, "vw_i": -0.5381081017657264, "vw_j": -4.722154956415328, "kt": 4.139274611742361, "train_sc_a": [0.7922902780102222], "train_sc_v": [0.18128647020732497], "val_sc_a": 0, "val_sc_v": 0, "total_sc_a": 0, "total_sc_v": 0}