{"c1": 0.020071338712543324, "c2": 0.12043427939888321, "ch1": -0.6388334979760153, "ch2": 0.04975301491178148, "di": 47.187356242617675, "dj": 43.803280764379025, "dk": 4.282654446208848, "vw_i": 2.233229322892206, "vw_j": -1.1432268611988499, "kt": 4.987953072756705, "train_sc_a": [4.065294770344112], "train_sc_v": [3.338844086704775], "val_sc_a": 0, "val_sc_v": 0, "total_sc_a": 0, "total_sc_v": 0}