{"c1": 0.020164922280239864, "c2": 0.12306009471422347, "ch1": -0.6472888107954045, "ch2": 0.047041534744823255, "di": 49.357176900799395, "dj": 53.987311507683714, "dk": 7.76912262885632, "vw_i": 1.8879196483249638, "vw_j": -3.2254133557589393, "kt": 6.915763074842706, "train_sc_a": [2.8992663854344634], "train_sc_v": [2.257383143859271], "val_sc_a": 0, "val_sc_v": 0, "total_sc_a": 0, "total_sc_v": 0}