{"c1": 0.020417977592759644, "c2": 0.11608496839819621, "ch1": -0.5696208638095287, "ch2": 0.05441045152725926, "di": 50.097217397955106, "dj": 46.53341773982819, "dk": 9.767904925500174, "vw_i": -2.829387738249787, "vw_j": -5.568533622901882, "kt": 4.29728110348978, "train_sc_a": [1.4403237304270302], "train_sc_v": [0.4849176422568165], "val_sc_a": 0, "val_sc_v": 0, "total_sc_a": 0, "total_sc_v": 0}