{"c1": 0.020730313183037138, "c2": 0.10434882277659929, "ch1": -0.03648617696383379, "ch2": 0.09228259371044532, "di": 23.43415122031952, "dj": 30.287721346483004, "dk": 12.473530312456552, "vw_i": -0.6815119043329982, "vw_j": -0.40087071217818016, "kt": 2.3786033489508114, "train_sc_a": [0.740412585425424], "train_sc_v": [0.3001287643659372], "val_sc_a": 0, "val_sc_v": 0, "total_sc_a": 0, "total_sc_v": 0}