{"c1": 0.018587573510816312, "c2": 0.1200312617662178, "ch1": -0.25550985174499513, "ch2": 0.07430207431609404, "di": 25.667928320531598, "dj": 20.06082669451419, "dk": 6.72989515839567, "vw_i": -8.179270964523672, "vw_j": -5.06069112652373, "kt": 3.4540174319077326, "train_sc_a": [2.3248250061756988], "train_sc_v": [1.8960005434611347], "val_sc_a": 0, "val_sc_v": 0, "total_sc_a": 0, "total_sc_v": 0}