{"c1": 0.01907426916403179, "c2": 0.12783461054405362, "ch1": -0.5853221104452246, "ch2": 0.054445653588846336, "di": 48.26850610273362, "dj": 49.60228170432482, "dk": 5.145004217113937, "vw_i": 0.5284634125808018, "vw_j": -3.6681801925328648, "kt": 5.355465183839282, "train_sc_a": [2.0293311853866474], "train_sc_v": [1.609046141053986], "val_sc_a": 0, "val_sc_v": 0, "total_sc_a": 0, "total_sc_v": 0}