{"c1": 0.01923088443449141, "c2": 0.12673087609533948, "ch1": -0.5661313630844176, "ch2": 0.055368756643964595, "di": 48.39114203030207, "dj": 50.6575219818948, "dk": 5.228131203965866, "vw_i": 2.5516682688844954, "vw_j": -3.869134506606335, "kt": 4.982334109715958, "train_sc_a": [3.3791516482750534], "train_sc_v": [2.4432511025788997], "val_sc_a": 0, "val_sc_v": 0, "total_sc_a": 0, "total_sc_v": 0}