{"c1": 0.019540737749216358, "c2": 0.10352204478403877, "ch1": 0.004840351873046465, "ch2": 0.0918075112435221, "di": 7.030667494214763, "dj": 3.8208379580112535, "dk": 5.135653721092342, "vw_i": -1.6139687802325877, "vw_j": -0.472507488767177, "kt": 3.9705591918407834, "train_sc_a": [0.6103815770774421], "train_sc_v": [0.35726657952077023], "val_sc_a": 0, "val_sc_v": 0, "total_sc_a": 0, "total_sc_v": 0}