{"c1": 0.02036009065613543, "c2": 0.11940098618783208, "ch1": -0.6600933224207673, "ch2": 0.042551116746606325, "di": 48.47822624179875, "dj": 51.48220185983426, "dk": 9.883220118581262, "vw_i": 4.606890457901222, "vw_j": -4.965914406755463, "kt": 4.916832232643976, "train_sc_a": [1.0184514208073385], "train_sc_v": [0.8129504215313802], "val_sc_a": 0, "val_sc_v": 0, "total_sc_a": 0, "total_sc_v": 0}