{"c1": 0.02103367440626073, "c2": 0.11378008246752447, "ch1": -0.6223651202556293, "ch2": 0.05104864125711111, "di": 46.72827375767787, "dj": 46.87415913907543, "dk": 2.490609982191204, "vw_i": -3.1023580747829116, "vw_j": -5.314045946691651, "kt": 5.139601878667943, "train_sc_a": [10.192442641075662], "train_sc_v": [4.53978494263969], "val_sc_a": 0, "val_sc_v": 0, "total_sc_a": 0, "total_sc_v": 0}