{"c1": 0.019512066562277015, "c2": 0.10606076893109329, "ch1": -0.01471720250956335, "ch2": 0.09016450711022216, "di": 22.28854787492374, "dj": 4.5354716172418295, "dk": 6.834321210979039, "vw_i": -1.2935109573726598, "vw_j": -1.025428411607864, "kt": 3.5513439900197925, "train_sc_a": [1.0560114209525457], "train_sc_v": [1.0348220101689356], "val_sc_a": 0, "val_sc_v": 0, "total_sc_a": 0, "total_sc_v": 0}