{"c1": 0.01989916592628368, "c2": 0.11069089961509998, "ch1": -0.4096220721363264, "ch2": 0.06338520341292742, "di": 22.062969644151885, "dj": 6.740869811874775, "dk": 6.296220372811607, "vw_i": -4.969900672641274, "vw_j": -1.9334208700759388, "kt": 3.988458072309352, "train_sc_a": [19.407164678536137], "train_sc_v": [19.292557383837412], "val_sc_a": 0, "val_sc_v": 0, "total_sc_a": 0, "total_sc_v": 0}