{"c1": 0.01973744764969496, "c2": 0.11876238898311671, "ch1": -0.3454117088185113, "ch2": 0.06974729841687037, "di": 43.555417966097664, "dj": 48.30374185802639, "dk": 21.870300749505603, "vw_i": 1.401488590043281, "vw_j": -2.842143631771453, "kt": 4.875860059415703, "train_sc_a": [1.0793260614005638], "train_sc_v": [0.49758864651495494], "val_sc_a": 0, "val_sc_v": 0, "total_sc_a": 0, "total_sc_v": 0}