{"c1": 0.01900795590215871, "c2": 0.12821852197608805, "ch1": -0.5383752568685612, "ch2": 0.05807165399808176, "di": 50.69923959378411, "dj": 52.755269861012934, "dk": 8.22566874372522, "vw_i": -2.169859837568281, "vw_j": -5.146525991729522, "kt": 4.217959521093438, "train_sc_a": [0.5574944087919769], "train_sc_v": [0.28757724926476447], "val_sc_a": 0, "val_sc_v": 0, "total_sc_a": 0, "total_sc_v": 0}