{"c1": 0.01982343879690577, "c2": 0.12448927296460076, "ch1": -0.6341743057683769, "ch2": 0.047706006388709636, "di": 52.2049776066291, "dj": 55.19884032058656, "dk": 6.1333058760585635, "vw_i": -1.0817770875968513, "vw_j": -5.449361934122266, "kt": 6.614955228127902, "train_sc_a": [1.9663591690120055], "train_sc_v": [1.0373218383574043], "val_sc_a": 0, "val_sc_v": 0, "total_sc_a": 0, "total_sc_v": 0}