{"c1": 0.020561463910439875, "c2": 0.10881507608338484, "ch1": -0.3615543551814225, "ch2": 0.0678893407141679, "di": 42.187852903138364, "dj": 45.70076573773287, "dk": 16.50601191059645, "vw_i": -1.197898304492358, "vw_j": -3.542081244742471, "kt": 4.928834658331233, "train_sc_a": [0.8732845587535838], "train_sc_v": [0.6273617686800638], "val_sc_a": 0, "val_sc_v": 0, "total_sc_a": 0, "total_sc_v": 0}