{"c1": 0.0208030344853104, "c2": 0.10665516133635466, "ch1": -0.34674770879560374, "ch2": 0.06830506352618826, "di": 43.05611559694408, "dj": 45.79430941356114, "dk": 10.786977331277898, "vw_i": 0.6793893491331058, "vw_j": -2.9503268705934254, "kt": 5.052530370300004, "train_sc_a": [1.144936596658424], "train_sc_v": [0.38952337370448986], "val_sc_a": 0, "val_sc_v": 0, "total_sc_a": 0, "total_sc_v": 0}