{"c1": 0.021593547555364592, "c2": 0.11317281568337212, "ch1": -0.6736905812714871, "ch2": 0.046984551226988, "di": 49.81557734305533, "dj": 52.010227640128484, "dk": 4.597572653818462, "vw_i": 2.5307621428291354, "vw_j": -4.896081844933658, "kt": 6.572824660030541, "train_sc_a": [1.3444221285637075], "train_sc_v": [1.1550358937098288], "val_sc_a": 0, "val_sc_v": 0, "total_sc_a": 0, "total_sc_v": 0}