{"c1": 0.021524083025547865, "c2": 0.10584031608040377, "ch1": -0.3953423710195302, "ch2": 0.06904239203447146, "di": 68.11556941767012, "dj": 51.91267605064896, "dk": 8.740590524581519, "vw_i": 2.383928925901995, "vw_j": -9.386171635296527, "kt": 4.55859542239253, "train_sc_a": [14.95427087593274], "train_sc_v": [8.209963809832972], "val_sc_a": 0, "val_sc_v": 0, "total_sc_a": 0, "total_sc_v": 0}