{"c1": 0.01950616948326829, "c2": 0.12321924652878087, "ch1": -0.5333534236158806, "ch2": 0.058083271782874354, "di": 50.614291606192886, "dj": 53.92740028494811, "dk": 6.898086600952935, "vw_i": 0.39215504313890814, "vw_j": -3.3369755658781908, "kt": 4.383584878818902, "train_sc_a": [1.6745753434416326], "train_sc_v": [1.2309367315380668], "val_sc_a": 0, "val_sc_v": 0, "total_sc_a": 0, "total_sc_v": 0}