{"c1": 0.02058009094354693, "c2": 0.11754175671697242, "ch1": -0.533764039006651, "ch2": 0.05842443436983437, "di": 51.26831123093021, "dj": 52.04360203516734, "dk": 5.968668915435256, "vw_i": 0.40217320400316586, "vw_j": -6.656755724033124, "kt": 5.247237412585217, "train_sc_a": [3.2228378099511077], "train_sc_v": [1.5144206427443458], "val_sc_a": 0, "val_sc_v": 0, "total_sc_a": 0, "total_sc_v": 0}