{"c1": 0.019397195373511988, "c2": 0.13051714406838696, "ch1": -0.6410532446104563, "ch2": 0.050253693495842425, "di": 52.26500549314246, "dj": 53.870190871509124, "dk": 11.608304740399447, "vw_i": -1.1467178334200803, "vw_j": -6.302773274660117, "kt": 7.1655076885999955, "train_sc_a": [1.5656921423263934], "train_sc_v": [0.7421128322652464], "val_sc_a": 0, "val_sc_v": 0, "total_sc_a": 0, "total_sc_v": 0}