{"c1": 0.02044517163897551, "c2": 0.11509959838320472, "ch1": -0.5629159001678881, "ch2": 0.05384547099454601, "di": 49.16546178946271, "dj": 48.535479890496184, "dk": 13.569218315689891, "vw_i": 2.649835716378493, "vw_j": -3.7733830696609303, "kt": 4.516264051150173, "train_sc_a": [0.6178517234077027], "train_sc_v": [0.5470380647965353], "val_sc_a": 0, "val_sc_v": 0, "total_sc_a": 0, "total_sc_v": 0}