{"c1": 0.020743508956844733, "c2": 0.11719067129565748, "ch1": -0.5912901898639424, "ch2": 0.05057510365281207, "di": 55.47889833936357, "dj": 56.66106365404874, "dk": 3.122815688309259, "vw_i": -1.1376329362315551, "vw_j": -6.895799336659458, "kt": 6.797429140957939, "train_sc_a": [3.347493335026191], "train_sc_v": [2.285628448576413], "val_sc_a": 0, "val_sc_v": 0, "total_sc_a": 0, "total_sc_v": 0}