{"c1": 0.018713638655592797, "c2": 0.11117651564415448, "ch1": 0.0014525398563272431, "ch2": 0.09102717919344419, "di": 26.785335070275607, "dj": 0.794982096617262, "dk": 13.701815765686776, "vw_i": -0.8681661115618917, "vw_j": -0.06077790505634333, "kt": 4.198969009783912, "train_sc_a": [0.632985789923553], "train_sc_v": [0.15211537902174696], "val_sc_a": 0, "val_sc_v": 0, "total_sc_a": 0, "total_sc_v": 0}