{"c1": 0.01959658807798332, "c2": 0.11289712058834667, "ch1": -0.14055296417899862, "ch2": 0.08106548949878556, "di": 18.182747526960743, "dj": 11.380530914888432, "dk": 23.078257291716906, "vw_i": 3.8087686324039582, "vw_j": 2.6826027475454435, "kt": 3.0941802546683115, "train_sc_a": [1.3748242061459237], "train_sc_v": [1.1111780263839643], "val_sc_a": 0, "val_sc_v": 0, "total_sc_a": 0, "total_sc_v": 0}