{"c1": 0.02052415477487651, "c2": 0.11910514452559834, "ch1": -0.7059500065807338, "ch2": 0.0413006390113485, "di": 48.67313579203664, "dj": 47.448140001955494, "dk": 6.688598390665453, "vw_i": -0.2570552763541427, "vw_j": -2.8063850429202386, "kt": 6.739048875354185, "train_sc_a": [3.1854887420293077], "train_sc_v": [1.9696198304872017], "val_sc_a": 0, "val_sc_v": 0, "total_sc_a": 0, "total_sc_v": 0}