{"c1": 0.02002910487922033, "c2": 0.11874499417070113, "ch1": -0.5373596000616, "ch2": 0.056476135562827115, "di": 48.37751643517233, "dj": 52.14607684507574, "dk": 14.60222883831526, "vw_i": 2.9944841972916696, "vw_j": -3.0598135485927025, "kt": 4.505843184902888, "train_sc_a": [1.1605196896988295], "train_sc_v": [0.5178407678739609], "val_sc_a": 0, "val_sc_v": 0, "total_sc_a": 0, "total_sc_v": 0}