{"c1": 0.018838707364086486, "c2": 0.11188904374523317, "ch1": 0.008704144328871732, "ch2": 0.09176189011998957, "di": 24.181041520386863, "dj": 3.0582328483780263, "dk": 13.59573282843168, "vw_i": -0.7764700205895729, "vw_j": -0.13763836138014762, "kt": 3.827866311553036, "train_sc_a": [1.711859177621299], "train_sc_v": [0.30802231297496924], "val_sc_a": 0, "val_sc_v": 0, "total_sc_a": 0, "total_sc_v": 0}