{"c1": 0.019187696815338398, "c2": 0.10923367445643693, "ch1": 0.011007353893805366, "ch2": 0.09202588470459075, "di": 24.19041419644471, "dj": 3.150367704018657, "dk": 13.472314313787889, "vw_i": -0.8528814669903685, "vw_j": -0.23638905119551093, "kt": 4.233706153084755, "train_sc_a": [0.6864848497648193], "train_sc_v": [0.1731145005787202], "val_sc_a": 0, "val_sc_v": 0, "total_sc_a": 0, "total_sc_v": 0}