{"c1": 0.01976134949275502, "c2": 0.12046157633561319, "ch1": -0.3991332756668102, "ch2": 0.06552153560727944, "di": 46.75501115786984, "dj": 44.80556836108301, "dk": 24.107836326644332, "vw_i": 5.503644963764565, "vw_j": 0.5350910618910486, "kt": 4.671249157113586, "train_sc_a": [0.4733591764491953], "train_sc_v": [0.3239848347983566], "val_sc_a": 0, "val_sc_v": 0, "total_sc_a": 0, "total_sc_v": 0}