{"c1": 0.019498450896126767, "c2": 0.12326150503982305, "ch1": -0.5196486871091579, "ch2": 0.05888273125375952, "di": 50.45549605894669, "dj": 53.24481536771587, "dk": 6.87174290945622, "vw_i": 2.74269503884544, "vw_j": -3.5383692424236317, "kt": 4.30540958216583, "train_sc_a": [0.8487921102737808], "train_sc_v": [0.2995746378482631], "val_sc_a": 0, "val_sc_v": 0, "total_sc_a": 0, "total_sc_v": 0}