{"c1": 0.019064139293000604, "c2": 0.12790890431387433, "ch1": -0.5866749835687997, "ch2": 0.05433362748879559, "di": 48.197324550043504, "dj": 49.516859018042794, "dk": 5.1766008032661395, "vw_i": 0.5421717026376152, "vw_j": -3.6257312116131053, "kt": 5.357941068474583, "train_sc_a": [1.061870748975063], "train_sc_v": [0.19208418993795578], "val_sc_a": 0, "val_sc_v": 0, "total_sc_a": 0, "total_sc_v": 0}