{"c1": 0.018828178993620513, "c2": 0.11191655072272991, "ch1": 0.0015496537804368686, "ch2": 0.09121656916468392, "di": 24.180190437872266, "dj": 2.917748901776649, "dk": 13.48818445129101, "vw_i": -0.7122327771801207, "vw_j": -0.07571772197648077, "kt": 3.350720561353359, "train_sc_a": [1.8261573066655334], "train_sc_v": [0.32527664989596955], "val_sc_a": 0, "val_sc_v": 0, "total_sc_a": 0, "total_sc_v": 0}