{"c1": 0.02104598371077607, "c2": 0.11161800629951264, "ch1": -0.5587379575263937, "ch2": 0.05546328617772979, "di": 49.655386717230314, "dj": 50.08534266250104, "dk": 0.5735001849387611, "vw_i": 1.7086870196531176, "vw_j": -4.422428292678225, "kt": 4.4054453127771325, "train_sc_a": [1.9932514733778521], "train_sc_v": [0.9584029603943413], "val_sc_a": 0, "val_sc_v": 0, "total_sc_a": 0, "total_sc_v": 0}