{"c1": 0.019291137075391908, "c2": 0.12495155714941225, "ch1": -0.5384184001633614, "ch2": 0.056909179454708074, "di": 50.607885422911814, "dj": 49.60069435698412, "dk": 12.54972460860732, "vw_i": -0.8435391885931444, "vw_j": -4.927803244512181, "kt": 4.095858839298563, "train_sc_a": [1.4251627131813724], "train_sc_v": [0.7804049021138917], "val_sc_a": 0, "val_sc_v": 0, "total_sc_a": 0, "total_sc_v": 0}