{"c1": 0.01939168631113352, "c2": 0.1230377216024924, "ch1": -0.586785823370477, "ch2": 0.0521762935355693, "di": 44.652868297269364, "dj": 50.41904841500299, "dk": 13.161787001915876, "vw_i": 2.206917936861526, "vw_j": -2.5211235547345905, "kt": 4.533988425517479, "train_sc_a": [3.1270958706933696], "train_sc_v": [1.5203713250449067], "val_sc_a": 0, "val_sc_v": 0, "total_sc_a": 0, "total_sc_v": 0}