{"c1": 0.02023900937564143, "c2": 0.11814582840463383, "ch1": -0.5264931569197142, "ch2": 0.05817118376560227, "di": 46.94660912049524, "dj": 53.152921463547834, "dk": 11.986289708640657, "vw_i": 2.825435135318879, "vw_j": -4.284028897411831, "kt": 4.245334208306639, "train_sc_a": [2.6220173748465894], "train_sc_v": [0.7725757098081873], "val_sc_a": 0, "val_sc_v": 0, "total_sc_a": 0, "total_sc_v": 0}