{"c1": 0.02073552082036541, "c2": 0.1176359383266909, "ch1": -0.5495158374240645, "ch2": 0.054009260573123004, "di": 61.05889232576156, "dj": 51.973459747040664, "dk": 8.235699165521556, "vw_i": 7.452534952770535, "vw_j": -3.1412468595362038, "kt": 6.692592393309564, "train_sc_a": [6.673455756825087], "train_sc_v": [4.714129080578478], "val_sc_a": 0, "val_sc_v": 0, "total_sc_a": 0, "total_sc_v": 0}