{"c1": 0.01912450213835591, "c2": 0.12697998817411635, "ch1": -0.5180575182592221, "ch2": 0.059046661452380036, "di": 53.116213968683, "dj": 52.83998586629907, "dk": 12.527336841598075, "vw_i": 0.20376100151333154, "vw_j": -4.399098078409699, "kt": 4.573766750578889, "train_sc_a": [0.8191880909500743], "train_sc_v": [0.1531444164543228], "val_sc_a": 0, "val_sc_v": 0, "total_sc_a": 0, "total_sc_v": 0}