{"c1": 0.019674890983299075, "c2": 0.12139212249195218, "ch1": -0.691592821585091, "ch2": 0.045160493982737915, "di": 39.53039214185548, "dj": 43.94196018886409, "dk": 14.534660558558452, "vw_i": -3.7236371969093263, "vw_j": -0.9611345114752898, "kt": 4.426066877015042, "train_sc_a": [7.441745364683606], "train_sc_v": [7.40486575247971], "val_sc_a": 0, "val_sc_v": 0, "total_sc_a": 0, "total_sc_v": 0}