{"c1": 0.02030753790504736, "c2": 0.11753661111563263, "ch1": -0.5753207879298875, "ch2": 0.05439525026961975, "di": 48.31053056097776, "dj": 47.13538883113882, "dk": 10.208039654712788, "vw_i": -0.5277803163040165, "vw_j": -2.9306579442047265, "kt": 4.0055282329619875, "train_sc_a": [3.3976072393522756], "train_sc_v": [2.397105053923656], "val_sc_a": 0, "val_sc_v": 0, "total_sc_a": 0, "total_sc_v": 0}