{"c1": 0.019148855243251797, "c2": 0.1287159985744168, "ch1": -0.6996379412189387, "ch2": 0.04046850759201122, "di": 46.93057265567174, "dj": 47.62819178994256, "dk": 10.66882419052009, "vw_i": 2.069904898386538, "vw_j": -3.7804581152864496, "kt": 5.303430100627823, "train_sc_a": [3.7970336601088315], "train_sc_v": [1.336512319741191], "val_sc_a": 0, "val_sc_v": 0, "total_sc_a": 0, "total_sc_v": 0}