{"c1": 0.01922943458719573, "c2": 0.1267418801024456, "ch1": -0.5636570043546013, "ch2": 0.05555051586848333, "di": 48.66791154695711, "dj": 50.65892831295265, "dk": 5.236198700454462, "vw_i": 2.6013727258657067, "vw_j": -3.950908020354584, "kt": 4.9820246503227015, "train_sc_a": [3.246564732535718], "train_sc_v": [2.310513190908616], "val_sc_a": 0, "val_sc_v": 0, "total_sc_a": 0, "total_sc_v": 0}