{"c1": 0.019079507336127392, "c2": 0.11608657436962491, "ch1": -0.3209114902852044, "ch2": 0.07048094451684898, "di": 21.561418936432684, "dj": 21.03696387789538, "dk": 1.6883435230350345, "vw_i": -6.666586232587976, "vw_j": -2.483706990203215, "kt": 3.944614244142209, "train_sc_a": [0.9388057801842659], "train_sc_v": [1.147257562313629], "val_sc_a": 0, "val_sc_v": 0, "total_sc_a": 0, "total_sc_v": 0}