{"c1": 0.01943059705734801, "c2": 0.11069785576120694, "ch1": -0.1405289385416182, "ch2": 0.0813556477723274, "di": 15.052671345555128, "dj": 12.293400458540347, "dk": 18.58891944220093, "vw_i": 3.481305279063684, "vw_j": 2.430816092402202, "kt": 4.331079009221314, "train_sc_a": [2.4046086768395187], "train_sc_v": [1.240578436828527], "val_sc_a": 0, "val_sc_v": 0, "total_sc_a": 0, "total_sc_v": 0}