{"c1": 0.021077789493495508, "c2": 0.11574169393453362, "ch1": -0.6107024706084918, "ch2": 0.0495890438966001, "di": 54.70709490402608, "dj": 52.61315005507412, "dk": 4.330675423906661, "vw_i": 2.6445488948697475, "vw_j": -5.2371590938271275, "kt": 6.470364330884422, "train_sc_a": [2.263631975415989], "train_sc_v": [1.0049815445082062], "val_sc_a": 0, "val_sc_v": 0, "total_sc_a": 0, "total_sc_v": 0}