{"c1": 0.019176294605666968, "c2": 0.10450827071393931, "ch1": -0.05505381112036087, "ch2": 0.08857137754426217, "di": 3.5383055433916835, "dj": 3.213954539090249, "dk": 0.0, "vw_i": -2.6456116420466094, "vw_j": -1.2032457643971448, "kt": 4.979674455181615, "train_sc_a": [1.0722902349813461], "train_sc_v": [0.6176518271396737], "val_sc_a": 0, "val_sc_v": 0, "total_sc_a": 0, "total_sc_v": 0}