{"c1": 0.01882074381383764, "c2": 0.10810167010723196, "ch1": 0.010398035349816002, "ch2": 0.09291050718155243, "di": 6.764993089476368, "dj": 3.7652754304804366, "dk": 3.7053231207295707, "vw_i": -2.0095330753318974, "vw_j": -1.2023668622182724, "kt": 4.802357759898169, "train_sc_a": [0.25385432847106854], "train_sc_v": [0.04074039200435713], "val_sc_a": 0, "val_sc_v": 0, "total_sc_a": 0, "total_sc_v": 0}