{"c1": 0.018827633075999734, "c2": 0.11934081945192321, "ch1": -0.05552251557859398, "ch2": 0.09053807225409467, "di": 25.561207722032265, "dj": 27.724990060706446, "dk": 13.897670703526424, "vw_i": -0.24791386149356703, "vw_j": -0.00999535173340299, "kt": 2.9670254654921497, "train_sc_a": [0.6509421066810619], "train_sc_v": [0.1898972145777633], "val_sc_a": 0, "val_sc_v": 0, "total_sc_a": 0, "total_sc_v": 0}