{"c1": 0.02026146258292275, "c2": 0.1180937455348988, "ch1": -0.5578670495364743, "ch2": 0.05580341970501224, "di": 50.448253786194044, "dj": 49.32917345140338, "dk": 4.458942326437602, "vw_i": 1.264983271017908, "vw_j": -4.509965220910099, "kt": 4.2684485128014025, "train_sc_a": [2.095695797801656], "train_sc_v": [1.8309992569520592], "val_sc_a": 0, "val_sc_v": 0, "total_sc_a": 0, "total_sc_v": 0}