{"c1": 0.020698285870865467, "c2": 0.10449375539330215, "ch1": 0.011291426968791686, "ch2": 0.0961152662150209, "di": 21.38177302694359, "dj": 33.95797782861623, "dk": 14.976577667738782, "vw_i": -2.760284595603685, "vw_j": -1.2937052234809323, "kt": 1.9271173231109981, "train_sc_a": [1.8310485856978571], "train_sc_v": [0.9523772152562294], "val_sc_a": 0, "val_sc_v": 0, "total_sc_a": 0, "total_sc_v": 0}