{"c1": 0.019756079927168668, "c2": 0.12489245767228051, "ch1": -0.6232754130990393, "ch2": 0.04679149290434411, "di": 58.715608501805974, "dj": 45.31517752452384, "dk": 7.677330014760246, "vw_i": 1.1485044765232633, "vw_j": -4.394004570830773, "kt": 5.164416729836999, "train_sc_a": [2.0242665113997234], "train_sc_v": [0.8991070003176606], "val_sc_a": 0, "val_sc_v": 0, "total_sc_a": 0, "total_sc_v": 0}