{"c1": 0.01985738067520355, "c2": 0.12605660508209565, "ch1": -0.5895996136184559, "ch2": 0.05109179205182668, "di": 55.190780364867955, "dj": 54.729042883337975, "dk": 12.003534218332893, "vw_i": 3.3818292281798383, "vw_j": -5.585542353629906, "kt": 7.0050825175195435, "train_sc_a": [1.9207028444224794], "train_sc_v": [1.3809586771969955], "val_sc_a": 0, "val_sc_v": 0, "total_sc_a": 0, "total_sc_v": 0}