{"c1": 0.018535637823715822, "c2": 0.1096849399076974, "ch1": -0.02083750634606472, "ch2": 0.09077261494827915, "di": 6.617595761615496, "dj": 2.8928759656057634, "dk": 1.7714915727137435, "vw_i": -1.9895492114571325, "vw_j": -0.9073261163206987, "kt": 4.791339114211868, "train_sc_a": [0.2967912430938607], "train_sc_v": [0.06435322768256507], "val_sc_a": 0, "val_sc_v": 0, "total_sc_a": 0, "total_sc_v": 0}