{"c1": 0.020391568948526572, "c2": 0.10647521054801468, "ch1": -0.3133290350094573, "ch2": 0.07164391376577742, "di": 22.052250027106123, "dj": 21.170492028567764, "dk": 1.5067925440426444, "vw_i": -6.476404063648572, "vw_j": -2.5715199988952135, "kt": 3.988139059133375, "train_sc_a": [1.2105921190303068], "train_sc_v": [1.1208727571207642], "val_sc_a": 0, "val_sc_v": 0, "total_sc_a": 0, "total_sc_v": 0}