{"c1": 0.021242219228473337, "c2": 0.11286642451378821, "ch1": -0.634235654264989, "ch2": 0.045215169482383015, "di": 54.04131911631609, "dj": 49.73099081672635, "dk": 2.9913289989891787, "vw_i": 2.2943203027158976, "vw_j": -5.3491110942484354, "kt": 4.89112409028056, "train_sc_a": [1.186784898231217], "train_sc_v": [0.8253330396121977], "val_sc_a": 0, "val_sc_v": 0, "total_sc_a": 0, "total_sc_v": 0}