{"c1": 0.01997682441233923, "c2": 0.11721349530390344, "ch1": -0.18102439042329324, "ch2": 0.0819263294222969, "di": 49.319532223030144, "dj": 59.825059121954226, "dk": 19.465800995258004, "vw_i": 2.468517811948041, "vw_j": -6.339612176408725, "kt": 4.0859106255125, "train_sc_a": [17.211025796262216], "train_sc_v": [7.717693233476599], "val_sc_a": 0, "val_sc_v": 0, "total_sc_a": 0, "total_sc_v": 0}