{"c1": 0.018810460441305483, "c2": 0.11843513868534888, "ch1": -0.3197430456979353, "ch2": 0.06997446036251999, "di": 25.604642206144884, "dj": 15.086900873908258, "dk": 6.6690797257879755, "vw_i": -7.346126897173714, "vw_j": -4.483787529998347, "kt": 3.4934718927376234, "train_sc_a": [4.7961628824502345], "train_sc_v": [2.5344139380991493], "val_sc_a": 0, "val_sc_v": 0, "total_sc_a": 0, "total_sc_v": 0}