{"c1": 0.01982443347813808, "c2": 0.11098916325148565, "ch1": -0.1595193351775398, "ch2": 0.07941277217132667, "di": 21.16548577807524, "dj": 18.373125311053002, "dk": 21.592221347367673, "vw_i": -4.023974816866753, "vw_j": -1.8584582624236214, "kt": 2.6525330240548035, "train_sc_a": [0.421489665412718], "train_sc_v": [0.3169639901607806], "val_sc_a": 0, "val_sc_v": 0, "total_sc_a": 0, "total_sc_v": 0}