{"c1": 0.020621281573008497, "c2": 0.11689463645503369, "ch1": -0.5502106575376771, "ch2": 0.057393775528229836, "di": 49.95420631527588, "dj": 51.89339072574095, "dk": 5.946859250161928, "vw_i": 3.0636132883462084, "vw_j": -4.256835481710173, "kt": 5.243252085949828, "train_sc_a": [0.7709166233871576], "train_sc_v": [0.7371665220727865], "val_sc_a": 0, "val_sc_v": 0, "total_sc_a": 0, "total_sc_v": 0}