{"c1": 0.02056745996149104, "c2": 0.11732314351743663, "ch1": -0.5507692325955447, "ch2": 0.05734902477749262, "di": 49.874194289492166, "dj": 51.91265673276391, "dk": 6.120971585120172, "vw_i": 3.0427465624186585, "vw_j": -4.248668330225827, "kt": 5.244041579464096, "train_sc_a": [0.7464893183218209], "train_sc_v": [0.6994738118502287], "val_sc_a": 0, "val_sc_v": 0, "total_sc_a": 0, "total_sc_v": 0}