{"c1": 0.01934165610768534, "c2": 0.1309039261905659, "ch1": -0.6416145710211258, "ch2": 0.05020975124663708, "di": 52.25558679160338, "dj": 53.81793831529872, "dk": 11.515297839129595, "vw_i": -1.1319737488889041, "vw_j": -6.290489218299693, "kt": 7.16518175721434, "train_sc_a": [1.5889081878137037], "train_sc_v": [0.7576130532958925], "val_sc_a": 0, "val_sc_v": 0, "total_sc_a": 0, "total_sc_v": 0}