{"c1": 0.020585759827254583, "c2": 0.11637232075219993, "ch1": -0.5387861817844503, "ch2": 0.057482089001024486, "di": 50.51477778235519, "dj": 53.342037911463805, "dk": 11.384237429720487, "vw_i": 1.0569127513844068, "vw_j": -2.8936129477328953, "kt": 4.702877508380292, "train_sc_a": [1.5412784223732554], "train_sc_v": [0.5547541001628453], "val_sc_a": 0, "val_sc_v": 0, "total_sc_a": 0, "total_sc_v": 0}