{"c1": 0.01929538492380844, "c2": 0.12810817459711094, "ch1": -0.6283015799224589, "ch2": 0.04618954923231908, "di": 51.483545578014414, "dj": 53.00834109903989, "dk": 6.635681473478671, "vw_i": 1.6188882371027375, "vw_j": -5.642579597209336, "kt": 4.887811749553571, "train_sc_a": [0.9430962313408771], "train_sc_v": [0.6677300307656618], "val_sc_a": 0, "val_sc_v": 0, "total_sc_a": 0, "total_sc_v": 0}