{"c1": 0.01903229474297988, "c2": 0.10934957150896817, "ch1": 0.017202284369156613, "ch2": 0.09220380631389051, "di": 25.853262772156683, "dj": 2.177622652127146, "dk": 11.45114899328122, "vw_i": 1.2477334961851945, "vw_j": 0.2690860706187129, "kt": 4.260145087173113, "train_sc_a": [1.1080140121135122], "train_sc_v": [0.3306526291129616], "val_sc_a": 0, "val_sc_v": 0, "total_sc_a": 0, "total_sc_v": 0}