{"c1": 0.021242810259721825, "c2": 0.11286164651913076, "ch1": -0.6340207729379769, "ch2": 0.04523245131987311, "di": 54.066515442001226, "dj": 49.73097248672496, "dk": 2.989967639751164, "vw_i": 2.2996254711604847, "vw_j": -5.3577523052372875, "kt": 4.891116060292282, "train_sc_a": [1.2055879732822625], "train_sc_v": [0.83668422855293], "val_sc_a": 0, "val_sc_v": 0, "total_sc_a": 0, "total_sc_v": 0}