{"c1": 0.01924256506916556, "c2": 0.1315905149355745, "ch1": -0.6370085458901907, "ch2": 0.05051881176723586, "di": 52.718628840153556, "dj": 53.911785043570724, "dk": 11.33797462186683, "vw_i": -1.1678216872621356, "vw_j": -6.514091833516109, "kt": 7.16508767256163, "train_sc_a": [1.4629781970663438], "train_sc_v": [0.8530351929083512], "val_sc_a": 0, "val_sc_v": 0, "total_sc_a": 0, "total_sc_v": 0}