{"c1": 0.01948815939127701, "c2": 0.11930641313571132, "ch1": -0.3143336495161134, "ch2": 0.07193749178077788, "di": 47.09553709898982, "dj": 47.156114585542056, "dk": 17.567486464081984, "vw_i": 2.829566046858724, "vw_j": -2.9972119053222155, "kt": 4.840021351163281, "train_sc_a": [1.328706606966925], "train_sc_v": [1.1667689674925403], "val_sc_a": 0, "val_sc_v": 0, "total_sc_a": 0, "total_sc_v": 0}