{"c1": 0.020161709489298806, "c2": 0.11746781257439538, "ch1": -0.5623230309099777, "ch2": 0.05436805189321825, "di": 46.801889738144276, "dj": 51.01070362921796, "dk": 13.543840103327689, "vw_i": 1.8267764188178524, "vw_j": -3.1363583921679226, "kt": 4.532112964785322, "train_sc_a": [1.5690129165202589], "train_sc_v": [0.715525200392659], "val_sc_a": 0, "val_sc_v": 0, "total_sc_a": 0, "total_sc_v": 0}