{"c1": 0.019012023564048693, "c2": 0.129646667108473, "ch1": -0.6202872762665388, "ch2": 0.046097870817145524, "di": 59.828632944496164, "dj": 47.12542284019235, "dk": 10.015765839713088, "vw_i": 2.440261579894777, "vw_j": -7.010221650628128, "kt": 5.5509079964527865, "train_sc_a": [6.440415242972108], "train_sc_v": [5.451331023248388], "val_sc_a": 0, "val_sc_v": 0, "total_sc_a": 0, "total_sc_v": 0}