{"c1": 0.02010452405322398, "c2": 0.11955885351652346, "ch1": -0.5458369632546162, "ch2": 0.05689255300149135, "di": 52.0445877035587, "dj": 49.61728301478153, "dk": 0.0, "vw_i": 1.3125169592231354, "vw_j": -4.781379525802758, "kt": 4.286391460536413, "train_sc_a": [2.7911687488205104], "train_sc_v": [1.26330397682864], "val_sc_a": 0, "val_sc_v": 0, "total_sc_a": 0, "total_sc_v": 0}