{"c1": 0.019187701442007318, "c2": 0.10923362742720488, "ch1": 0.010978749377841542, "ch2": 0.09202385293200491, "di": 24.190428198170775, "dj": 3.1498710218736146, "dk": 13.472344441633222, "vw_i": -0.8525514835102833, "vw_j": -0.23592618272570415, "kt": 4.233995273583099, "train_sc_a": [0.6865005477068779], "train_sc_v": [0.1733318140136559], "val_sc_a": 0, "val_sc_v": 0, "total_sc_a": 0, "total_sc_v": 0}