{"c1": 0.01995980462606794, "c2": 0.12019127219611858, "ch1": -0.5393403817679167, "ch2": 0.057224610964516184, "di": 47.59698903862499, "dj": 51.75569962398967, "dk": 11.850976166644156, "vw_i": 1.4312576982291325, "vw_j": -3.8322269490863397, "kt": 4.202816824849963, "train_sc_a": [3.0677648514581963], "train_sc_v": [0.9500776859974066], "val_sc_a": 0, "val_sc_v": 0, "total_sc_a": 0, "total_sc_v": 0}