{"c1": 0.0181151908638535, "c2": 0.12854969660105556, "ch1": -0.38631514078478063, "ch2": 0.06688912466529785, "di": 44.34281912489284, "dj": 44.17265189677723, "dk": 15.182559499185256, "vw_i": 2.058676869921667, "vw_j": -0.401083444407614, "kt": 4.789350780054711, "train_sc_a": [0.32957864929799974], "train_sc_v": [0.07761859066182435], "val_sc_a": 0, "val_sc_v": 0, "total_sc_a": 0, "total_sc_v": 0}