{"c1": 0.01894680738675594, "c2": 0.13287799481163895, "ch1": -0.6248816741832164, "ch2": 0.048966062934071755, "di": 52.654826354108195, "dj": 53.185828323790986, "dk": 12.9681085222663, "vw_i": 2.4391054260004204, "vw_j": -3.971520742971222, "kt": 7.036658601071968, "train_sc_a": [8.32416488170044], "train_sc_v": [5.647206166472617], "val_sc_a": 0, "val_sc_v": 0, "total_sc_a": 0, "total_sc_v": 0}