{"c1": 0.01951189948943156, "c2": 0.10606209105112213, "ch1": -0.014751615217970433, "ch2": 0.0901617812067469, "di": 22.28854647180843, "dj": 4.533035306549028, "dk": 6.834678735961408, "vw_i": -1.2933324496680263, "vw_j": -1.0253239326029797, "kt": 3.5513346939690416, "train_sc_a": [1.0547577716485088], "train_sc_v": [1.0331275645319598], "val_sc_a": 0, "val_sc_v": 0, "total_sc_a": 0, "total_sc_v": 0}