{"c1": 0.0190011947293199, "c2": 0.10760021173416189, "ch1": 0.15328148239593917, "ch2": 0.10382109105580804, "di": 28.523274565608208, "dj": 7.135202179015426, "dk": 7.505535742467165, "vw_i": 1.0805829300721477, "vw_j": -1.604173903503108, "kt": 3.6494291291535466, "train_sc_a": [1.2985044999613498], "train_sc_v": [0.4305332230215761], "val_sc_a": 0, "val_sc_v": 0, "total_sc_a": 0, "total_sc_v": 0}