{"c1": 0.020154217191208496, "c2": 0.12493347842136882, "ch1": -0.6367925919363832, "ch2": 0.04983906064669975, "di": 52.20702641899096, "dj": 54.09071879970359, "dk": 10.975840653246252, "vw_i": 2.788632916118896, "vw_j": -6.241402438822208, "kt": 6.778986222931183, "train_sc_a": [2.1652153099814115], "train_sc_v": [0.7707499505759895], "val_sc_a": 0, "val_sc_v": 0, "total_sc_a": 0, "total_sc_v": 0}