{"c1": 0.020001474650797525, "c2": 0.12528185951955984, "ch1": -0.7247188356265005, "ch2": 0.04281892935787971, "di": 47.21634185278261, "dj": 47.535235328908016, "dk": 12.4083485013431, "vw_i": 3.950571832238013, "vw_j": -1.8375498574794418, "kt": 6.539486720869646, "train_sc_a": [2.735679955937297], "train_sc_v": [1.758480290924079], "val_sc_a": 0, "val_sc_v": 0, "total_sc_a": 0, "total_sc_v": 0}