{"c1": 0.01943914892080416, "c2": 0.1292275442962466, "ch1": -0.5997640331860465, "ch2": 0.05058325488375361, "di": 54.186675789852046, "dj": 54.3142831622744, "dk": 12.56928089935901, "vw_i": 2.9206795682945113, "vw_j": -4.898913171050896, "kt": 7.033728480723754, "train_sc_a": [1.2046696403447514], "train_sc_v": [0.43158884188726987], "val_sc_a": 0, "val_sc_v": 0, "total_sc_a": 0, "total_sc_v": 0}