{"c1": 0.01920771848450302, "c2": 0.12532977166148626, "ch1": -0.576888555714318, "ch2": 0.054967932680862246, "di": 48.451985366707746, "dj": 49.88051294198922, "dk": 6.5292326863782, "vw_i": -0.4348950281003712, "vw_j": -2.7402675445028106, "kt": 4.363889100300686, "train_sc_a": [3.301364192129156], "train_sc_v": [2.930630328909973], "val_sc_a": 0, "val_sc_v": 0, "total_sc_a": 0, "total_sc_v": 0}