{"c1": 0.018838590108123984, "c2": 0.11189027723177686, "ch1": 0.008766778719218441, "ch2": 0.09176666065827632, "di": 24.181061391027676, "dj": 3.059444615400563, "dk": 13.596549102271382, "vw_i": -0.7771251951862999, "vw_j": -0.13846235446109914, "kt": 3.830634182058828, "train_sc_a": [1.7112554931079675], "train_sc_v": [0.3080586452246116], "val_sc_a": 0, "val_sc_v": 0, "total_sc_a": 0, "total_sc_v": 0}