{"c1": 0.018635804916849432, "c2": 0.12917157205843058, "ch1": -0.5218289202332075, "ch2": 0.057914613814317284, "di": 52.99916084168247, "dj": 49.02379793330729, "dk": 8.250269441577503, "vw_i": -2.251740029809553, "vw_j": -6.288417045129084, "kt": 4.152144568466469, "train_sc_a": [1.667942998061756], "train_sc_v": [0.47295640884582624], "val_sc_a": 0, "val_sc_v": 0, "total_sc_a": 0, "total_sc_v": 0}