{"c1": 0.01958141709629541, "c2": 0.1241339659963487, "ch1": -0.5227509096443432, "ch2": 0.05884983362742184, "di": 51.006327997972434, "dj": 52.86735502632476, "dk": 7.62400091205087, "vw_i": 1.0744114614338076, "vw_j": -5.094908093160516, "kt": 4.51445232408226, "train_sc_a": [0.580574390485175], "train_sc_v": [0.4118554191007409], "val_sc_a": 0, "val_sc_v": 0, "total_sc_a": 0, "total_sc_v": 0}