{"c1": 0.019295341512982397, "c2": 0.1281084684452067, "ch1": -0.6281068326049254, "ch2": 0.046202730948324645, "di": 51.50681874039316, "dj": 53.008801811493086, "dk": 6.635436251310301, "vw_i": 1.6226232868285835, "vw_j": -5.650447830982643, "kt": 4.887827677815801, "train_sc_a": [0.9605756331082036], "train_sc_v": [0.6798800357166408], "val_sc_a": 0, "val_sc_v": 0, "total_sc_a": 0, "total_sc_v": 0}