{"c1": 0.020573188765715063, "c2": 0.11646873416630497, "ch1": -0.5387299008375876, "ch2": 0.05748785157609453, "di": 50.34246856980189, "dj": 53.43960167696926, "dk": 11.386392506194033, "vw_i": 1.0167527381670922, "vw_j": -2.835862195472232, "kt": 4.6990477010208895, "train_sc_a": [1.5076629195631075], "train_sc_v": [0.5602745075289339], "val_sc_a": 0, "val_sc_v": 0, "total_sc_a": 0, "total_sc_v": 0}