{"c1": 0.020589876130366083, "c2": 0.117398308035311, "ch1": -0.6363022332758748, "ch2": 0.049732307888151396, "di": 48.506364864067926, "dj": 43.26371696387879, "dk": 5.246121354407146, "vw_i": -3.014811867219955, "vw_j": -4.995039609757981, "kt": 5.056170524310347, "train_sc_a": [2.8074819014482064], "train_sc_v": [2.0382132519456713], "val_sc_a": 0, "val_sc_v": 0, "total_sc_a": 0, "total_sc_v": 0}