{"c1": 0.021039746939738032, "c2": 0.11372765943029271, "ch1": -0.6942901514712216, "ch2": 0.04508834393122165, "di": 46.09539841469037, "dj": 43.47463410890998, "dk": 2.397402819758039, "vw_i": -0.90978187178281, "vw_j": -2.996159379821102, "kt": 5.117243189380662, "train_sc_a": [5.131806181126971], "train_sc_v": [4.384282364008035], "val_sc_a": 0, "val_sc_v": 0, "total_sc_a": 0, "total_sc_v": 0}