{"c1": 0.01960547035104003, "c2": 0.10309367743286968, "ch1": 0.01079586376681396, "ch2": 0.09242508587618634, "di": 6.792162557873432, "dj": 4.134424397284131, "dk": 5.454281222204941, "vw_i": -1.7051909539235053, "vw_j": -0.7800049339911351, "kt": 4.533833930129736, "train_sc_a": [0.645545996218898], "train_sc_v": [0.4848541718460202], "val_sc_a": 0, "val_sc_v": 0, "total_sc_a": 0, "total_sc_v": 0}