{"c1": 0.02003268394914728, "c2": 0.11871801350046383, "ch1": -0.5363754978315155, "ch2": 0.0565511637563908, "di": 48.4679708253884, "dj": 52.16653125579738, "dk": 14.59964687436737, "vw_i": 3.015071659785111, "vw_j": -3.0918351424190686, "kt": 4.506063245619442, "train_sc_a": [1.1223703734461254], "train_sc_v": [0.5157325224589504], "val_sc_a": 0, "val_sc_v": 0, "total_sc_a": 0, "total_sc_v": 0}