{"c1": 0.019102472364388536, "c2": 0.10528386021982226, "ch1": -0.019002051441437438, "ch2": 0.09239151728748635, "di": 4.244641488431203, "dj": 3.2006543681681077, "dk": 0.0, "vw_i": -2.855346617184165, "vw_j": -1.256536794558869, "kt": 4.984093046817751, "train_sc_a": [0.3147712310250003], "train_sc_v": [0.05276969004849315], "val_sc_a": 0, "val_sc_v": 0, "total_sc_a": 0, "total_sc_v": 0}