{"c1": 0.0206281011767865, "c2": 0.10832832925202088, "ch1": -0.33225393443888124, "ch2": 0.07027924457261342, "di": 43.41133435206326, "dj": 47.12465555704342, "dk": 16.46162575654982, "vw_i": -2.326456847929781, "vw_j": -5.166035669934317, "kt": 4.928266950426908, "train_sc_a": [3.221489768754068], "train_sc_v": [2.2989091656733125], "val_sc_a": 0, "val_sc_v": 0, "total_sc_a": 0, "total_sc_v": 0}