{"c1": 0.01895458402724704, "c2": 0.1328330631012978, "ch1": -0.6687501007290612, "ch2": 0.04607067094346612, "di": 46.82562172541841, "dj": 54.05019657757587, "dk": 13.09764283165048, "vw_i": 0.7657205935873579, "vw_j": -2.3350050789943264, "kt": 7.070431376751249, "train_sc_a": [3.8484568892195106], "train_sc_v": [3.263040697251103], "val_sc_a": 0, "val_sc_v": 0, "total_sc_a": 0, "total_sc_v": 0}