{"c1": 0.018906767790627357, "c2": 0.11814084696721541, "ch1": -0.15546917648557632, "ch2": 0.0863496979123075, "di": 38.34127749659101, "dj": 63.0642227536769, "dk": 5.325005922359998, "vw_i": -0.6595483032402185, "vw_j": 1.679278160463555, "kt": 2.9819393956656266, "train_sc_a": [0.4440679598257642], "train_sc_v": [0.08916841332143205], "val_sc_a": 0, "val_sc_v": 0, "total_sc_a": 0, "total_sc_v": 0}