{"c1": 0.018844227651459086, "c2": 0.10878055846279328, "ch1": 0.148072449212948, "ch2": 0.10342851495952897, "di": 28.080250512113423, "dj": 7.086867404661231, "dk": 7.519626304031865, "vw_i": 0.8659671740839894, "vw_j": -1.2566067902741755, "kt": 3.6416268130670426, "train_sc_a": [1.183394656453277], "train_sc_v": [0.278417976353764], "val_sc_a": 0, "val_sc_v": 0, "total_sc_a": 0, "total_sc_v": 0}