{"c1": 0.01884090900081239, "c2": 0.11186588339400144, "ch1": 0.007528100303874329, "ch2": 0.09167231691560301, "di": 24.18066842266416, "dj": 3.0354803100575456, "dk": 13.580406200893211, "vw_i": -0.7641682457092718, "vw_j": -0.12216679481538051, "kt": 3.775895859660915, "train_sc_a": [1.72330711667626], "train_sc_v": [0.3077575576709723], "val_sc_a": 0, "val_sc_v": 0, "total_sc_a": 0, "total_sc_v": 0}