{"c1": 0.020540102693008586, "c2": 0.11913066944082368, "ch1": -0.6545323642894447, "ch2": 0.04562657990382773, "di": 48.83082247048416, "dj": 50.84377694013559, "dk": 8.391737539847657, "vw_i": 3.6842891267323075, "vw_j": -1.3297516459810408, "kt": 6.54466139963727, "train_sc_a": [5.7866229487236955], "train_sc_v": [1.7832843023846712], "val_sc_a": 0, "val_sc_v": 0, "total_sc_a": 0, "total_sc_v": 0}