{"c1": 0.01958983998628338, "c2": 0.12017783991267979, "ch1": -0.333024670258449, "ch2": 0.07084481114679615, "di": 49.0762605829929, "dj": 43.32642722894216, "dk": 20.556229521863074, "vw_i": 0.9464605943921769, "vw_j": -2.5315136841802985, "kt": 4.518392992814174, "train_sc_a": [1.1695606740043862], "train_sc_v": [3.0656581056734864], "val_sc_a": 0, "val_sc_v": 0, "total_sc_a": 0, "total_sc_v": 0}