{"c1": 0.019102494105223595, "c2": 0.10528363188085113, "ch1": -0.019027989317494914, "ch2": 0.09238878438404147, "di": 4.244373522711528, "dj": 3.200452309724881, "dk": 0.0, "vw_i": -2.8552167789177743, "vw_j": -1.256497677425863, "kt": 4.984092092255871, "train_sc_a": [2.300042632168106], "train_sc_v": [2.4861498837845475], "val_sc_a": 0, "val_sc_v": 0, "total_sc_a": 0, "total_sc_v": 0}