{"c1": 0.020878745632497867, "c2": 0.11298883032361928, "ch1": -0.526885082138456, "ch2": 0.05834461852675213, "di": 51.79271507814921, "dj": 51.20178159454839, "dk": 8.33725328700887, "vw_i": 2.045479123714304, "vw_j": -3.670527141008058, "kt": 4.223782269335777, "train_sc_a": [0.8577820648086716], "train_sc_v": [0.22066719970662746], "val_sc_a": 0, "val_sc_v": 0, "total_sc_a": 0, "total_sc_v": 0}