{"c1": 0.01927273313216793, "c2": 0.12485827669228083, "ch1": -0.4951350481553051, "ch2": 0.06064281231961844, "di": 54.188307155700144, "dj": 51.98063384381159, "dk": 6.569404446619174, "vw_i": 2.386402903939918, "vw_j": -4.623446011332317, "kt": 4.315500288466201, "train_sc_a": [0.675162999628011], "train_sc_v": [0.234005290612179], "val_sc_a": 0, "val_sc_v": 0, "total_sc_a": 0, "total_sc_v": 0}