{"c1": 0.01920543627302283, "c2": 0.10832315983996679, "ch1": -0.005380011492561623, "ch2": 0.0910494713005152, "di": 21.09415602278623, "dj": 5.577150641285562, "dk": 7.515363757503595, "vw_i": -1.644002472820556, "vw_j": 0.4724036684333304, "kt": 3.254034572226177, "train_sc_a": [0.43382397392943384], "train_sc_v": [0.14281212750085331], "val_sc_a": 0, "val_sc_v": 0, "total_sc_a": 0, "total_sc_v": 0}