{"c1": 0.019461112949928378, "c2": 0.10232377397011674, "ch1": -0.03056061470214318, "ch2": 0.09021421677881702, "di": 3.8056220826647986, "dj": 4.990882278184137, "dk": 0.0818604840456716, "vw_i": -2.4744012599024034, "vw_j": -1.1267840865397312, "kt": 4.991208183225259, "train_sc_a": [0.3103318317222963], "train_sc_v": [0.22820359665780665], "val_sc_a": 0, "val_sc_v": 0, "total_sc_a": 0, "total_sc_v": 0}