{"c1": 0.021439505593783745, "c2": 0.1145378308080324, "ch1": -0.6365436006861444, "ch2": 0.05021284004161708, "di": 50.46609968760622, "dj": 56.39846393578997, "dk": 6.1259195326150175, "vw_i": 2.4390533950463533, "vw_j": -6.410133546438876, "kt": 6.5698089064999365, "train_sc_a": [3.9335910486932772], "train_sc_v": [2.8004236645575635], "val_sc_a": 0, "val_sc_v": 0, "total_sc_a": 0, "total_sc_v": 0}