{"c1": 0.019828924357849508, "c2": 0.11095310998932745, "ch1": -0.1533092997113395, "ch2": 0.07987689546694332, "di": 21.144759850869065, "dj": 18.869641368175227, "dk": 21.571702495267953, "vw_i": -4.147240610685858, "vw_j": -1.9314078830205967, "kt": 2.649675801480853, "train_sc_a": [2.7281088738520842], "train_sc_v": [1.8550484278272548], "val_sc_a": 0, "val_sc_v": 0, "total_sc_a": 0, "total_sc_v": 0}