{"c1": 0.01956015827070212, "c2": 0.12406803729650878, "ch1": -0.5284618213239405, "ch2": 0.05896046711534996, "di": 51.58693181029906, "dj": 53.32578710320269, "dk": 5.45118473231433, "vw_i": -1.2457057815119306, "vw_j": -5.296623544914038, "kt": 4.224531306794264, "train_sc_a": [2.9760074875794773], "train_sc_v": [2.2829852330025875], "val_sc_a": 0, "val_sc_v": 0, "total_sc_a": 0, "total_sc_v": 0}