{"c1": 0.01856282258757509, "c2": 0.1294391260575285, "ch1": -0.5551725595250427, "ch2": 0.0554954304364349, "di": 48.44191663011615, "dj": 49.88389685300322, "dk": 14.517914209312552, "vw_i": -0.2722374279301889, "vw_j": -4.078087221669126, "kt": 4.576080103902582, "train_sc_a": [1.3971978404026617], "train_sc_v": [0.5448220258401529], "val_sc_a": 0, "val_sc_v": 0, "total_sc_a": 0, "total_sc_v": 0}