{"c1": 0.020964440780132997, "c2": 0.11670693981357474, "ch1": -0.5685160589182817, "ch2": 0.05317362533586069, "di": 59.601168291929504, "dj": 52.697576310129726, "dk": 5.1773373489727295, "vw_i": 3.425494294181602, "vw_j": -6.792893979484154, "kt": 6.5878280480557185, "train_sc_a": [3.087157255713167], "train_sc_v": [2.8536903938139897], "val_sc_a": 0, "val_sc_v": 0, "total_sc_a": 0, "total_sc_v": 0}