{"c1": 0.02180292616252878, "c2": 0.10331494340503505, "ch1": -0.5985624705900161, "ch2": 0.05063791878467598, "di": 45.45595213900137, "dj": 47.77835609050759, "dk": 5.974256598609533, "vw_i": 0.9815484127411461, "vw_j": -2.1864943983907406, "kt": 4.385657509590584, "train_sc_a": [3.991427128708641], "train_sc_v": [2.7622222450032488], "val_sc_a": 0, "val_sc_v": 0, "total_sc_a": 0, "total_sc_v": 0}