{"c1": 0.019966274641248744, "c2": 0.11004677153818168, "ch1": -0.13807318292170173, "ch2": 0.08772055486342119, "di": 40.440553104726575, "dj": 61.795582377424076, "dk": 4.578308857992786, "vw_i": -0.7931792293362215, "vw_j": 1.145534520846159, "kt": 3.0209062578619967, "train_sc_a": [0.6876003247558493], "train_sc_v": [0.3497048260478875], "val_sc_a": 0, "val_sc_v": 0, "total_sc_a": 0, "total_sc_v": 0}