{"c1": 0.01897925326901538, "c2": 0.10968592156410915, "ch1": 0.020543680666909103, "ch2": 0.09248019485310797, "di": 25.821237206289833, "dj": 2.364058219964672, "dk": 10.897113327892008, "vw_i": 1.241628039714338, "vw_j": 0.2634472099974528, "kt": 4.239340093624806, "train_sc_a": [0.6187953894986475], "train_sc_v": [0.6063580596142903], "val_sc_a": 0, "val_sc_v": 0, "total_sc_a": 0, "total_sc_v": 0}