{"c1": 0.020825301106167374, "c2": 0.10310866551143538, "ch1": -0.1315098384535752, "ch2": 0.08185783537802749, "di": 18.409887139174838, "dj": 11.940598751111391, "dk": 22.21469525095488, "vw_i": 3.5569987580333913, "vw_j": 3.090468070381805, "kt": 3.083454344559204, "train_sc_a": [0.8406461530571148], "train_sc_v": [0.4017915365266834], "val_sc_a": 0, "val_sc_v": 0, "total_sc_a": 0, "total_sc_v": 0}