{"c1": 0.01956349674786148, "c2": 0.1243128379105746, "ch1": -0.5623176547884418, "ch2": 0.056353678005580415, "di": 49.5400495385939, "dj": 51.11738159964353, "dk": 9.26108553554509, "vw_i": -2.757485654518477, "vw_j": -4.421024085982507, "kt": 4.344912754600668, "train_sc_a": [1.690490083245193], "train_sc_v": [1.5091165112194467], "val_sc_a": 0, "val_sc_v": 0, "total_sc_a": 0, "total_sc_v": 0}