{"c1": 0.018775611819209274, "c2": 0.11221497112194419, "ch1": -0.039175336298097094, "ch2": 0.08851448148078214, "di": 24.18653216319914, "dj": 1.9656077147129267, "dk": 13.49629106091772, "vw_i": -0.6010709314583182, "vw_j": -0.22092615101523527, "kt": 4.331132975804966, "train_sc_a": [0.27571583511128733], "train_sc_v": [0.08604482655166855], "val_sc_a": 0, "val_sc_v": 0, "total_sc_a": 0, "total_sc_v": 0}