{"c1": 0.019518305253516055, "c2": 0.11343915834483387, "ch1": -0.09919001756372252, "ch2": 0.08422375406642434, "di": 22.167142689103294, "dj": 10.638045796018725, "dk": 22.78941252974784, "vw_i": 4.102197723346946, "vw_j": 3.364684496435032, "kt": 3.0864066150117946, "train_sc_a": [0.8329709074227872], "train_sc_v": [0.17763480279987176], "val_sc_a": 0, "val_sc_v": 0, "total_sc_a": 0, "total_sc_v": 0}