{"c1": 0.019373372774443776, "c2": 0.1241294060461383, "ch1": -0.44230952539128787, "ch2": 0.06448697509320761, "di": 59.99140700888912, "dj": 51.28425135234366, "dk": 6.54064191735403, "vw_i": 3.7699293773840314, "vw_j": -6.475694998155137, "kt": 4.307161387031512, "train_sc_a": [4.110394326446888], "train_sc_v": [3.0619313880977415], "val_sc_a": 0, "val_sc_v": 0, "total_sc_a": 0, "total_sc_v": 0}