{"c1": 0.02039156858773004, "c2": 0.10647521363695996, "ch1": -0.3133291055658758, "ch2": 0.07164390771440504, "di": 22.052250034960664, "dj": 21.170481455607415, "dk": 1.5067960533812657, "vw_i": -6.4764029597942665, "vw_j": -2.5715195313433483, "kt": 3.988139059367124, "train_sc_a": [1.2105884974240988], "train_sc_v": [1.1208691073148198], "val_sc_a": 0, "val_sc_v": 0, "total_sc_a": 0, "total_sc_v": 0}