{"c1": 0.019661826863131053, "c2": 0.12225377910790702, "ch1": -0.5426853774308206, "ch2": 0.056644087191061274, "di": 51.18572387222423, "dj": 48.573388642439994, "dk": 12.30186874460473, "vw_i": -0.6590406254519153, "vw_j": -4.677372397996168, "kt": 4.1377948006716005, "train_sc_a": [1.486386852838574], "train_sc_v": [0.6363768526557089], "val_sc_a": 0, "val_sc_v": 0, "total_sc_a": 0, "total_sc_v": 0}