{"c1": 0.019666786267996818, "c2": 0.12362951771585569, "ch1": -0.547203112416828, "ch2": 0.05701414052675053, "di": 50.38769739206689, "dj": 50.706727730674515, "dk": 6.848391510012237, "vw_i": 0.03413155034003755, "vw_j": -5.122027309832623, "kt": 4.645066461585586, "train_sc_a": [2.016715358217797], "train_sc_v": [0.4940339342765369], "val_sc_a": 0, "val_sc_v": 0, "total_sc_a": 0, "total_sc_v": 0}