{"c1": 0.019570869912850272, "c2": 0.12174476416700433, "ch1": -0.5422742784110076, "ch2": 0.055339747329779185, "di": 51.048241648951965, "dj": 49.07741308175916, "dk": 13.416559566795193, "vw_i": 3.051896831884846, "vw_j": -4.453105431794113, "kt": 4.533599253521152, "train_sc_a": [0.8073983391563974], "train_sc_v": [0.6395757545064754], "val_sc_a": 0, "val_sc_v": 0, "total_sc_a": 0, "total_sc_v": 0}