{"c1": 0.020585301449974534, "c2": 0.11479251173351848, "ch1": -0.7312064802150755, "ch2": 0.041943335517081834, "di": 29.448075598292068, "dj": 48.2021314309268, "dk": 9.681064860710672, "vw_i": -4.682105258996953, "vw_j": 0.5870805527880496, "kt": 4.529807229356235, "train_sc_a": [9.496716608029962], "train_sc_v": [9.206164517070544], "val_sc_a": 0, "val_sc_v": 0, "total_sc_a": 0, "total_sc_v": 0}