{"c1": 0.02006706958270726, "c2": 0.12263967230368232, "ch1": -0.6342329547349026, "ch2": 0.0456714320166181, "di": 50.68772603738295, "dj": 53.10951419233149, "dk": 9.174284480331574, "vw_i": 2.606694826405933, "vw_j": -5.07224673662463, "kt": 4.82274837952025, "train_sc_a": [0.8626703605826277], "train_sc_v": [0.46499046771230546], "val_sc_a": 0, "val_sc_v": 0, "total_sc_a": 0, "total_sc_v": 0}