{"c1": 0.02020201049877542, "c2": 0.10818143667445149, "ch1": 0.03225251376238769, "ch2": 0.09410797308080451, "di": 21.52505623123441, "dj": 19.116739979335435, "dk": 21.9857694809458, "vw_i": 3.241901877882529, "vw_j": 1.9992546630214125, "kt": 2.5481607098967745, "train_sc_a": [1.35185079817341], "train_sc_v": [0.4329620214046341], "val_sc_a": 0, "val_sc_v": 0, "total_sc_a": 0, "total_sc_v": 0}