{"c1": 0.020947605350148918, "c2": 0.11680708196925756, "ch1": -0.6201800507905046, "ch2": 0.04859452863443944, "di": 53.36637861223582, "dj": 54.19885264540716, "dk": 8.238467982634914, "vw_i": 0.6667001621110418, "vw_j": -4.740416177630084, "kt": 6.892071818166122, "train_sc_a": [0.6399587352383549], "train_sc_v": [0.383618682998739], "val_sc_a": 0, "val_sc_v": 0, "total_sc_a": 0, "total_sc_v": 0}