{"c1": 0.018974340869212188, "c2": 0.10614521833714863, "ch1": -0.030493499373309852, "ch2": 0.09023083825423665, "di": 5.288331095007899, "dj": 3.4891880839634326, "dk": 2.1226157482511088, "vw_i": -2.418287228774522, "vw_j": -1.1672797367221897, "kt": 4.955090519746603, "train_sc_a": [0.6668305507820455], "train_sc_v": [0.4628623849849377], "val_sc_a": 0, "val_sc_v": 0, "total_sc_a": 0, "total_sc_v": 0}