{"c1": 0.02107940073276275, "c2": 0.10964767511632312, "ch1": -0.5435535306191567, "ch2": 0.055555737492706266, "di": 49.55419516606615, "dj": 49.77925200411407, "dk": 10.813657195066558, "vw_i": 1.399262418822407, "vw_j": -4.595827471865833, "kt": 4.491568894175168, "train_sc_a": [1.210235387104737], "train_sc_v": [0.8956441747113774], "val_sc_a": 0, "val_sc_v": 0, "total_sc_a": 0, "total_sc_v": 0}