{"c1": 0.019253333199627073, "c2": 0.12487658513786577, "ch1": -0.5664340643777952, "ch2": 0.05477628824780557, "di": 48.389918767640374, "dj": 48.489531006546216, "dk": 9.633882833322065, "vw_i": -3.175699683314898, "vw_j": -5.068719483232291, "kt": 4.287360221613018, "train_sc_a": [1.1919299631633966], "train_sc_v": [0.4671092049678957], "val_sc_a": 0, "val_sc_v": 0, "total_sc_a": 0, "total_sc_v": 0}