{"c1": 0.020228440446131243, "c2": 0.12132552796330497, "ch1": -0.67085655461585, "ch2": 0.044196588888844715, "di": 51.356593318917845, "dj": 51.10631263408164, "dk": 5.2525401757650485, "vw_i": -2.169104415883268, "vw_j": -4.795143055605627, "kt": 6.728281845866394, "train_sc_a": [1.8293823101400075], "train_sc_v": [0.8938108113224512], "val_sc_a": 0, "val_sc_v": 0, "total_sc_a": 0, "total_sc_v": 0}