{"c1": 0.02194894541838762, "c2": 0.10198029515387921, "ch1": -0.598441783112111, "ch2": 0.05058808120167668, "di": 45.82416817247422, "dj": 47.803502917864634, "dk": 3.930585859464289, "vw_i": 1.1193864768079678, "vw_j": -1.8574901275048752, "kt": 4.403213706895043, "train_sc_a": [4.650265820463779], "train_sc_v": [2.214162140590614], "val_sc_a": 0, "val_sc_v": 0, "total_sc_a": 0, "total_sc_v": 0}