{"c1": 0.01919076432853698, "c2": 0.10920861240543252, "ch1": 0.0018559680044378645, "ch2": 0.09137162242618398, "di": 24.19529045391828, "dj": 2.9999307001507267, "dk": 13.47862710202202, "vw_i": -0.8048389040427282, "vw_j": -0.16479123712570706, "kt": 4.292192843267644, "train_sc_a": [0.6919763838285591], "train_sc_v": [0.22429506685271133], "val_sc_a": 0, "val_sc_v": 0, "total_sc_a": 0, "total_sc_v": 0}