{"c1": 0.020027058657673513, "c2": 0.12044958519630528, "ch1": -0.7146091323654566, "ch2": 0.044452142356326954, "di": 42.37708839886549, "dj": 41.77428512533161, "dk": 7.972073155851354, "vw_i": -9.729401508182526, "vw_j": -5.24098645338151, "kt": 4.361420697665423, "train_sc_a": [6.7987066904764735], "train_sc_v": [6.371895879165714], "val_sc_a": 0, "val_sc_v": 0, "total_sc_a": 0, "total_sc_v": 0}