{"c1": 0.02062644935679175, "c2": 0.1178840807192108, "ch1": -0.6521170785248374, "ch2": 0.043827447931268346, "di": 49.69421061112152, "dj": 51.90466260025411, "dk": 4.896957356906089, "vw_i": 2.278266768667297, "vw_j": -4.386828399861409, "kt": 4.884944613054672, "train_sc_a": [1.5813638795080198], "train_sc_v": [0.48253297504698506], "val_sc_a": 0, "val_sc_v": 0, "total_sc_a": 0, "total_sc_v": 0}