{"c1": 0.01897294957859974, "c2": 0.11012827322780508, "ch1": -0.02580168046721895, "ch2": 0.08946404371880336, "di": 20.601883809159315, "dj": 5.363327465026922, "dk": 7.731049146332168, "vw_i": -1.2109893477424327, "vw_j": 0.05542212938413518, "kt": 3.258129621050558, "train_sc_a": [0.496791073428171], "train_sc_v": [0.3950368284874434], "val_sc_a": 0, "val_sc_v": 0, "total_sc_a": 0, "total_sc_v": 0}