{"c1": 0.019705183371411552, "c2": 0.12577341635098216, "ch1": -0.6826144644691166, "ch2": 0.04383922079247526, "di": 45.82963198836857, "dj": 55.15199854564009, "dk": 7.837228833271024, "vw_i": 1.3031424086437162, "vw_j": -2.754801309279093, "kt": 7.009928699645805, "train_sc_a": [4.093159459312919], "train_sc_v": [3.5582836646851073], "val_sc_a": 0, "val_sc_v": 0, "total_sc_a": 0, "total_sc_v": 0}