{"c1": 0.019960368914637743, "c2": 0.11370970930067222, "ch1": -0.37945465040709514, "ch2": 0.06633991528172108, "di": 42.25912582451182, "dj": 44.22870022487944, "dk": 17.13500659817429, "vw_i": -1.0216980105276126, "vw_j": -3.2626790861379, "kt": 4.9810111795942715, "train_sc_a": [2.7152882894627157], "train_sc_v": [1.0414566701612242], "val_sc_a": 0, "val_sc_v": 0, "total_sc_a": 0, "total_sc_v": 0}