{"c1": 0.01890676779062743, "c2": 0.11814084696721493, "ch1": -0.15546917648557254, "ch2": 0.0863496979123077, "di": 38.3412774965913, "dj": 63.06422275367689, "dk": 5.325005922360025, "vw_i": -0.6595483032402638, "vw_j": 1.679278160463801, "kt": 2.98193939566566, "train_sc_a": [0.44406795982577735], "train_sc_v": [0.08916841332142773], "val_sc_a": 0, "val_sc_v": 0, "total_sc_a": 0, "total_sc_v": 0}