{"c1": 0.020300746993017302, "c2": 0.12089172091539704, "ch1": -0.6573468012804091, "ch2": 0.04461713174832541, "di": 49.327895200620944, "dj": 50.741624635919244, "dk": 7.911110203823426, "vw_i": 2.1852852653127286, "vw_j": -1.5566060458559599, "kt": 6.0813262041847445, "train_sc_a": [7.669978817149279], "train_sc_v": [2.3452862111503814], "val_sc_a": 0, "val_sc_v": 0, "total_sc_a": 0, "total_sc_v": 0}