{"c1": 0.018649191121247587, "c2": 0.11164282224359744, "ch1": 0.002119405837140489, "ch2": 0.09107431062390216, "di": 26.824762194514307, "dj": 0.8183008421308877, "dk": 13.685367838308112, "vw_i": -1.112429362013798, "vw_j": 0.2588517712748947, "kt": 4.196161120330151, "train_sc_a": [0.47445905824794654], "train_sc_v": [0.0855655115907173], "val_sc_a": 0, "val_sc_v": 0, "total_sc_a": 0, "total_sc_v": 0}