{"c1": 0.018030388761114836, "c2": 0.11410907597203573, "ch1": -0.02075642740466672, "ch2": 0.09031400082725735, "di": 6.61854383510359, "dj": 2.7021721253837105, "dk": 4.171551199286402, "vw_i": -1.5628420032894863, "vw_j": -0.8521826308957126, "kt": 4.671558973306719, "train_sc_a": [0.5663603493088323], "train_sc_v": [0.11390447599655054], "val_sc_a": 0, "val_sc_v": 0, "total_sc_a": 0, "total_sc_v": 0}