{"c1": 0.019611500554667986, "c2": 0.12817126801340084, "ch1": -0.6886542488111409, "ch2": 0.04542478371136646, "di": 47.10598977980367, "dj": 52.83464507266772, "dk": 13.2090828142896, "vw_i": 6.347674742926984, "vw_j": -1.2563606158515606, "kt": 6.524749801096368, "train_sc_a": [4.401485456395825], "train_sc_v": [2.1176019707131726], "val_sc_a": 0, "val_sc_v": 0, "total_sc_a": 0, "total_sc_v": 0}