{"c1": 0.022007074908875907, "c2": 0.09279305799936689, "ch1": -0.20586966607389795, "ch2": 0.07642201127909792, "di": 20.330976347569862, "dj": 20.578585425827104, "dk": 10.419923259256311, "vw_i": -2.8013134829297286, "vw_j": -0.8134175230204239, "kt": 2.1170274843327923, "train_sc_a": [1.7408205183011292], "train_sc_v": [0.7104041131314249], "val_sc_a": 0, "val_sc_v": 0, "total_sc_a": 0, "total_sc_v": 0}