{"c1": 0.020121341399817503, "c2": 0.12002303059869895, "ch1": -0.5638246883347179, "ch2": 0.05548585931623875, "di": 50.15854915284949, "dj": 49.13836544714506, "dk": 3.8258006044499173, "vw_i": 2.307426725005382, "vw_j": -4.06884301428056, "kt": 5.01283983151695, "train_sc_a": [1.225975843214154], "train_sc_v": [1.1303625563331168], "val_sc_a": 0, "val_sc_v": 0, "total_sc_a": 0, "total_sc_v": 0}