{"c1": 0.019374387453033753, "c2": 0.10338197892527456, "ch1": -0.021563960830681468, "ch2": 0.09079219646213796, "di": 5.670263820428765, "dj": 3.991748530358204, "dk": 1.3738958626236097, "vw_i": -2.016584070715213, "vw_j": -0.9308393236607743, "kt": 5.005632722590777, "train_sc_a": [0.328479513682587], "train_sc_v": [0.24298736993913203], "val_sc_a": 0, "val_sc_v": 0, "total_sc_a": 0, "total_sc_v": 0}