{"c1": 0.019478036952786243, "c2": 0.12312084403855905, "ch1": -0.6435936091135092, "ch2": 0.049036438757131214, "di": 42.89267620549551, "dj": 44.963379390487255, "dk": 14.35028436055321, "vw_i": -5.0893912110004464, "vw_j": -4.997591272485894, "kt": 4.4339692640393125, "train_sc_a": [5.2023355256275865], "train_sc_v": [3.7341782156871366], "val_sc_a": 0, "val_sc_v": 0, "total_sc_a": 0, "total_sc_v": 0}