{"c1": 0.02056915870523093, "c2": 0.11873712259037582, "ch1": -0.7851512635519009, "ch2": 0.034697828851622696, "di": 43.91612647840502, "dj": 44.73938610625313, "dk": 7.229583977894515, "vw_i": -3.9305993450408416, "vw_j": -2.626310271763617, "kt": 6.78695347252315, "train_sc_a": [7.703376683519665], "train_sc_v": [4.822243738512477], "val_sc_a": 0, "val_sc_v": 0, "total_sc_a": 0, "total_sc_v": 0}