{"c1": 0.020124765528391306, "c2": 0.12515308819811885, "ch1": -0.6447313755501244, "ch2": 0.04924771317515303, "di": 51.34495992217474, "dj": 53.98771448326705, "dk": 10.997510857171495, "vw_i": 2.6605676527979143, "vw_j": -5.909958291305873, "kt": 6.781356587037349, "train_sc_a": [1.7835536357313533], "train_sc_v": [0.6623406398978623], "val_sc_a": 0, "val_sc_v": 0, "total_sc_a": 0, "total_sc_v": 0}