{"c1": 0.018689468514635068, "c2": 0.10906119468386206, "ch1": -0.002815062893417394, "ch2": 0.09361505985373243, "di": 1.0595880102107467, "dj": 3.718482131468851, "dk": 8.812982056044172, "vw_i": -2.098466098302167, "vw_j": -0.9338583893337048, "kt": 5.104302703283241, "train_sc_a": [1.709020517714997], "train_sc_v": [1.9396025872449303], "val_sc_a": 0, "val_sc_v": 0, "total_sc_a": 0, "total_sc_v": 0}