{"c1": 0.02013155415118595, "c2": 0.11994883257497371, "ch1": -0.5939238992603219, "ch2": 0.05329409900787573, "di": 46.87964761163405, "dj": 48.46773483500626, "dk": 3.8530897071570416, "vw_i": 1.6416283432020733, "vw_j": -3.1465549601395755, "kt": 5.01443473360453, "train_sc_a": [2.0890362165894514], "train_sc_v": [1.6553411419210338], "val_sc_a": 0, "val_sc_v": 0, "total_sc_a": 0, "total_sc_v": 0}