{"c1": 0.018868715650731664, "c2": 0.11812251599267268, "ch1": -0.04084132944107508, "ch2": 0.09197815441979701, "di": 22.60527863516353, "dj": 31.48658317852951, "dk": 12.056591490850957, "vw_i": -0.8668196799785534, "vw_j": -0.5143155320532978, "kt": 2.1128752823910966, "train_sc_a": [0.301349977730927], "train_sc_v": [0.051587862023672874], "val_sc_a": 0, "val_sc_v": 0, "total_sc_a": 0, "total_sc_v": 0}