{"c1": 0.018953602544082335, "c2": 0.11048335502395412, "ch1": 0.027791862085989272, "ch2": 0.09299525166026898, "di": 26.07659013224337, "dj": 3.088954447832102, "dk": 15.069060890491496, "vw_i": -0.04190563038253872, "vw_j": -0.36186128059473405, "kt": 4.346732906307341, "train_sc_a": [0.5158071425397941], "train_sc_v": [0.3108593068032546], "val_sc_a": 0, "val_sc_v": 0, "total_sc_a": 0, "total_sc_v": 0}