{"c1": 0.01995345796412774, "c2": 0.12636585404960807, "ch1": -0.6658290321609222, "ch2": 0.04755829175478449, "di": 49.872321974609136, "dj": 53.05859814177099, "dk": 10.711553707174872, "vw_i": 2.768221193982581, "vw_j": -5.2334771602737735, "kt": 6.618377783483263, "train_sc_a": [1.3864322374654923], "train_sc_v": [0.42807053441502374], "val_sc_a": 0, "val_sc_v": 0, "total_sc_a": 0, "total_sc_v": 0}