{"c1": 0.02038632234707399, "c2": 0.11692623990615991, "ch1": -0.4782501405745452, "ch2": 0.06197771052715758, "di": 54.54094104987658, "dj": 51.152951218785326, "dk": 10.066544330870283, "vw_i": 0.08995963975411116, "vw_j": -6.959851758301774, "kt": 4.212535463066843, "train_sc_a": [4.08340249553672], "train_sc_v": [2.725644038629806], "val_sc_a": 0, "val_sc_v": 0, "total_sc_a": 0, "total_sc_v": 0}