{"c1": 0.020044546325633607, "c2": 0.12469079366055068, "ch1": -0.5813058691934627, "ch2": 0.05188176667880714, "di": 56.15123610063391, "dj": 54.41129722352277, "dk": 11.803454539913185, "vw_i": 3.325868185262171, "vw_j": -5.677177957793513, "kt": 7.006303018419145, "train_sc_a": [2.6324345949167394], "train_sc_v": [1.2388254929916476], "val_sc_a": 0, "val_sc_v": 0, "total_sc_a": 0, "total_sc_v": 0}