{"c1": 0.01982702365204155, "c2": 0.11997085919502488, "ch1": -0.40393328227603337, "ch2": 0.06516528933974801, "di": 45.92106618301018, "dj": 45.23222114820501, "dk": 24.067021585626634, "vw_i": 5.320154740300941, "vw_j": 0.597704491763094, "kt": 4.6740083266328485, "train_sc_a": [0.6510115203835279], "train_sc_v": [0.4293012976605535], "val_sc_a": 0, "val_sc_v": 0, "total_sc_a": 0, "total_sc_v": 0}