{"c1": 0.020504527040257247, "c2": 0.12216354370682657, "ch1": -0.6063473661329672, "ch2": 0.05217831376348863, "di": 58.72624820097578, "dj": 52.11716176023322, "dk": 10.194803390945507, "vw_i": 3.6626240541743282, "vw_j": -7.63932898676722, "kt": 6.561544677463848, "train_sc_a": [6.794729662538376], "train_sc_v": [4.386591324291489], "val_sc_a": 0, "val_sc_v": 0, "total_sc_a": 0, "total_sc_v": 0}