{"c1": 0.01926594613668953, "c2": 0.10815795169136051, "ch1": 0.06397087253387465, "ch2": 0.09582555606355626, "di": 19.986117311919703, "dj": 8.158226958693836, "dk": 7.897080874709353, "vw_i": -2.4192591185256513, "vw_j": -1.797759261607854, "kt": 3.022263048902479, "train_sc_a": [2.296447416598147], "train_sc_v": [0.5433568435320051], "val_sc_a": 0, "val_sc_v": 0, "total_sc_a": 0, "total_sc_v": 0}