{"c1": 0.020119785103420783, "c2": 0.10964682831172197, "ch1": -0.09311247028381554, "ch2": 0.08770201430535204, "di": 23.348529023296898, "dj": 29.104411716633187, "dk": 13.445911239628423, "vw_i": -0.3967945893005015, "vw_j": -0.684939601519998, "kt": 2.8908051246622155, "train_sc_a": [0.5345817883561991], "train_sc_v": [0.4496727318608087], "val_sc_a": 0, "val_sc_v": 0, "total_sc_a": 0, "total_sc_v": 0}