{"c1": 0.020141556938201174, "c2": 0.11922887405784646, "ch1": -0.4038605535138669, "ch2": 0.06751317523891515, "di": 65.66449324738926, "dj": 51.22038588053292, "dk": 4.9765634209878975, "vw_i": 3.2582097809464154, "vw_j": -9.647449503375931, "kt": 4.30348372146546, "train_sc_a": [13.725035724211693], "train_sc_v": [7.440174574758876], "val_sc_a": 0, "val_sc_v": 0, "total_sc_a": 0, "total_sc_v": 0}