{"c1": 0.02108788889238649, "c2": 0.10415486032156443, "ch1": -0.3438324166577574, "ch2": 0.06848455305362339, "di": 43.251042473192626, "dj": 45.81377193758479, "dk": 9.11691499381023, "vw_i": 0.6563667274362173, "vw_j": -2.914019673390022, "kt": 4.874397965299291, "train_sc_a": [1.0432873703005758], "train_sc_v": [0.27896993694627586], "val_sc_a": 0, "val_sc_v": 0, "total_sc_a": 0, "total_sc_v": 0}