{"c1": 0.018952991593278276, "c2": 0.13284374072068728, "ch1": -0.6182964322705059, "ch2": 0.04942104866850921, "di": 52.49726236929524, "dj": 54.065094365742496, "dk": 13.081537871036003, "vw_i": 2.2548992617599604, "vw_j": -4.147710004390206, "kt": 7.061799300234095, "train_sc_a": [0.30880935026117606], "train_sc_v": [0.20396997765899005], "val_sc_a": 0, "val_sc_v": 0, "total_sc_a": 0, "total_sc_v": 0}