{"c1": 0.0188386147839696, "c2": 0.11189001765159967, "ch1": 0.008753597670566977, "ch2": 0.0917656567258216, "di": 24.181057209365147, "dj": 3.059189605972198, "dk": 13.596377322117789, "vw_i": -0.7769873174455434, "vw_j": -0.13828894983740325, "kt": 3.830051699566449, "train_sc_a": [1.7113824839054308], "train_sc_v": [0.30805081042058763], "val_sc_a": 0, "val_sc_v": 0, "total_sc_a": 0, "total_sc_v": 0}