{"c1": 0.020649748326191632, "c2": 0.11859069605299054, "ch1": -0.6660995691119853, "ch2": 0.045151591890462715, "di": 51.5899465912799, "dj": 51.89618453046404, "dk": 7.973817719455882, "vw_i": 0.06695581426655961, "vw_j": -3.609613819145097, "kt": 7.118626334143332, "train_sc_a": [1.651820742069415], "train_sc_v": [0.9270933789103476], "val_sc_a": 0, "val_sc_v": 0, "total_sc_a": 0, "total_sc_v": 0}