{"c1": 0.019539713156183004, "c2": 0.12446407653477586, "ch1": -0.5331462946425787, "ch2": 0.05782057977402994, "di": 50.21446449451682, "dj": 52.035385949337154, "dk": 5.77218258256802, "vw_i": 1.8515117514589092, "vw_j": -4.046404177431711, "kt": 4.569396446880339, "train_sc_a": [5.505885924323171], "train_sc_v": [2.8363836211499383], "val_sc_a": 0, "val_sc_v": 0, "total_sc_a": 0, "total_sc_v": 0}