{"c1": 0.018884514898941808, "c2": 0.12527869865364483, "ch1": -0.3057986403793487, "ch2": 0.07281820948372239, "di": 45.904371428344895, "dj": 48.7870393801625, "dk": 21.07773560328119, "vw_i": 0.9916181192321645, "vw_j": -2.7074405716537537, "kt": 4.5356782124941875, "train_sc_a": [0.6220231275023255], "train_sc_v": [0.18501735485871343], "val_sc_a": 0, "val_sc_v": 0, "total_sc_a": 0, "total_sc_v": 0}