{"c1": 0.01873940880568601, "c2": 0.11098930102305574, "ch1": 0.0010291443754147892, "ch2": 0.09099685680312748, "di": 26.784504661397886, "dj": 0.7540722379608572, "dk": 13.705791552808327, "vw_i": -0.8670797989239116, "vw_j": -0.05590475134937905, "kt": 4.200064666015776, "train_sc_a": [0.6339467399023627], "train_sc_v": [0.15195619482005057], "val_sc_a": 0, "val_sc_v": 0, "total_sc_a": 0, "total_sc_v": 0}