{"c1": 0.020644142086424695, "c2": 0.11846686318157591, "ch1": -0.6212726935204362, "ch2": 0.04807160454104075, "di": 52.37232672401131, "dj": 55.874442163652475, "dk": 5.5828447953330365, "vw_i": 2.697603076794719, "vw_j": -5.501927536833894, "kt": 7.021106008426494, "train_sc_a": [0.9519763514191947], "train_sc_v": [0.39636131708810074], "val_sc_a": 0, "val_sc_v": 0, "total_sc_a": 0, "total_sc_v": 0}