{"c1": 0.019027863711334515, "c2": 0.10589118340794353, "ch1": -0.030073846082076798, "ch2": 0.09024735256776165, "di": 5.411697911702709, "dj": 3.51817739602112, "dk": 2.8256421633997686, "vw_i": -2.4125191833814528, "vw_j": -1.1187898071127829, "kt": 4.971437768988163, "train_sc_a": [0.39461976115338543], "train_sc_v": [0.30657430472346703], "val_sc_a": 0, "val_sc_v": 0, "total_sc_a": 0, "total_sc_v": 0}