{"c1": 0.020210278951043482, "c2": 0.11849532817014706, "ch1": -0.5340700622607046, "ch2": 0.05766347205907221, "di": 52.378814641308125, "dj": 49.95647687419441, "dk": 4.622455489376893, "vw_i": 1.2612118340209009, "vw_j": -5.412380841073717, "kt": 4.290892198283631, "train_sc_a": [1.5187704048363708], "train_sc_v": [1.4493665962542235], "val_sc_a": 0, "val_sc_v": 0, "total_sc_a": 0, "total_sc_v": 0}