{"c1": 0.0190390699607798, "c2": 0.10631663429316517, "ch1": -0.08961276284445738, "ch2": 0.08685410600687189, "di": 1.2135530203839717, "dj": 1.862217651608033, "dk": 6.821798944755715, "vw_i": -2.914275336400739, "vw_j": -1.3589697414427175, "kt": 5.081189424761731, "train_sc_a": [7.448836002832902], "train_sc_v": [7.889142749030979], "val_sc_a": 0, "val_sc_v": 0, "total_sc_a": 0, "total_sc_v": 0}