{"c1": 0.02070608394628308, "c2": 0.10762586579764447, "ch1": -0.35800780331061216, "ch2": 0.06818564681546224, "di": 42.19001233481141, "dj": 45.951763964809814, "dk": 16.15533194233191, "vw_i": -1.152675749025762, "vw_j": -3.5647827363903706, "kt": 4.927195554870615, "train_sc_a": [0.937755010415638], "train_sc_v": [0.702404780642678], "val_sc_a": 0, "val_sc_v": 0, "total_sc_a": 0, "total_sc_v": 0}