{"c1": 0.019498337285563234, "c2": 0.12326233772228262, "ch1": -0.5194550871938105, "ch2": 0.05889683118323713, "di": 50.47479019535711, "dj": 53.24485342020305, "dk": 6.871823747190102, "vw_i": 2.7469780520256966, "vw_j": -3.5450628863546356, "kt": 4.305440456744314, "train_sc_a": [1.0563231102583144], "train_sc_v": [0.8877187918819783], "val_sc_a": 0, "val_sc_v": 0, "total_sc_a": 0, "total_sc_v": 0}