{"c1": 0.02005597366715115, "c2": 0.12288829899427128, "ch1": -0.6203543116637702, "ch2": 0.048748746098728174, "di": 54.30311148585967, "dj": 54.70620490836262, "dk": 7.1318343048975, "vw_i": -1.0635516278652761, "vw_j": -5.807027580520694, "kt": 6.873131617800997, "train_sc_a": [1.1162313733552063], "train_sc_v": [0.29172787631212393], "val_sc_a": 0, "val_sc_v": 0, "total_sc_a": 0, "total_sc_v": 0}