{"c1": 0.019829888682687785, "c2": 0.12053115998762641, "ch1": -0.7371464515421815, "ch2": 0.04217067062025267, "di": 36.77417005723213, "dj": 40.042177686195416, "dk": 13.358496607965314, "vw_i": -9.395044139517736, "vw_j": -5.10326977525466, "kt": 4.361486577435623, "train_sc_a": [8.593294640076692], "train_sc_v": [7.406366529807146], "val_sc_a": 0, "val_sc_v": 0, "total_sc_a": 0, "total_sc_v": 0}