{"c1": 0.01952813743994188, "c2": 0.1295734724768602, "ch1": -0.6436166863510268, "ch2": 0.04948076662587956, "di": 52.20681136750422, "dj": 53.07506672874525, "dk": 11.456970911949224, "vw_i": 2.472095916369648, "vw_j": -5.716303313653635, "kt": 6.837222889280466, "train_sc_a": [4.683983115208472], "train_sc_v": [2.6833923574371052], "val_sc_a": 0, "val_sc_v": 0, "total_sc_a": 0, "total_sc_v": 0}