{"c1": 0.018942239629326455, "c2": 0.12730287929360903, "ch1": -0.5347068175979406, "ch2": 0.0571518723457977, "di": 50.969405094136334, "dj": 49.723552314934295, "dk": 11.244295184380167, "vw_i": -0.9656904247449101, "vw_j": -5.057192453704075, "kt": 4.204602686237643, "train_sc_a": [0.6129298454833919], "train_sc_v": [0.3514818686071062], "val_sc_a": 0, "val_sc_v": 0, "total_sc_a": 0, "total_sc_v": 0}