{"c1": 0.019138577705401862, "c2": 0.10490469516182298, "ch1": -0.05078362942009561, "ch2": 0.0890386184575293, "di": 3.8323463672794933, "dj": 3.0616887172398046, "dk": 0.0, "vw_i": -2.6884534862530134, "vw_j": -1.2090081715188221, "kt": 4.9823019170802105, "train_sc_a": [1.0779550089611742], "train_sc_v": [0.6987811777569095], "val_sc_a": 0, "val_sc_v": 0, "total_sc_a": 0, "total_sc_v": 0}