{"c1": 0.018994895598110344, "c2": 0.12830980713181148, "ch1": -0.5358324335627426, "ch2": 0.05824956228004189, "di": 49.72339676417549, "dj": 53.99219124296158, "dk": 8.216568571258588, "vw_i": -2.257818250682708, "vw_j": -5.3136335801579335, "kt": 4.217903208534127, "train_sc_a": [0.9648103931391979], "train_sc_v": [0.9867286341416114], "val_sc_a": 0, "val_sc_v": 0, "total_sc_a": 0, "total_sc_v": 0}