{"c1": 0.01903020593878327, "c2": 0.10936307436947133, "ch1": 0.017345403198307456, "ch2": 0.09221566281539982, "di": 25.852104113964856, "dj": 2.1861552727506055, "dk": 11.43129897453856, "vw_i": 1.2474185439532777, "vw_j": 0.268858709313867, "kt": 4.259363299260538, "train_sc_a": [1.1081096756817639], "train_sc_v": [0.3305738161303413], "val_sc_a": 0, "val_sc_v": 0, "total_sc_a": 0, "total_sc_v": 0}