{"c1": 0.01919384128760735, "c2": 0.10874084546509122, "ch1": -0.010833390790895, "ch2": 0.09017394324773477, "di": 26.229773308944164, "dj": 2.3690424828319276, "dk": 15.080361086819735, "vw_i": -0.33179533675830697, "vw_j": 0.45776908355746215, "kt": 4.316652249222979, "train_sc_a": [0.6651904399540159], "train_sc_v": [0.31161005727716645], "val_sc_a": 0, "val_sc_v": 0, "total_sc_a": 0, "total_sc_v": 0}