{"c1": 0.01928043682322277, "c2": 0.11946662036868726, "ch1": -0.44330563837817627, "ch2": 0.06194630254613083, "di": 42.545800393266504, "dj": 42.824917521098946, "dk": 12.979511682077966, "vw_i": 0.7481917155601703, "vw_j": -0.3772545071297617, "kt": 4.806774187863622, "train_sc_a": [3.351984740676341], "train_sc_v": [3.4354396774748728], "val_sc_a": 0, "val_sc_v": 0, "total_sc_a": 0, "total_sc_v": 0}