{"c1": 0.021862524891550113, "c2": 0.10287235501362962, "ch1": -0.34931134503837025, "ch2": 0.07003726743201831, "di": 43.36219968215537, "dj": 51.172728120533584, "dk": 18.4505647159879, "vw_i": 7.060256796579381, "vw_j": -1.159041495754629, "kt": 4.665781300501557, "train_sc_a": [3.9819808723810777], "train_sc_v": [3.047711829176486], "val_sc_a": 0, "val_sc_v": 0, "total_sc_a": 0, "total_sc_v": 0}