{"cd0sa": 45.275986617334276, "cd0fp": 0.009995279923821649, "cd1sa": 1.9999966251487953, "cl1sa": 4.999998907785273, "cd1fp": 2.4999979795217904, "coeff_drag_shift": 0.4999974633821506, "coeff_lift_shift": 0.0500000421765686, "coeff_lift_gain": 2.49999994362288, "train_sc_a": [81.16330777535639], "train_sc_v": [16.14536510305905], "val_sc_a": 0, "val_sc_v": 0, "total_sc_a": 0, "total_sc_v": 0}