{"cd0sa": 11.99390617084075, "cd0fp": 0.009998819990579739, "cd1sa": 1.9999991562940802, "cl1sa": 4.999999726948546, "cd1fp": 2.4999994948845674, "coeff_drag_shift": 0.49999936585070986, "coeff_lift_shift": 0.05000001054405615, "coeff_lift_gain": 2.499999985905835, "train_sc_a": [37.79479894321635], "train_sc_v": [13.663285852229151], "val_sc_a": 0, "val_sc_v": 0, "total_sc_a": 0, "total_sc_v": 0}