{"cd0sa": 12604817.785381133, "cd0fp": -2.9756008088405146, "cd1sa": 3.0211877833200615, "cl1sa": 5.210366610562375, "cd1fp": 3.4561855639737984, "coeff_drag_shift": 1.3012692659297098, "coeff_lift_shift": 0.07442687543413527, "coeff_lift_gain": 2.521058925846234, "train_sc_a": [NaN], "train_sc_v": [NaN], "val_sc_a": 0, "val_sc_v": 0, "total_sc_a": 0, "total_sc_v": 0}