{"cd0sa": 1775044.9151607144, "cd0fp": -0.1788035311469869, "cd1sa": 1.8650056057415756, "cl1sa": 4.956311298932373, "cd1fp": 2.4191806644272282, "coeff_drag_shift": 0.3985350259110012, "coeff_lift_shift": 0.051687067068770215, "coeff_lift_gain": 2.4977449094160273, "train_sc_a": [NaN], "train_sc_v": [NaN], "val_sc_a": 0, "val_sc_v": 0, "total_sc_a": 0, "total_sc_v": 0}