{"cd0sa": 3.673421927123626, "cd0fp": 0.009999705003454151, "cd1sa": 1.9999997890776737, "cl1sa": 4.999999931738481, "cd1fp": 2.4999998737236284, "coeff_drag_shift": 0.4999998414657994, "coeff_lift_shift": 0.05000000263596213, "coeff_lift_gain": 2.4999999964765283, "train_sc_a": [20.12013696740293], "train_sc_v": [9.258075984593585], "val_sc_a": 0, "val_sc_v": 0, "total_sc_a": 0, "total_sc_v": 0}