{"cd0sa": 178.40440151607152, "cd0fp": 0.009981119646885302, "cd1sa": 1.9999865005605741, "cl1sa": 4.999995631129893, "cd1fp": 2.499991918066443, "coeff_drag_shift": 0.4999898535025911, "coeff_lift_shift": 0.05000016870670688, "coeff_lift_gain": 2.4999997744909415, "train_sc_a": [241.40143931858154], "train_sc_v": [17.567540924731365], "val_sc_a": 0, "val_sc_v": 0, "total_sc_a": 0, "total_sc_v": 0}