{"cd0sa": 1260485.0846178478, "cd0fp": -0.28856034638094274, "cd1sa": 2.1021185885019125, "cl1sa": 5.021036599620871, "cd1fp": 2.5956184427486453, "coeff_drag_shift": 0.5801267839121904, "coeff_lift_shift": 0.052442689915779446, "coeff_lift_gain": 2.5021058894134987, "train_sc_a": [NaN], "train_sc_v": [NaN], "val_sc_a": 0, "val_sc_v": 0, "total_sc_a": 0, "total_sc_v": 0}