{"cd0sa": 6.4469074255401635, "cd0fp": 0.009999410000146508, "cd1sa": 1.9999995781505127, "cl1sa": 4.999999863475397, "cd1fp": 2.4999997474443627, "coeff_drag_shift": 0.49999968292796493, "coeff_lift_shift": 0.05000000527198468, "coeff_lift_gain": 2.4999999929529753, "train_sc_a": [27.045159490931955], "train_sc_v": [11.723079289756573], "val_sc_a": 0, "val_sc_v": 0, "total_sc_a": 0, "total_sc_v": 0}