{"cd0sa": 12608.487533886333, "cd0fp": 0.007014104489610182, "cd1sa": 2.0010209770719163, "cl1sa": 5.000210298417305, "cd1fp": 2.5009560594138787, "coeff_drag_shift": 0.5008011108902634, "coeff_lift_shift": 0.05002442950876031, "coeff_lift_gain": 2.500021055405898, "train_sc_a": [NaN], "train_sc_v": [NaN], "val_sc_a": 0, "val_sc_v": 0, "total_sc_a": 0, "total_sc_v": 0}