{"c1": 0.018827996693192166, "c2": 0.10684002391240709, "ch1": 0.09999873403041601, "ch2": 0.09999990387333645, "di": 0.9999898118893, "dj": 0.9999018350913392, "dk": 0.9999985441828915, "vw_i": -3.5963320799593993e-06, "vw_j": -1.8386129342638605e-07, "kt": 4.99999981603717, "train_sc_a": [0.2194966965452947], "train_sc_v": [1.1827506523472722e-05], "val_sc_a": [0.18327820971132835], "val_sc_v": [1.282182171107508e-05], "total_sc_a": [0.21331028622783968], "total_sc_v": [0.0015548764995323454]}