{"c1": 0.01902743038267662, "c2": 0.10528372261983149, "ch1": 0.09381109539910983, "ch2": 0.0995402368646564, "di": 0.9957850183118196, "dj": 0.9265275816413496, "dk": 0.85512624442661, "vw_i": -0.9076403901821607, "vw_j": -0.3001891203930684, "kt": 4.969454703763166, "train_sc_a": [0.3542181270388625], "train_sc_v": [0.14806837919023724], "val_sc_a": 0, "val_sc_v": 0, "total_sc_a": 0, "total_sc_v": 0}