{"c1": 0.019220135214658002, "c2": 0.10357955126736063, "ch1": 0.0723332311877073, "ch2": 0.09792950928389667, "di": 0.8768814454264116, "dj": 0.7145346777712571, "dk": 0.37053475397384966, "vw_i": -0.7441710741811249, "vw_j": -0.29031250397009606, "kt": 5.001784295793421, "train_sc_a": [0.44465451870901074], "train_sc_v": [0.21594251469758435], "val_sc_a": 0, "val_sc_v": 0, "total_sc_a": 0, "total_sc_v": 0}