{"c1": 0.019341043074985024, "c2": 0.10269802156368835, "ch1": 0.08546515825605536, "ch2": 0.09891629767169506, "di": 0.9522264702464761, "dj": 0.8493256593310764, "dk": 0.4201373679406784, "vw_i": -0.8640156391059926, "vw_j": -0.1501335558494926, "kt": 5.003342715094798, "train_sc_a": [0.40874992058216014], "train_sc_v": [0.21779377731616184], "val_sc_a": 0, "val_sc_v": 0, "total_sc_a": 0, "total_sc_v": 0}