{"c1": 0.019007716541059937, "c2": 0.10543314127106718, "ch1": 0.09876141594737435, "ch2": 0.09990309276482236, "di": 1.0000582320632112, "dj": 0.9756588917340365, "dk": 0.8615794294766977, "vw_i": -0.23093727205947254, "vw_j": -0.10703393927237646, "kt": 4.96793522129526, "train_sc_a": [0.6656854750070396], "train_sc_v": [0.3278189502290449], "val_sc_a": 0, "val_sc_v": 0, "total_sc_a": 0, "total_sc_v": 0}