{"c1": 0.01928555721099662, "c2": 0.1030390433172783, "ch1": 0.06593390649084743, "ch2": 0.09744861330758497, "di": 0.834693882626702, "dj": 0.663087005317713, "dk": 0.27092741204256066, "vw_i": -0.7397221505808875, "vw_j": -0.3232279681327197, "kt": 4.985234431120027, "train_sc_a": [0.3888154931511756], "train_sc_v": [0.20191704498595134], "val_sc_a": 0, "val_sc_v": 0, "total_sc_a": 0, "total_sc_v": 0}