{"c1": 0.019270343010580143, "c2": 0.1033520086439545, "ch1": 0.0864866542179805, "ch2": 0.09899139025979561, "di": 0.9520845189330595, "dj": 0.8750429239215812, "dk": 0.6421172559325498, "vw_i": -0.7311544270584641, "vw_j": -0.20574092944683914, "kt": 4.975683479220456, "train_sc_a": [0.4325242124884812], "train_sc_v": [0.2281562057332959], "val_sc_a": 0, "val_sc_v": 0, "total_sc_a": 0, "total_sc_v": 0}