{"c1": 0.019292266939544018, "c2": 0.10320043991911546, "ch1": 0.09093192289419502, "ch2": 0.09932584552833038, "di": 0.9817764068816854, "dj": 0.909103082920437, "dk": 0.662952933974451, "vw_i": -0.960984619956053, "vw_j": -0.23947817621029382, "kt": 4.980391962534183, "train_sc_a": [0.423506852750849], "train_sc_v": [0.16232350339533677], "val_sc_a": 0, "val_sc_v": 0, "total_sc_a": 0, "total_sc_v": 0}