{"c1": 0.019327985405891007, "c2": 0.10279740058113591, "ch1": 0.07943154751479128, "ch2": 0.09845733586960113, "di": 0.8877809959179899, "dj": 0.8076632660860622, "dk": 0.4205594094624718, "vw_i": -0.5518803040352016, "vw_j": -0.25139700371725904, "kt": 5.003271945453052, "train_sc_a": [0.5754646322720163], "train_sc_v": [0.2740057576679396], "val_sc_a": 0, "val_sc_v": 0, "total_sc_a": 0, "total_sc_v": 0}