{"c1": 0.01934085388179337, "c2": 0.10284684962257676, "ch1": 0.09153872664172555, "ch2": 0.09936996146215733, "di": 0.9904602736681, "dj": 0.9098141423473618, "dk": 0.6842402581363848, "vw_i": -0.8445083122004372, "vw_j": -0.31071673891657836, "kt": 4.979708360837452, "train_sc_a": [0.38521001637064295], "train_sc_v": [0.2034370663743429], "val_sc_a": 0, "val_sc_v": 0, "total_sc_a": 0, "total_sc_v": 0}