{"c1": 0.01919044250000806, "c2": 0.10380170830804579, "ch1": 0.06691799157925359, "ch2": 0.09752193157081279, "di": 0.8366956556474578, "dj": 0.6744149025255727, "dk": 0.3695337705858385, "vw_i": -0.660266941594419, "vw_j": -0.3329719296672733, "kt": 5.002984563183993, "train_sc_a": [0.4665872417883747], "train_sc_v": [0.18905943174755893], "val_sc_a": 0, "val_sc_v": 0, "total_sc_a": 0, "total_sc_v": 0}