{"c1": 0.01922741348621396, "c2": 0.10346425437050813, "ch1": 0.0633046441751848, "ch2": 0.09725248301612238, "di": 0.8279794715757006, "dj": 0.6355447262410325, "dk": 0.2474268020868504, "vw_i": -0.7452755267216551, "vw_j": -0.31924190745598774, "kt": 4.984932021603869, "train_sc_a": [0.2759999901154583], "train_sc_v": [0.12968508378367907], "val_sc_a": 0, "val_sc_v": 0, "total_sc_a": 0, "total_sc_v": 0}