{"c1": 0.01921333401764954, "c2": 0.10388349136906792, "ch1": 0.09223549821826565, "ch2": 0.0994218162850384, "di": 0.9922318504188441, "dj": 0.9163557531254333, "dk": 0.8475258755420221, "vw_i": -0.7272695733767853, "vw_j": -0.2831478328381137, "kt": 4.979255575359382, "train_sc_a": [0.6839672418578954], "train_sc_v": [0.33347011631210943], "val_sc_a": 0, "val_sc_v": 0, "total_sc_a": 0, "total_sc_v": 0}