{"c1": 0.0194508321000707, "c2": 0.101851731040882, "ch1": 0.08644460339870541, "ch2": 0.09898789053855858, "di": 0.9524867516005352, "dj": 0.8733724264300067, "dk": 0.28963875188132276, "vw_i": -0.7121796983316542, "vw_j": -0.1617026534373872, "kt": 4.98162492413596, "train_sc_a": [0.282657074702346], "train_sc_v": [0.06445900249969418], "val_sc_a": 0, "val_sc_v": 0, "total_sc_a": 0, "total_sc_v": 0}