{"c1": 0.01923972757566049, "c2": 0.10337088184654171, "ch1": 0.06495905099395323, "ch2": 0.09737801359760033, "di": 0.8319370432303115, "dj": 0.6496643998547165, "dk": 0.24714674700628309, "vw_i": -0.8443247154136996, "vw_j": -0.33692057040622236, "kt": 4.985015470013536, "train_sc_a": [0.3300012749654857], "train_sc_v": [0.1678498898150494], "val_sc_a": 0, "val_sc_v": 0, "total_sc_a": 0, "total_sc_v": 0}