{"c1": 0.019233766224112856, "c2": 0.10347725817360814, "ch1": 0.0680051820958168, "ch2": 0.09760342021183337, "di": 0.8393623877449382, "dj": 0.6794242865646958, "dk": 0.3712520121221407, "vw_i": -0.5420884365370428, "vw_j": -0.33805611660023727, "kt": 5.001813407546798, "train_sc_a": [0.5155089485398011], "train_sc_v": [0.2288511023648304], "val_sc_a": 0, "val_sc_v": 0, "total_sc_a": 0, "total_sc_v": 0}